Vertex 1 0.337372 0.793428 0.506608
    {normal=(0.337372, 0.793428, 0.506608)
     Opos=(0.236160, 0.555400, 0.354626)
     Onormal=(0.337372, 0.793428, 0.506608)}

Vertex 2 -0.049462 -0.047608 -0.997641
    {normal=(-0.049462, -0.047608, -0.997641)
     Opos=(-0.034623, -0.033326, -0.698349)
     Onormal=(-0.049462, -0.047608, -0.997641)}

Vertex 3 -0.006520 0.998069 0.061772
    {normal=(-0.006520, 0.998069, 0.061772)
     Opos=(-0.004564, 0.698648, 0.043240)
     Onormal=(-0.006520, 0.998069, 0.061772)}

Vertex 4 -0.986090 -0.081077 0.145096
    {normal=(-0.986090, -0.081077, 0.145096)
     Opos=(-0.690263, -0.056754, 0.101567)
     Onormal=(-0.986090, -0.081077, 0.145096)}

Vertex 5 -0.570473 -0.707410 -0.417290
    {normal=(-0.570473, -0.707410, -0.417290)
     Opos=(-0.399331, -0.495187, -0.292103)
     Onormal=(-0.570473, -0.707410, -0.417290)}

Vertex 6 0.527843 0.422410 0.736852
    {normal=(0.527843, 0.422410, 0.736852)
     Opos=(0.369490, 0.295687, 0.515796)
     Onormal=(0.527843, 0.422410, 0.736852)}

Vertex 7 0.455670 0.187848 0.870102
    {normal=(0.455670, 0.187848, 0.870102)
     Opos=(0.318969, 0.131494, 0.609072)
     Onormal=(0.455670, 0.187848, 0.870102)}

Vertex 8 0.203021 -0.239351 0.949470
    {normal=(0.203021, -0.239351, 0.949470)
     Opos=(0.142114, -0.167546, 0.664629)
     Onormal=(0.203021, -0.239351, 0.949470)}

Vertex 9 0.465851 -0.325283 0.822906
    {normal=(0.465851, -0.325283, 0.822906)
     Opos=(0.326096, -0.227698, 0.576034)
     Onormal=(0.465851, -0.325283, 0.822906)}

Vertex 10 0.154928 -0.791215 0.591587
    {normal=(0.154928, -0.791215, 0.591587)
     Opos=(0.108450, -0.553851, 0.414111)
     Onormal=(0.154928, -0.791215, 0.591587)}

Vertex 11 0.975933 0.214666 -0.038391
    {normal=(0.975933, 0.214666, -0.038391)
     Opos=(0.683153, 0.150266, -0.026873)
     Onormal=(0.975933, 0.214666, -0.038391)}

Vertex 12 0.436820 -0.887815 -0.144817
    {normal=(0.436820, -0.887815, -0.144817)
     Opos=(0.305774, -0.621471, -0.101372)
     Onormal=(0.436820, -0.887815, -0.144817)}

Vertex 13 0.711883 -0.694481 -0.104493
    {normal=(0.711883, -0.694481, -0.104493)
     Opos=(0.498318, -0.486137, -0.073145)
     Onormal=(0.711883, -0.694481, -0.104493)}

Vertex 14 0.162069 -0.911768 -0.377376
    {normal=(0.162069, -0.911768, -0.377376)
     Opos=(0.113449, -0.638238, -0.264163)
     Onormal=(0.162069, -0.911768, -0.377376)}

Vertex 15 0.115587 -0.707477 -0.697220
    {normal=(0.115587, -0.707477, -0.697220)
     Opos=(0.080911, -0.495234, -0.488054)
     Onormal=(0.115587, -0.707477, -0.697220)}

Vertex 16 0.717854 -0.550675 -0.425962
    {normal=(0.717854, -0.550675, -0.425962)
     Opos=(0.502498, -0.385472, -0.298173)
     Onormal=(0.717854, -0.550675, -0.425962)}

Vertex 17 0.509808 0.857638 0.067470
    {normal=(0.509808, 0.857638, 0.067470)
     Opos=(0.356866, 0.600347, 0.047229)
     Onormal=(0.509808, 0.857638, 0.067470)}

Vertex 18 -0.828223 0.342976 0.443186
    {normal=(-0.828223, 0.342976, 0.443186)
     Opos=(-0.579756, 0.240084, 0.310230)
     Onormal=(-0.828223, 0.342976, 0.443186)}

Vertex 19 -0.659856 0.655053 0.368099
    {normal=(-0.659856, 0.655053, 0.368099)
     Opos=(-0.461899, 0.458537, 0.257669)
     Onormal=(-0.659856, 0.655053, 0.368099)}

Vertex 20 -0.115030 0.958043 0.262531
    {normal=(-0.115030, 0.958043, 0.262531)
     Opos=(-0.080521, 0.670630, 0.183772)
     Onormal=(-0.115030, 0.958043, 0.262531)}

Vertex 21 -0.241264 -0.799125 0.550628
    {normal=(-0.241264, -0.799125, 0.550628)
     Opos=(-0.168885, -0.559388, 0.385439)
     Onormal=(-0.241264, -0.799125, 0.550628)}

Vertex 22 -0.705996 -0.378680 0.598474
    {normal=(-0.705996, -0.378680, 0.598474)
     Opos=(-0.494197, -0.265076, 0.418932)
     Onormal=(-0.705996, -0.378680, 0.598474)}

Vertex 23 -0.445853 -0.416874 0.792106
    {normal=(-0.445853, -0.416874, 0.792106)
     Opos=(-0.312097, -0.291812, 0.554474)
     Onormal=(-0.445853, -0.416874, 0.792106)}

Vertex 24 -0.226328 -0.270921 0.935616
    {normal=(-0.226328, -0.270921, 0.935616)
     Opos=(-0.158430, -0.189645, 0.654931)
     Onormal=(-0.226328, -0.270921, 0.935616)}

Vertex 25 -0.760020 -0.638848 -0.119340
    {normal=(-0.760020, -0.638848, -0.119340)
     Opos=(-0.532014, -0.447194, -0.083538)
     Onormal=(-0.760020, -0.638848, -0.119340)}

Vertex 26 -0.505821 -0.843708 -0.179729
    {normal=(-0.505821, -0.843708, -0.179729)
     Opos=(-0.354075, -0.590595, -0.125810)
     Onormal=(-0.505821, -0.843708, -0.179729)}

Vertex 27 -0.547584 0.834849 0.056382
    {normal=(-0.547584, 0.834849, 0.056382)
     Opos=(-0.383309, 0.584394, 0.039467)
     Onormal=(-0.547584, 0.834849, 0.056382)}

Vertex 28 0.920727 0.210122 0.328801
    {normal=(0.920727, 0.210122, 0.328801)
     Opos=(0.644509, 0.147085, 0.230161)
     Onormal=(0.920727, 0.210122, 0.328801)}

Vertex 29 0.248895 0.827664 0.503014
    {normal=(0.248895, 0.827664, 0.503014)
     Opos=(0.174227, 0.579365, 0.352110)
     Onormal=(0.248895, 0.827664, 0.503014)}

Vertex 30 0.574916 0.737198 0.354979
    {normal=(0.574916, 0.737198, 0.354979)
     Opos=(0.402441, 0.516039, 0.248486)
     Onormal=(0.574916, 0.737198, 0.354979)}

Vertex 31 0.475332 0.581770 0.660003
    {normal=(0.475332, 0.581770, 0.660003)
     Opos=(0.332733, 0.407239, 0.462002)
     Onormal=(0.475332, 0.581770, 0.660003)}

Vertex 32 0.263604 0.671264 0.692761
    {normal=(0.263604, 0.671264, 0.692761)
     Opos=(0.184523, 0.469885, 0.484932)
     Onormal=(0.263604, 0.671264, 0.692761)}

Vertex 33 0.567821 0.195526 0.799593
    {normal=(0.567821, 0.195526, 0.799593)
     Opos=(0.397475, 0.136868, 0.559715)
     Onormal=(0.567821, 0.195526, 0.799593)}

Vertex 34 0.067691 0.471078 0.879490
    {normal=(0.067691, 0.471078, 0.879490)
     Opos=(0.047383, 0.329755, 0.615643)
     Onormal=(0.067691, 0.471078, 0.879490)}

Vertex 35 0.201958 0.451355 0.869190
    {normal=(0.201958, 0.451355, 0.869190)
     Opos=(0.141370, 0.315948, 0.608433)
     Onormal=(0.201958, 0.451355, 0.869190)}

Vertex 36 0.040504 0.284536 0.957809
    {normal=(0.040504, 0.284536, 0.957809)
     Opos=(0.028353, 0.199175, 0.670467)
     Onormal=(0.040504, 0.284536, 0.957809)}

Vertex 37 0.881947 -0.094863 0.461704
    {normal=(0.881947, -0.094863, 0.461704)
     Opos=(0.617363, -0.066404, 0.323193)
     Onormal=(0.881947, -0.094863, 0.461704)}

Vertex 38 0.908783 -0.263415 0.323615
    {normal=(0.908783, -0.263415, 0.323615)
     Opos=(0.636148, -0.184390, 0.226530)
     Onormal=(0.908783, -0.263415, 0.323615)}

Vertex 39 0.022552 0.215857 0.976165
    {normal=(0.022552, 0.215857, 0.976165)
     Opos=(0.015786, 0.151100, 0.683315)
     Onormal=(0.022552, 0.215857, 0.976165)}

Vertex 40 0.308209 -0.205529 0.928851
    {normal=(0.308209, -0.205529, 0.928851)
     Opos=(0.215746, -0.143870, 0.650196)
     Onormal=(0.308209, -0.205529, 0.928851)}

Vertex 41 0.763867 -0.542443 0.349661
    {normal=(0.763867, -0.542443, 0.349661)
     Opos=(0.534707, -0.379710, 0.244763)
     Onormal=(0.763867, -0.542443, 0.349661)}

Vertex 42 0.783345 -0.400466 0.475393
    {normal=(0.783345, -0.400466, 0.475393)
     Opos=(0.548341, -0.280326, 0.332775)
     Onormal=(0.783345, -0.400466, 0.475393)}

Vertex 43 0.703922 -0.062981 0.707480
    {normal=(0.703922, -0.062981, 0.707480)
     Opos=(0.492745, -0.044086, 0.495236)
     Onormal=(0.703922, -0.062981, 0.707480)}

Vertex 44 0.713712 -0.154960 0.683083
    {normal=(0.713712, -0.154960, 0.683083)
     Opos=(0.499598, -0.108472, 0.478158)
     Onormal=(0.713712, -0.154960, 0.683083)}

Vertex 45 0.590070 -0.372423 0.716322
    {normal=(0.590070, -0.372423, 0.716322)
     Opos=(0.413049, -0.260696, 0.501426)
     Onormal=(0.590070, -0.372423, 0.716322)}

Vertex 46 0.544580 -0.257282 0.798272
    {normal=(0.544580, -0.257282, 0.798272)
     Opos=(0.381206, -0.180098, 0.558790)
     Onormal=(0.544580, -0.257282, 0.798272)}

Vertex 47 0.501899 -0.825026 0.259672
    {normal=(0.501899, -0.825026, 0.259672)
     Opos=(0.351329, -0.577518, 0.181770)
     Onormal=(0.501899, -0.825026, 0.259672)}

Vertex 48 0.299568 -0.780796 0.548285
    {normal=(0.299568, -0.780796, 0.548285)
     Opos=(0.209698, -0.546557, 0.383800)
     Onormal=(0.299568, -0.780796, 0.548285)}

Vertex 49 0.982548 0.165289 0.085315
    {normal=(0.982548, 0.165289, 0.085315)
     Opos=(0.687784, 0.115702, 0.059720)
     Onormal=(0.982548, 0.165289, 0.085315)}

Vertex 50 0.968787 0.235573 0.077183
    {normal=(0.968787, 0.235573, 0.077183)
     Opos=(0.678151, 0.164901, 0.054028)
     Onormal=(0.968787, 0.235573, 0.077183)}

Vertex 51 0.992288 -0.123935 0.002146
    {normal=(0.992288, -0.123935, 0.002146)
     Opos=(0.694602, -0.086754, 0.001502)
     Onormal=(0.992288, -0.123935, 0.002146)}

Vertex 52 0.692177 -0.720962 -0.033251
    {normal=(0.692177, -0.720962, -0.033251)
     Opos=(0.484524, -0.504673, -0.023276)
     Onormal=(0.692177, -0.720962, -0.033251)}

Vertex 53 0.603844 -0.788502 -0.116780
    {normal=(0.603844, -0.788502, -0.116780)
     Opos=(0.422691, -0.551951, -0.081746)
     Onormal=(0.603844, -0.788502, -0.116780)}

Vertex 54 0.351417 -0.811109 -0.467555
    {normal=(0.351417, -0.811109, -0.467555)
     Opos=(0.245992, -0.567776, -0.327288)
     Onormal=(0.351417, -0.811109, -0.467555)}

Vertex 55 0.250468 -0.961508 -0.112993
    {normal=(0.250468, -0.961508, -0.112993)
     Opos=(0.175328, -0.673056, -0.079095)
     Onormal=(0.250468, -0.961508, -0.112993)}

Vertex 56 0.281425 -0.697264 -0.659259
    {normal=(0.281425, -0.697264, -0.659259)
     Opos=(0.196997, -0.488085, -0.461482)
     Onormal=(0.281425, -0.697264, -0.659259)}

Vertex 57 -0.071356 -0.702536 -0.708062
    {normal=(-0.071356, -0.702536, -0.708062)
     Opos=(-0.049949, -0.491775, -0.495644)
     Onormal=(-0.071356, -0.702536, -0.708062)}

Vertex 58 0.663496 0.133237 -0.736221
    {normal=(0.663496, 0.133237, -0.736221)
     Opos=(0.464447, 0.093266, -0.515355)
     Onormal=(0.663496, 0.133237, -0.736221)}

Vertex 59 0.553569 -0.214026 -0.804831
    {normal=(0.553569, -0.214026, -0.804831)
     Opos=(0.387499, -0.149818, -0.563382)
     Onormal=(0.553569, -0.214026, -0.804831)}

Vertex 60 0.602191 -0.647085 -0.467596
    {normal=(0.602191, -0.647085, -0.467596)
     Opos=(0.421534, -0.452960, -0.327317)
     Onormal=(0.602191, -0.647085, -0.467596)}

Vertex 61 0.360420 -0.378606 -0.852499
    {normal=(0.360420, -0.378606, -0.852499)
     Opos=(0.252294, -0.265024, -0.596749)
     Onormal=(0.360420, -0.378606, -0.852499)}

Vertex 62 0.588635 -0.500774 -0.634614
    {normal=(0.588635, -0.500774, -0.634614)
     Opos=(0.412044, -0.350542, -0.444230)
     Onormal=(0.588635, -0.500774, -0.634614)}

Vertex 63 0.418969 -0.593341 -0.687322
    {normal=(0.418969, -0.593341, -0.687322)
     Opos=(0.293278, -0.415339, -0.481125)
     Onormal=(0.418969, -0.593341, -0.687322)}

Vertex 64 0.244893 -0.597276 -0.763733
    {normal=(0.244893, -0.597276, -0.763733)
     Opos=(0.171425, -0.418093, -0.534613)
     Onormal=(0.244893, -0.597276, -0.763733)}

Vertex 65 0.304405 -0.013441 -0.952448
    {normal=(0.304405, -0.013441, -0.952448)
     Opos=(0.213083, -0.009408, -0.666714)
     Onormal=(0.304405, -0.013441, -0.952448)}

Vertex 66 -0.076820 -0.295730 -0.952178
    {normal=(-0.076820, -0.295730, -0.952178)
     Opos=(-0.053774, -0.207011, -0.666525)
     Onormal=(-0.076820, -0.295730, -0.952178)}

Vertex 67 0.110690 -0.145651 -0.983124
    {normal=(0.110690, -0.145651, -0.983124)
     Opos=(0.077483, -0.101956, -0.688187)
     Onormal=(0.110690, -0.145651, -0.983124)}

Vertex 68 0.957934 0.285339 0.030724
    {normal=(0.957934, 0.285339, 0.030724)
     Opos=(0.670554, 0.199737, 0.021507)
     Onormal=(0.957934, 0.285339, 0.030724)}

Vertex 69 0.838091 0.369730 -0.401127
    {normal=(0.838091, 0.369730, -0.401127)
     Opos=(0.586664, 0.258811, -0.280789)
     Onormal=(0.838091, 0.369730, -0.401127)}

Vertex 70 0.818037 0.548658 -0.172596
    {normal=(0.818037, 0.548658, -0.172596)
     Opos=(0.572626, 0.384061, -0.120817)
     Onormal=(0.818037, 0.548658, -0.172596)}

Vertex 71 0.807838 0.578018 0.115296
    {normal=(0.807838, 0.578018, 0.115296)
     Opos=(0.565486, 0.404613, 0.080707)
     Onormal=(0.807838, 0.578018, 0.115296)}

Vertex 72 0.704334 0.696599 0.136618
    {normal=(0.704334, 0.696599, 0.136618)
     Opos=(0.493033, 0.487619, 0.095632)
     Onormal=(0.704334, 0.696599, 0.136618)}

Vertex 73 0.706861 0.417639 -0.570898
    {normal=(0.706861, 0.417639, -0.570898)
     Opos=(0.494803, 0.292347, -0.399629)
     Onormal=(0.706861, 0.417639, -0.570898)}

Vertex 74 0.189803 0.440884 -0.877266
    {normal=(0.189803, 0.440884, -0.877266)
     Opos=(0.132862, 0.308619, -0.614086)
     Onormal=(0.189803, 0.440884, -0.877266)}

Vertex 75 0.393935 0.646890 -0.652954
    {normal=(0.393935, 0.646890, -0.652954)
     Opos=(0.275754, 0.452823, -0.457068)
     Onormal=(0.393935, 0.646890, -0.652954)}

Vertex 76 0.000679 0.699879 -0.714261
    {normal=(0.000679, 0.699879, -0.714261)
     Opos=(0.000475, 0.489915, -0.499983)
     Onormal=(0.000679, 0.699879, -0.714261)}

Vertex 77 0.504958 0.861412 -0.054647
    {normal=(0.504958, 0.861412, -0.054647)
     Opos=(0.353471, 0.602989, -0.038253)
     Onormal=(0.504958, 0.861412, -0.054647)}

Vertex 78 0.422889 0.905545 -0.033957
    {normal=(0.422889, 0.905545, -0.033957)
     Opos=(0.296022, 0.633882, -0.023770)
     Onormal=(0.422889, 0.905545, -0.033957)}

Vertex 79 0.722841 0.492207 -0.485008
    {normal=(0.722841, 0.492207, -0.485008)
     Opos=(0.505989, 0.344545, -0.339506)
     Onormal=(0.722841, 0.492207, -0.485008)}

Vertex 80 0.498065 0.809117 -0.311868
    {normal=(0.498065, 0.809117, -0.311868)
     Opos=(0.348645, 0.566382, -0.218308)
     Onormal=(0.498065, 0.809117, -0.311868)}

Vertex 81 0.393030 0.784854 -0.479094
    {normal=(0.393030, 0.784854, -0.479094)
     Opos=(0.275121, 0.549398, -0.335366)
     Onormal=(0.393030, 0.784854, -0.479094)}

Vertex 82 0.379474 0.922848 0.065969
    {normal=(0.379474, 0.922848, 0.065969)
     Opos=(0.265632, 0.645993, 0.046178)
     Onormal=(0.379474, 0.922848, 0.065969)}

Vertex 83 0.014859 0.973752 -0.227126
    {normal=(0.014859, 0.973752, -0.227126)
     Opos=(0.010402, 0.681626, -0.158988)
     Onormal=(0.014859, 0.973752, -0.227126)}

Vertex 84 0.212519 0.968984 0.126118
    {normal=(0.212519, 0.968984, 0.126118)
     Opos=(0.148763, 0.678289, 0.088283)
     Onormal=(0.212519, 0.968984, 0.126118)}

Vertex 85 0.112278 0.991185 0.070335
    {normal=(0.112278, 0.991185, 0.070335)
     Opos=(0.078594, 0.693829, 0.049234)
     Onormal=(0.112278, 0.991185, 0.070335)}

Vertex 86 0.068963 0.993071 0.095154
    {normal=(0.068963, 0.993071, 0.095154)
     Opos=(0.048274, 0.695150, 0.066608)
     Onormal=(0.068963, 0.993071, 0.095154)}

Vertex 87 -0.952058 0.269121 0.145460
    {normal=(-0.952058, 0.269121, 0.145460)
     Opos=(-0.666441, 0.188385, 0.101822)
     Onormal=(-0.952058, 0.269121, 0.145460)}

Vertex 88 -0.623695 0.280446 0.729627
    {normal=(-0.623695, 0.280446, 0.729627)
     Opos=(-0.436586, 0.196312, 0.510739)
     Onormal=(-0.623695, 0.280446, 0.729627)}

Vertex 89 -0.235009 0.423028 0.875110
    {normal=(-0.235009, 0.423028, 0.875110)
     Opos=(-0.164507, 0.296119, 0.612577)
     Onormal=(-0.235009, 0.423028, 0.875110)}

Vertex 90 -0.579701 0.561028 0.590927
    {normal=(-0.579701, 0.561028, 0.590927)
     Opos=(-0.405791, 0.392719, 0.413649)
     Onormal=(-0.579701, 0.561028, 0.590927)}

Vertex 91 -0.368243 0.600441 0.709836
    {normal=(-0.368243, 0.600441, 0.709836)
     Opos=(-0.257770, 0.420309, 0.496885)
     Onormal=(-0.368243, 0.600441, 0.709836)}

Vertex 92 -0.173061 0.687292 0.705464
    {normal=(-0.173061, 0.687292, 0.705464)
     Opos=(-0.121143, 0.481104, 0.493825)
     Onormal=(-0.173061, 0.687292, 0.705464)}

Vertex 93 -0.231446 0.803507 0.548461
    {normal=(-0.231446, 0.803507, 0.548461)
     Opos=(-0.162012, 0.562455, 0.383922)
     Onormal=(-0.231446, 0.803507, 0.548461)}

Vertex 94 -0.166117 0.887048 0.430755
    {normal=(-0.166117, 0.887048, 0.430755)
     Opos=(-0.116282, 0.620934, 0.301529)
     Onormal=(-0.166117, 0.887048, 0.430755)}

Vertex 95 -0.069892 0.929993 0.360870
    {normal=(-0.069892, 0.929993, 0.360870)
     Opos=(-0.048924, 0.650995, 0.252609)
     Onormal=(-0.069892, 0.929993, 0.360870)}

Vertex 96 -0.983631 -0.001980 0.180183
    {normal=(-0.983631, -0.001980, 0.180183)
     Opos=(-0.688542, -0.001386, 0.126128)
     Onormal=(-0.983631, -0.001980, 0.180183)}

Vertex 97 -0.917266 0.201404 0.343599
    {normal=(-0.917266, 0.201404, 0.343599)
     Opos=(-0.642086, 0.140983, 0.240519)
     Onormal=(-0.917266, 0.201404, 0.343599)}

Vertex 98 -0.972241 -0.178449 0.151340
    {normal=(-0.972241, -0.178449, 0.151340)
     Opos=(-0.680569, -0.124914, 0.105938)
     Onormal=(-0.972241, -0.178449, 0.151340)}

Vertex 99 -0.893306 -0.428474 0.135698
    {normal=(-0.893306, -0.428474, 0.135698)
     Opos=(-0.625314, -0.299932, 0.094989)
     Onormal=(-0.893306, -0.428474, 0.135698)}

Vertex 100 -0.854251 -0.458348 0.245301
    {normal=(-0.854251, -0.458348, 0.245301)
     Opos=(-0.597975, -0.320844, 0.171711)
     Onormal=(-0.854251, -0.458348, 0.245301)}

Vertex 101 -0.793281 0.151885 0.589606
    {normal=(-0.793281, 0.151885, 0.589606)
     Opos=(-0.555297, 0.106319, 0.412724)
     Onormal=(-0.793281, 0.151885, 0.589606)}

Vertex 102 -0.518825 -0.842720 0.143681
    {normal=(-0.518825, -0.842720, 0.143681)
     Opos=(-0.363177, -0.589904, 0.100577)
     Onormal=(-0.518825, -0.842720, 0.143681)}

Vertex 103 -0.400151 -0.698591 0.593170
    {normal=(-0.400151, -0.698591, 0.593170)
     Opos=(-0.280105, -0.489014, 0.415219)
     Onormal=(-0.400151, -0.698591, 0.593170)}

Vertex 104 -0.060550 -0.657006 0.751450
    {normal=(-0.060550, -0.657006, 0.751450)
     Opos=(-0.042385, -0.459904, 0.526015)
     Onormal=(-0.060550, -0.657006, 0.751450)}

Vertex 105 -0.744557 -0.199265 0.637125
    {normal=(-0.744557, -0.199265, 0.637125)
     Opos=(-0.521190, -0.139486, 0.445988)
     Onormal=(-0.744557, -0.199265, 0.637125)}

Vertex 106 -0.786388 -0.495463 0.368932
    {normal=(-0.786388, -0.495463, 0.368932)
     Opos=(-0.550471, -0.346824, 0.258252)
     Onormal=(-0.786388, -0.495463, 0.368932)}

Vertex 107 -0.519317 -0.490512 0.699791
    {normal=(-0.519317, -0.490512, 0.699791)
     Opos=(-0.363522, -0.343359, 0.489854)
     Onormal=(-0.519317, -0.490512, 0.699791)}

Vertex 108 -0.054772 -0.197929 0.978685
    {normal=(-0.054772, -0.197929, 0.978685)
     Opos=(-0.038340, -0.138550, 0.685079)
     Onormal=(-0.054772, -0.197929, 0.978685)}

Vertex 109 -0.949900 0.092651 -0.298506
    {normal=(-0.949900, 0.092651, -0.298506)
     Opos=(-0.664930, 0.064855, -0.208954)
     Onormal=(-0.949900, 0.092651, -0.298506)}

Vertex 110 -0.725646 0.143454 -0.672948
    {normal=(-0.725646, 0.143454, -0.672948)
     Opos=(-0.507952, 0.100418, -0.471064)
     Onormal=(-0.725646, 0.143454, -0.672948)}

Vertex 111 -0.494402 0.198306 -0.846311
    {normal=(-0.494402, 0.198306, -0.846311)
     Opos=(-0.346081, 0.138814, -0.592417)
     Onormal=(-0.494402, 0.198306, -0.846311)}

Vertex 112 -0.290753 -0.118829 -0.949391
    {normal=(-0.290753, -0.118829, -0.949391)
     Opos=(-0.203527, -0.083180, -0.664573)
     Onormal=(-0.290753, -0.118829, -0.949391)}

Vertex 113 -0.756160 -0.004215 -0.654373
    {normal=(-0.756160, -0.004215, -0.654373)
     Opos=(-0.529312, -0.002951, -0.458061)
     Onormal=(-0.756160, -0.004215, -0.654373)}

Vertex 114 -0.665632 -0.480327 -0.571156
    {normal=(-0.665632, -0.480327, -0.571156)
     Opos=(-0.465943, -0.336229, -0.399809)
     Onormal=(-0.665632, -0.480327, -0.571156)}

Vertex 115 -0.428216 -0.682751 -0.592016
    {normal=(-0.428216, -0.682751, -0.592016)
     Opos=(-0.299751, -0.477925, -0.414411)
     Onormal=(-0.428216, -0.682751, -0.592016)}

Vertex 116 -0.302608 -0.780519 -0.547008
    {normal=(-0.302608, -0.780519, -0.547008)
     Opos=(-0.211826, -0.546363, -0.382906)
     Onormal=(-0.302608, -0.780519, -0.547008)}

Vertex 117 -0.307715 -0.949765 0.057079
    {normal=(-0.307715, -0.949765, 0.057079)
     Opos=(-0.215401, -0.664835, 0.039956)
     Onormal=(-0.307715, -0.949765, 0.057079)}

Vertex 118 -0.164212 -0.985653 0.039024
    {normal=(-0.164212, -0.985653, 0.039024)
     Opos=(-0.114948, -0.689957, 0.027317)
     Onormal=(-0.164212, -0.985653, 0.039024)}

Vertex 119 -0.162794 0.771010 -0.615664
    {normal=(-0.162794, 0.771010, -0.615664)
     Opos=(-0.113956, 0.539707, -0.430964)
     Onormal=(-0.162794, 0.771010, -0.615664)}

Vertex 120 -0.059678 0.375233 -0.925008
    {normal=(-0.059678, 0.375233, -0.925008)
     Opos=(-0.041775, 0.262663, -0.647505)
     Onormal=(-0.059678, 0.375233, -0.925008)}

Vertex 121 0.678361 0.691362 0.248687
    {normal=(0.678361, 0.691362, 0.248687)
     Opos=(0.474853, 0.483953, 0.174081)
     Onormal=(0.678361, 0.691362, 0.248687)}

Vertex 122 0.799593 0.429301 0.419943
    {normal=(0.799593, 0.429301, 0.419943)
     Opos=(0.559715, 0.300511, 0.293960)
     Onormal=(0.799593, 0.429301, 0.419943)}

Vertex 123 0.712146 0.343465 0.612274
    {normal=(0.712146, 0.343465, 0.612274)
     Opos=(0.498502, 0.240425, 0.428592)
     Onormal=(0.712146, 0.343465, 0.612274)}

Vertex 124 0.717075 0.275154 0.640385
    {normal=(0.717075, 0.275154, 0.640385)
     Opos=(0.501953, 0.192608, 0.448270)
     Onormal=(0.717075, 0.275154, 0.640385)}

Vertex 125 0.394862 0.880310 0.262941
    {normal=(0.394862, 0.880310, 0.262941)
     Opos=(0.276404, 0.616217, 0.184059)
     Onormal=(0.394862, 0.880310, 0.262941)}

Vertex 126 0.274804 0.930838 0.240881
    {normal=(0.274804, 0.930838, 0.240881)
     Opos=(0.192362, 0.651587, 0.168617)
     Onormal=(0.274804, 0.930838, 0.240881)}

Vertex 127 0.365998 0.855808 0.365567
    {normal=(0.365998, 0.855808, 0.365567)
     Opos=(0.256198, 0.599065, 0.255897)
     Onormal=(0.365998, 0.855808, 0.365567)}

Vertex 128 0.320988 0.869062 0.376428
    {normal=(0.320988, 0.869062, 0.376428)
     Opos=(0.224691, 0.608343, 0.263500)
     Onormal=(0.320988, 0.869062, 0.376428)}

Vertex 129 0.331692 0.846746 0.415936
    {normal=(0.331692, 0.846746, 0.415936)
     Opos=(0.232184, 0.592722, 0.291155)
     Onormal=(0.331692, 0.846746, 0.415936)}

Vertex 130 0.145592 0.914819 0.376709
    {normal=(0.145592, 0.914819, 0.376709)
     Opos=(0.101914, 0.640373, 0.263696)
     Onormal=(0.145592, 0.914819, 0.376709)}

Vertex 131 0.606551 0.628468 0.486953
    {normal=(0.606551, 0.628468, 0.486953)
     Opos=(0.424586, 0.439928, 0.340867)
     Onormal=(0.606551, 0.628468, 0.486953)}

Vertex 132 0.545278 0.672409 0.500538
    {normal=(0.545278, 0.672409, 0.500538)
     Opos=(0.381695, 0.470686, 0.350377)
     Onormal=(0.545278, 0.672409, 0.500538)}

Vertex 133 0.531608 0.755893 0.382125
    {normal=(0.531608, 0.755893, 0.382125)
     Opos=(0.372125, 0.529125, 0.267488)
     Onormal=(0.531608, 0.755893, 0.382125)}

Vertex 134 0.543517 0.717157 0.436206
    {normal=(0.543517, 0.717157, 0.436206)
     Opos=(0.380462, 0.502010, 0.305344)
     Onormal=(0.543517, 0.717157, 0.436206)}

Vertex 135 0.394064 0.763224 0.512057
    {normal=(0.394064, 0.763224, 0.512057)
     Opos=(0.275845, 0.534257, 0.358440)
     Onormal=(0.394064, 0.763224, 0.512057)}

Vertex 136 0.404128 0.622667 0.670050
    {normal=(0.404128, 0.622667, 0.670050)
     Opos=(0.282890, 0.435867, 0.469035)
     Onormal=(0.404128, 0.622667, 0.670050)}

Vertex 137 0.542328 0.569946 0.617286
    {normal=(0.542328, 0.569946, 0.617286)
     Opos=(0.379629, 0.398962, 0.432100)
     Onormal=(0.542328, 0.569946, 0.617286)}

Vertex 138 0.351987 0.708202 0.612009
    {normal=(0.351987, 0.708202, 0.612009)
     Opos=(0.246391, 0.495742, 0.428406)
     Onormal=(0.351987, 0.708202, 0.612009)}

Vertex 139 0.321304 0.648981 0.689629
    {normal=(0.321304, 0.648981, 0.689629)
     Opos=(0.224913, 0.454286, 0.482740)
     Onormal=(0.321304, 0.648981, 0.689629)}

Vertex 140 0.283659 0.618428 0.732860
    {normal=(0.283659, 0.618428, 0.732860)
     Opos=(0.198561, 0.432900, 0.513002)
     Onormal=(0.283659, 0.618428, 0.732860)}

Vertex 141 0.488405 0.234954 0.840391
    {normal=(0.488405, 0.234954, 0.840391)
     Opos=(0.341884, 0.164468, 0.588274)
     Onormal=(0.488405, 0.234954, 0.840391)}

Vertex 142 0.470936 0.316038 0.823614
    {normal=(0.470936, 0.316038, 0.823614)
     Opos=(0.329655, 0.221226, 0.576530)
     Onormal=(0.470936, 0.316038, 0.823614)}

Vertex 143 0.343924 0.484116 0.804580
    {normal=(0.343924, 0.484116, 0.804580)
     Opos=(0.240746, 0.338881, 0.563206)
     Onormal=(0.343924, 0.484116, 0.804580)}

Vertex 144 0.419590 0.240934 0.875154
    {normal=(0.419590, 0.240934, 0.875154)
     Opos=(0.293713, 0.168654, 0.612608)
     Onormal=(0.419590, 0.240934, 0.875154)}

Vertex 145 0.020234 0.567806 0.822914
    {normal=(0.020234, 0.567806, 0.822914)
     Opos=(0.014164, 0.397464, 0.576040)
     Onormal=(0.020234, 0.567806, 0.822914)}

Vertex 146 0.138960 0.324837 0.935506
    {normal=(0.138960, 0.324837, 0.935506)
     Opos=(0.097272, 0.227386, 0.654854)
     Onormal=(0.138960, 0.324837, 0.935506)}

Vertex 147 0.096311 0.280996 0.954864
    {normal=(0.096311, 0.280996, 0.954864)
     Opos=(0.067417, 0.196697, 0.668405)
     Onormal=(0.096311, 0.280996, 0.954864)}

Vertex 148 0.892229 0.138796 0.429725
    {normal=(0.892229, 0.138796, 0.429725)
     Opos=(0.624560, 0.097157, 0.300808)
     Onormal=(0.892229, 0.138796, 0.429725)}

Vertex 149 0.872722 0.102144 0.477412
    {normal=(0.872722, 0.102144, 0.477412)
     Opos=(0.610905, 0.071501, 0.334189)
     Onormal=(0.872722, 0.102144, 0.477412)}

Vertex 150 0.817850 0.122361 0.562271
    {normal=(0.817850, 0.122361, 0.562271)
     Opos=(0.572495, 0.085653, 0.393590)
     Onormal=(0.817850, 0.122361, 0.562271)}

Vertex 151 0.854264 0.039126 0.518364
    {normal=(0.854264, 0.039126, 0.518364)
     Opos=(0.597985, 0.027388, 0.362855)
     Onormal=(0.854264, 0.039126, 0.518364)}

Vertex 152 0.794552 -0.124429 0.594310
    {normal=(0.794552, -0.124429, 0.594310)
     Opos=(0.556186, -0.087101, 0.416017)
     Onormal=(0.794552, -0.124429, 0.594310)}

Vertex 153 0.985144 -0.064774 0.159046
    {normal=(0.985144, -0.064774, 0.159046)
     Opos=(0.689601, -0.045342, 0.111332)
     Onormal=(0.985144, -0.064774, 0.159046)}

Vertex 154 0.973862 -0.138362 0.180133
    {normal=(0.973862, -0.138362, 0.180133)
     Opos=(0.681704, -0.096854, 0.126093)
     Onormal=(0.973862, -0.138362, 0.180133)}

Vertex 155 0.971608 -0.192619 0.137386
    {normal=(0.971608, -0.192619, 0.137386)
     Opos=(0.680126, -0.134833, 0.096170)
     Onormal=(0.971608, -0.192619, 0.137386)}

Vertex 156 0.957510 -0.270726 0.099412
    {normal=(0.957510, -0.270726, 0.099412)
     Opos=(0.670257, -0.189508, 0.069588)
     Onormal=(0.957510, -0.270726, 0.099412)}

Vertex 157 0.799534 -0.224917 0.556918
    {normal=(0.799534, -0.224917, 0.556918)
     Opos=(0.559674, -0.157442, 0.389843)
     Onormal=(0.799534, -0.224917, 0.556918)}

Vertex 158 0.915181 -0.335851 0.222819
    {normal=(0.915181, -0.335851, 0.222819)
     Opos=(0.640627, -0.235095, 0.155974)
     Onormal=(0.915181, -0.335851, 0.222819)}

Vertex 159 0.861679 -0.398044 0.314755
    {normal=(0.861679, -0.398044, 0.314755)
     Opos=(0.603175, -0.278631, 0.220329)
     Onormal=(0.861679, -0.398044, 0.314755)}

Vertex 160 0.437687 0.072721 0.896182
    {normal=(0.437687, 0.072721, 0.896182)
     Opos=(0.306381, 0.050905, 0.627327)
     Onormal=(0.437687, 0.072721, 0.896182)}

Vertex 161 0.497955 -0.071596 0.864242
    {normal=(0.497955, -0.071596, 0.864242)
     Opos=(0.348569, -0.050117, 0.604970)
     Onormal=(0.497955, -0.071596, 0.864242)}

Vertex 162 0.032068 0.244665 0.969077
    {normal=(0.032068, 0.244665, 0.969077)
     Opos=(0.022448, 0.171265, 0.678354)
     Onormal=(0.032068, 0.244665, 0.969077)}

Vertex 163 0.368013 -0.035313 0.929150
    {normal=(0.368013, -0.035313, 0.929150)
     Opos=(0.257609, -0.024719, 0.650405)
     Onormal=(0.368013, -0.035313, 0.929150)}

Vertex 164 0.360541 0.008862 0.932701
    {normal=(0.360541, 0.008862, 0.932701)
     Opos=(0.252378, 0.006203, 0.652891)
     Onormal=(0.360541, 0.008862, 0.932701)}

Vertex 165 0.304812 0.066620 0.950080
    {normal=(0.304812, 0.066620, 0.950080)
     Opos=(0.213368, 0.046634, 0.665056)
     Onormal=(0.304812, 0.066620, 0.950080)}

Vertex 166 0.307621 -0.143805 0.940579
    {normal=(0.307621, -0.143805, 0.940579)
     Opos=(0.215335, -0.100664, 0.658405)
     Onormal=(0.307621, -0.143805, 0.940579)}

Vertex 167 0.048465 -0.140410 0.988907
    {normal=(0.048465, -0.140410, 0.988907)
     Opos=(0.033926, -0.098287, 0.692235)
     Onormal=(0.048465, -0.140410, 0.988907)}

Vertex 168 0.043703 -0.174126 0.983753
    {normal=(0.043703, -0.174126, 0.983753)
     Opos=(0.030592, -0.121888, 0.688627)
     Onormal=(0.043703, -0.174126, 0.983753)}

Vertex 169 0.800037 -0.476700 0.364279
    {normal=(0.800037, -0.476700, 0.364279)
     Opos=(0.560026, -0.333690, 0.254995)
     Onormal=(0.800037, -0.476700, 0.364279)}

Vertex 170 0.830350 -0.488788 0.267590
    {normal=(0.830350, -0.488788, 0.267590)
     Opos=(0.581245, -0.342152, 0.187313)
     Onormal=(0.830350, -0.488788, 0.267590)}

Vertex 171 0.743827 -0.360843 0.562595
    {normal=(0.743827, -0.360843, 0.562595)
     Opos=(0.520679, -0.252590, 0.393817)
     Onormal=(0.743827, -0.360843, 0.562595)}

Vertex 172 0.739318 -0.525301 0.421270
    {normal=(0.739318, -0.525301, 0.421270)
     Opos=(0.517522, -0.367711, 0.294889)
     Onormal=(0.739318, -0.525301, 0.421270)}

Vertex 173 0.594563 -0.550158 0.586363
    {normal=(0.594563, -0.550158, 0.586363)
     Opos=(0.416194, -0.385110, 0.410454)
     Onormal=(0.594563, -0.550158, 0.586363)}

Vertex 174 0.483338 -0.601416 0.636147
    {normal=(0.483338, -0.601416, 0.636147)
     Opos=(0.338337, -0.420991, 0.445303)
     Onormal=(0.483338, -0.601416, 0.636147)}

Vertex 175 0.735351 -0.097312 0.670664
    {normal=(0.735351, -0.097312, 0.670664)
     Opos=(0.514745, -0.068118, 0.469465)
     Onormal=(0.735351, -0.097312, 0.670664)}

Vertex 176 0.634691 0.001470 0.772765
    {normal=(0.634691, 0.001470, 0.772765)
     Opos=(0.444284, 0.001029, 0.540935)
     Onormal=(0.634691, 0.001470, 0.772765)}

Vertex 177 0.583994 0.007965 0.811719
    {normal=(0.583994, 0.007965, 0.811719)
     Opos=(0.408796, 0.005576, 0.568203)
     Onormal=(0.583994, 0.007965, 0.811719)}

Vertex 178 0.559908 -0.481990 0.673935
    {normal=(0.559908, -0.481990, 0.673935)
     Opos=(0.391936, -0.337393, 0.471755)
     Onormal=(0.559908, -0.481990, 0.673935)}

Vertex 179 0.432750 -0.415718 0.799941
    {normal=(0.432750, -0.415718, 0.799941)
     Opos=(0.302925, -0.291003, 0.559959)
     Onormal=(0.432750, -0.415718, 0.799941)}

Vertex 180 0.637564 -0.357220 0.682573
    {normal=(0.637564, -0.357220, 0.682573)
     Opos=(0.446295, -0.250054, 0.477801)
     Onormal=(0.637564, -0.357220, 0.682573)}

Vertex 181 0.692513 -0.247145 0.677750
    {normal=(0.692513, -0.247145, 0.677750)
     Opos=(0.484759, -0.173002, 0.474425)
     Onormal=(0.692513, -0.247145, 0.677750)}

Vertex 182 0.650199 -0.189233 0.735820
    {normal=(0.650199, -0.189233, 0.735820)
     Opos=(0.455140, -0.132463, 0.515074)
     Onormal=(0.650199, -0.189233, 0.735820)}

Vertex 183 0.631359 -0.269540 0.727141
    {normal=(0.631359, -0.269540, 0.727141)
     Opos=(0.441951, -0.188678, 0.508999)
     Onormal=(0.631359, -0.269540, 0.727141)}

Vertex 184 0.464694 -0.268287 0.843849
    {normal=(0.464694, -0.268287, 0.843849)
     Opos=(0.325286, -0.187801, 0.590695)
     Onormal=(0.464694, -0.268287, 0.843849)}

Vertex 185 0.377228 -0.502835 0.777725
    {normal=(0.377228, -0.502835, 0.777725)
     Opos=(0.264060, -0.351984, 0.544408)
     Onormal=(0.377228, -0.502835, 0.777725)}

Vertex 186 0.195547 -0.465259 0.863305
    {normal=(0.195547, -0.465259, 0.863305)
     Opos=(0.136883, -0.325681, 0.604314)
     Onormal=(0.195547, -0.465259, 0.863305)}

Vertex 187 0.334002 -0.344185 0.877485
    {normal=(0.334002, -0.344185, 0.877485)
     Opos=(0.233801, -0.240930, 0.614239)
     Onormal=(0.334002, -0.344185, 0.877485)}

Vertex 188 0.670677 -0.728664 0.138713
    {normal=(0.670677, -0.728664, 0.138713)
     Opos=(0.469474, -0.510065, 0.097099)
     Onormal=(0.670677, -0.728664, 0.138713)}

Vertex 189 0.462070 -0.652017 0.601137
    {normal=(0.462070, -0.652017, 0.601137)
     Opos=(0.323449, -0.456412, 0.420796)
     Onormal=(0.462070, -0.652017, 0.601137)}

Vertex 190 0.480032 -0.691880 0.539325
    {normal=(0.480032, -0.691880, 0.539325)
     Opos=(0.336022, -0.484316, 0.377527)
     Onormal=(0.480032, -0.691880, 0.539325)}

Vertex 191 0.440772 -0.782908 0.439061
    {normal=(0.440772, -0.782908, 0.439061)
     Opos=(0.308541, -0.548036, 0.307343)
     Onormal=(0.440772, -0.782908, 0.439061)}

Vertex 192 0.491516 -0.795224 0.355009
    {normal=(0.491516, -0.795224, 0.355009)
     Opos=(0.344061, -0.556657, 0.248506)
     Onormal=(0.491516, -0.795224, 0.355009)}

Vertex 193 0.471934 -0.862190 0.184139
    {normal=(0.471934, -0.862190, 0.184139)
     Opos=(0.330354, -0.603533, 0.128897)
     Onormal=(0.471934, -0.862190, 0.184139)}

Vertex 194 0.409710 -0.885272 0.220072
    {normal=(0.409710, -0.885272, 0.220072)
     Opos=(0.286797, -0.619690, 0.154050)
     Onormal=(0.409710, -0.885272, 0.220072)}

Vertex 195 0.077446 -0.536504 0.840337
    {normal=(0.077446, -0.536504, 0.840337)
     Opos=(0.054212, -0.375552, 0.588236)
     Onormal=(0.077446, -0.536504, 0.840337)}

Vertex 196 0.134974 -0.722429 0.678144
    {normal=(0.134974, -0.722429, 0.678144)
     Opos=(0.094482, -0.505700, 0.474701)
     Onormal=(0.134974, -0.722429, 0.678144)}

Vertex 197 0.361807 -0.765057 0.532713
    {normal=(0.361807, -0.765057, 0.532713)
     Opos=(0.253265, -0.535540, 0.372899)
     Onormal=(0.361807, -0.765057, 0.532713)}

Vertex 198 0.411399 -0.702251 0.581029
    {normal=(0.411399, -0.702251, 0.581029)
     Opos=(0.287979, -0.491576, 0.406720)
     Onormal=(0.411399, -0.702251, 0.581029)}

Vertex 199 0.209357 -0.964550 0.160666
    {normal=(0.209357, -0.964550, 0.160666)
     Opos=(0.146550, -0.675185, 0.112466)
     Onormal=(0.209357, -0.964550, 0.160666)}

Vertex 200 0.110950 -0.987270 0.113964
    {normal=(0.110950, -0.987270, 0.113964)
     Opos=(0.077665, -0.691089, 0.079775)
     Onormal=(0.110950, -0.987270, 0.113964)}

Vertex 201 0.995881 0.083703 -0.034851
    {normal=(0.995881, 0.083703, -0.034851)
     Opos=(0.697117, 0.058592, -0.024396)
     Onormal=(0.995881, 0.083703, -0.034851)}

Vertex 202 0.959876 0.225591 -0.166575
    {normal=(0.959876, 0.225591, -0.166575)
     Opos=(0.671913, 0.157914, -0.116602)
     Onormal=(0.959876, 0.225591, -0.166575)}

Vertex 203 0.979402 -0.201915 0.001502
    {normal=(0.979402, -0.201915, 0.001502)
     Opos=(0.685581, -0.141341, 0.001051)
     Onormal=(0.979402, -0.201915, 0.001502)}

Vertex 204 0.985542 -0.162824 -0.046864
    {normal=(0.985542, -0.162824, -0.046864)
     Opos=(0.689879, -0.113977, -0.032805)
     Onormal=(0.985542, -0.162824, -0.046864)}

Vertex 205 0.960628 -0.232537 -0.152055
    {normal=(0.960628, -0.232537, -0.152055)
     Opos=(0.672439, -0.162776, -0.106439)
     Onormal=(0.960628, -0.232537, -0.152055)}

Vertex 206 0.980227 0.090334 -0.176052
    {normal=(0.980227, 0.090334, -0.176052)
     Opos=(0.686159, 0.063234, -0.123236)
     Onormal=(0.980227, 0.090334, -0.176052)}

Vertex 207 0.860357 -0.103581 -0.499056
    {normal=(0.860357, -0.103581, -0.499056)
     Opos=(0.602250, -0.072507, -0.349339)
     Onormal=(0.860357, -0.103581, -0.499056)}

Vertex 208 0.818675 0.048560 -0.572201
    {normal=(0.818675, 0.048560, -0.572201)
     Opos=(0.573072, 0.033992, -0.400541)
     Onormal=(0.818675, 0.048560, -0.572201)}

Vertex 209 0.712071 -0.694512 0.102993
    {normal=(0.712071, -0.694512, 0.102993)
     Opos=(0.498450, -0.486158, 0.072095)
     Onormal=(0.712071, -0.694512, 0.102993)}

Vertex 210 0.668147 -0.741779 0.057823
    {normal=(0.668147, -0.741779, 0.057823)
     Opos=(0.467703, -0.519245, 0.040476)
     Onormal=(0.668147, -0.741779, 0.057823)}

Vertex 211 0.348757 -0.933847 0.079365
    {normal=(0.348757, -0.933847, 0.079365)
     Opos=(0.244130, -0.653693, 0.055555)
     Onormal=(0.348757, -0.933847, 0.079365)}

Vertex 212 0.495024 -0.758313 -0.424161
    {normal=(0.495024, -0.758313, -0.424161)
     Opos=(0.346517, -0.530819, -0.296912)
     Onormal=(0.495024, -0.758313, -0.424161)}

Vertex 213 0.417189 -0.866566 -0.273893
    {normal=(0.417189, -0.866566, -0.273893)
     Opos=(0.292032, -0.606596, -0.191725)
     Onormal=(0.417189, -0.866566, -0.273893)}

Vertex 214 0.328647 -0.873287 -0.359668
    {normal=(0.328647, -0.873287, -0.359668)
     Opos=(0.230053, -0.611301, -0.251768)
     Onormal=(0.328647, -0.873287, -0.359668)}

Vertex 215 0.222554 -0.864339 -0.450985
    {normal=(0.222554, -0.864339, -0.450985)
     Opos=(0.155788, -0.605038, -0.315689)
     Onormal=(0.222554, -0.864339, -0.450985)}

Vertex 216 0.325647 -0.942130 -0.079654
    {normal=(0.325647, -0.942130, -0.079654)
     Opos=(0.227953, -0.659491, -0.055758)
     Onormal=(0.325647, -0.942130, -0.079654)}

Vertex 217 0.306460 -0.951320 -0.032748
    {normal=(0.306460, -0.951320, -0.032748)
     Opos=(0.214522, -0.665924, -0.022924)
     Onormal=(0.306460, -0.951320, -0.032748)}

Vertex 218 0.081028 -0.968535 -0.235320
    {normal=(0.081028, -0.968535, -0.235320)
     Opos=(0.056719, -0.677974, -0.164724)
     Onormal=(0.081028, -0.968535, -0.235320)}

Vertex 219 0.024048 -0.979141 -0.201754
    {normal=(0.024048, -0.979141, -0.201754)
     Opos=(0.016834, -0.685399, -0.141228)
     Onormal=(0.024048, -0.979141, -0.201754)}

Vertex 220 0.416815 -0.710906 -0.566461
    {normal=(0.416815, -0.710906, -0.566461)
     Opos=(0.291770, -0.497635, -0.396522)
     Onormal=(0.416815, -0.710906, -0.566461)}

Vertex 221 0.037026 -0.885682 -0.462815
    {normal=(0.037026, -0.885682, -0.462815)
     Opos=(0.025918, -0.619977, -0.323970)
     Onormal=(0.037026, -0.885682, -0.462815)}

Vertex 222 -0.048909 -0.809726 -0.584766
    {normal=(-0.048909, -0.809726, -0.584766)
     Opos=(-0.034236, -0.566809, -0.409336)
     Onormal=(-0.048909, -0.809726, -0.584766)}

Vertex 223 0.066842 -0.743637 -0.665234
    {normal=(0.066842, -0.743637, -0.665234)
     Opos=(0.046789, -0.520546, -0.465664)
     Onormal=(0.066842, -0.743637, -0.665234)}

Vertex 224 0.078482 -0.804922 -0.588168
    {normal=(0.078482, -0.804922, -0.588168)
     Opos=(0.054937, -0.563445, -0.411718)
     Onormal=(0.078482, -0.804922, -0.588168)}

Vertex 225 0.785262 0.018216 -0.618895
    {normal=(0.785262, 0.018216, -0.618895)
     Opos=(0.549684, 0.012751, -0.433227)
     Onormal=(0.785262, 0.018216, -0.618895)}

Vertex 226 0.619822 0.063228 -0.782191
    {normal=(0.619822, 0.063228, -0.782191)
     Opos=(0.433875, 0.044260, -0.547534)
     Onormal=(0.619822, 0.063228, -0.782191)}

Vertex 227 0.746109 -0.247213 -0.618229
    {normal=(0.746109, -0.247213, -0.618229)
     Opos=(0.522276, -0.173049, -0.432760)
     Onormal=(0.746109, -0.247213, -0.618229)}

Vertex 228 0.619551 -0.205092 -0.757690
    {normal=(0.619551, -0.205092, -0.757690)
     Opos=(0.433686, -0.143565, -0.530383)
     Onormal=(0.619551, -0.205092, -0.757690)}

Vertex 229 0.539493 -0.087582 -0.837423
    {normal=(0.539493, -0.087582, -0.837423)
     Opos=(0.377645, -0.061307, -0.586196)
     Onormal=(0.539493, -0.087582, -0.837423)}

Vertex 230 0.448782 -0.229654 -0.863628
    {normal=(0.448782, -0.229654, -0.863628)
     Opos=(0.314147, -0.160758, -0.604540)
     Onormal=(0.448782, -0.229654, -0.863628)}

Vertex 231 0.735457 -0.560913 -0.380104
    {normal=(0.735457, -0.560913, -0.380104)
     Opos=(0.514820, -0.392639, -0.266073)
     Onormal=(0.735457, -0.560913, -0.380104)}

Vertex 232 0.662437 -0.674011 -0.326936
    {normal=(0.662437, -0.674011, -0.326936)
     Opos=(0.463706, -0.471807, -0.228855)
     Onormal=(0.662437, -0.674011, -0.326936)}

Vertex 233 0.812745 -0.355558 -0.461546
    {normal=(0.812745, -0.355558, -0.461546)
     Opos=(0.568921, -0.248890, -0.323082)
     Onormal=(0.812745, -0.355558, -0.461546)}

Vertex 234 0.752328 -0.440458 -0.489897
    {normal=(0.752328, -0.440458, -0.489897)
     Opos=(0.526630, -0.308320, -0.342928)
     Onormal=(0.752328, -0.440458, -0.489897)}

Vertex 235 0.566992 -0.458433 -0.684368
    {normal=(0.566992, -0.458433, -0.684368)
     Opos=(0.396894, -0.320903, -0.479057)
     Onormal=(0.566992, -0.458433, -0.684368)}

Vertex 236 0.612949 -0.398698 -0.682154
    {normal=(0.612949, -0.398698, -0.682154)
     Opos=(0.429064, -0.279089, -0.477507)
     Onormal=(0.612949, -0.398698, -0.682154)}

Vertex 237 0.169190 -0.434537 -0.884620
    {normal=(0.169190, -0.434537, -0.884620)
     Opos=(0.118433, -0.304176, -0.619234)
     Onormal=(0.169190, -0.434537, -0.884620)}

Vertex 238 0.214444 -0.686505 -0.694784
    {normal=(0.214444, -0.686505, -0.694784)
     Opos=(0.150111, -0.480554, -0.486348)
     Onormal=(0.214444, -0.686505, -0.694784)}

Vertex 239 0.071424 -0.557128 -0.827349
    {normal=(0.071424, -0.557128, -0.827349)
     Opos=(0.049997, -0.389990, -0.579144)
     Onormal=(0.071424, -0.557128, -0.827349)}

Vertex 240 0.074735 -0.635108 -0.768799
    {normal=(0.074735, -0.635108, -0.768799)
     Opos=(0.052315, -0.444576, -0.538159)
     Onormal=(0.074735, -0.635108, -0.768799)}

Vertex 241 -0.010075 -0.594006 -0.804398
    {normal=(-0.010075, -0.594006, -0.804398)
     Opos=(-0.007052, -0.415804, -0.563078)
     Onormal=(-0.010075, -0.594006, -0.804398)}

Vertex 242 0.512129 0.088769 -0.854309
    {normal=(0.512129, 0.088769, -0.854309)
     Opos=(0.358490, 0.062138, -0.598016)
     Onormal=(0.512129, 0.088769, -0.854309)}

Vertex 243 0.596564 0.172408 -0.783828
    {normal=(0.596564, 0.172408, -0.783828)
     Opos=(0.417595, 0.120685, -0.548680)
     Onormal=(0.596564, 0.172408, -0.783828)}

Vertex 244 0.569634 0.256982 -0.780691
    {normal=(0.569634, 0.256982, -0.780691)
     Opos=(0.398744, 0.179887, -0.546483)
     Onormal=(0.569634, 0.256982, -0.780691)}

Vertex 245 0.497988 0.276670 -0.821864
    {normal=(0.497988, 0.276670, -0.821864)
     Opos=(0.348592, 0.193669, -0.575305)
     Onormal=(0.497988, 0.276670, -0.821864)}

Vertex 246 0.242356 -0.055596 -0.968593
    {normal=(0.242356, -0.055596, -0.968593)
     Opos=(0.169649, -0.038917, -0.678015)
     Onormal=(0.242356, -0.055596, -0.968593)}

Vertex 247 0.455930 0.307243 -0.835302
    {normal=(0.455930, 0.307243, -0.835302)
     Opos=(0.319151, 0.215070, -0.584711)
     Onormal=(0.455930, 0.307243, -0.835302)}

Vertex 248 0.450637 0.375334 -0.809970
    {normal=(0.450637, 0.375334, -0.809970)
     Opos=(0.315446, 0.262734, -0.566979)
     Onormal=(0.450637, 0.375334, -0.809970)}

Vertex 249 -0.083935 -0.582111 -0.808765
    {normal=(-0.083935, -0.582111, -0.808765)
     Opos=(-0.058755, -0.407478, -0.566136)
     Onormal=(-0.083935, -0.582111, -0.808765)}

Vertex 250 -0.021767 -0.542381 -0.839851
    {normal=(-0.021767, -0.542381, -0.839851)
     Opos=(-0.015237, -0.379667, -0.587895)
     Onormal=(-0.021767, -0.542381, -0.839851)}

Vertex 251 -0.020918 -0.422363 -0.906186
    {normal=(-0.020918, -0.422363, -0.906186)
     Opos=(-0.014643, -0.295654, -0.634330)
     Onormal=(-0.020918, -0.422363, -0.906186)}

Vertex 252 0.141263 -0.278545 -0.949978
    {normal=(0.141263, -0.278545, -0.949978)
     Opos=(0.098884, -0.194981, -0.664984)
     Onormal=(0.141263, -0.278545, -0.949978)}

Vertex 253 0.171406 0.059536 -0.983400
    {normal=(0.171406, 0.059536, -0.983400)
     Opos=(0.119984, 0.041675, -0.688380)
     Onormal=(0.171406, 0.059536, -0.983400)}

Vertex 254 -0.009340 0.265317 -0.964116
    {normal=(-0.009340, 0.265317, -0.964116)
     Opos=(-0.006538, 0.185722, -0.674881)
     Onormal=(-0.009340, 0.265317, -0.964116)}

Vertex 255 0.850473 0.433527 -0.297909
    {normal=(0.850473, 0.433527, -0.297909)
     Opos=(0.595331, 0.303469, -0.208536)
     Onormal=(0.850473, 0.433527, -0.297909)}

Vertex 256 0.780197 0.553598 -0.291242
    {normal=(0.780197, 0.553598, -0.291242)
     Opos=(0.546138, 0.387518, -0.203869)
     Onormal=(0.780197, 0.553598, -0.291242)}

Vertex 257 0.762453 0.622774 -0.175552
    {normal=(0.762453, 0.622774, -0.175552)
     Opos=(0.533717, 0.435941, -0.122886)
     Onormal=(0.762453, 0.622774, -0.175552)}

Vertex 258 0.827292 0.561755 -0.004398
    {normal=(0.827292, 0.561755, -0.004398)
     Opos=(0.579104, 0.393229, -0.003078)
     Onormal=(0.827292, 0.561755, -0.004398)}

Vertex 259 0.662421 0.403191 -0.631376
    {normal=(0.662421, 0.403191, -0.631376)
     Opos=(0.463695, 0.282234, -0.441963)
     Onormal=(0.662421, 0.403191, -0.631376)}

Vertex 260 0.044538 0.449407 -0.892216
    {normal=(0.044538, 0.449407, -0.892216)
     Opos=(0.031176, 0.314585, -0.624551)
     Onormal=(0.044538, 0.449407, -0.892216)}

Vertex 261 0.326895 0.730565 -0.599511
    {normal=(0.326895, 0.730565, -0.599511)
     Opos=(0.228827, 0.511396, -0.419658)
     Onormal=(0.326895, 0.730565, -0.599511)}

Vertex 262 0.100647 0.850247 -0.516673
    {normal=(0.100647, 0.850247, -0.516673)
     Opos=(0.070453, 0.595173, -0.361671)
     Onormal=(0.100647, 0.850247, -0.516673)}

Vertex 263 0.074088 0.890043 -0.449815
    {normal=(0.074088, 0.890043, -0.449815)
     Opos=(0.051862, 0.623030, -0.314871)
     Onormal=(0.074088, 0.890043, -0.449815)}

Vertex 264 0.455653 0.890056 -0.013474
    {normal=(0.455653, 0.890056, -0.013474)
     Opos=(0.318957, 0.623039, -0.009432)
     Onormal=(0.455653, 0.890056, -0.013474)}

Vertex 265 0.629195 0.673393 -0.388143
    {normal=(0.629195, 0.673393, -0.388143)
     Opos=(0.440437, 0.471375, -0.271700)
     Onormal=(0.629195, 0.673393, -0.388143)}

Vertex 266 0.406467 0.899623 -0.159571
    {normal=(0.406467, 0.899623, -0.159571)
     Opos=(0.284527, 0.629736, -0.111700)
     Onormal=(0.406467, 0.899623, -0.159571)}

Vertex 267 0.452011 0.872300 -0.186491
    {normal=(0.452011, 0.872300, -0.186491)
     Opos=(0.316408, 0.610610, -0.130544)
     Onormal=(0.452011, 0.872300, -0.186491)}

Vertex 268 0.571379 0.770088 -0.283708
    {normal=(0.571379, 0.770088, -0.283708)
     Opos=(0.399965, 0.539061, -0.198596)
     Onormal=(0.571379, 0.770088, -0.283708)}

Vertex 269 0.344979 0.853837 -0.389811
    {normal=(0.344979, 0.853837, -0.389811)
     Opos=(0.241486, 0.597686, -0.272868)
     Onormal=(0.344979, 0.853837, -0.389811)}

Vertex 270 0.533154 0.832732 0.149342
    {normal=(0.533154, 0.832732, 0.149342)
     Opos=(0.373208, 0.582913, 0.104540)
     Onormal=(0.533154, 0.832732, 0.149342)}

Vertex 271 0.494241 0.853789 0.163613
    {normal=(0.494241, 0.853789, 0.163613)
     Opos=(0.345969, 0.597653, 0.114529)
     Onormal=(0.494241, 0.853789, 0.163613)}

Vertex 272 0.433901 0.890701 0.135579
    {normal=(0.433901, 0.890701, 0.135579)
     Opos=(0.303731, 0.623491, 0.094905)
     Onormal=(0.433901, 0.890701, 0.135579)}

Vertex 273 0.179946 0.980893 -0.073953
    {normal=(0.179946, 0.980893, -0.073953)
     Opos=(0.125963, 0.686625, -0.051767)
     Onormal=(0.179946, 0.980893, -0.073953)}

Vertex 274 0.127125 0.989708 -0.065711
    {normal=(0.127125, 0.989708, -0.065711)
     Opos=(0.088988, 0.692795, -0.045998)
     Onormal=(0.127125, 0.989708, -0.065711)}

Vertex 275 0.271307 0.951868 0.142618
    {normal=(0.271307, 0.951868, 0.142618)
     Opos=(0.189915, 0.666308, 0.099832)
     Onormal=(0.271307, 0.951868, 0.142618)}

Vertex 276 -0.741375 0.191119 0.643301
    {normal=(-0.741375, 0.191119, 0.643301)
     Opos=(-0.518962, 0.133784, 0.450311)
     Onormal=(-0.741375, 0.191119, 0.643301)}

Vertex 277 -0.766231 0.374248 0.522330
    {normal=(-0.766231, 0.374248, 0.522330)
     Opos=(-0.536362, 0.261973, 0.365631)
     Onormal=(-0.766231, 0.374248, 0.522330)}

Vertex 278 -0.811045 0.300539 0.501879
    {normal=(-0.811045, 0.300539, 0.501879)
     Opos=(-0.567731, 0.210377, 0.351316)
     Onormal=(-0.811045, 0.300539, 0.501879)}

Vertex 279 -0.737601 0.341588 0.582462
    {normal=(-0.737601, 0.341588, 0.582462)
     Opos=(-0.516321, 0.239112, 0.407723)
     Onormal=(-0.737601, 0.341588, 0.582462)}

Vertex 280 -0.833323 0.416877 0.363023
    {normal=(-0.833323, 0.416877, 0.363023)
     Opos=(-0.583326, 0.291814, 0.254116)
     Onormal=(-0.833323, 0.416877, 0.363023)}

Vertex 281 -0.798503 0.403635 0.446623
    {normal=(-0.798503, 0.403635, 0.446623)
     Opos=(-0.558952, 0.282544, 0.312636)
     Onormal=(-0.798503, 0.403635, 0.446623)}

Vertex 282 -0.834565 0.507800 0.213637
    {normal=(-0.834565, 0.507800, 0.213637)
     Opos=(-0.584196, 0.355460, 0.149546)
     Onormal=(-0.834565, 0.507800, 0.213637)}

Vertex 283 -0.642575 0.234922 0.729321
    {normal=(-0.642575, 0.234922, 0.729321)
     Opos=(-0.449803, 0.164445, 0.510524)
     Onormal=(-0.642575, 0.234922, 0.729321)}

Vertex 284 -0.435502 0.227686 0.870917
    {normal=(-0.435502, 0.227686, 0.870917)
     Opos=(-0.304852, 0.159380, 0.609642)
     Onormal=(-0.435502, 0.227686, 0.870917)}

Vertex 285 -0.022652 0.317676 0.947929
    {normal=(-0.022652, 0.317676, 0.947929)
     Opos=(-0.015856, 0.222373, 0.663550)
     Onormal=(-0.022652, 0.317676, 0.947929)}

Vertex 286 0.011233 0.357975 0.933663
    {normal=(0.011233, 0.357975, 0.933663)
     Opos=(0.007863, 0.250583, 0.653564)
     Onormal=(0.011233, 0.357975, 0.933663)}

Vertex 287 -0.109165 0.492276 0.863567
    {normal=(-0.109165, 0.492276, 0.863567)
     Opos=(-0.076416, 0.344593, 0.604497)
     Onormal=(-0.109165, 0.492276, 0.863567)}

Vertex 288 -0.532751 0.737801 0.414518
    {normal=(-0.532751, 0.737801, 0.414518)
     Opos=(-0.372926, 0.516461, 0.290163)
     Onormal=(-0.532751, 0.737801, 0.414518)}

Vertex 289 -0.441820 0.770648 0.459236
    {normal=(-0.441820, 0.770648, 0.459236)
     Opos=(-0.309274, 0.539453, 0.321465)
     Onormal=(-0.441820, 0.770648, 0.459236)}

Vertex 290 -0.394083 0.773445 0.496468
    {normal=(-0.394083, 0.773445, 0.496468)
     Opos=(-0.275858, 0.541412, 0.347528)
     Onormal=(-0.394083, 0.773445, 0.496468)}

Vertex 291 -0.615485 0.458240 0.641244
    {normal=(-0.615485, 0.458240, 0.641244)
     Opos=(-0.430840, 0.320768, 0.448871)
     Onormal=(-0.615485, 0.458240, 0.641244)}

Vertex 292 -0.637139 0.326981 0.697952
    {normal=(-0.637139, 0.326981, 0.697952)
     Opos=(-0.445998, 0.228887, 0.488566)
     Onormal=(-0.637139, 0.326981, 0.697952)}

Vertex 293 -0.524106 0.443795 0.726883
    {normal=(-0.524106, 0.443795, 0.726883)
     Opos=(-0.366875, 0.310656, 0.508818)
     Onormal=(-0.524106, 0.443795, 0.726883)}

Vertex 294 -0.474891 0.673490 0.566472
    {normal=(-0.474891, 0.673490, 0.566472)
     Opos=(-0.332424, 0.471443, 0.396530)
     Onormal=(-0.474891, 0.673490, 0.566472)}

Vertex 295 -0.454248 0.644714 0.614819
    {normal=(-0.454248, 0.644714, 0.614819)
     Opos=(-0.317973, 0.451300, 0.430374)
     Onormal=(-0.454248, 0.644714, 0.614819)}

Vertex 296 -0.391852 0.653905 0.647195
    {normal=(-0.391852, 0.653905, 0.647195)
     Opos=(-0.274296, 0.457733, 0.453036)
     Onormal=(-0.391852, 0.653905, 0.647195)}

Vertex 297 -0.548838 0.609562 0.572023
    {normal=(-0.548838, 0.609562, 0.572023)
     Opos=(-0.384187, 0.426694, 0.400416)
     Onormal=(-0.548838, 0.609562, 0.572023)}

Vertex 298 -0.380896 0.541651 0.749354
    {normal=(-0.380896, 0.541651, 0.749354)
     Opos=(-0.266628, 0.379156, 0.524548)
     Onormal=(-0.380896, 0.541651, 0.749354)}

Vertex 299 -0.494770 0.811423 0.311118
    {normal=(-0.494770, 0.811423, 0.311118)
     Opos=(-0.346339, 0.567996, 0.217783)
     Onormal=(-0.494770, 0.811423, 0.311118)}

Vertex 300 -0.496961 0.841170 0.213220
    {normal=(-0.496961, 0.841170, 0.213220)
     Opos=(-0.347873, 0.588819, 0.149254)
     Onormal=(-0.496961, 0.841170, 0.213220)}

Vertex 301 -0.367771 0.830312 0.418721
    {normal=(-0.367771, 0.830312, 0.418721)
     Opos=(-0.257439, 0.581218, 0.293105)
     Onormal=(-0.367771, 0.830312, 0.418721)}

Vertex 302 -0.441024 0.837677 0.322172
    {normal=(-0.441024, 0.837677, 0.322172)
     Opos=(-0.308717, 0.586374, 0.225521)
     Onormal=(-0.441024, 0.837677, 0.322172)}

Vertex 303 -0.223800 0.760007 0.610167
    {normal=(-0.223800, 0.760007, 0.610167)
     Opos=(-0.156660, 0.532005, 0.427117)
     Onormal=(-0.223800, 0.760007, 0.610167)}

Vertex 304 -0.231110 0.841593 0.488169
    {normal=(-0.231110, 0.841593, 0.488169)
     Opos=(-0.161777, 0.589115, 0.341718)
     Onormal=(-0.231110, 0.841593, 0.488169)}

Vertex 305 -0.158538 0.802097 0.575765
    {normal=(-0.158538, 0.802097, 0.575765)
     Opos=(-0.110976, 0.561468, 0.403036)
     Onormal=(-0.158538, 0.802097, 0.575765)}

Vertex 306 -0.253318 0.865821 0.431491
    {normal=(-0.253318, 0.865821, 0.431491)
     Opos=(-0.177323, 0.606075, 0.302044)
     Onormal=(-0.253318, 0.865821, 0.431491)}

Vertex 307 -0.135212 0.943704 0.301895
    {normal=(-0.135212, 0.943704, 0.301895)
     Opos=(-0.094648, 0.660593, 0.211326)
     Onormal=(-0.135212, 0.943704, 0.301895)}

Vertex 308 -0.981248 0.158790 0.109264
    {normal=(-0.981248, 0.158790, 0.109264)
     Opos=(-0.686873, 0.111153, 0.076485)
     Onormal=(-0.981248, 0.158790, 0.109264)}

Vertex 309 -0.975696 0.083000 0.202800
    {normal=(-0.975696, 0.083000, 0.202800)
     Opos=(-0.682987, 0.058100, 0.141960)
     Onormal=(-0.975696, 0.083000, 0.202800)}

Vertex 310 -0.834733 -0.456316 0.308215
    {normal=(-0.834733, -0.456316, 0.308215)
     Opos=(-0.584313, -0.319421, 0.215750)
     Onormal=(-0.834733, -0.456316, 0.308215)}

Vertex 311 -0.866612 0.080662 0.492420
    {normal=(-0.866612, 0.080662, 0.492420)
     Opos=(-0.606628, 0.056463, 0.344694)
     Onormal=(-0.866612, 0.080662, 0.492420)}

Vertex 312 -0.823119 -0.523250 0.220645
    {normal=(-0.823119, -0.523250, 0.220645)
     Opos=(-0.576184, -0.366275, 0.154451)
     Onormal=(-0.823119, -0.523250, 0.220645)}

Vertex 313 -0.669085 -0.719855 0.184756
    {normal=(-0.669085, -0.719855, 0.184756)
     Opos=(-0.468359, -0.503898, 0.129329)
     Onormal=(-0.669085, -0.719855, 0.184756)}

Vertex 314 -0.725929 -0.617412 0.303034
    {normal=(-0.725929, -0.617412, 0.303034)
     Opos=(-0.508150, -0.432189, 0.212124)
     Onormal=(-0.725929, -0.617412, 0.303034)}

Vertex 315 -0.686284 -0.630335 0.362894
    {normal=(-0.686284, -0.630335, 0.362894)
     Opos=(-0.480398, -0.441235, 0.254026)
     Onormal=(-0.686284, -0.630335, 0.362894)}

Vertex 316 -0.474000 -0.821176 0.317796
    {normal=(-0.474000, -0.821176, 0.317796)
     Opos=(-0.331800, -0.574823, 0.222457)
     Onormal=(-0.474000, -0.821176, 0.317796)}

Vertex 317 -0.483430 -0.767204 0.421537
    {normal=(-0.483430, -0.767204, 0.421537)
     Opos=(-0.338401, -0.537043, 0.295076)
     Onormal=(-0.483430, -0.767204, 0.421537)}

Vertex 318 -0.583963 -0.594970 0.552266
    {normal=(-0.583963, -0.594970, 0.552266)
     Opos=(-0.408774, -0.416479, 0.386586)
     Onormal=(-0.583963, -0.594970, 0.552266)}

Vertex 319 -0.113649 -0.956190 0.269785
    {normal=(-0.113649, -0.956190, 0.269785)
     Opos=(-0.079554, -0.669333, 0.188849)
     Onormal=(-0.113649, -0.956190, 0.269785)}

Vertex 320 -0.071793 -0.915638 0.395542
    {normal=(-0.071793, -0.915638, 0.395542)
     Opos=(-0.050255, -0.640946, 0.276880)
     Onormal=(-0.071793, -0.915638, 0.395542)}

Vertex 321 -0.384139 -0.744627 0.545865
    {normal=(-0.384139, -0.744627, 0.545865)
     Opos=(-0.268897, -0.521239, 0.382105)
     Onormal=(-0.384139, -0.744627, 0.545865)}

Vertex 322 -0.238874 -0.901509 0.360862
    {normal=(-0.238874, -0.901509, 0.360862)
     Opos=(-0.167212, -0.631056, 0.252603)
     Onormal=(-0.238874, -0.901509, 0.360862)}

Vertex 323 -0.443005 -0.560366 0.699812
    {normal=(-0.443005, -0.560366, 0.699812)
     Opos=(-0.310103, -0.392256, 0.489868)
     Onormal=(-0.443005, -0.560366, 0.699812)}

Vertex 324 -0.272351 -0.691312 0.669263
    {normal=(-0.272351, -0.691312, 0.669263)
     Opos=(-0.190646, -0.483919, 0.468484)
     Onormal=(-0.272351, -0.691312, 0.669263)}

Vertex 325 -0.034947 -0.773748 0.632529
    {normal=(-0.034947, -0.773748, 0.632529)
     Opos=(-0.024463, -0.541623, 0.442771)
     Onormal=(-0.034947, -0.773748, 0.632529)}

Vertex 326 -0.101308 -0.505258 0.857001
    {normal=(-0.101308, -0.505258, 0.857001)
     Opos=(-0.070916, -0.353681, 0.599901)
     Onormal=(-0.101308, -0.505258, 0.857001)}

Vertex 327 -0.784715 -0.080361 0.614625
    {normal=(-0.784715, -0.080361, 0.614625)
     Opos=(-0.549301, -0.056253, 0.430238)
     Onormal=(-0.784715, -0.080361, 0.614625)}

Vertex 328 -0.530202 0.001117 0.847870
    {normal=(-0.530202, 0.001117, 0.847870)
     Opos=(-0.371142, 0.000782, 0.593509)
     Onormal=(-0.530202, 0.001117, 0.847870)}

Vertex 329 -0.668846 -0.468901 0.576869
    {normal=(-0.668846, -0.468901, 0.576869)
     Opos=(-0.468192, -0.328231, 0.403808)
     Onormal=(-0.668846, -0.468901, 0.576869)}

Vertex 330 -0.508609 -0.196393 0.838300
    {normal=(-0.508609, -0.196393, 0.838300)
     Opos=(-0.356026, -0.137475, 0.586810)
     Onormal=(-0.508609, -0.196393, 0.838300)}

Vertex 331 -0.676790 -0.327146 0.659493
    {normal=(-0.676790, -0.327146, 0.659493)
     Opos=(-0.473753, -0.229002, 0.461645)
     Onormal=(-0.676790, -0.327146, 0.659493)}

Vertex 332 -0.580809 -0.378519 0.720684
    {normal=(-0.580809, -0.378519, 0.720684)
     Opos=(-0.406566, -0.264963, 0.504479)
     Onormal=(-0.580809, -0.378519, 0.720684)}

Vertex 333 -0.586309 -0.472990 0.657665
    {normal=(-0.586309, -0.472990, 0.657665)
     Opos=(-0.410416, -0.331093, 0.460365)
     Onormal=(-0.586309, -0.472990, 0.657665)}

Vertex 334 -0.454503 -0.474785 0.753662
    {normal=(-0.454503, -0.474785, 0.753662)
     Opos=(-0.318152, -0.332349, 0.527564)
     Onormal=(-0.454503, -0.474785, 0.753662)}

Vertex 335 -0.190961 -0.352249 0.916218
    {normal=(-0.190961, -0.352249, 0.916218)
     Opos=(-0.133673, -0.246574, 0.641352)
     Onormal=(-0.190961, -0.352249, 0.916218)}

Vertex 336 -0.310779 -0.445840 0.839431
    {normal=(-0.310779, -0.445840, 0.839431)
     Opos=(-0.217545, -0.312088, 0.587601)
     Onormal=(-0.310779, -0.445840, 0.839431)}

Vertex 337 -0.237110 -0.455107 0.858287
    {normal=(-0.237110, -0.455107, 0.858287)
     Opos=(-0.165977, -0.318575, 0.600801)
     Onormal=(-0.237110, -0.455107, 0.858287)}

Vertex 338 -0.123688 -0.386393 0.914003
    {normal=(-0.123688, -0.386393, 0.914003)
     Opos=(-0.086581, -0.270475, 0.639802)
     Onormal=(-0.123688, -0.386393, 0.914003)}

Vertex 339 -0.042072 -0.341209 0.939046
    {normal=(-0.042072, -0.341209, 0.939046)
     Opos=(-0.029450, -0.238846, 0.657332)
     Onormal=(-0.042072, -0.341209, 0.939046)}

Vertex 340 -0.357855 -0.003123 0.933772
    {normal=(-0.357855, -0.003123, 0.933772)
     Opos=(-0.250499, -0.002186, 0.653640)
     Onormal=(-0.357855, -0.003123, 0.933772)}

Vertex 341 -0.381772 0.180742 0.906412
    {normal=(-0.381772, 0.180742, 0.906412)
     Opos=(-0.267241, 0.126519, 0.634488)
     Onormal=(-0.381772, 0.180742, 0.906412)}

Vertex 342 -0.320654 -0.189408 0.928066
    {normal=(-0.320654, -0.189408, 0.928066)
     Opos=(-0.224458, -0.132585, 0.649646)
     Onormal=(-0.320654, -0.189408, 0.928066)}

Vertex 343 -0.385719 -0.122827 0.914404
    {normal=(-0.385719, -0.122827, 0.914404)
     Opos=(-0.270003, -0.085979, 0.640083)
     Onormal=(-0.385719, -0.122827, 0.914404)}

Vertex 344 -0.242707 -0.202824 0.948660
    {normal=(-0.242707, -0.202824, 0.948660)
     Opos=(-0.169895, -0.141977, 0.664062)
     Onormal=(-0.242707, -0.202824, 0.948660)}

Vertex 345 -0.094096 0.083085 0.992090
    {normal=(-0.094096, 0.083085, 0.992090)
     Opos=(-0.065868, 0.058159, 0.694463)
     Onormal=(-0.094096, 0.083085, 0.992090)}

Vertex 346 -0.048951 0.221025 0.974039
    {normal=(-0.048951, 0.221025, 0.974039)
     Opos=(-0.034265, 0.154717, 0.681827)
     Onormal=(-0.048951, 0.221025, 0.974039)}

Vertex 347 0.038766 0.192739 0.980484
    {normal=(0.038766, 0.192739, 0.980484)
     Opos=(0.027136, 0.134917, 0.686339)
     Onormal=(0.038766, 0.192739, 0.980484)}

Vertex 348 0.009841 0.204405 0.978837
    {normal=(0.009841, 0.204405, 0.978837)
     Opos=(0.006889, 0.143084, 0.685186)
     Onormal=(0.009841, 0.204405, 0.978837)}

Vertex 349 -0.849884 0.154516 -0.503807
    {normal=(-0.849884, 0.154516, -0.503807)
     Opos=(-0.594919, 0.108161, -0.352665)
     Onormal=(-0.849884, 0.154516, -0.503807)}

Vertex 350 -0.867766 0.137723 -0.477509
    {normal=(-0.867766, 0.137723, -0.477509)
     Opos=(-0.607436, 0.096406, -0.334257)
     Onormal=(-0.867766, 0.137723, -0.477509)}

Vertex 351 -0.945847 0.032217 -0.323010
    {normal=(-0.945847, 0.032217, -0.323010)
     Opos=(-0.662093, 0.022552, -0.226107)
     Onormal=(-0.945847, 0.032217, -0.323010)}

Vertex 352 -0.995581 0.052701 -0.077724
    {normal=(-0.995581, 0.052701, -0.077724)
     Opos=(-0.696907, 0.036891, -0.054407)
     Onormal=(-0.995581, 0.052701, -0.077724)}

Vertex 353 -0.984018 0.003163 -0.178042
    {normal=(-0.984018, 0.003163, -0.178042)
     Opos=(-0.688813, 0.002214, -0.124629)
     Onormal=(-0.984018, 0.003163, -0.178042)}

Vertex 354 -0.984176 -0.119720 -0.130634
    {normal=(-0.984176, -0.119720, -0.130634)
     Opos=(-0.688923, -0.083804, -0.091444)
     Onormal=(-0.984176, -0.119720, -0.130634)}

Vertex 355 -0.930756 -0.266457 -0.250387
    {normal=(-0.930756, -0.266457, -0.250387)
     Opos=(-0.651529, -0.186520, -0.175271)
     Onormal=(-0.930756, -0.266457, -0.250387)}

Vertex 356 -0.928145 -0.345005 -0.139706
    {normal=(-0.928145, -0.345005, -0.139706)
     Opos=(-0.649702, -0.241504, -0.097794)
     Onormal=(-0.928145, -0.345005, -0.139706)}

Vertex 357 -0.867690 -0.496738 0.019107
    {normal=(-0.867690, -0.496738, 0.019107)
     Opos=(-0.607383, -0.347717, 0.013375)
     Onormal=(-0.867690, -0.496738, 0.019107)}

Vertex 358 -0.661545 0.261889 -0.702690
    {normal=(-0.661545, 0.261889, -0.702690)
     Opos=(-0.463081, 0.183323, -0.491883)
     Onormal=(-0.661545, 0.261889, -0.702690)}

Vertex 359 -0.644332 0.117221 -0.755708
    {normal=(-0.644332, 0.117221, -0.755708)
     Opos=(-0.451033, 0.082055, -0.528996)
     Onormal=(-0.644332, 0.117221, -0.755708)}

Vertex 360 -0.427619 0.250714 -0.868495
    {normal=(-0.427619, 0.250714, -0.868495)
     Opos=(-0.299334, 0.175500, -0.607947)
     Onormal=(-0.427619, 0.250714, -0.868495)}

Vertex 361 -0.587060 0.031392 -0.808934
    {normal=(-0.587060, 0.031392, -0.808934)
     Opos=(-0.410942, 0.021974, -0.566254)
     Onormal=(-0.587060, 0.031392, -0.808934)}

Vertex 362 -0.262086 0.284382 -0.922192
    {normal=(-0.262086, 0.284382, -0.922192)
     Opos=(-0.183460, 0.199067, -0.645534)
     Onormal=(-0.262086, 0.284382, -0.922192)}

Vertex 363 -0.291227 0.085941 -0.952786
    {normal=(-0.291227, 0.085941, -0.952786)
     Opos=(-0.203859, 0.060159, -0.666950)
     Onormal=(-0.291227, 0.085941, -0.952786)}

Vertex 364 -0.252398 0.012640 -0.967541
    {normal=(-0.252398, 0.012640, -0.967541)
     Opos=(-0.176679, 0.008848, -0.677279)
     Onormal=(-0.252398, 0.012640, -0.967541)}

Vertex 365 -0.357154 -0.251109 -0.899658
    {normal=(-0.357154, -0.251109, -0.899658)
     Opos=(-0.250008, -0.175776, -0.629761)
     Onormal=(-0.357154, -0.251109, -0.899658)}

Vertex 366 -0.828513 -0.559884 -0.009860
    {normal=(-0.828513, -0.559884, -0.009860)
     Opos=(-0.579959, -0.391919, -0.006902)
     Onormal=(-0.828513, -0.559884, -0.009860)}

Vertex 367 -0.889419 -0.299265 -0.345507
    {normal=(-0.889419, -0.299265, -0.345507)
     Opos=(-0.622593, -0.209485, -0.241855)
     Onormal=(-0.889419, -0.299265, -0.345507)}

Vertex 368 -0.765564 -0.606530 -0.214553
    {normal=(-0.765564, -0.606530, -0.214553)
     Opos=(-0.535895, -0.424571, -0.150187)
     Onormal=(-0.765564, -0.606530, -0.214553)}

Vertex 369 -0.819501 -0.036707 -0.571901
    {normal=(-0.819501, -0.036707, -0.571901)
     Opos=(-0.573651, -0.025695, -0.400331)
     Onormal=(-0.819501, -0.036707, -0.571901)}

Vertex 370 -0.753721 0.045074 -0.655646
    {normal=(-0.753721, 0.045074, -0.655646)
     Opos=(-0.527605, 0.031552, -0.458953)
     Onormal=(-0.753721, 0.045074, -0.655646)}

Vertex 371 -0.732215 0.019388 -0.680798
    {normal=(-0.732215, 0.019388, -0.680798)
     Opos=(-0.512550, 0.013572, -0.476558)
     Onormal=(-0.732215, 0.019388, -0.680798)}

Vertex 372 -0.615463 -0.475581 -0.628512
    {normal=(-0.615463, -0.475581, -0.628512)
     Opos=(-0.430824, -0.332907, -0.439959)
     Onormal=(-0.615463, -0.475581, -0.628512)}

Vertex 373 -0.569006 -0.343406 -0.747198
    {normal=(-0.569006, -0.343406, -0.747198)
     Opos=(-0.398304, -0.240384, -0.523038)
     Onormal=(-0.569006, -0.343406, -0.747198)}

Vertex 374 -0.483225 -0.417483 -0.769547
    {normal=(-0.483225, -0.417483, -0.769547)
     Opos=(-0.338257, -0.292238, -0.538683)
     Onormal=(-0.483225, -0.417483, -0.769547)}

Vertex 375 -0.349405 -0.694150 -0.629343
    {normal=(-0.349405, -0.694150, -0.629343)
     Opos=(-0.244584, -0.485905, -0.440540)
     Onormal=(-0.349405, -0.694150, -0.629343)}

Vertex 376 -0.324797 -0.595609 -0.734682
    {normal=(-0.324797, -0.595609, -0.734682)
     Opos=(-0.227358, -0.416926, -0.514277)
     Onormal=(-0.324797, -0.595609, -0.734682)}

Vertex 377 -0.776498 -0.629940 0.015054
    {normal=(-0.776498, -0.629940, 0.015054)
     Opos=(-0.543548, -0.440958, 0.010538)
     Onormal=(-0.776498, -0.629940, 0.015054)}

Vertex 378 -0.552530 -0.819322 -0.153043
    {normal=(-0.552530, -0.819322, -0.153043)
     Opos=(-0.386771, -0.573525, -0.107130)
     Onormal=(-0.552530, -0.819322, -0.153043)}

Vertex 379 -0.501530 -0.862097 0.072498
    {normal=(-0.501530, -0.862097, 0.072498)
     Opos=(-0.351071, -0.603468, 0.050749)
     Onormal=(-0.501530, -0.862097, 0.072498)}

Vertex 380 -0.397339 -0.730244 -0.555757
    {normal=(-0.397339, -0.730244, -0.555757)
     Opos=(-0.278137, -0.511171, -0.389030)
     Onormal=(-0.397339, -0.730244, -0.555757)}

Vertex 381 -0.507771 -0.748584 -0.426368
    {normal=(-0.507771, -0.748584, -0.426368)
     Opos=(-0.355440, -0.524009, -0.298458)
     Onormal=(-0.507771, -0.748584, -0.426368)}

Vertex 382 -0.105588 -0.675639 -0.729632
    {normal=(-0.105588, -0.675639, -0.729632)
     Opos=(-0.073911, -0.472947, -0.510742)
     Onormal=(-0.105588, -0.675639, -0.729632)}

Vertex 383 -0.018435 -0.846209 -0.532531
    {normal=(-0.018435, -0.846209, -0.532531)
     Opos=(-0.012905, -0.592347, -0.372772)
     Onormal=(-0.018435, -0.846209, -0.532531)}

Vertex 384 -0.427541 -0.874315 -0.229744
    {normal=(-0.427541, -0.874315, -0.229744)
     Opos=(-0.299279, -0.612020, -0.160821)
     Onormal=(-0.427541, -0.874315, -0.229744)}

Vertex 385 -0.491337 -0.786649 -0.373859
    {normal=(-0.491337, -0.786649, -0.373859)
     Opos=(-0.343936, -0.550654, -0.261701)
     Onormal=(-0.491337, -0.786649, -0.373859)}

Vertex 386 -0.249291 -0.957268 -0.146599
    {normal=(-0.249291, -0.957268, -0.146599)
     Opos=(-0.174504, -0.670088, -0.102619)
     Onormal=(-0.249291, -0.957268, -0.146599)}

Vertex 387 -0.400922 -0.900518 -0.168312
    {normal=(-0.400922, -0.900518, -0.168312)
     Opos=(-0.280645, -0.630363, -0.117819)
     Onormal=(-0.400922, -0.900518, -0.168312)}

Vertex 388 -0.309229 -0.889716 -0.335832
    {normal=(-0.309229, -0.889716, -0.335832)
     Opos=(-0.216461, -0.622801, -0.235082)
     Onormal=(-0.309229, -0.889716, -0.335832)}

Vertex 389 -0.109523 -0.968742 -0.222584
    {normal=(-0.109523, -0.968742, -0.222584)
     Opos=(-0.076666, -0.678119, -0.155809)
     Onormal=(-0.109523, -0.968742, -0.222584)}

Vertex 390 -0.201897 -0.973243 0.109711
    {normal=(-0.201897, -0.973243, 0.109711)
     Opos=(-0.141328, -0.681270, 0.076797)
     Onormal=(-0.201897, -0.973243, 0.109711)}

Vertex 391 -0.900115 0.405715 0.158707
    {normal=(-0.900115, 0.405715, 0.158707)
     Opos=(-0.630081, 0.284001, 0.111095)
     Onormal=(-0.900115, 0.405715, 0.158707)}

Vertex 392 -0.812809 0.577296 0.077915
    {normal=(-0.812809, 0.577296, 0.077915)
     Opos=(-0.568966, 0.404107, 0.054541)
     Onormal=(-0.812809, 0.577296, 0.077915)}

Vertex 393 -0.717325 0.683279 0.136291
    {normal=(-0.717325, 0.683279, 0.136291)
     Opos=(-0.502127, 0.478295, 0.095404)
     Onormal=(-0.717325, 0.683279, 0.136291)}

Vertex 394 -0.764450 0.642360 0.054681
    {normal=(-0.764450, 0.642360, 0.054681)
     Opos=(-0.535115, 0.449652, 0.038276)
     Onormal=(-0.764450, 0.642360, 0.054681)}

Vertex 395 -0.916313 0.316552 -0.245286
    {normal=(-0.916313, 0.316552, -0.245286)
     Opos=(-0.641419, 0.221586, -0.171700)
     Onormal=(-0.916313, 0.316552, -0.245286)}

Vertex 396 -0.867121 0.315013 -0.385834
    {normal=(-0.867121, 0.315013, -0.385834)
     Opos=(-0.606985, 0.220509, -0.270084)
     Onormal=(-0.867121, 0.315013, -0.385834)}

Vertex 397 -0.798649 0.317721 -0.511090
    {normal=(-0.798649, 0.317721, -0.511090)
     Opos=(-0.559054, 0.222405, -0.357763)
     Onormal=(-0.798649, 0.317721, -0.511090)}

Vertex 398 -0.548670 0.821310 0.156243
    {normal=(-0.548670, 0.821310, 0.156243)
     Opos=(-0.384069, 0.574917, 0.109370)
     Onormal=(-0.548670, 0.821310, 0.156243)}

Vertex 399 -0.412861 0.890877 0.189429
    {normal=(-0.412861, 0.890877, 0.189429)
     Opos=(-0.289003, 0.623614, 0.132600)
     Onormal=(-0.412861, 0.890877, 0.189429)}

Vertex 400 -0.318616 0.947631 -0.021883
    {normal=(-0.318616, 0.947631, -0.021883)
     Opos=(-0.223031, 0.663342, -0.015318)
     Onormal=(-0.318616, 0.947631, -0.021883)}

Vertex 401 -0.310718 0.948717 0.058227
    {normal=(-0.310718, 0.948717, 0.058227)
     Opos=(-0.217503, 0.664102, 0.040759)
     Onormal=(-0.310718, 0.948717, 0.058227)}

Vertex 402 -0.265115 0.954123 0.139152
    {normal=(-0.265115, 0.954123, 0.139152)
     Opos=(-0.185581, 0.667886, 0.097406)
     Onormal=(-0.265115, 0.954123, 0.139152)}

Vertex 403 -0.337335 0.936792 -0.092869
    {normal=(-0.337335, 0.936792, -0.092869)
     Opos=(-0.236135, 0.655755, -0.065008)
     Onormal=(-0.337335, 0.936792, -0.092869)}

Vertex 404 -0.224054 0.973498 -0.045834
    {normal=(-0.224054, 0.973498, -0.045834)
     Opos=(-0.156838, 0.681449, -0.032084)
     Onormal=(-0.224054, 0.973498, -0.045834)}

Vertex 405 -0.809502 0.355172 -0.467503
    {normal=(-0.809502, 0.355172, -0.467503)
     Opos=(-0.566652, 0.248620, -0.327252)
     Onormal=(-0.809502, 0.355172, -0.467503)}

Vertex 406 -0.687479 0.723275 -0.065168
    {normal=(-0.687479, 0.723275, -0.065168)
     Opos=(-0.481235, 0.506292, -0.045618)
     Onormal=(-0.687479, 0.723275, -0.065168)}

Vertex 407 -0.546572 0.837251 0.016437
    {normal=(-0.546572, 0.837251, 0.016437)
     Opos=(-0.382600, 0.586076, 0.011506)
     Onormal=(-0.546572, 0.837251, 0.016437)}

Vertex 408 -0.514823 0.854672 -0.067033
    {normal=(-0.514823, 0.854672, -0.067033)
     Opos=(-0.360376, 0.598270, -0.046923)
     Onormal=(-0.514823, 0.854672, -0.067033)}

Vertex 409 -0.420205 0.898280 -0.128536
    {normal=(-0.420205, 0.898280, -0.128536)
     Opos=(-0.294143, 0.628796, -0.089975)
     Onormal=(-0.420205, 0.898280, -0.128536)}

Vertex 410 -0.359587 0.801697 -0.477472
    {normal=(-0.359587, 0.801697, -0.477472)
     Opos=(-0.251711, 0.561188, -0.334231)
     Onormal=(-0.359587, 0.801697, -0.477472)}

Vertex 411 -0.319863 0.888362 -0.329394
    {normal=(-0.319863, 0.888362, -0.329394)
     Opos=(-0.223904, 0.621854, -0.230576)
     Onormal=(-0.319863, 0.888362, -0.329394)}

Vertex 412 -0.242583 0.854455 -0.459413
    {normal=(-0.242583, 0.854455, -0.459413)
     Opos=(-0.169808, 0.598118, -0.321589)
     Onormal=(-0.242583, 0.854455, -0.459413)}

Vertex 413 -0.557738 0.598406 -0.575186
    {normal=(-0.557738, 0.598406, -0.575186)
     Opos=(-0.390416, 0.418884, -0.402630)
     Onormal=(-0.557738, 0.598406, -0.575186)}

Vertex 414 -0.471176 0.490591 -0.733017
    {normal=(-0.471176, 0.490591, -0.733017)
     Opos=(-0.329823, 0.343414, -0.513112)
     Onormal=(-0.471176, 0.490591, -0.733017)}

Vertex 415 -0.249051 0.716776 -0.651310
    {normal=(-0.249051, 0.716776, -0.651310)
     Opos=(-0.174336, 0.501743, -0.455917)
     Onormal=(-0.249051, 0.716776, -0.651310)}

Vertex 416 -0.254318 0.368997 -0.893959
    {normal=(-0.254318, 0.368997, -0.893959)
     Opos=(-0.178023, 0.258298, -0.625771)
     Onormal=(-0.254318, 0.368997, -0.893959)}

Vertex 417 -0.082087 0.599571 -0.796101
    {normal=(-0.082087, 0.599571, -0.796101)
     Opos=(-0.057461, 0.419699, -0.557271)
     Onormal=(-0.082087, 0.599571, -0.796101)}

Vertex 418 -0.204073 0.447255 -0.870814
    {normal=(-0.204073, 0.447255, -0.870814)
     Opos=(-0.142851, 0.313079, -0.609570)
     Onormal=(-0.204073, 0.447255, -0.870814)}

Vertex 419 0.929989 0.305869 0.203876
    {normal=(0.929989, 0.305869, 0.203876)
     Opos=(0.650992, 0.214108, 0.142713)
     Onormal=(0.929989, 0.305869, 0.203876)}

Vertex 420 0.877058 0.384742 0.287649
    {normal=(0.877058, 0.384742, 0.287649)
     Opos=(0.613941, 0.269319, 0.201355)
     Onormal=(0.877058, 0.384742, 0.287649)}

Vertex 421 0.939507 0.238718 0.245641
    {normal=(0.939507, 0.238718, 0.245641)
     Opos=(0.657655, 0.167103, 0.171949)
     Onormal=(0.939507, 0.238718, 0.245641)}

Vertex 422 0.909904 0.302898 0.283423
    {normal=(0.909904, 0.302898, 0.283423)
     Opos=(0.636933, 0.212028, 0.198396)
     Onormal=(0.909904, 0.302898, 0.283423)}

Vertex 423 0.833375 0.518140 0.192397
    {normal=(0.833375, 0.518140, 0.192397)
     Opos=(0.583363, 0.362698, 0.134678)
     Onormal=(0.833375, 0.518140, 0.192397)}

Vertex 424 0.746824 0.642427 0.171879
    {normal=(0.746824, 0.642427, 0.171879)
     Opos=(0.522777, 0.449699, 0.120315)
     Onormal=(0.746824, 0.642427, 0.171879)}

Vertex 425 0.753764 0.614055 0.234045
    {normal=(0.753764, 0.614055, 0.234045)
     Opos=(0.527635, 0.429838, 0.163831)
     Onormal=(0.753764, 0.614055, 0.234045)}

Vertex 426 0.792764 0.555416 0.251073
    {normal=(0.792764, 0.555416, 0.251073)
     Opos=(0.554935, 0.388791, 0.175751)
     Onormal=(0.792764, 0.555416, 0.251073)}

Vertex 427 0.691676 0.694894 0.196738
    {normal=(0.691676, 0.694894, 0.196738)
     Opos=(0.484173, 0.486426, 0.137717)
     Onormal=(0.691676, 0.694894, 0.196738)}

Vertex 428 0.715914 0.656465 0.237743
    {normal=(0.715914, 0.656465, 0.237743)
     Opos=(0.501140, 0.459525, 0.166420)
     Onormal=(0.715914, 0.656465, 0.237743)}

Vertex 429 0.638758 0.742979 0.199925
    {normal=(0.638758, 0.742979, 0.199925)
     Opos=(0.447130, 0.520086, 0.139947)
     Onormal=(0.638758, 0.742979, 0.199925)}

Vertex 430 0.710199 0.641641 0.289679
    {normal=(0.710199, 0.641641, 0.289679)
     Opos=(0.497139, 0.449149, 0.202775)
     Onormal=(0.710199, 0.641641, 0.289679)}

Vertex 431 0.756855 0.535439 0.374800
    {normal=(0.756855, 0.535439, 0.374800)
     Opos=(0.529799, 0.374807, 0.262360)
     Onormal=(0.756855, 0.535439, 0.374800)}

Vertex 432 0.741899 0.570657 0.352047
    {normal=(0.741899, 0.570657, 0.352047)
     Opos=(0.519329, 0.399460, 0.246433)
     Onormal=(0.741899, 0.570657, 0.352047)}

Vertex 433 0.856467 0.293465 0.424667
    {normal=(0.856467, 0.293465, 0.424667)
     Opos=(0.599527, 0.205425, 0.297267)
     Onormal=(0.856467, 0.293465, 0.424667)}

Vertex 434 0.881145 0.313084 0.354347
    {normal=(0.881145, 0.313084, 0.354347)
     Opos=(0.616802, 0.219159, 0.248043)
     Onormal=(0.881145, 0.313084, 0.354347)}

Vertex 435 0.843388 0.349858 0.407793
    {normal=(0.843388, 0.349858, 0.407793)
     Opos=(0.590372, 0.244901, 0.285455)
     Onormal=(0.843388, 0.349858, 0.407793)}

Vertex 436 0.803503 0.382186 0.456419
    {normal=(0.803503, 0.382186, 0.456419)
     Opos=(0.562452, 0.267530, 0.319493)
     Onormal=(0.803503, 0.382186, 0.456419)}

Vertex 437 0.896233 0.379132 0.230274
    {normal=(0.896233, 0.379132, 0.230274)
     Opos=(0.627363, 0.265392, 0.161192)
     Onormal=(0.896233, 0.379132, 0.230274)}

Vertex 438 0.861986 0.454693 0.224132
    {normal=(0.861986, 0.454693, 0.224132)
     Opos=(0.603390, 0.318285, 0.156892)
     Onormal=(0.861986, 0.454693, 0.224132)}

Vertex 439 0.791872 0.521483 0.317796
    {normal=(0.791872, 0.521483, 0.317796)
     Opos=(0.554310, 0.365038, 0.222457)
     Onormal=(0.791872, 0.521483, 0.317796)}

Vertex 440 0.730542 0.475522 0.490089
    {normal=(0.730542, 0.475522, 0.490089)
     Opos=(0.511379, 0.332865, 0.343062)
     Onormal=(0.730542, 0.475522, 0.490089)}

Vertex 441 0.805559 0.326717 0.494298
    {normal=(0.805559, 0.326717, 0.494298)
     Opos=(0.563892, 0.228702, 0.346008)
     Onormal=(0.805559, 0.326717, 0.494298)}

Vertex 442 0.844647 0.250497 0.473100
    {normal=(0.844647, 0.250497, 0.473100)
     Opos=(0.591253, 0.175348, 0.331170)
     Onormal=(0.844647, 0.250497, 0.473100)}

Vertex 443 0.676576 0.540503 0.500101
    {normal=(0.676576, 0.540503, 0.500101)
     Opos=(0.473603, 0.378352, 0.350071)
     Onormal=(0.676576, 0.540503, 0.500101)}

Vertex 444 0.755343 0.355373 0.550606
    {normal=(0.755343, 0.355373, 0.550606)
     Opos=(0.528740, 0.248761, 0.385424)
     Onormal=(0.755343, 0.355373, 0.550606)}

Vertex 445 0.793496 0.274168 0.543319
    {normal=(0.793496, 0.274168, 0.543319)
     Opos=(0.555447, 0.191918, 0.380324)
     Onormal=(0.793496, 0.274168, 0.543319)}

Vertex 446 0.691014 0.397591 0.603673
    {normal=(0.691014, 0.397591, 0.603673)
     Opos=(0.483710, 0.278314, 0.422571)
     Onormal=(0.691014, 0.397591, 0.603673)}

Vertex 447 0.596337 0.756124 0.269554
    {normal=(0.596337, 0.756124, 0.269554)
     Opos=(0.417436, 0.529287, 0.188688)
     Onormal=(0.596337, 0.756124, 0.269554)}

Vertex 448 0.489681 0.812151 0.317211
    {normal=(0.489681, 0.812151, 0.317211)
     Opos=(0.342776, 0.568506, 0.222048)
     Onormal=(0.489681, 0.812151, 0.317211)}

Vertex 449 0.510753 0.784614 0.351443
    {normal=(0.510753, 0.784614, 0.351443)
     Opos=(0.357527, 0.549230, 0.246010)
     Onormal=(0.510753, 0.784614, 0.351443)}

Vertex 450 0.369147 0.902705 0.221029
    {normal=(0.369147, 0.902705, 0.221029)
     Opos=(0.258403, 0.631894, 0.154721)
     Onormal=(0.369147, 0.902705, 0.221029)}

Vertex 451 0.271972 0.913298 0.303181
    {normal=(0.271972, 0.913298, 0.303181)
     Opos=(0.190380, 0.639308, 0.212227)
     Onormal=(0.271972, 0.913298, 0.303181)}

Vertex 452 0.328868 0.885524 0.328167
    {normal=(0.328868, 0.885524, 0.328167)
     Opos=(0.230208, 0.619867, 0.229717)
     Onormal=(0.328868, 0.885524, 0.328167)}

Vertex 453 0.467261 0.802540 0.370939
    {normal=(0.467261, 0.802540, 0.370939)
     Opos=(0.327083, 0.561778, 0.259658)
     Onormal=(0.467261, 0.802540, 0.370939)}

Vertex 454 0.424305 0.805655 0.413383
    {normal=(0.424305, 0.805655, 0.413383)
     Opos=(0.297014, 0.563958, 0.289368)
     Onormal=(0.424305, 0.805655, 0.413383)}

Vertex 455 0.386245 0.831178 0.399949
    {normal=(0.386245, 0.831178, 0.399949)
     Opos=(0.270371, 0.581824, 0.279964)
     Onormal=(0.386245, 0.831178, 0.399949)}

Vertex 456 0.377171 0.805847 0.456457
    {normal=(0.377171, 0.805847, 0.456457)
     Opos=(0.264020, 0.564093, 0.319520)
     Onormal=(0.377171, 0.805847, 0.456457)}

Vertex 457 0.181169 0.938398 0.294258
    {normal=(0.181169, 0.938398, 0.294258)
     Opos=(0.126818, 0.656878, 0.205981)
     Onormal=(0.181169, 0.938398, 0.294258)}

Vertex 458 -0.027315 0.951853 0.305336
    {normal=(-0.027315, 0.951853, 0.305336)
     Opos=(-0.019120, 0.666297, 0.213735)
     Onormal=(-0.027315, 0.951853, 0.305336)}

Vertex 459 0.057944 0.924080 0.377781
    {normal=(0.057944, 0.924080, 0.377781)
     Opos=(0.040561, 0.646856, 0.264446)
     Onormal=(0.057944, 0.924080, 0.377781)}

Vertex 460 0.036975 0.890407 0.453662
    {normal=(0.036975, 0.890407, 0.453662)
     Opos=(0.025883, 0.623285, 0.317563)
     Onormal=(0.036975, 0.890407, 0.453662)}

Vertex 461 -0.003664 0.933707 0.358020
    {normal=(-0.003664, 0.933707, 0.358020)
     Opos=(-0.002565, 0.653595, 0.250614)
     Onormal=(-0.003664, 0.933707, 0.358020)}

Vertex 462 0.182839 0.847351 0.498565
    {normal=(0.182839, 0.847351, 0.498565)
     Opos=(0.127987, 0.593145, 0.348995)
     Onormal=(0.182839, 0.847351, 0.498565)}

Vertex 463 0.270055 0.890433 0.366333
    {normal=(0.270055, 0.890433, 0.366333)
     Opos=(0.189039, 0.623303, 0.256433)
     Onormal=(0.270055, 0.890433, 0.366333)}

Vertex 464 0.221332 0.897303 0.381916
    {normal=(0.221332, 0.897303, 0.381916)
     Opos=(0.154932, 0.628112, 0.267341)
     Onormal=(0.221332, 0.897303, 0.381916)}

Vertex 465 0.229094 0.915747 0.330036
    {normal=(0.229094, 0.915747, 0.330036)
     Opos=(0.160366, 0.641023, 0.231025)
     Onormal=(0.229094, 0.915747, 0.330036)}

Vertex 466 0.177055 0.885062 0.430483
    {normal=(0.177055, 0.885062, 0.430483)
     Opos=(0.123938, 0.619544, 0.301338)
     Onormal=(0.177055, 0.885062, 0.430483)}

Vertex 467 0.276446 0.777947 0.564248
    {normal=(0.276446, 0.777947, 0.564248)
     Opos=(0.193512, 0.544563, 0.394974)
     Onormal=(0.276446, 0.777947, 0.564248)}

Vertex 468 0.206709 0.810027 0.548751
    {normal=(0.206709, 0.810027, 0.548751)
     Opos=(0.144697, 0.567019, 0.384126)
     Onormal=(0.206709, 0.810027, 0.548751)}

Vertex 469 0.028012 0.808637 0.587641
    {normal=(0.028012, 0.808637, 0.587641)
     Opos=(0.019609, 0.566046, 0.411348)
     Onormal=(0.028012, 0.808637, 0.587641)}

Vertex 470 0.600032 0.416132 0.683224
    {normal=(0.600032, 0.416132, 0.683224)
     Opos=(0.420023, 0.291292, 0.478257)
     Onormal=(0.600032, 0.416132, 0.683224)}

Vertex 471 0.690703 0.452753 0.563866
    {normal=(0.690703, 0.452753, 0.563866)
     Opos=(0.483492, 0.316927, 0.394706)
     Onormal=(0.690703, 0.452753, 0.563866)}

Vertex 472 0.631927 0.442683 0.636161
    {normal=(0.631927, 0.442683, 0.636161)
     Opos=(0.442349, 0.309878, 0.445312)
     Onormal=(0.631927, 0.442683, 0.636161)}

Vertex 473 0.654602 0.514835 0.553571
    {normal=(0.654602, 0.514835, 0.553571)
     Opos=(0.458221, 0.360384, 0.387500)
     Onormal=(0.654602, 0.514835, 0.553571)}

Vertex 474 0.516207 0.540986 0.663977
    {normal=(0.516207, 0.540986, 0.663977)
     Opos=(0.361345, 0.378690, 0.464784)
     Onormal=(0.516207, 0.540986, 0.663977)}

Vertex 475 0.502606 0.483253 0.716836
    {normal=(0.502606, 0.483253, 0.716836)
     Opos=(0.351824, 0.338277, 0.501785)
     Onormal=(0.502606, 0.483253, 0.716836)}

Vertex 476 0.643813 0.609059 0.463198
    {normal=(0.643813, 0.609059, 0.463198)
     Opos=(0.450669, 0.426341, 0.324239)
     Onormal=(0.643813, 0.609059, 0.463198)}

Vertex 477 0.599793 0.666514 0.442726
    {normal=(0.599793, 0.666514, 0.442726)
     Opos=(0.419855, 0.466560, 0.309908)
     Onormal=(0.599793, 0.666514, 0.442726)}

Vertex 478 0.563645 0.799275 0.208479
    {normal=(0.563645, 0.799275, 0.208479)
     Opos=(0.394552, 0.559493, 0.145935)
     Onormal=(0.563645, 0.799275, 0.208479)}

Vertex 479 0.533960 0.787538 0.307684
    {normal=(0.533960, 0.787538, 0.307684)
     Opos=(0.373772, 0.551277, 0.215379)
     Onormal=(0.533960, 0.787538, 0.307684)}

Vertex 480 0.486280 0.767526 0.417654
    {normal=(0.486280, 0.767526, 0.417654)
     Opos=(0.340396, 0.537268, 0.292358)
     Onormal=(0.486280, 0.767526, 0.417654)}

Vertex 481 0.440035 0.763619 0.472499
    {normal=(0.440035, 0.763619, 0.472499)
     Opos=(0.308024, 0.534533, 0.330750)
     Onormal=(0.440035, 0.763619, 0.472499)}

Vertex 482 0.411739 0.563733 0.716014
    {normal=(0.411739, 0.563733, 0.716014)
     Opos=(0.288217, 0.394613, 0.501210)
     Onormal=(0.411739, 0.563733, 0.716014)}

Vertex 483 0.529559 0.622490 0.576259
    {normal=(0.529559, 0.622490, 0.576259)
     Opos=(0.370691, 0.435743, 0.403381)
     Onormal=(0.529559, 0.622490, 0.576259)}

Vertex 484 0.418635 0.674516 0.608090
    {normal=(0.418635, 0.674516, 0.608090)
     Opos=(0.293045, 0.472161, 0.425663)
     Onormal=(0.418635, 0.674516, 0.608090)}

Vertex 485 0.476228 0.620640 0.622907
    {normal=(0.476228, 0.620640, 0.622907)
     Opos=(0.333359, 0.434448, 0.436035)
     Onormal=(0.476228, 0.620640, 0.622907)}

Vertex 486 0.477287 0.672817 0.565256
    {normal=(0.477287, 0.672817, 0.565256)
     Opos=(0.334101, 0.470972, 0.395679)
     Onormal=(0.477287, 0.672817, 0.565256)}

Vertex 487 0.368937 0.734249 0.569881
    {normal=(0.368937, 0.734249, 0.569881)
     Opos=(0.258256, 0.513974, 0.398917)
     Onormal=(0.368937, 0.734249, 0.569881)}

Vertex 488 0.289439 0.545011 0.786885
    {normal=(0.289439, 0.545011, 0.786885)
     Opos=(0.202607, 0.381508, 0.550820)
     Onormal=(0.289439, 0.545011, 0.786885)}

Vertex 489 0.344868 0.593447 0.727246
    {normal=(0.344868, 0.593447, 0.727246)
     Opos=(0.241408, 0.415413, 0.509072)
     Onormal=(0.344868, 0.593447, 0.727246)}

Vertex 490 0.326173 0.687714 0.648583
    {normal=(0.326173, 0.687714, 0.648583)
     Opos=(0.228321, 0.481400, 0.454008)
     Onormal=(0.326173, 0.687714, 0.648583)}

Vertex 491 0.256557 0.726275 0.637733
    {normal=(0.256557, 0.726275, 0.637733)
     Opos=(0.179590, 0.508393, 0.446413)
     Onormal=(0.256557, 0.726275, 0.637733)}

Vertex 492 0.209858 0.639957 0.739199
    {normal=(0.209858, 0.639957, 0.739199)
     Opos=(0.146901, 0.447970, 0.517439)
     Onormal=(0.209858, 0.639957, 0.739199)}

Vertex 493 0.192723 0.702446 0.685148
    {normal=(0.192723, 0.702446, 0.685148)
     Opos=(0.134906, 0.491712, 0.479604)
     Onormal=(0.192723, 0.702446, 0.685148)}

Vertex 494 0.152330 0.741475 0.653461
    {normal=(0.152330, 0.741475, 0.653461)
     Opos=(0.106631, 0.519032, 0.457423)
     Onormal=(0.152330, 0.741475, 0.653461)}

Vertex 495 0.615137 0.223620 0.756042
    {normal=(0.615137, 0.223620, 0.756042)
     Opos=(0.430596, 0.156534, 0.529230)
     Onormal=(0.615137, 0.223620, 0.756042)}

Vertex 496 0.578540 0.295099 0.760400
    {normal=(0.578540, 0.295099, 0.760400)
     Opos=(0.404978, 0.206570, 0.532280)
     Onormal=(0.578540, 0.295099, 0.760400)}

Vertex 497 0.527532 0.291529 0.797948
    {normal=(0.527532, 0.291529, 0.797948)
     Opos=(0.369272, 0.204071, 0.558564)
     Onormal=(0.527532, 0.291529, 0.797948)}

Vertex 498 0.430021 0.291861 0.854341
    {normal=(0.430021, 0.291861, 0.854341)
     Opos=(0.301015, 0.204303, 0.598039)
     Onormal=(0.430021, 0.291861, 0.854341)}

Vertex 499 0.460035 0.376146 0.804290
    {normal=(0.460035, 0.376146, 0.804290)
     Opos=(0.322025, 0.263302, 0.563003)
     Onormal=(0.460035, 0.376146, 0.804290)}

Vertex 500 0.301621 0.306114 0.902950
    {normal=(0.301621, 0.306114, 0.902950)
     Opos=(0.211135, 0.214280, 0.632065)
     Onormal=(0.301621, 0.306114, 0.902950)}

Vertex 501 0.335670 0.211450 0.917941
    {normal=(0.335670, 0.211450, 0.917941)
     Opos=(0.234969, 0.148015, 0.642558)
     Onormal=(0.335670, 0.211450, 0.917941)}

Vertex 502 0.170109 0.557816 0.812345
    {normal=(0.170109, 0.557816, 0.812345)
     Opos=(0.119077, 0.390471, 0.568641)
     Onormal=(0.170109, 0.557816, 0.812345)}

Vertex 503 0.008121 0.667960 0.744153
    {normal=(0.008121, 0.667960, 0.744153)
     Opos=(0.005685, 0.467572, 0.520907)
     Onormal=(0.008121, 0.667960, 0.744153)}

Vertex 504 0.041374 0.603453 0.796325
    {normal=(0.041374, 0.603453, 0.796325)
     Opos=(0.028962, 0.422417, 0.557427)
     Onormal=(0.041374, 0.603453, 0.796325)}

Vertex 505 0.216031 0.311843 0.925248
    {normal=(0.216031, 0.311843, 0.925248)
     Opos=(0.151222, 0.218290, 0.647674)
     Onormal=(0.216031, 0.311843, 0.925248)}

Vertex 506 0.109497 0.402335 0.908921
    {normal=(0.109497, 0.402335, 0.908921)
     Opos=(0.076648, 0.281634, 0.636245)
     Onormal=(0.109497, 0.402335, 0.908921)}

Vertex 507 0.209051 0.379531 0.901251
    {normal=(0.209051, 0.379531, 0.901251)
     Opos=(0.146335, 0.265672, 0.630876)
     Onormal=(0.209051, 0.379531, 0.901251)}

Vertex 508 0.154282 0.236657 0.959266
    {normal=(0.154282, 0.236657, 0.959266)
     Opos=(0.107998, 0.165660, 0.671486)
     Onormal=(0.154282, 0.236657, 0.959266)}

Vertex 509 0.070068 0.237366 0.968890
    {normal=(0.070068, 0.237366, 0.968890)
     Opos=(0.049047, 0.166156, 0.678223)
     Onormal=(0.070068, 0.237366, 0.968890)}

Vertex 510 0.981962 0.126268 0.140740
    {normal=(0.981962, 0.126268, 0.140740)
     Opos=(0.687373, 0.088388, 0.098518)
     Onormal=(0.981962, 0.126268, 0.140740)}

Vertex 511 0.952621 0.133535 0.273281
    {normal=(0.952621, 0.133535, 0.273281)
     Opos=(0.666834, 0.093474, 0.191297)
     Onormal=(0.952621, 0.133535, 0.273281)}

Vertex 512 0.993356 0.034249 0.109871
    {normal=(0.993356, 0.034249, 0.109871)
     Opos=(0.695349, 0.023974, 0.076909)
     Onormal=(0.993356, 0.034249, 0.109871)}

Vertex 513 0.845967 0.185787 0.499823
    {normal=(0.845967, 0.185787, 0.499823)
     Opos=(0.592177, 0.130051, 0.349876)
     Onormal=(0.845967, 0.185787, 0.499823)}

Vertex 514 0.885868 0.021359 0.463445
    {normal=(0.885868, 0.021359, 0.463445)
     Opos=(0.620108, 0.014951, 0.324411)
     Onormal=(0.885868, 0.021359, 0.463445)}

Vertex 515 0.771366 0.192978 0.606427
    {normal=(0.771366, 0.192978, 0.606427)
     Opos=(0.539956, 0.135085, 0.424499)
     Onormal=(0.771366, 0.192978, 0.606427)}

Vertex 516 0.676565 0.229723 0.699633
    {normal=(0.676565, 0.229723, 0.699633)
     Opos=(0.473596, 0.160806, 0.489743)
     Onormal=(0.676565, 0.229723, 0.699633)}

Vertex 517 0.855722 -0.066342 0.513166
    {normal=(0.855722, -0.066342, 0.513166)
     Opos=(0.599005, -0.046439, 0.359216)
     Onormal=(0.855722, -0.066342, 0.513166)}

Vertex 518 0.801705 0.030082 0.596962
    {normal=(0.801705, 0.030082, 0.596962)
     Opos=(0.561194, 0.021058, 0.417874)
     Onormal=(0.801705, 0.030082, 0.596962)}

Vertex 519 0.764718 -0.020822 0.644028
    {normal=(0.764718, -0.020822, 0.644028)
     Opos=(0.535303, -0.014575, 0.450820)
     Onormal=(0.764718, -0.020822, 0.644028)}

Vertex 520 0.814708 -0.063206 0.576417
    {normal=(0.814708, -0.063206, 0.576417)
     Opos=(0.570295, -0.044244, 0.403492)
     Onormal=(0.814708, -0.063206, 0.576417)}

Vertex 521 0.953440 -0.004035 0.301555
    {normal=(0.953440, -0.004035, 0.301555)
     Opos=(0.667408, -0.002825, 0.211089)
     Onormal=(0.953440, -0.004035, 0.301555)}

Vertex 522 0.951445 0.070274 0.299690
    {normal=(0.951445, 0.070274, 0.299690)
     Opos=(0.666011, 0.049192, 0.209783)
     Onormal=(0.951445, 0.070274, 0.299690)}

Vertex 523 0.923918 0.144285 0.354340
    {normal=(0.923918, 0.144285, 0.354340)
     Opos=(0.646743, 0.100999, 0.248038)
     Onormal=(0.923918, 0.144285, 0.354340)}

Vertex 524 0.944795 -0.064397 0.321272
    {normal=(0.944795, -0.064397, 0.321272)
     Opos=(0.661356, -0.045078, 0.224891)
     Onormal=(0.944795, -0.064397, 0.321272)}

Vertex 525 0.917191 0.063814 0.393305
    {normal=(0.917191, 0.063814, 0.393305)
     Opos=(0.642034, 0.044670, 0.275314)
     Onormal=(0.917191, 0.063814, 0.393305)}

Vertex 526 0.986041 -0.112726 0.122542
    {normal=(0.986041, -0.112726, 0.122542)
     Opos=(0.690229, -0.078908, 0.085780)
     Onormal=(0.986041, -0.112726, 0.122542)}

Vertex 527 0.930703 -0.200939 0.305639
    {normal=(0.930703, -0.200939, 0.305639)
     Opos=(0.651492, -0.140657, 0.213947)
     Onormal=(0.930703, -0.200939, 0.305639)}

Vertex 528 0.956057 -0.154791 0.248988
    {normal=(0.956057, -0.154791, 0.248988)
     Opos=(0.669240, -0.108354, 0.174292)
     Onormal=(0.956057, -0.154791, 0.248988)}

Vertex 529 0.950312 -0.247806 0.188414
    {normal=(0.950312, -0.247806, 0.188414)
     Opos=(0.665218, -0.173464, 0.131890)
     Onormal=(0.950312, -0.247806, 0.188414)}

Vertex 530 0.945661 -0.287788 0.151340
    {normal=(0.945661, -0.287788, 0.151340)
     Opos=(0.661963, -0.201452, 0.105938)
     Onormal=(0.945661, -0.287788, 0.151340)}

Vertex 531 0.882497 -0.212582 0.419533
    {normal=(0.882497, -0.212582, 0.419533)
     Opos=(0.617748, -0.148807, 0.293673)
     Onormal=(0.882497, -0.212582, 0.419533)}

Vertex 532 0.889335 -0.262750 0.374226
    {normal=(0.889335, -0.262750, 0.374226)
     Opos=(0.622535, -0.183925, 0.261958)
     Onormal=(0.889335, -0.262750, 0.374226)}

Vertex 533 0.925349 -0.346357 0.154164
    {normal=(0.925349, -0.346357, 0.154164)
     Opos=(0.647744, -0.242450, 0.107915)
     Onormal=(0.925349, -0.346357, 0.154164)}

Vertex 534 0.881561 -0.332299 0.335301
    {normal=(0.881561, -0.332299, 0.335301)
     Opos=(0.617093, -0.232610, 0.234711)
     Onormal=(0.881561, -0.332299, 0.335301)}

Vertex 535 0.901102 -0.399761 0.167945
    {normal=(0.901102, -0.399761, 0.167945)
     Opos=(0.630772, -0.279833, 0.117561)
     Onormal=(0.901102, -0.399761, 0.167945)}

Vertex 536 0.829327 -0.521559 0.200485
    {normal=(0.829327, -0.521559, 0.200485)
     Opos=(0.580529, -0.365091, 0.140339)
     Onormal=(0.829327, -0.521559, 0.200485)}

Vertex 537 0.824548 -0.544791 0.152721
    {normal=(0.824548, -0.544791, 0.152721)
     Opos=(0.577183, -0.381354, 0.106904)
     Onormal=(0.824548, -0.544791, 0.152721)}

Vertex 538 0.514504 0.157727 0.842857
    {normal=(0.514504, 0.157727, 0.842857)
     Opos=(0.360153, 0.110409, 0.590000)
     Onormal=(0.514504, 0.157727, 0.842857)}

Vertex 539 0.392995 0.194476 0.898740
    {normal=(0.392995, 0.194476, 0.898740)
     Opos=(0.275096, 0.136133, 0.629118)
     Onormal=(0.392995, 0.194476, 0.898740)}

Vertex 540 0.505221 0.091098 0.858168
    {normal=(0.505221, 0.091098, 0.858168)
     Opos=(0.353655, 0.063769, 0.600718)
     Onormal=(0.505221, 0.091098, 0.858168)}

Vertex 541 0.511518 0.034160 0.858594
    {normal=(0.511518, 0.034160, 0.858594)
     Opos=(0.358062, 0.023912, 0.601015)
     Onormal=(0.511518, 0.034160, 0.858594)}

Vertex 542 0.367848 0.069895 0.927255
    {normal=(0.367848, 0.069895, 0.927255)
     Opos=(0.257494, 0.048927, 0.649079)
     Onormal=(0.367848, 0.069895, 0.927255)}

Vertex 543 0.510426 -0.026299 0.859520
    {normal=(0.510426, -0.026299, 0.859520)
     Opos=(0.357298, -0.018409, 0.601664)
     Onormal=(0.510426, -0.026299, 0.859520)}

Vertex 544 0.436858 -0.029921 0.899033
    {normal=(0.436858, -0.029921, 0.899033)
     Opos=(0.305801, -0.020945, 0.629323)
     Onormal=(0.436858, -0.029921, 0.899033)}

Vertex 545 0.112068 0.182496 0.976799
    {normal=(0.112068, 0.182496, 0.976799)
     Opos=(0.078447, 0.127747, 0.683759)
     Onormal=(0.112068, 0.182496, 0.976799)}

Vertex 546 0.318363 -0.063752 0.945823
    {normal=(0.318363, -0.063752, 0.945823)
     Opos=(0.222854, -0.044627, 0.662076)
     Onormal=(0.318363, -0.063752, 0.945823)}

Vertex 547 0.043459 0.056934 0.997432
    {normal=(0.043459, 0.056934, 0.997432)
     Opos=(0.030421, 0.039854, 0.698202)
     Onormal=(0.043459, 0.056934, 0.997432)}

Vertex 548 0.278125 -0.090349 0.956286
    {normal=(0.278125, -0.090349, 0.956286)
     Opos=(0.194688, -0.063245, 0.669400)
     Onormal=(0.278125, -0.090349, 0.956286)}

Vertex 549 0.218149 -0.104248 0.970332
    {normal=(0.218149, -0.104248, 0.970332)
     Opos=(0.152704, -0.072974, 0.679232)
     Onormal=(0.218149, -0.104248, 0.970332)}

Vertex 550 0.188706 -0.188793 0.963715
    {normal=(0.188706, -0.188793, 0.963715)
     Opos=(0.132094, -0.132155, 0.674601)
     Onormal=(0.188706, -0.188793, 0.963715)}

Vertex 551 0.012354 -0.072648 0.997281
    {normal=(0.012354, -0.072648, 0.997281)
     Opos=(0.008648, -0.050853, 0.698097)
     Onormal=(0.012354, -0.072648, 0.997281)}

Vertex 552 0.135640 -0.225425 0.964772
    {normal=(0.135640, -0.225425, 0.964772)
     Opos=(0.094948, -0.157798, 0.675341)
     Onormal=(0.135640, -0.225425, 0.964772)}

Vertex 553 0.149152 -0.159611 0.975847
    {normal=(0.149152, -0.159611, 0.975847)
     Opos=(0.104406, -0.111728, 0.683093)
     Onormal=(0.149152, -0.159611, 0.975847)}

Vertex 554 0.094891 -0.105698 0.989860
    {normal=(0.094891, -0.105698, 0.989860)
     Opos=(0.066424, -0.073989, 0.692902)
     Onormal=(0.094891, -0.105698, 0.989860)}

Vertex 555 0.155194 -0.343485 0.926247
    {normal=(0.155194, -0.343485, 0.926247)
     Opos=(0.108636, -0.240440, 0.648373)
     Onormal=(0.155194, -0.343485, 0.926247)}

Vertex 556 0.015266 -0.201929 0.979281
    {normal=(0.015266, -0.201929, 0.979281)
     Opos=(0.010686, -0.141350, 0.685497)
     Onormal=(0.015266, -0.201929, 0.979281)}

Vertex 557 0.101105 -0.316249 0.943273
    {normal=(0.101105, -0.316249, 0.943273)
     Opos=(0.070773, -0.221374, 0.660291)
     Onormal=(0.101105, -0.316249, 0.943273)}

Vertex 558 0.057593 -0.304341 0.950820
    {normal=(0.057593, -0.304341, 0.950820)
     Opos=(0.040315, -0.213039, 0.665574)
     Onormal=(0.057593, -0.304341, 0.950820)}

Vertex 559 0.022122 -0.351307 0.935999
    {normal=(0.022122, -0.351307, 0.935999)
     Opos=(0.015486, -0.245915, 0.655199)
     Onormal=(0.022122, -0.351307, 0.935999)}

Vertex 560 0.781515 -0.576783 0.237814
    {normal=(0.781515, -0.576783, 0.237814)
     Opos=(0.547060, -0.403748, 0.166470)
     Onormal=(0.781515, -0.576783, 0.237814)}

Vertex 561 0.829692 -0.433107 0.352179
    {normal=(0.829692, -0.433107, 0.352179)
     Opos=(0.580784, -0.303175, 0.246525)
     Onormal=(0.829692, -0.433107, 0.352179)}

Vertex 562 0.675849 -0.625209 0.390311
    {normal=(0.675849, -0.625209, 0.390311)
     Opos=(0.473094, -0.437646, 0.273218)
     Onormal=(0.675849, -0.625209, 0.390311)}

Vertex 563 0.798955 -0.354542 0.485768
    {normal=(0.798955, -0.354542, 0.485768)
     Opos=(0.559269, -0.248179, 0.340038)
     Onormal=(0.798955, -0.354542, 0.485768)}

Vertex 564 0.772688 -0.487353 0.406743
    {normal=(0.772688, -0.487353, 0.406743)
     Opos=(0.540882, -0.341147, 0.284720)
     Onormal=(0.772688, -0.487353, 0.406743)}

Vertex 565 0.615932 -0.612638 0.495280
    {normal=(0.615932, -0.612638, 0.495280)
     Opos=(0.431153, -0.428847, 0.346696)
     Onormal=(0.615932, -0.612638, 0.495280)}

Vertex 566 0.636962 -0.474072 0.607894
    {normal=(0.636962, -0.474072, 0.607894)
     Opos=(0.445873, -0.331851, 0.425526)
     Onormal=(0.636962, -0.474072, 0.607894)}

Vertex 567 0.592970 -0.505443 0.626829
    {normal=(0.592970, -0.505443, 0.626829)
     Opos=(0.415079, -0.353810, 0.438780)
     Onormal=(0.592970, -0.505443, 0.626829)}

Vertex 568 0.633294 -0.561619 0.532469
    {normal=(0.633294, -0.561619, 0.532469)
     Opos=(0.443305, -0.393133, 0.372729)
     Onormal=(0.633294, -0.561619, 0.532469)}

Vertex 569 0.534021 -0.630807 0.562942
    {normal=(0.534021, -0.630807, 0.562942)
     Opos=(0.373815, -0.441565, 0.394059)
     Onormal=(0.534021, -0.630807, 0.562942)}

Vertex 570 0.728623 -0.022374 0.684550
    {normal=(0.728623, -0.022374, 0.684550)
     Opos=(0.510036, -0.015662, 0.479185)
     Onormal=(0.728623, -0.022374, 0.684550)}

Vertex 571 0.671722 -0.118239 0.731306
    {normal=(0.671722, -0.118239, 0.731306)
     Opos=(0.470206, -0.082767, 0.511914)
     Onormal=(0.671722, -0.118239, 0.731306)}

Vertex 572 0.648537 0.103700 0.754086
    {normal=(0.648537, 0.103700, 0.754086)
     Opos=(0.453976, 0.072590, 0.527860)
     Onormal=(0.648537, 0.103700, 0.754086)}

Vertex 573 0.642020 -0.058784 0.764431
    {normal=(0.642020, -0.058784, 0.764431)
     Opos=(0.449414, -0.041148, 0.535102)
     Onormal=(0.642020, -0.058784, 0.764431)}

Vertex 574 0.676433 0.019574 0.736244
    {normal=(0.676433, 0.019574, 0.736244)
     Opos=(0.473503, 0.013702, 0.515371)
     Onormal=(0.676433, 0.019574, 0.736244)}

Vertex 575 0.617745 0.062372 0.783901
    {normal=(0.617745, 0.062372, 0.783901)
     Opos=(0.432422, 0.043660, 0.548731)
     Onormal=(0.617745, 0.062372, 0.783901)}

Vertex 576 0.568484 -0.063925 0.820207
    {normal=(0.568484, -0.063925, 0.820207)
     Opos=(0.397939, -0.044747, 0.574145)
     Onormal=(0.568484, -0.063925, 0.820207)}

Vertex 577 0.617319 -0.115308 0.778217
    {normal=(0.617319, -0.115308, 0.778217)
     Opos=(0.432123, -0.080715, 0.544752)
     Onormal=(0.617319, -0.115308, 0.778217)}

Vertex 578 0.526905 -0.148209 0.836902
    {normal=(0.526905, -0.148209, 0.836902)
     Opos=(0.368833, -0.103746, 0.585832)
     Onormal=(0.526905, -0.148209, 0.836902)}

Vertex 579 0.422563 -0.546739 0.722853
    {normal=(0.422563, -0.546739, 0.722853)
     Opos=(0.295794, -0.382718, 0.505997)
     Onormal=(0.422563, -0.546739, 0.722853)}

Vertex 580 0.507389 -0.512306 0.692891
    {normal=(0.507389, -0.512306, 0.692891)
     Opos=(0.355173, -0.358615, 0.485024)
     Onormal=(0.507389, -0.512306, 0.692891)}

Vertex 581 0.632042 -0.426728 0.646858
    {normal=(0.632042, -0.426728, 0.646858)
     Opos=(0.442429, -0.298710, 0.452801)
     Onormal=(0.632042, -0.426728, 0.646858)}

Vertex 582 0.451965 -0.469135 0.758709
    {normal=(0.451965, -0.469135, 0.758709)
     Opos=(0.316375, -0.328395, 0.531097)
     Onormal=(0.451965, -0.469135, 0.758709)}

Vertex 583 0.550046 -0.399586 0.733336
    {normal=(0.550046, -0.399586, 0.733336)
     Opos=(0.385032, -0.279710, 0.513335)
     Onormal=(0.550046, -0.399586, 0.733336)}

Vertex 584 0.498052 -0.421670 0.757719
    {normal=(0.498052, -0.421670, 0.757719)
     Opos=(0.348636, -0.295169, 0.530403)
     Onormal=(0.498052, -0.421670, 0.757719)}

Vertex 585 0.709219 -0.322182 0.627062
    {normal=(0.709219, -0.322182, 0.627062)
     Opos=(0.496453, -0.225528, 0.438943)
     Onormal=(0.709219, -0.322182, 0.627062)}

Vertex 586 0.676551 -0.297734 0.673524
    {normal=(0.676551, -0.297734, 0.673524)
     Opos=(0.473585, -0.208414, 0.471466)
     Onormal=(0.676551, -0.297734, 0.673524)}

Vertex 587 0.510455 -0.299446 0.806082
    {normal=(0.510455, -0.299446, 0.806082)
     Opos=(0.357318, -0.209612, 0.564257)
     Onormal=(0.510455, -0.299446, 0.806082)}

Vertex 588 0.585163 -0.183883 0.789792
    {normal=(0.585163, -0.183883, 0.789792)
     Opos=(0.409614, -0.128718, 0.552854)
     Onormal=(0.585163, -0.183883, 0.789792)}

Vertex 589 0.535265 -0.199998 0.820666
    {normal=(0.535265, -0.199998, 0.820666)
     Opos=(0.374685, -0.139998, 0.574466)
     Onormal=(0.535265, -0.199998, 0.820666)}

Vertex 590 0.491008 -0.221266 0.842587
    {normal=(0.491008, -0.221266, 0.842587)
     Opos=(0.343706, -0.154886, 0.589811)
     Onormal=(0.491008, -0.221266, 0.842587)}

Vertex 591 0.495391 -0.181364 0.849526
    {normal=(0.495391, -0.181364, 0.849526)
     Opos=(0.346774, -0.126955, 0.594668)
     Onormal=(0.495391, -0.181364, 0.849526)}

Vertex 592 0.371158 -0.591998 0.715388
    {normal=(0.371158, -0.591998, 0.715388)
     Opos=(0.259811, -0.414398, 0.500772)
     Onormal=(0.371158, -0.591998, 0.715388)}

Vertex 593 0.460134 -0.363373 0.810085
    {normal=(0.460134, -0.363373, 0.810085)
     Opos=(0.322094, -0.254361, 0.567059)
     Onormal=(0.460134, -0.363373, 0.810085)}

Vertex 594 0.294119 -0.457122 0.839365
    {normal=(0.294119, -0.457122, 0.839365)
     Opos=(0.205884, -0.319985, 0.587555)
     Onormal=(0.294119, -0.457122, 0.839365)}

Vertex 595 0.424961 -0.146983 0.893199
    {normal=(0.424961, -0.146983, 0.893199)
     Opos=(0.297473, -0.102888, 0.625239)
     Onormal=(0.424961, -0.146983, 0.893199)}

Vertex 596 0.367121 -0.172773 0.913987
    {normal=(0.367121, -0.172773, 0.913987)
     Opos=(0.256984, -0.120941, 0.639791)
     Onormal=(0.367121, -0.172773, 0.913987)}

Vertex 597 0.353173 -0.224633 0.908190
    {normal=(0.353173, -0.224633, 0.908190)
     Opos=(0.247221, -0.157243, 0.635733)
     Onormal=(0.353173, -0.224633, 0.908190)}

Vertex 598 0.407236 -0.366242 0.836675
    {normal=(0.407236, -0.366242, 0.836675)
     Opos=(0.285065, -0.256369, 0.585673)
     Onormal=(0.407236, -0.366242, 0.836675)}

Vertex 599 0.282110 -0.403753 0.870286
    {normal=(0.282110, -0.403753, 0.870286)
     Opos=(0.197477, -0.282627, 0.609200)
     Onormal=(0.282110, -0.403753, 0.870286)}

Vertex 600 0.110560 -0.409555 0.905561
    {normal=(0.110560, -0.409555, 0.905561)
     Opos=(0.077392, -0.286688, 0.633893)
     Onormal=(0.110560, -0.409555, 0.905561)}

Vertex 601 0.784993 -0.591386 0.184521
    {normal=(0.784993, -0.591386, 0.184521)
     Opos=(0.549495, -0.413970, 0.129165)
     Onormal=(0.784993, -0.591386, 0.184521)}

Vertex 602 0.750960 -0.646584 0.134121
    {normal=(0.750960, -0.646584, 0.134121)
     Opos=(0.525672, -0.452609, 0.093884)
     Onormal=(0.750960, -0.646584, 0.134121)}

Vertex 603 0.663612 -0.670998 0.330727
    {normal=(0.663612, -0.670998, 0.330727)
     Opos=(0.464528, -0.469699, 0.231509)
     Onormal=(0.663612, -0.670998, 0.330727)}

Vertex 604 0.603946 -0.655778 0.452994
    {normal=(0.603946, -0.655778, 0.452994)
     Opos=(0.422763, -0.459045, 0.317096)
     Onormal=(0.603946, -0.655778, 0.452994)}

Vertex 605 0.493823 -0.747842 0.443701
    {normal=(0.493823, -0.747842, 0.443701)
     Opos=(0.345676, -0.523490, 0.310591)
     Onormal=(0.493823, -0.747842, 0.443701)}

Vertex 606 0.589507 -0.744207 0.314066
    {normal=(0.589507, -0.744207, 0.314066)
     Opos=(0.412655, -0.520945, 0.219846)
     Onormal=(0.589507, -0.744207, 0.314066)}

Vertex 607 0.434350 -0.815856 0.381731
    {normal=(0.434350, -0.815856, 0.381731)
     Opos=(0.304045, -0.571099, 0.267212)
     Onormal=(0.434350, -0.815856, 0.381731)}

Vertex 608 0.597273 -0.786500 0.157108
    {normal=(0.597273, -0.786500, 0.157108)
     Opos=(0.418091, -0.550550, 0.109976)
     Onormal=(0.597273, -0.786500, 0.157108)}

Vertex 609 0.452173 -0.837692 0.306286
    {normal=(0.452173, -0.837692, 0.306286)
     Opos=(0.316521, -0.586385, 0.214400)
     Onormal=(0.452173, -0.837692, 0.306286)}

Vertex 610 0.379190 -0.873116 0.306405
    {normal=(0.379190, -0.873116, 0.306405)
     Opos=(0.265433, -0.611181, 0.214483)
     Onormal=(0.379190, -0.873116, 0.306405)}

Vertex 611 0.360217 -0.667239 0.651948
    {normal=(0.360217, -0.667239, 0.651948)
     Opos=(0.252152, -0.467067, 0.456363)
     Onormal=(0.360217, -0.667239, 0.651948)}

Vertex 612 0.065112 -0.767872 0.637286
    {normal=(0.065112, -0.767872, 0.637286)
     Opos=(0.045578, -0.537510, 0.446100)
     Onormal=(0.065112, -0.767872, 0.637286)}

Vertex 613 0.381794 -0.820857 0.424767
    {normal=(0.381794, -0.820857, 0.424767)
     Opos=(0.267256, -0.574600, 0.297337)
     Onormal=(0.381794, -0.820857, 0.424767)}

Vertex 614 0.379172 -0.792992 0.476857
    {normal=(0.379172, -0.792992, 0.476857)
     Opos=(0.265420, -0.555094, 0.333800)
     Onormal=(0.379172, -0.792992, 0.476857)}

Vertex 615 0.417137 -0.753220 0.508583
    {normal=(0.417137, -0.753220, 0.508583)
     Opos=(0.291996, -0.527254, 0.356008)
     Onormal=(0.417137, -0.753220, 0.508583)}

Vertex 616 0.318616 -0.725837 0.609627
    {normal=(0.318616, -0.725837, 0.609627)
     Opos=(0.223031, -0.508086, 0.426739)
     Onormal=(0.318616, -0.725837, 0.609627)}

Vertex 617 0.249088 -0.755948 0.605390
    {normal=(0.249088, -0.755948, 0.605390)
     Opos=(0.174361, -0.529164, 0.423773)
     Onormal=(0.249088, -0.755948, 0.605390)}

Vertex 618 0.163387 -0.853025 0.495633
    {normal=(0.163387, -0.853025, 0.495633)
     Opos=(0.114371, -0.597118, 0.346943)
     Onormal=(0.163387, -0.853025, 0.495633)}

Vertex 619 0.231494 -0.863454 0.448172
    {normal=(0.231494, -0.863454, 0.448172)
     Opos=(0.162046, -0.604418, 0.313720)
     Onormal=(0.231494, -0.863454, 0.448172)}

Vertex 620 0.057796 -0.889191 0.453871
    {normal=(0.057796, -0.889191, 0.453871)
     Opos=(0.040457, -0.622434, 0.317710)
     Onormal=(0.057796, -0.889191, 0.453871)}

Vertex 621 -0.028909 -0.872403 0.487932
    {normal=(-0.028909, -0.872403, 0.487932)
     Opos=(-0.020236, -0.610682, 0.341552)
     Onormal=(-0.028909, -0.872403, 0.487932)}

Vertex 622 0.179283 -0.934509 0.307491
    {normal=(0.179283, -0.934509, 0.307491)
     Opos=(0.125498, -0.654156, 0.215244)
     Onormal=(0.179283, -0.934509, 0.307491)}

Vertex 623 0.096720 -0.941152 0.323848
    {normal=(0.096720, -0.941152, 0.323848)
     Opos=(0.067704, -0.658807, 0.226694)
     Onormal=(0.096720, -0.941152, 0.323848)}

Vertex 624 -0.020477 -0.939440 0.342101
    {normal=(-0.020477, -0.939440, 0.342101)
     Opos=(-0.014334, -0.657608, 0.239470)
     Onormal=(-0.020477, -0.939440, 0.342101)}

Vertex 625 0.064250 -0.973436 0.219762
    {normal=(0.064250, -0.973436, 0.219762)
     Opos=(0.044975, -0.681405, 0.153833)
     Onormal=(0.064250, -0.973436, 0.219762)}

Vertex 626 0.049703 -0.988111 0.145483
    {normal=(0.049703, -0.988111, 0.145483)
     Opos=(0.034792, -0.691678, 0.101838)
     Onormal=(0.049703, -0.988111, 0.145483)}

Vertex 627 0.999898 0.006452 0.012718
    {normal=(0.999898, 0.006452, 0.012718)
     Opos=(0.699929, 0.004516, 0.008903)
     Onormal=(0.999898, 0.006452, 0.012718)}

Vertex 628 0.988804 0.149185 -0.003276
    {normal=(0.988804, 0.149185, -0.003276)
     Opos=(0.692163, 0.104430, -0.002293)
     Onormal=(0.988804, 0.149185, -0.003276)}

Vertex 629 0.984105 0.130160 -0.120816
    {normal=(0.984105, 0.130160, -0.120816)
     Opos=(0.688873, 0.091112, -0.084571)
     Onormal=(0.984105, 0.130160, -0.120816)}

Vertex 630 0.977212 -0.204410 0.057212
    {normal=(0.977212, -0.204410, 0.057212)
     Opos=(0.684048, -0.143087, 0.040048)
     Onormal=(0.977212, -0.204410, 0.057212)}

Vertex 631 0.989571 -0.127671 0.066709
    {normal=(0.989571, -0.127671, 0.066709)
     Opos=(0.692699, -0.089370, 0.046697)
     Onormal=(0.989571, -0.127671, 0.066709)}

Vertex 632 0.936546 -0.350447 0.008233
    {normal=(0.936546, -0.350447, 0.008233)
     Opos=(0.655583, -0.245313, 0.005763)
     Onormal=(0.936546, -0.350447, 0.008233)}

Vertex 633 0.801195 -0.590433 0.097342
    {normal=(0.801195, -0.590433, 0.097342)
     Opos=(0.560837, -0.413303, 0.068139)
     Onormal=(0.801195, -0.590433, 0.097342)}

Vertex 634 0.859486 -0.502582 0.093243
    {normal=(0.859486, -0.502582, 0.093243)
     Opos=(0.601640, -0.351808, 0.065270)
     Onormal=(0.859486, -0.502582, 0.093243)}

Vertex 635 0.845479 -0.533009 0.032653
    {normal=(0.845479, -0.533009, 0.032653)
     Opos=(0.591835, -0.373107, 0.022857)
     Onormal=(0.845479, -0.533009, 0.032653)}

Vertex 636 0.903361 -0.428485 -0.018436
    {normal=(0.903361, -0.428485, -0.018436)
     Opos=(0.632353, -0.299939, -0.012905)
     Onormal=(0.903361, -0.428485, -0.018436)}

Vertex 637 0.975403 -0.199659 -0.093411
    {normal=(0.975403, -0.199659, -0.093411)
     Opos=(0.682782, -0.139761, -0.065388)
     Onormal=(0.975403, -0.199659, -0.093411)}

Vertex 638 0.961653 -0.271910 0.035901
    {normal=(0.961653, -0.271910, 0.035901)
     Opos=(0.673157, -0.190337, 0.025131)
     Onormal=(0.961653, -0.271910, 0.035901)}

Vertex 639 0.950582 -0.307183 -0.045090
    {normal=(0.950582, -0.307183, -0.045090)
     Opos=(0.665407, -0.215028, -0.031563)
     Onormal=(0.950582, -0.307183, -0.045090)}

Vertex 640 0.922392 -0.378673 -0.076148
    {normal=(0.922392, -0.378673, -0.076148)
     Opos=(0.645675, -0.265071, -0.053304)
     Onormal=(0.922392, -0.378673, -0.076148)}

Vertex 641 0.984135 -0.130820 -0.119851
    {normal=(0.984135, -0.130820, -0.119851)
     Opos=(0.688895, -0.091574, -0.083896)
     Onormal=(0.984135, -0.130820, -0.119851)}

Vertex 642 0.938573 -0.260134 -0.226742
    {normal=(0.938573, -0.260134, -0.226742)
     Opos=(0.657001, -0.182094, -0.158719)
     Onormal=(0.938573, -0.260134, -0.226742)}

Vertex 643 0.916027 -0.321380 -0.240019
    {normal=(0.916027, -0.321380, -0.240019)
     Opos=(0.641219, -0.224966, -0.168013)
     Onormal=(0.916027, -0.321380, -0.240019)}

Vertex 644 0.994109 -0.086663 -0.065093
    {normal=(0.994109, -0.086663, -0.065093)
     Opos=(0.695876, -0.060664, -0.045565)
     Onormal=(0.994109, -0.086663, -0.065093)}

Vertex 645 0.939938 -0.094256 -0.328074
    {normal=(0.939938, -0.094256, -0.328074)
     Opos=(0.657956, -0.065979, -0.229652)
     Onormal=(0.939938, -0.094256, -0.328074)}

Vertex 646 0.939672 0.250720 -0.232716
    {normal=(0.939672, 0.250720, -0.232716)
     Opos=(0.657770, 0.175504, -0.162902)
     Onormal=(0.939672, 0.250720, -0.232716)}

Vertex 647 0.944801 0.068106 -0.320489
    {normal=(0.944801, 0.068106, -0.320489)
     Opos=(0.661360, 0.047674, -0.224342)
     Onormal=(0.944801, 0.068106, -0.320489)}

Vertex 648 0.920100 0.186196 -0.344598
    {normal=(0.920100, 0.186196, -0.344598)
     Opos=(0.644070, 0.130337, -0.241218)
     Onormal=(0.920100, 0.186196, -0.344598)}

Vertex 649 0.929330 -0.161557 -0.332030
    {normal=(0.929330, -0.161557, -0.332030)
     Opos=(0.650531, -0.113090, -0.232421)
     Onormal=(0.929330, -0.161557, -0.332030)}

Vertex 650 0.899632 -0.237285 -0.366549
    {normal=(0.899632, -0.237285, -0.366549)
     Opos=(0.629742, -0.166099, -0.256585)
     Onormal=(0.899632, -0.237285, -0.366549)}

Vertex 651 0.920172 -0.066300 -0.385860
    {normal=(0.920172, -0.066300, -0.385860)
     Opos=(0.644120, -0.046410, -0.270102)
     Onormal=(0.920172, -0.066300, -0.385860)}

Vertex 652 0.917183 0.036626 -0.396779
    {normal=(0.917183, 0.036626, -0.396779)
     Opos=(0.642028, 0.025638, -0.277745)
     Onormal=(0.917183, 0.036626, -0.396779)}

Vertex 653 0.892628 -0.074568 -0.444585
    {normal=(0.892628, -0.074568, -0.444585)
     Opos=(0.624839, -0.052198, -0.311209)
     Onormal=(0.892628, -0.074568, -0.444585)}

Vertex 654 0.845521 0.141542 -0.514840
    {normal=(0.845521, 0.141542, -0.514840)
     Opos=(0.591864, 0.099080, -0.360388)
     Onormal=(0.845521, 0.141542, -0.514840)}

Vertex 655 0.797805 0.248692 -0.549235
    {normal=(0.797805, 0.248692, -0.549235)
     Opos=(0.558464, 0.174085, -0.384464)
     Onormal=(0.797805, 0.248692, -0.549235)}

Vertex 656 0.745173 0.229335 -0.626197
    {normal=(0.745173, 0.229335, -0.626197)
     Opos=(0.521621, 0.160534, -0.438338)
     Onormal=(0.745173, 0.229335, -0.626197)}

Vertex 657 0.616371 -0.782440 0.088737
    {normal=(0.616371, -0.782440, 0.088737)
     Opos=(0.431460, -0.547708, 0.062116)
     Onormal=(0.616371, -0.782440, 0.088737)}

Vertex 658 0.378165 -0.917116 0.126054
    {normal=(0.378165, -0.917116, 0.126054)
     Opos=(0.264716, -0.641981, 0.088238)
     Onormal=(0.378165, -0.917116, 0.126054)}

Vertex 659 0.617110 -0.786485 0.024825
    {normal=(0.617110, -0.786485, 0.024825)
     Opos=(0.431977, -0.550539, 0.017378)
     Onormal=(0.617110, -0.786485, 0.024825)}

Vertex 660 0.607193 -0.793763 -0.035445
    {normal=(0.607193, -0.793763, -0.035445)
     Opos=(0.425035, -0.555634, -0.024811)
     Onormal=(0.607193, -0.793763, -0.035445)}

Vertex 661 0.538797 -0.831779 -0.133575
    {normal=(0.538797, -0.831779, -0.133575)
     Opos=(0.377158, -0.582245, -0.093503)
     Onormal=(0.538797, -0.831779, -0.133575)}

Vertex 662 0.595769 -0.783395 -0.177066
    {normal=(0.595769, -0.783395, -0.177066)
     Opos=(0.417038, -0.548376, -0.123946)
     Onormal=(0.595769, -0.783395, -0.177066)}

Vertex 663 0.643132 -0.748727 -0.160588
    {normal=(0.643132, -0.748727, -0.160588)
     Opos=(0.450192, -0.524109, -0.112412)
     Onormal=(0.643132, -0.748727, -0.160588)}

Vertex 664 0.587016 -0.764453 -0.266501
    {normal=(0.587016, -0.764453, -0.266501)
     Opos=(0.410911, -0.535117, -0.186551)
     Onormal=(0.587016, -0.764453, -0.266501)}

Vertex 665 0.478658 -0.858059 -0.186066
    {normal=(0.478658, -0.858059, -0.186066)
     Opos=(0.335061, -0.600642, -0.130246)
     Onormal=(0.478658, -0.858059, -0.186066)}

Vertex 666 0.525907 -0.796514 -0.298308
    {normal=(0.525907, -0.796514, -0.298308)
     Opos=(0.368135, -0.557560, -0.208815)
     Onormal=(0.525907, -0.796514, -0.298308)}

Vertex 667 0.551858 -0.724206 -0.413496
    {normal=(0.551858, -0.724206, -0.413496)
     Opos=(0.386301, -0.506944, -0.289447)
     Onormal=(0.551858, -0.724206, -0.413496)}

Vertex 668 0.267509 -0.963476 0.012367
    {normal=(0.267509, -0.963476, 0.012367)
     Opos=(0.187256, -0.674433, 0.008657)
     Onormal=(0.267509, -0.963476, 0.012367)}

Vertex 669 0.036158 -0.995781 0.084339
    {normal=(0.036158, -0.995781, 0.084339)
     Opos=(0.025311, -0.697047, 0.059037)
     Onormal=(0.036158, -0.995781, 0.084339)}

Vertex 670 0.137785 -0.990228 0.021517
    {normal=(0.137785, -0.990228, 0.021517)
     Opos=(0.096449, -0.693160, 0.015062)
     Onormal=(0.137785, -0.990228, 0.021517)}

Vertex 671 0.039095 -0.999101 0.016422
    {normal=(0.039095, -0.999101, 0.016422)
     Opos=(0.027367, -0.699370, 0.011496)
     Onormal=(0.039095, -0.999101, 0.016422)}

Vertex 672 0.462428 -0.835807 -0.295951
    {normal=(0.462428, -0.835807, -0.295951)
     Opos=(0.323700, -0.585065, -0.207166)
     Onormal=(0.462428, -0.835807, -0.295951)}

Vertex 673 0.374802 -0.871595 -0.315984
    {normal=(0.374802, -0.871595, -0.315984)
     Opos=(0.262361, -0.610116, -0.221189)
     Onormal=(0.374802, -0.871595, -0.315984)}

Vertex 674 0.160794 -0.880047 -0.446836
    {normal=(0.160794, -0.880047, -0.446836)
     Opos=(0.112556, -0.616033, -0.312785)
     Onormal=(0.160794, -0.880047, -0.446836)}

Vertex 675 0.384715 -0.912218 -0.140897
    {normal=(0.384715, -0.912218, -0.140897)
     Opos=(0.269301, -0.638553, -0.098628)
     Onormal=(0.384715, -0.912218, -0.140897)}

Vertex 676 0.381482 -0.922103 -0.064787
    {normal=(0.381482, -0.922103, -0.064787)
     Opos=(0.267038, -0.645472, -0.045351)
     Onormal=(0.381482, -0.922103, -0.064787)}

Vertex 677 0.287182 -0.933457 -0.214905
    {normal=(0.287182, -0.933457, -0.214905)
     Opos=(0.201027, -0.653420, -0.150433)
     Onormal=(0.287182, -0.933457, -0.214905)}

Vertex 678 0.356996 -0.912891 -0.197948
    {normal=(0.356996, -0.912891, -0.197948)
     Opos=(0.249897, -0.639024, -0.138564)
     Onormal=(0.356996, -0.912891, -0.197948)}

Vertex 679 0.322436 -0.934875 -0.148468
    {normal=(0.322436, -0.934875, -0.148468)
     Opos=(0.225705, -0.654413, -0.103928)
     Onormal=(0.322436, -0.934875, -0.148468)}

Vertex 680 0.052509 -0.935851 -0.348462
    {normal=(0.052509, -0.935851, -0.348462)
     Opos=(0.036757, -0.655096, -0.243924)
     Onormal=(0.052509, -0.935851, -0.348462)}

Vertex 681 0.004936 -0.964376 -0.264491
    {normal=(0.004936, -0.964376, -0.264491)
     Opos=(0.003455, -0.675063, -0.185144)
     Onormal=(0.004936, -0.964376, -0.264491)}

Vertex 682 0.286206 -0.789622 -0.542755
    {normal=(0.286206, -0.789622, -0.542755)
     Opos=(0.200344, -0.552736, -0.379928)
     Onormal=(0.286206, -0.789622, -0.542755)}

Vertex 683 0.332123 -0.749693 -0.572411
    {normal=(0.332123, -0.749693, -0.572411)
     Opos=(0.232486, -0.524785, -0.400688)
     Onormal=(0.332123, -0.749693, -0.572411)}

Vertex 684 0.283701 -0.741365 -0.608187
    {normal=(0.283701, -0.741365, -0.608187)
     Opos=(0.198591, -0.518956, -0.425731)
     Onormal=(0.283701, -0.741365, -0.608187)}

Vertex 685 0.223224 -0.767923 -0.600388
    {normal=(0.223224, -0.767923, -0.600388)
     Opos=(0.156257, -0.537546, -0.420272)
     Onormal=(0.223224, -0.767923, -0.600388)}

Vertex 686 0.173108 -0.735722 -0.654787
    {normal=(0.173108, -0.735722, -0.654787)
     Opos=(0.121176, -0.515006, -0.458351)
     Onormal=(0.173108, -0.735722, -0.654787)}

Vertex 687 0.140115 -0.822537 -0.551181
    {normal=(0.140115, -0.822537, -0.551181)
     Opos=(0.098081, -0.575776, -0.385827)
     Onormal=(0.140115, -0.822537, -0.551181)}

Vertex 688 0.021958 -0.714623 -0.699165
    {normal=(0.021958, -0.714623, -0.699165)
     Opos=(0.015371, -0.500236, -0.489415)
     Onormal=(0.021958, -0.714623, -0.699165)}

Vertex 689 -0.043062 -0.643731 -0.764039
    {normal=(-0.043062, -0.643731, -0.764039)
     Opos=(-0.030143, -0.450612, -0.534827)
     Onormal=(-0.043062, -0.643731, -0.764039)}

Vertex 690 -0.060910 -0.661849 -0.747158
    {normal=(-0.060910, -0.661849, -0.747158)
     Opos=(-0.042637, -0.463294, -0.523011)
     Onormal=(-0.060910, -0.661849, -0.747158)}

Vertex 691 0.689782 0.154370 -0.707369
    {normal=(0.689782, 0.154370, -0.707369)
     Opos=(0.482847, 0.108059, -0.495158)
     Onormal=(0.689782, 0.154370, -0.707369)}

Vertex 692 0.644093 0.080378 -0.760713
    {normal=(0.644093, 0.080378, -0.760713)
     Opos=(0.450865, 0.056265, -0.532499)
     Onormal=(0.644093, 0.080378, -0.760713)}

Vertex 693 0.632822 0.116605 -0.765467
    {normal=(0.632822, 0.116605, -0.765467)
     Opos=(0.442975, 0.081624, -0.535827)
     Onormal=(0.632822, 0.116605, -0.765467)}

Vertex 694 0.829120 -0.122778 -0.545423
    {normal=(0.829120, -0.122778, -0.545423)
     Opos=(0.580384, -0.085945, -0.381796)
     Onormal=(0.829120, -0.122778, -0.545423)}

Vertex 695 0.873281 -0.217916 -0.435768
    {normal=(0.873281, -0.217916, -0.435768)
     Opos=(0.611296, -0.152541, -0.305038)
     Onormal=(0.873281, -0.217916, -0.435768)}

Vertex 696 0.825799 -0.290410 -0.483444
    {normal=(0.825799, -0.290410, -0.483444)
     Opos=(0.578059, -0.203287, -0.338411)
     Onormal=(0.825799, -0.290410, -0.483444)}

Vertex 697 0.764142 -0.160630 -0.624728
    {normal=(0.764142, -0.160630, -0.624728)
     Opos=(0.534899, -0.112441, -0.437309)
     Onormal=(0.764142, -0.160630, -0.624728)}

Vertex 698 0.861516 -0.165788 -0.479902
    {normal=(0.861516, -0.165788, -0.479902)
     Opos=(0.603061, -0.116051, -0.335931)
     Onormal=(0.861516, -0.165788, -0.479902)}

Vertex 699 0.602633 -0.017954 -0.797816
    {normal=(0.602633, -0.017954, -0.797816)
     Opos=(0.421843, -0.012568, -0.558471)
     Onormal=(0.602633, -0.017954, -0.797816)}

Vertex 700 0.575625 -0.132569 -0.806896
    {normal=(0.575625, -0.132569, -0.806896)
     Opos=(0.402938, -0.092798, -0.564827)
     Onormal=(0.575625, -0.132569, -0.806896)}

Vertex 701 0.796653 -0.058921 -0.601558
    {normal=(0.796653, -0.058921, -0.601558)
     Opos=(0.557657, -0.041245, -0.421091)
     Onormal=(0.796653, -0.058921, -0.601558)}

Vertex 702 0.682537 -0.115409 -0.721681
    {normal=(0.682537, -0.115409, -0.721681)
     Opos=(0.477776, -0.080786, -0.505177)
     Onormal=(0.682537, -0.115409, -0.721681)}

Vertex 703 0.623944 -0.157354 -0.765463
    {normal=(0.623944, -0.157354, -0.765463)
     Opos=(0.436761, -0.110148, -0.535824)
     Onormal=(0.623944, -0.157354, -0.765463)}

Vertex 704 0.677542 -0.203310 -0.706826
    {normal=(0.677542, -0.203310, -0.706826)
     Opos=(0.474279, -0.142317, -0.494778)
     Onormal=(0.677542, -0.203310, -0.706826)}

Vertex 705 0.520907 -0.152496 -0.839882
    {normal=(0.520907, -0.152496, -0.839882)
     Opos=(0.364635, -0.106747, -0.587917)
     Onormal=(0.520907, -0.152496, -0.839882)}

Vertex 706 0.630371 -0.263557 -0.730185
    {normal=(0.630371, -0.263557, -0.730185)
     Opos=(0.441259, -0.184490, -0.511130)
     Onormal=(0.630371, -0.263557, -0.730185)}

Vertex 707 0.343029 -0.270797 -0.899444
    {normal=(0.343029, -0.270797, -0.899444)
     Opos=(0.240120, -0.189558, -0.629611)
     Onormal=(0.343029, -0.270797, -0.899444)}

Vertex 708 0.899298 -0.317420 -0.300844
    {normal=(0.899298, -0.317420, -0.300844)
     Opos=(0.629509, -0.222194, -0.210591)
     Onormal=(0.899298, -0.317420, -0.300844)}

Vertex 709 0.887751 -0.392144 -0.241084
    {normal=(0.887751, -0.392144, -0.241084)
     Opos=(0.621426, -0.274501, -0.168759)
     Onormal=(0.887751, -0.392144, -0.241084)}

Vertex 710 0.838563 -0.383467 -0.386996
    {normal=(0.838563, -0.383467, -0.386996)
     Opos=(0.586994, -0.268427, -0.270897)
     Onormal=(0.838563, -0.383467, -0.386996)}

Vertex 711 0.837936 -0.544391 -0.038748
    {normal=(0.837936, -0.544391, -0.038748)
     Opos=(0.586556, -0.381073, -0.027123)
     Onormal=(0.837936, -0.544391, -0.038748)}

Vertex 712 0.873550 -0.482302 -0.065543
    {normal=(0.873550, -0.482302, -0.065543)
     Opos=(0.611485, -0.337611, -0.045880)
     Onormal=(0.873550, -0.482302, -0.065543)}

Vertex 713 0.844140 -0.525803 -0.104685
    {normal=(0.844140, -0.525803, -0.104685)
     Opos=(0.590898, -0.368062, -0.073279)
     Onormal=(0.844140, -0.525803, -0.104685)}

Vertex 714 0.800088 -0.599882 0.001148
    {normal=(0.800088, -0.599882, 0.001148)
     Opos=(0.560062, -0.419917, 0.000804)
     Onormal=(0.800088, -0.599882, 0.001148)}

Vertex 715 0.822688 -0.529296 -0.207437
    {normal=(0.822688, -0.529296, -0.207437)
     Opos=(0.575882, -0.370507, -0.145206)
     Onormal=(0.822688, -0.529296, -0.207437)}

Vertex 716 0.804352 -0.575986 -0.145800
    {normal=(0.804352, -0.575986, -0.145800)
     Opos=(0.563047, -0.403190, -0.102060)
     Onormal=(0.804352, -0.575986, -0.145800)}

Vertex 717 0.744641 -0.647344 -0.162652
    {normal=(0.744641, -0.647344, -0.162652)
     Opos=(0.521249, -0.453141, -0.113856)
     Onormal=(0.744641, -0.647344, -0.162652)}

Vertex 718 0.704866 -0.627690 -0.330409
    {normal=(0.704866, -0.627690, -0.330409)
     Opos=(0.493406, -0.439383, -0.231286)
     Onormal=(0.704866, -0.627690, -0.330409)}

Vertex 719 0.621219 -0.685085 -0.380456
    {normal=(0.621219, -0.685085, -0.380456)
     Opos=(0.434853, -0.479559, -0.266319)
     Onormal=(0.621219, -0.685085, -0.380456)}

Vertex 720 0.600104 -0.314536 -0.735488
    {normal=(0.600104, -0.314536, -0.735488)
     Opos=(0.420073, -0.220175, -0.514841)
     Onormal=(0.600104, -0.314536, -0.735488)}

Vertex 721 0.471749 -0.397178 -0.787212
    {normal=(0.471749, -0.397178, -0.787212)
     Opos=(0.330224, -0.278025, -0.551048)
     Onormal=(0.471749, -0.397178, -0.787212)}

Vertex 722 0.383059 -0.454173 -0.804359
    {normal=(0.383059, -0.454173, -0.804359)
     Opos=(0.268141, -0.317921, -0.563051)
     Onormal=(0.383059, -0.454173, -0.804359)}

Vertex 723 0.853462 -0.294375 -0.430053
    {normal=(0.853462, -0.294375, -0.430053)
     Opos=(0.597424, -0.206062, -0.301037)
     Onormal=(0.853462, -0.294375, -0.430053)}

Vertex 724 0.795584 -0.404096 -0.451390
    {normal=(0.795584, -0.404096, -0.451390)
     Opos=(0.556909, -0.282867, -0.315973)
     Onormal=(0.795584, -0.404096, -0.451390)}

Vertex 725 0.551566 -0.402076 -0.730828
    {normal=(0.551566, -0.402076, -0.730828)
     Opos=(0.386097, -0.281453, -0.511579)
     Onormal=(0.551566, -0.402076, -0.730828)}

Vertex 726 0.622766 -0.351157 -0.699179
    {normal=(0.622766, -0.351157, -0.699179)
     Opos=(0.435936, -0.245810, -0.489425)
     Onormal=(0.622766, -0.351157, -0.699179)}

Vertex 727 0.637512 -0.424426 -0.642994
    {normal=(0.637512, -0.424426, -0.642994)
     Opos=(0.446259, -0.297098, -0.450096)
     Onormal=(0.637512, -0.424426, -0.642994)}

Vertex 728 0.707102 -0.512526 -0.487159
    {normal=(0.707102, -0.512526, -0.487159)
     Opos=(0.494971, -0.358768, -0.341011)
     Onormal=(0.707102, -0.512526, -0.487159)}

Vertex 729 0.434186 -0.512784 -0.740631
    {normal=(0.434186, -0.512784, -0.740631)
     Opos=(0.303930, -0.358949, -0.518442)
     Onormal=(0.434186, -0.512784, -0.740631)}

Vertex 730 0.473858 -0.572929 -0.668738
    {normal=(0.473858, -0.572929, -0.668738)
     Opos=(0.331701, -0.401050, -0.468117)
     Onormal=(0.473858, -0.572929, -0.668738)}

Vertex 731 0.632718 -0.556007 -0.539003
    {normal=(0.632718, -0.556007, -0.539003)
     Opos=(0.442902, -0.389205, -0.377302)
     Onormal=(0.632718, -0.556007, -0.539003)}

Vertex 732 0.508618 -0.599249 -0.618230
    {normal=(0.508618, -0.599249, -0.618230)
     Opos=(0.356033, -0.419474, -0.432761)
     Onormal=(0.508618, -0.599249, -0.618230)}

Vertex 733 0.480415 -0.702157 -0.525525
    {normal=(0.480415, -0.702157, -0.525525)
     Opos=(0.336291, -0.491510, -0.367868)
     Onormal=(0.480415, -0.702157, -0.525525)}

Vertex 734 0.282024 -0.366776 -0.886531
    {normal=(0.282024, -0.366776, -0.886531)
     Opos=(0.197417, -0.256743, -0.620572)
     Onormal=(0.282024, -0.366776, -0.886531)}

Vertex 735 0.301973 -0.492950 -0.815973
    {normal=(0.301973, -0.492950, -0.815973)
     Opos=(0.211381, -0.345065, -0.571181)
     Onormal=(0.301973, -0.492950, -0.815973)}

Vertex 736 0.223274 -0.390097 -0.893293
    {normal=(0.223274, -0.390097, -0.893293)
     Opos=(0.156292, -0.273068, -0.625305)
     Onormal=(0.223274, -0.390097, -0.893293)}

Vertex 737 0.368897 -0.581663 -0.724971
    {normal=(0.368897, -0.581663, -0.724971)
     Opos=(0.258228, -0.407164, -0.507480)
     Onormal=(0.368897, -0.581663, -0.724971)}

Vertex 738 0.286900 -0.645175 -0.708123
    {normal=(0.286900, -0.645175, -0.708123)
     Opos=(0.200830, -0.451622, -0.495686)
     Onormal=(0.286900, -0.645175, -0.708123)}

Vertex 739 0.339758 -0.544345 -0.766976
    {normal=(0.339758, -0.544345, -0.766976)
     Opos=(0.237831, -0.381042, -0.536884)
     Onormal=(0.339758, -0.544345, -0.766976)}

Vertex 740 0.136763 -0.608484 -0.781692
    {normal=(0.136763, -0.608484, -0.781692)
     Opos=(0.095734, -0.425939, -0.547185)
     Onormal=(0.136763, -0.608484, -0.781692)}

Vertex 741 0.144174 -0.660917 -0.736480
    {normal=(0.144174, -0.660917, -0.736480)
     Opos=(0.100922, -0.462642, -0.515536)
     Onormal=(0.144174, -0.660917, -0.736480)}

Vertex 742 0.088637 -0.598787 -0.795988
    {normal=(0.088637, -0.598787, -0.795988)
     Opos=(0.062046, -0.419151, -0.557192)
     Onormal=(0.088637, -0.598787, -0.795988)}

Vertex 743 0.591226 0.111716 -0.798731
    {normal=(0.591226, 0.111716, -0.798731)
     Opos=(0.413858, 0.078201, -0.559112)
     Onormal=(0.591226, 0.111716, -0.798731)}

Vertex 744 0.618197 0.243055 -0.747501
    {normal=(0.618197, 0.243055, -0.747501)
     Opos=(0.432738, 0.170138, -0.523250)
     Onormal=(0.618197, 0.243055, -0.747501)}

Vertex 745 0.605086 0.199242 -0.770827
    {normal=(0.605086, 0.199242, -0.770827)
     Opos=(0.423560, 0.139469, -0.539579)
     Onormal=(0.605086, 0.199242, -0.770827)}

Vertex 746 0.581224 0.218503 -0.783859
    {normal=(0.581224, 0.218503, -0.783859)
     Opos=(0.406857, 0.152952, -0.548702)
     Onormal=(0.581224, 0.218503, -0.783859)}

Vertex 747 0.535283 0.224948 -0.814169
    {normal=(0.535283, 0.224948, -0.814169)
     Opos=(0.374698, 0.157463, -0.569918)
     Onormal=(0.535283, 0.224948, -0.814169)}

Vertex 748 0.543819 0.308229 -0.780549
    {normal=(0.543819, 0.308229, -0.780549)
     Opos=(0.380673, 0.215760, -0.546384)
     Onormal=(0.543819, 0.308229, -0.780549)}

Vertex 749 0.503475 0.320088 -0.802531
    {normal=(0.503475, 0.320088, -0.802531)
     Opos=(0.352433, 0.224061, -0.561772)
     Onormal=(0.503475, 0.320088, -0.802531)}

Vertex 750 0.495477 -0.065237 -0.866168
    {normal=(0.495477, -0.065237, -0.866168)
     Opos=(0.346834, -0.045666, -0.606318)
     Onormal=(0.495477, -0.065237, -0.866168)}

Vertex 751 0.546568 0.041380 -0.836392
    {normal=(0.546568, 0.041380, -0.836392)
     Opos=(0.382597, 0.028966, -0.585474)
     Onormal=(0.546568, 0.041380, -0.836392)}

Vertex 752 0.465329 0.040839 -0.884195
    {normal=(0.465329, 0.040839, -0.884195)
     Opos=(0.325731, 0.028587, -0.618937)
     Onormal=(0.465329, 0.040839, -0.884195)}

Vertex 753 0.425768 0.158369 -0.890865
    {normal=(0.425768, 0.158369, -0.890865)
     Opos=(0.298037, 0.110859, -0.623606)
     Onormal=(0.425768, 0.158369, -0.890865)}

Vertex 754 0.397983 0.085252 -0.913423
    {normal=(0.397983, 0.085252, -0.913423)
     Opos=(0.278588, 0.059677, -0.639396)
     Onormal=(0.397983, 0.085252, -0.913423)}

Vertex 755 0.315099 0.069246 -0.946529
    {normal=(0.315099, 0.069246, -0.946529)
     Opos=(0.220569, 0.048472, -0.662570)
     Onormal=(0.315099, 0.069246, -0.946529)}

Vertex 756 0.372114 0.312440 -0.874021
    {normal=(0.372114, 0.312440, -0.874021)
     Opos=(0.260480, 0.218708, -0.611815)
     Onormal=(0.372114, 0.312440, -0.874021)}

Vertex 757 0.294567 0.159893 -0.942160
    {normal=(0.294567, 0.159893, -0.942160)
     Opos=(0.206197, 0.111925, -0.659512)
     Onormal=(0.294567, 0.159893, -0.942160)}

Vertex 758 0.254233 0.254832 -0.932966
    {normal=(0.254233, 0.254832, -0.932966)
     Opos=(0.177963, 0.178382, -0.653076)
     Onormal=(0.254233, 0.254832, -0.932966)}

Vertex 759 0.287036 -0.148047 -0.946410
    {normal=(0.287036, -0.148047, -0.946410)
     Opos=(0.200925, -0.103633, -0.662487)
     Onormal=(0.287036, -0.148047, -0.946410)}

Vertex 760 0.233161 -0.249824 -0.939800
    {normal=(0.233161, -0.249824, -0.939800)
     Opos=(0.163213, -0.174877, -0.657860)
     Onormal=(0.233161, -0.249824, -0.939800)}

Vertex 761 0.255079 -0.175565 -0.950848
    {normal=(0.255079, -0.175565, -0.950848)
     Opos=(0.178555, -0.122895, -0.665594)
     Onormal=(0.255079, -0.175565, -0.950848)}

Vertex 762 0.059353 -0.480352 -0.875065
    {normal=(0.059353, -0.480352, -0.875065)
     Opos=(0.041547, -0.336246, -0.612546)
     Onormal=(0.059353, -0.480352, -0.875065)}

Vertex 763 0.018005 -0.528434 -0.848783
    {normal=(0.018005, -0.528434, -0.848783)
     Opos=(0.012604, -0.369904, -0.594148)
     Onormal=(0.018005, -0.528434, -0.848783)}

Vertex 764 -0.084850 -0.611585 -0.786616
    {normal=(-0.084850, -0.611585, -0.786616)
     Opos=(-0.059395, -0.428109, -0.550631)
     Onormal=(-0.084850, -0.611585, -0.786616)}

Vertex 765 -0.058343 -0.521167 -0.851458
    {normal=(-0.058343, -0.521167, -0.851458)
     Opos=(-0.040840, -0.364817, -0.596021)
     Onormal=(-0.058343, -0.521167, -0.851458)}

Vertex 766 -0.076210 -0.436212 -0.896611
    {normal=(-0.076210, -0.436212, -0.896611)
     Opos=(-0.053347, -0.305349, -0.627628)
     Onormal=(-0.076210, -0.436212, -0.896611)}

Vertex 767 0.136016 -0.209894 -0.968217
    {normal=(0.136016, -0.209894, -0.968217)
     Opos=(0.095211, -0.146926, -0.677752)
     Onormal=(0.136016, -0.209894, -0.968217)}

Vertex 768 -0.002704 -0.303197 -0.952924
    {normal=(-0.002704, -0.303197, -0.952924)
     Opos=(-0.001893, -0.212238, -0.667047)
     Onormal=(-0.002704, -0.303197, -0.952924)}

Vertex 769 0.067189 -0.098993 -0.992817
    {normal=(0.067189, -0.098993, -0.992817)
     Opos=(0.047032, -0.069295, -0.694972)
     Onormal=(0.067189, -0.098993, -0.992817)}

Vertex 770 -0.053788 -0.105715 -0.992941
    {normal=(-0.053788, -0.105715, -0.992941)
     Opos=(-0.037652, -0.074001, -0.695058)
     Onormal=(-0.053788, -0.105715, -0.992941)}

Vertex 771 0.125794 0.306793 -0.943427
    {normal=(0.125794, 0.306793, -0.943427)
     Opos=(0.088056, 0.214755, -0.660399)
     Onormal=(0.125794, 0.306793, -0.943427)}

Vertex 772 0.202210 0.185480 -0.961617
    {normal=(0.202210, 0.185480, -0.961617)
     Opos=(0.141547, 0.129836, -0.673132)
     Onormal=(0.202210, 0.185480, -0.961617)}

Vertex 773 0.094650 0.210262 -0.973053
    {normal=(0.094650, 0.210262, -0.973053)
     Opos=(0.066255, 0.147183, -0.681137)
     Onormal=(0.094650, 0.210262, -0.973053)}

Vertex 774 0.145497 -0.097810 -0.984512
    {normal=(0.145497, -0.097810, -0.984512)
     Opos=(0.101848, -0.068467, -0.689158)
     Onormal=(0.145497, -0.097810, -0.984512)}

Vertex 775 -0.079979 0.152639 -0.985040
    {normal=(-0.079979, 0.152639, -0.985040)
     Opos=(-0.055985, 0.106848, -0.689528)
     Onormal=(-0.079979, 0.152639, -0.985040)}

Vertex 776 0.911475 0.402811 0.083408
    {normal=(0.911475, 0.402811, 0.083408)
     Opos=(0.638032, 0.281968, 0.058386)
     Onormal=(0.911475, 0.402811, 0.083408)}

Vertex 777 0.900665 0.434486 -0.005008
    {normal=(0.900665, 0.434486, -0.005008)
     Opos=(0.630465, 0.304140, -0.003505)
     Onormal=(0.900665, 0.434486, -0.005008)}

Vertex 778 0.881456 0.240184 -0.406630
    {normal=(0.881456, 0.240184, -0.406630)
     Opos=(0.617019, 0.168129, -0.284641)
     Onormal=(0.881456, 0.240184, -0.406630)}

Vertex 779 0.819371 0.276975 -0.501911
    {normal=(0.819371, 0.276975, -0.501911)
     Opos=(0.573560, 0.193883, -0.351338)
     Onormal=(0.819371, 0.276975, -0.501911)}

Vertex 780 0.745277 0.270680 -0.609340
    {normal=(0.745277, 0.270680, -0.609340)
     Opos=(0.521694, 0.189476, -0.426538)
     Onormal=(0.745277, 0.270680, -0.609340)}

Vertex 781 0.806046 0.327257 -0.493145
    {normal=(0.806046, 0.327257, -0.493145)
     Opos=(0.564232, 0.229080, -0.345201)
     Onormal=(0.806046, 0.327257, -0.493145)}

Vertex 782 0.784868 0.371974 -0.495599
    {normal=(0.784868, 0.371974, -0.495599)
     Opos=(0.549407, 0.260382, -0.346919)
     Onormal=(0.784868, 0.371974, -0.495599)}

Vertex 783 0.864616 0.481542 0.143376
    {normal=(0.864616, 0.481542, 0.143376)
     Opos=(0.605231, 0.337079, 0.100364)
     Onormal=(0.864616, 0.481542, 0.143376)}

Vertex 784 0.866938 0.494700 -0.060746
    {normal=(0.866938, 0.494700, -0.060746)
     Opos=(0.606857, 0.346290, -0.042522)
     Onormal=(0.866938, 0.494700, -0.060746)}

Vertex 785 0.732359 0.667068 -0.136638
    {normal=(0.732359, 0.667068, -0.136638)
     Opos=(0.512652, 0.466948, -0.095646)
     Onormal=(0.732359, 0.667068, -0.136638)}

Vertex 786 0.718888 0.694542 -0.028498
    {normal=(0.718888, 0.694542, -0.028498)
     Opos=(0.503221, 0.486179, -0.019949)
     Onormal=(0.718888, 0.694542, -0.028498)}

Vertex 787 0.672415 0.739645 -0.027996
    {normal=(0.672415, 0.739645, -0.027996)
     Opos=(0.470690, 0.517751, -0.019597)
     Onormal=(0.672415, 0.739645, -0.027996)}

Vertex 788 0.755968 0.653613 0.036089
    {normal=(0.755968, 0.653613, 0.036089)
     Opos=(0.529178, 0.457529, 0.025262)
     Onormal=(0.755968, 0.653613, 0.036089)}

Vertex 789 0.679446 0.731128 0.061682
    {normal=(0.679446, 0.731128, 0.061682)
     Opos=(0.475612, 0.511790, 0.043177)
     Onormal=(0.679446, 0.731128, 0.061682)}

Vertex 790 0.638894 0.762525 0.101835
    {normal=(0.638894, 0.762525, 0.101835)
     Opos=(0.447226, 0.533767, 0.071284)
     Onormal=(0.638894, 0.762525, 0.101835)}

Vertex 791 0.608056 0.773883 0.177121
    {normal=(0.608056, 0.773883, 0.177121)
     Opos=(0.425639, 0.541718, 0.123985)
     Onormal=(0.608056, 0.773883, 0.177121)}

Vertex 792 0.633924 0.321576 -0.703370
    {normal=(0.633924, 0.321576, -0.703370)
     Opos=(0.443746, 0.225103, -0.492359)
     Onormal=(0.633924, 0.321576, -0.703370)}

Vertex 793 0.422565 0.440946 -0.791837
    {normal=(0.422565, 0.440946, -0.791837)
     Opos=(0.295795, 0.308662, -0.554286)
     Onormal=(0.422565, 0.440946, -0.791837)}

Vertex 794 0.572144 0.488398 -0.658877
    {normal=(0.572144, 0.488398, -0.658877)
     Opos=(0.400501, 0.341878, -0.461214)
     Onormal=(0.572144, 0.488398, -0.658877)}

Vertex 795 0.489081 0.576825 -0.654273
    {normal=(0.489081, 0.576825, -0.654273)
     Opos=(0.342356, 0.403777, -0.457991)
     Onormal=(0.489081, 0.576825, -0.654273)}

Vertex 796 -0.030001 0.432826 -0.900978
    {normal=(-0.030001, 0.432826, -0.900978)
     Opos=(-0.021001, 0.302978, -0.630685)
     Onormal=(-0.030001, 0.432826, -0.900978)}

Vertex 797 0.049211 0.527761 -0.847966
    {normal=(0.049211, 0.527761, -0.847966)
     Opos=(0.034448, 0.369433, -0.593576)
     Onormal=(0.049211, 0.527761, -0.847966)}

Vertex 798 0.286893 0.657467 -0.696728
    {normal=(0.286893, 0.657467, -0.696728)
     Opos=(0.200825, 0.460227, -0.487709)
     Onormal=(0.286893, 0.657467, -0.696728)}

Vertex 799 0.394843 0.554293 -0.732706
    {normal=(0.394843, 0.554293, -0.732706)
     Opos=(0.276390, 0.388005, -0.512894)
     Onormal=(0.394843, 0.554293, -0.732706)}

Vertex 800 0.279796 0.547664 -0.788529
    {normal=(0.279796, 0.547664, -0.788529)
     Opos=(0.195857, 0.383365, -0.551970)
     Onormal=(0.279796, 0.547664, -0.788529)}

Vertex 801 0.162567 0.555350 -0.815573
    {normal=(0.162567, 0.555350, -0.815573)
     Opos=(0.113797, 0.388745, -0.570901)
     Onormal=(0.162567, 0.555350, -0.815573)}

Vertex 802 0.419394 0.715366 -0.558892
    {normal=(0.419394, 0.715366, -0.558892)
     Opos=(0.293576, 0.500756, -0.391224)
     Onormal=(0.419394, 0.715366, -0.558892)}

Vertex 803 0.235240 0.776789 -0.584175
    {normal=(0.235240, 0.776789, -0.584175)
     Opos=(0.164668, 0.543752, -0.408923)
     Onormal=(0.235240, 0.776789, -0.584175)}

Vertex 804 0.192418 0.842509 -0.503144
    {normal=(0.192418, 0.842509, -0.503144)
     Opos=(0.134692, 0.589756, -0.352201)
     Onormal=(0.192418, 0.842509, -0.503144)}

Vertex 805 0.629579 0.775154 0.052599
    {normal=(0.629579, 0.775154, 0.052599)
     Opos=(0.440705, 0.542608, 0.036819)
     Onormal=(0.629579, 0.775154, 0.052599)}

Vertex 806 0.582469 0.811942 0.038461
    {normal=(0.582469, 0.811942, 0.038461)
     Opos=(0.407728, 0.568360, 0.026922)
     Onormal=(0.582469, 0.811942, 0.038461)}

Vertex 807 0.607230 0.783436 -0.132290
    {normal=(0.607230, 0.783436, -0.132290)
     Opos=(0.425061, 0.548405, -0.092603)
     Onormal=(0.607230, 0.783436, -0.132290)}

Vertex 808 0.581361 0.807388 -0.100715
    {normal=(0.581361, 0.807388, -0.100715)
     Opos=(0.406953, 0.565172, -0.070500)
     Onormal=(0.581361, 0.807388, -0.100715)}

Vertex 809 0.568126 0.822930 0.004488
    {normal=(0.568126, 0.822930, 0.004488)
     Opos=(0.397688, 0.576051, 0.003142)
     Onormal=(0.568126, 0.822930, 0.004488)}

Vertex 810 0.483162 0.860861 -0.159600
    {normal=(0.483162, 0.860861, -0.159600)
     Opos=(0.338214, 0.602603, -0.111720)
     Onormal=(0.483162, 0.860861, -0.159600)}

Vertex 811 0.426220 0.899239 -0.098521
    {normal=(0.426220, 0.899239, -0.098521)
     Opos=(0.298354, 0.629467, -0.068965)
     Onormal=(0.426220, 0.899239, -0.098521)}

Vertex 812 0.438508 0.887965 -0.138669
    {normal=(0.438508, 0.887965, -0.138669)
     Opos=(0.306955, 0.621576, -0.097068)
     Onormal=(0.438508, 0.887965, -0.138669)}

Vertex 813 0.750324 0.400626 -0.525845
    {normal=(0.750324, 0.400626, -0.525845)
     Opos=(0.525226, 0.280438, -0.368092)
     Onormal=(0.750324, 0.400626, -0.525845)}

Vertex 814 0.777099 0.450031 -0.439988
    {normal=(0.777099, 0.450031, -0.439988)
     Opos=(0.543969, 0.315022, -0.307991)
     Onormal=(0.777099, 0.450031, -0.439988)}

Vertex 815 0.719908 0.372641 -0.585552
    {normal=(0.719908, 0.372641, -0.585552)
     Opos=(0.503936, 0.260848, -0.409886)
     Onormal=(0.719908, 0.372641, -0.585552)}

Vertex 816 0.683029 0.643758 -0.345031
    {normal=(0.683029, 0.643758, -0.345031)
     Opos=(0.478121, 0.450631, -0.241521)
     Onormal=(0.683029, 0.643758, -0.345031)}

Vertex 817 0.671179 0.620513 -0.405563
    {normal=(0.671179, 0.620513, -0.405563)
     Opos=(0.469826, 0.434359, -0.283894)
     Onormal=(0.671179, 0.620513, -0.405563)}

Vertex 818 0.776657 0.517535 -0.359113
    {normal=(0.776657, 0.517535, -0.359113)
     Opos=(0.543660, 0.362275, -0.251379)
     Onormal=(0.776657, 0.517535, -0.359113)}

Vertex 819 0.746987 0.519866 -0.414427
    {normal=(0.746987, 0.519866, -0.414427)
     Opos=(0.522891, 0.363906, -0.290099)
     Onormal=(0.746987, 0.519866, -0.414427)}

Vertex 820 0.562576 0.706675 -0.429091
    {normal=(0.562576, 0.706675, -0.429091)
     Opos=(0.393803, 0.494673, -0.300364)
     Onormal=(0.562576, 0.706675, -0.429091)}

Vertex 821 0.494719 0.704970 -0.508204
    {normal=(0.494719, 0.704970, -0.508204)
     Opos=(0.346303, 0.493479, -0.355743)
     Onormal=(0.494719, 0.704970, -0.508204)}

Vertex 822 0.572553 0.635828 -0.517596
    {normal=(0.572553, 0.635828, -0.517596)
     Opos=(0.400787, 0.445080, -0.362317)
     Onormal=(0.572553, 0.635828, -0.517596)}

Vertex 823 0.384163 0.898015 -0.214448
    {normal=(0.384163, 0.898015, -0.214448)
     Opos=(0.268914, 0.628610, -0.150114)
     Onormal=(0.384163, 0.898015, -0.214448)}

Vertex 824 0.477061 0.837948 -0.265058
    {normal=(0.477061, 0.837948, -0.265058)
     Opos=(0.333943, 0.586564, -0.185541)
     Onormal=(0.477061, 0.837948, -0.265058)}

Vertex 825 0.395802 0.880351 -0.261387
    {normal=(0.395802, 0.880351, -0.261387)
     Opos=(0.277062, 0.616246, -0.182971)
     Onormal=(0.395802, 0.880351, -0.261387)}

Vertex 826 0.585683 0.788448 -0.187951
    {normal=(0.585683, 0.788448, -0.187951)
     Opos=(0.409978, 0.551914, -0.131566)
     Onormal=(0.585683, 0.788448, -0.187951)}

Vertex 827 0.570792 0.806355 -0.154881
    {normal=(0.570792, 0.806355, -0.154881)
     Opos=(0.399555, 0.564448, -0.108417)
     Onormal=(0.570792, 0.806355, -0.154881)}

Vertex 828 0.541852 0.818574 -0.190613
    {normal=(0.541852, 0.818574, -0.190613)
     Opos=(0.379297, 0.573002, -0.133429)
     Onormal=(0.541852, 0.818574, -0.190613)}

Vertex 829 0.419481 0.823831 -0.381233
    {normal=(0.419481, 0.823831, -0.381233)
     Opos=(0.293637, 0.576681, -0.266863)
     Onormal=(0.419481, 0.823831, -0.381233)}

Vertex 830 0.347502 0.920133 -0.180548
    {normal=(0.347502, 0.920133, -0.180548)
     Opos=(0.243252, 0.644093, -0.126383)
     Onormal=(0.347502, 0.920133, -0.180548)}

Vertex 831 0.336470 0.882166 -0.329501
    {normal=(0.336470, 0.882166, -0.329501)
     Opos=(0.235529, 0.617516, -0.230651)
     Onormal=(0.336470, 0.882166, -0.329501)}

Vertex 832 0.278207 0.938364 -0.205118
    {normal=(0.278207, 0.938364, -0.205118)
     Opos=(0.194745, 0.656855, -0.143583)
     Onormal=(0.278207, 0.938364, -0.205118)}

Vertex 833 0.184441 0.954821 -0.233022
    {normal=(0.184441, 0.954821, -0.233022)
     Opos=(0.129109, 0.668374, -0.163115)
     Onormal=(0.184441, 0.954821, -0.233022)}

Vertex 834 0.389658 0.861917 -0.324446
    {normal=(0.389658, 0.861917, -0.324446)
     Opos=(0.272760, 0.603342, -0.227112)
     Onormal=(0.389658, 0.861917, -0.324446)}

Vertex 835 0.280628 0.877773 -0.388282
    {normal=(0.280628, 0.877773, -0.388282)
     Opos=(0.196440, 0.614441, -0.271797)
     Onormal=(0.280628, 0.877773, -0.388282)}

Vertex 836 0.295292 0.825430 -0.481111
    {normal=(0.295292, 0.825430, -0.481111)
     Opos=(0.206704, 0.577801, -0.336778)
     Onormal=(0.295292, 0.825430, -0.481111)}

Vertex 837 0.246794 0.918684 -0.308403
    {normal=(0.246794, 0.918684, -0.308403)
     Opos=(0.172756, 0.643079, -0.215882)
     Onormal=(0.246794, 0.918684, -0.308403)}

Vertex 838 0.327207 0.904443 -0.273713
    {normal=(0.327207, 0.904443, -0.273713)
     Opos=(0.229045, 0.633110, -0.191599)
     Onormal=(0.327207, 0.904443, -0.273713)}

Vertex 839 0.222842 0.904222 -0.364312
    {normal=(0.222842, 0.904222, -0.364312)
     Opos=(0.155989, 0.632956, -0.255019)
     Onormal=(0.222842, 0.904222, -0.364312)}

Vertex 840 0.113868 0.968798 -0.220147
    {normal=(0.113868, 0.968798, -0.220147)
     Opos=(0.079708, 0.678158, -0.154103)
     Onormal=(0.113868, 0.968798, -0.220147)}

Vertex 841 0.047716 0.920374 -0.388117
    {normal=(0.047716, 0.920374, -0.388117)
     Opos=(0.033401, 0.644262, -0.271682)
     Onormal=(0.047716, 0.920374, -0.388117)}

Vertex 842 0.112210 0.925244 -0.362398
    {normal=(0.112210, 0.925244, -0.362398)
     Opos=(0.078547, 0.647671, -0.253678)
     Onormal=(0.112210, 0.925244, -0.362398)}

Vertex 843 0.463836 0.875122 0.137908
    {normal=(0.463836, 0.875122, 0.137908)
     Opos=(0.324685, 0.612585, 0.096536)
     Onormal=(0.463836, 0.875122, 0.137908)}

Vertex 844 0.353421 0.935027 -0.028602
    {normal=(0.353421, 0.935027, -0.028602)
     Opos=(0.247395, 0.654519, -0.020021)
     Onormal=(0.353421, 0.935027, -0.028602)}

Vertex 845 0.359769 0.933030 0.004659
    {normal=(0.359769, 0.933030, 0.004659)
     Opos=(0.251838, 0.653121, 0.003261)
     Onormal=(0.359769, 0.933030, 0.004659)}

Vertex 846 0.325867 0.921977 0.209210
    {normal=(0.325867, 0.921977, 0.209210)
     Opos=(0.228107, 0.645384, 0.146447)
     Onormal=(0.325867, 0.921977, 0.209210)}

Vertex 847 0.328503 0.933359 0.144659
    {normal=(0.328503, 0.933359, 0.144659)
     Opos=(0.229952, 0.653351, 0.101262)
     Onormal=(0.328503, 0.933359, 0.144659)}

Vertex 848 0.219573 0.958139 -0.183732
    {normal=(0.219573, 0.958139, -0.183732)
     Opos=(0.153701, 0.670697, -0.128613)
     Onormal=(0.219573, 0.958139, -0.183732)}

Vertex 849 0.175830 0.976082 -0.127856
    {normal=(0.175830, 0.976082, -0.127856)
     Opos=(0.123081, 0.683258, -0.089499)
     Onormal=(0.175830, 0.976082, -0.127856)}

Vertex 850 0.149834 0.984144 -0.094928
    {normal=(0.149834, 0.984144, -0.094928)
     Opos=(0.104884, 0.688901, -0.066449)
     Onormal=(0.149834, 0.984144, -0.094928)}

Vertex 851 0.037308 0.993525 -0.107313
    {normal=(0.037308, 0.993525, -0.107313)
     Opos=(0.026115, 0.695468, -0.075119)
     Onormal=(0.037308, 0.993525, -0.107313)}

Vertex 852 -0.059483 0.988289 -0.140521
    {normal=(-0.059483, 0.988289, -0.140521)
     Opos=(-0.041638, 0.691802, -0.098365)
     Onormal=(-0.059483, 0.988289, -0.140521)}

Vertex 853 0.075706 0.996651 0.030901
    {normal=(0.075706, 0.996651, 0.030901)
     Opos=(0.052994, 0.697656, 0.021631)
     Onormal=(0.075706, 0.996651, 0.030901)}

Vertex 854 0.192618 0.968008 0.160810
    {normal=(0.192618, 0.968008, 0.160810)
     Opos=(0.134833, 0.677605, 0.112567)
     Onormal=(0.192618, 0.968008, 0.160810)}

Vertex 855 0.282234 0.955758 0.082891
    {normal=(0.282234, 0.955758, 0.082891)
     Opos=(0.197564, 0.669031, 0.058024)
     Onormal=(0.282234, 0.955758, 0.082891)}

Vertex 856 0.251944 0.966859 0.041321
    {normal=(0.251944, 0.966859, 0.041321)
     Opos=(0.176361, 0.676802, 0.028925)
     Onormal=(0.251944, 0.966859, 0.041321)}

Vertex 857 0.317463 0.948269 -0.001559
    {normal=(0.317463, 0.948269, -0.001559)
     Opos=(0.222224, 0.663789, -0.001091)
     Onormal=(0.317463, 0.948269, -0.001559)}

Vertex 858 0.280470 0.959223 -0.035034
    {normal=(0.280470, 0.959223, -0.035034)
     Opos=(0.196329, 0.671456, -0.024523)
     Onormal=(0.280470, 0.959223, -0.035034)}

Vertex 859 0.164246 0.985836 -0.033927
    {normal=(0.164246, 0.985836, -0.033927)
     Opos=(0.114972, 0.690085, -0.023749)
     Onormal=(0.164246, 0.985836, -0.033927)}

Vertex 860 0.240923 0.965078 0.102859
    {normal=(0.240923, 0.965078, 0.102859)
     Opos=(0.168646, 0.675555, 0.072002)
     Onormal=(0.240923, 0.965078, 0.102859)}

Vertex 861 0.157961 0.986943 0.031505
    {normal=(0.157961, 0.986943, 0.031505)
     Opos=(0.110573, 0.690860, 0.022054)
     Onormal=(0.157961, 0.986943, 0.031505)}

Vertex 862 0.130334 0.991263 -0.020284
    {normal=(0.130334, 0.991263, -0.020284)
     Opos=(0.091234, 0.693884, -0.014199)
     Onormal=(0.130334, 0.991263, -0.020284)}

Vertex 863 0.151771 0.959159 0.238704
    {normal=(0.151771, 0.959159, 0.238704)
     Opos=(0.106239, 0.671411, 0.167093)
     Onormal=(0.151771, 0.959159, 0.238704)}

Vertex 864 0.090590 0.976464 0.195732
    {normal=(0.090590, 0.976464, 0.195732)
     Opos=(0.063413, 0.683525, 0.137012)
     Onormal=(0.090590, 0.976464, 0.195732)}

Vertex 865 0.016631 0.990552 0.136128
    {normal=(0.016631, 0.990552, 0.136128)
     Opos=(0.011642, 0.693386, 0.095290)
     Onormal=(0.016631, 0.990552, 0.136128)}

Vertex 866 0.026047 0.974140 0.224437
    {normal=(0.026047, 0.974140, 0.224437)
     Opos=(0.018233, 0.681898, 0.157106)
     Onormal=(0.026047, 0.974140, 0.224437)}

Vertex 867 -0.036637 0.983050 0.179637
    {normal=(-0.036637, 0.983050, 0.179637)
     Opos=(-0.025646, 0.688135, 0.125746)
     Onormal=(-0.036637, 0.983050, 0.179637)}

Vertex 868 -0.019278 0.963627 0.266553
    {normal=(-0.019278, 0.963627, 0.266553)
     Opos=(-0.013495, 0.674539, 0.186587)
     Onormal=(-0.019278, 0.963627, 0.266553)}

Vertex 869 -0.937464 0.239538 0.252554
    {normal=(-0.937464, 0.239538, 0.252554)
     Opos=(-0.656225, 0.167677, 0.176788)
     Onormal=(-0.937464, 0.239538, 0.252554)}

Vertex 870 -0.877797 0.176725 0.445242
    {normal=(-0.877797, 0.176725, 0.445242)
     Opos=(-0.614458, 0.123707, 0.311670)
     Onormal=(-0.877797, 0.176725, 0.445242)}

Vertex 871 -0.864626 0.276082 0.419763
    {normal=(-0.864626, 0.276082, 0.419763)
     Opos=(-0.605238, 0.193257, 0.293834)
     Onormal=(-0.864626, 0.276082, 0.419763)}

Vertex 872 -0.838710 0.224158 0.496305
    {normal=(-0.838710, 0.224158, 0.496305)
     Opos=(-0.587097, 0.156910, 0.347414)
     Onormal=(-0.838710, 0.224158, 0.496305)}

Vertex 873 -0.728561 0.267107 0.630756
    {normal=(-0.728561, 0.267107, 0.630756)
     Opos=(-0.509993, 0.186975, 0.441529)
     Onormal=(-0.728561, 0.267107, 0.630756)}

Vertex 874 -0.766402 0.294617 0.570814
    {normal=(-0.766402, 0.294617, 0.570814)
     Opos=(-0.536482, 0.206232, 0.399570)
     Onormal=(-0.766402, 0.294617, 0.570814)}

Vertex 875 -0.696593 0.342735 0.630310
    {normal=(-0.696593, 0.342735, 0.630310)
     Opos=(-0.487615, 0.239915, 0.441217)
     Onormal=(-0.696593, 0.342735, 0.630310)}

Vertex 876 -0.702066 0.443785 0.556919
    {normal=(-0.702066, 0.443785, 0.556919)
     Opos=(-0.491446, 0.310650, 0.389843)
     Onormal=(-0.702066, 0.443785, 0.556919)}

Vertex 877 -0.806433 0.530009 0.262214
    {normal=(-0.806433, 0.530009, 0.262214)
     Opos=(-0.564503, 0.371006, 0.183550)
     Onormal=(-0.806433, 0.530009, 0.262214)}

Vertex 878 -0.827068 0.470340 0.307795
    {normal=(-0.827068, 0.470340, 0.307795)
     Opos=(-0.578948, 0.329238, 0.215457)
     Onormal=(-0.827068, 0.470340, 0.307795)}

Vertex 879 -0.897679 0.328044 0.294211
    {normal=(-0.897679, 0.328044, 0.294211)
     Opos=(-0.628375, 0.229631, 0.205947)
     Onormal=(-0.897679, 0.328044, 0.294211)}

Vertex 880 -0.853883 0.357651 0.378114
    {normal=(-0.853883, 0.357651, 0.378114)
     Opos=(-0.597718, 0.250356, 0.264680)
     Onormal=(-0.853883, 0.357651, 0.378114)}

Vertex 881 -0.827703 0.384457 0.408779
    {normal=(-0.827703, 0.384457, 0.408779)
     Opos=(-0.579392, 0.269120, 0.286145)
     Onormal=(-0.827703, 0.384457, 0.408779)}

Vertex 882 -0.785658 0.587263 0.194584
    {normal=(-0.785658, 0.587263, 0.194584)
     Opos=(-0.549961, 0.411084, 0.136209)
     Onormal=(-0.785658, 0.587263, 0.194584)}

Vertex 883 -0.768253 0.510682 0.385993
    {normal=(-0.768253, 0.510682, 0.385993)
     Opos=(-0.537777, 0.357477, 0.270195)
     Onormal=(-0.768253, 0.510682, 0.385993)}

Vertex 884 -0.765976 0.589769 0.255838
    {normal=(-0.765976, 0.589769, 0.255838)
     Opos=(-0.536183, 0.412839, 0.179086)
     Onormal=(-0.765976, 0.589769, 0.255838)}

Vertex 885 -0.771302 0.544862 0.328965
    {normal=(-0.771302, 0.544862, 0.328965)
     Opos=(-0.539912, 0.381404, 0.230276)
     Onormal=(-0.771302, 0.544862, 0.328965)}

Vertex 886 -0.712059 0.657633 0.245949
    {normal=(-0.712059, 0.657633, 0.245949)
     Opos=(-0.498441, 0.460343, 0.172165)
     Onormal=(-0.712059, 0.657633, 0.245949)}

Vertex 887 -0.659975 0.680302 0.318783
    {normal=(-0.659975, 0.680302, 0.318783)
     Opos=(-0.461982, 0.476211, 0.223148)
     Onormal=(-0.659975, 0.680302, 0.318783)}

Vertex 888 -0.680148 0.700957 0.214611
    {normal=(-0.680148, 0.700957, 0.214611)
     Opos=(-0.476104, 0.490670, 0.150228)
     Onormal=(-0.680148, 0.700957, 0.214611)}

Vertex 889 -0.628985 0.752946 0.193521
    {normal=(-0.628985, 0.752946, 0.193521)
     Opos=(-0.440290, 0.527062, 0.135465)
     Onormal=(-0.628985, 0.752946, 0.193521)}

Vertex 890 -0.568423 0.315328 0.759911
    {normal=(-0.568423, 0.315328, 0.759911)
     Opos=(-0.397896, 0.220729, 0.531937)
     Onormal=(-0.568423, 0.315328, 0.759911)}

Vertex 891 -0.540022 0.256397 0.801646
    {normal=(-0.540022, 0.256397, 0.801646)
     Opos=(-0.378015, 0.179478, 0.561153)
     Onormal=(-0.540022, 0.256397, 0.801646)}

Vertex 892 -0.525792 0.371052 0.765417
    {normal=(-0.525792, 0.371052, 0.765417)
     Opos=(-0.368055, 0.259737, 0.535792)
     Onormal=(-0.525792, 0.371052, 0.765417)}

Vertex 893 -0.379593 0.229273 0.896294
    {normal=(-0.379593, 0.229273, 0.896294)
     Opos=(-0.265715, 0.160491, 0.627406)
     Onormal=(-0.379593, 0.229273, 0.896294)}

Vertex 894 -0.256915 0.204810 0.944483
    {normal=(-0.256915, 0.204810, 0.944483)
     Opos=(-0.179840, 0.143367, 0.661138)
     Onormal=(-0.256915, 0.204810, 0.944483)}

Vertex 895 -0.343074 0.274388 0.898338
    {normal=(-0.343074, 0.274388, 0.898338)
     Opos=(-0.240152, 0.192072, 0.628837)
     Onormal=(-0.343074, 0.274388, 0.898338)}

Vertex 896 -0.492249 0.333360 0.804091
    {normal=(-0.492249, 0.333360, 0.804091)
     Opos=(-0.344574, 0.233352, 0.562864)
     Onormal=(-0.492249, 0.333360, 0.804091)}

Vertex 897 -0.357260 0.470455 0.806869
    {normal=(-0.357260, 0.470455, 0.806869)
     Opos=(-0.250082, 0.329319, 0.564808)
     Onormal=(-0.357260, 0.470455, 0.806869)}

Vertex 898 0.000789 0.259222 0.965818
    {normal=(0.000789, 0.259222, 0.965818)
     Opos=(0.000552, 0.181455, 0.676072)
     Onormal=(0.000789, 0.259222, 0.965818)}

Vertex 899 -0.077995 0.282508 0.956089
    {normal=(-0.077995, 0.282508, 0.956089)
     Opos=(-0.054597, 0.197756, 0.669262)
     Onormal=(-0.077995, 0.282508, 0.956089)}

Vertex 900 -0.229059 0.507669 0.830545
    {normal=(-0.229059, 0.507669, 0.830545)
     Opos=(-0.160342, 0.355368, 0.581381)
     Onormal=(-0.229059, 0.507669, 0.830545)}

Vertex 901 -0.332217 0.383316 0.861801
    {normal=(-0.332217, 0.383316, 0.861801)
     Opos=(-0.232552, 0.268321, 0.603261)
     Onormal=(-0.332217, 0.383316, 0.861801)}

Vertex 902 -0.318888 0.328931 0.888884
    {normal=(-0.318888, 0.328931, 0.888884)
     Opos=(-0.223221, 0.230251, 0.622219)
     Onormal=(-0.318888, 0.328931, 0.888884)}

Vertex 903 -0.234074 0.293208 0.926951
    {normal=(-0.234074, 0.293208, 0.926951)
     Opos=(-0.163852, 0.205246, 0.648866)
     Onormal=(-0.234074, 0.293208, 0.926951)}

Vertex 904 -0.221236 0.237548 0.945846
    {normal=(-0.221236, 0.237548, 0.945846)
     Opos=(-0.154865, 0.166284, 0.662092)
     Onormal=(-0.221236, 0.237548, 0.945846)}

Vertex 905 -0.094200 0.338819 0.936124
    {normal=(-0.094200, 0.338819, 0.936124)
     Opos=(-0.065940, 0.237173, 0.655287)
     Onormal=(-0.094200, 0.338819, 0.936124)}

Vertex 906 -0.241308 0.356935 0.902423
    {normal=(-0.241308, 0.356935, 0.902423)
     Opos=(-0.168916, 0.249855, 0.631696)
     Onormal=(-0.241308, 0.356935, 0.902423)}

Vertex 907 -0.246279 0.567552 0.785641
    {normal=(-0.246279, 0.567552, 0.785641)
     Opos=(-0.172395, 0.397286, 0.549949)
     Onormal=(-0.246279, 0.567552, 0.785641)}

Vertex 908 -0.044834 0.608318 0.792426
    {normal=(-0.044834, 0.608318, 0.792426)
     Opos=(-0.031383, 0.425822, 0.554698)
     Onormal=(-0.044834, 0.608318, 0.792426)}

Vertex 909 -0.584749 0.753461 0.300609
    {normal=(-0.584749, 0.753461, 0.300609)
     Opos=(-0.409324, 0.527423, 0.210426)
     Onormal=(-0.584749, 0.753461, 0.300609)}

Vertex 910 -0.637405 0.585960 0.500366
    {normal=(-0.637405, 0.585960, 0.500366)
     Opos=(-0.446183, 0.410172, 0.350256)
     Onormal=(-0.637405, 0.585960, 0.500366)}

Vertex 911 -0.600167 0.722600 0.343000
    {normal=(-0.600167, 0.722600, 0.343000)
     Opos=(-0.420117, 0.505820, 0.240100)
     Onormal=(-0.600167, 0.722600, 0.343000)}

Vertex 912 -0.577937 0.700493 0.418687
    {normal=(-0.577937, 0.700493, 0.418687)
     Opos=(-0.404556, 0.490345, 0.293081)
     Onormal=(-0.577937, 0.700493, 0.418687)}

Vertex 913 -0.585849 0.656748 0.474830
    {normal=(-0.585849, 0.656748, 0.474830)
     Opos=(-0.410094, 0.459724, 0.332381)
     Onormal=(-0.585849, 0.656748, 0.474830)}

Vertex 914 -0.490302 0.730504 0.475360
    {normal=(-0.490302, 0.730504, 0.475360)
     Opos=(-0.343211, 0.511353, 0.332752)
     Onormal=(-0.490302, 0.730504, 0.475360)}

Vertex 915 -0.449198 0.726953 0.519384
    {normal=(-0.449198, 0.726953, 0.519384)
     Opos=(-0.314439, 0.508867, 0.363569)
     Onormal=(-0.449198, 0.726953, 0.519384)}

Vertex 916 -0.676978 0.514333 0.526462
    {normal=(-0.676978, 0.514333, 0.526462)
     Opos=(-0.473885, 0.360033, 0.368524)
     Onormal=(-0.676978, 0.514333, 0.526462)}

Vertex 917 -0.587994 0.385042 0.711340
    {normal=(-0.587994, 0.385042, 0.711340)
     Opos=(-0.411596, 0.269530, 0.497938)
     Onormal=(-0.587994, 0.385042, 0.711340)}

Vertex 918 -0.564279 0.495640 0.660249
    {normal=(-0.564279, 0.495640, 0.660249)
     Opos=(-0.394996, 0.346948, 0.462175)
     Onormal=(-0.564279, 0.495640, 0.660249)}

Vertex 919 -0.633946 0.407188 0.657503
    {normal=(-0.633946, 0.407188, 0.657503)
     Opos=(-0.443763, 0.285032, 0.460252)
     Onormal=(-0.633946, 0.407188, 0.657503)}

Vertex 920 -0.500308 0.509437 0.700118
    {normal=(-0.500308, 0.509437, 0.700118)
     Opos=(-0.350216, 0.356606, 0.490083)
     Onormal=(-0.500308, 0.509437, 0.700118)}

Vertex 921 -0.403358 0.693229 0.597273
    {normal=(-0.403358, 0.693229, 0.597273)
     Opos=(-0.282351, 0.485261, 0.418091)
     Onormal=(-0.403358, 0.693229, 0.597273)}

Vertex 922 -0.623477 0.551334 0.554354
    {normal=(-0.623477, 0.551334, 0.554354)
     Opos=(-0.436434, 0.385934, 0.388048)
     Onormal=(-0.623477, 0.551334, 0.554354)}

Vertex 923 -0.466109 0.581777 0.666542
    {normal=(-0.466109, 0.581777, 0.666542)
     Opos=(-0.326276, 0.407244, 0.466579)
     Onormal=(-0.466109, 0.581777, 0.666542)}

Vertex 924 -0.346795 0.676566 0.649609
    {normal=(-0.346795, 0.676566, 0.649609)
     Opos=(-0.242757, 0.473596, 0.454726)
     Onormal=(-0.346795, 0.676566, 0.649609)}

Vertex 925 -0.335222 0.733857 0.590831
    {normal=(-0.335222, 0.733857, 0.590831)
     Opos=(-0.234655, 0.513700, 0.413582)
     Onormal=(-0.335222, 0.733857, 0.590831)}

Vertex 926 -0.243549 0.606213 0.757093
    {normal=(-0.243549, 0.606213, 0.757093)
     Opos=(-0.170485, 0.424349, 0.529965)
     Onormal=(-0.243549, 0.606213, 0.757093)}

Vertex 927 -0.216292 0.712563 0.667436
    {normal=(-0.216292, 0.712563, 0.667436)
     Opos=(-0.151404, 0.498794, 0.467206)
     Onormal=(-0.216292, 0.712563, 0.667436)}

Vertex 928 -0.536290 0.767159 0.351938
    {normal=(-0.536290, 0.767159, 0.351938)
     Opos=(-0.375403, 0.537011, 0.246357)
     Onormal=(-0.536290, 0.767159, 0.351938)}

Vertex 929 -0.425372 0.804102 0.415305
    {normal=(-0.425372, 0.804102, 0.415305)
     Opos=(-0.297761, 0.562871, 0.290714)
     Onormal=(-0.425372, 0.804102, 0.415305)}

Vertex 930 -0.338261 0.809096 0.480565
    {normal=(-0.338261, 0.809096, 0.480565)
     Opos=(-0.236783, 0.566367, 0.336396)
     Onormal=(-0.338261, 0.809096, 0.480565)}

Vertex 931 -0.458131 0.848792 0.263946
    {normal=(-0.458131, 0.848792, 0.263946)
     Opos=(-0.320692, 0.594155, 0.184762)
     Onormal=(-0.458131, 0.848792, 0.263946)}

Vertex 932 -0.410976 0.843953 0.344735
    {normal=(-0.410976, 0.843953, 0.344735)
     Opos=(-0.287683, 0.590767, 0.241314)
     Onormal=(-0.410976, 0.843953, 0.344735)}

Vertex 933 -0.460861 0.809610 0.363509
    {normal=(-0.460861, 0.809610, 0.363509)
     Opos=(-0.322603, 0.566727, 0.254456)
     Onormal=(-0.460861, 0.809610, 0.363509)}

Vertex 934 -0.397838 0.832542 0.385486
    {normal=(-0.397838, 0.832542, 0.385486)
     Opos=(-0.278486, 0.582779, 0.269840)
     Onormal=(-0.397838, 0.832542, 0.385486)}

Vertex 935 -0.381332 0.888727 0.254459
    {normal=(-0.381332, 0.888727, 0.254459)
     Opos=(-0.266933, 0.622109, 0.178121)
     Onormal=(-0.381332, 0.888727, 0.254459)}

Vertex 936 -0.292731 0.869418 0.398022
    {normal=(-0.292731, 0.869418, 0.398022)
     Opos=(-0.204911, 0.608593, 0.278615)
     Onormal=(-0.292731, 0.869418, 0.398022)}

Vertex 937 -0.324866 0.907283 0.267020
    {normal=(-0.324866, 0.907283, 0.267020)
     Opos=(-0.227406, 0.635098, 0.186914)
     Onormal=(-0.324866, 0.907283, 0.267020)}

Vertex 938 -0.319383 0.896227 0.307851
    {normal=(-0.319383, 0.896227, 0.307851)
     Opos=(-0.223568, 0.627359, 0.215495)
     Onormal=(-0.319383, 0.896227, 0.307851)}

Vertex 939 -0.320797 0.779550 0.537951
    {normal=(-0.320797, 0.779550, 0.537951)
     Opos=(-0.224558, 0.545685, 0.376566)
     Onormal=(-0.320797, 0.779550, 0.537951)}

Vertex 940 -0.111262 0.828171 0.549321
    {normal=(-0.111262, 0.828171, 0.549321)
     Opos=(-0.077883, 0.579720, 0.384525)
     Onormal=(-0.111262, 0.828171, 0.549321)}

Vertex 941 -0.131144 0.860637 0.492041
    {normal=(-0.131144, 0.860637, 0.492041)
     Opos=(-0.091801, 0.602446, 0.344429)
     Onormal=(-0.131144, 0.860637, 0.492041)}

Vertex 942 -0.035392 0.850568 0.524672
    {normal=(-0.035392, 0.850568, 0.524672)
     Opos=(-0.024774, 0.595398, 0.367271)
     Onormal=(-0.035392, 0.850568, 0.524672)}

Vertex 943 -0.238283 0.896634 0.373187
    {normal=(-0.238283, 0.896634, 0.373187)
     Opos=(-0.166798, 0.627644, 0.261231)
     Onormal=(-0.238283, 0.896634, 0.373187)}

Vertex 944 -0.206367 0.932868 0.295245
    {normal=(-0.206367, 0.932868, 0.295245)
     Opos=(-0.144457, 0.653008, 0.206671)
     Onormal=(-0.206367, 0.932868, 0.295245)}

Vertex 945 -0.066310 0.949302 0.307293
    {normal=(-0.066310, 0.949302, 0.307293)
     Opos=(-0.046417, 0.664511, 0.215105)
     Onormal=(-0.066310, 0.949302, 0.307293)}

Vertex 946 -0.960342 0.186357 0.207400
    {normal=(-0.960342, 0.186357, 0.207400)
     Opos=(-0.672239, 0.130450, 0.145180)
     Onormal=(-0.960342, 0.186357, 0.207400)}

Vertex 947 -0.993877 -0.018212 0.108981
    {normal=(-0.993877, -0.018212, 0.108981)
     Opos=(-0.695714, -0.012749, 0.076287)
     Onormal=(-0.993877, -0.018212, 0.108981)}

Vertex 948 -0.963712 0.031814 0.265041
    {normal=(-0.963712, 0.031814, 0.265041)
     Opos=(-0.674599, 0.022270, 0.185528)
     Onormal=(-0.963712, 0.031814, 0.265041)}

Vertex 949 -0.944296 -0.212569 0.251238
    {normal=(-0.944296, -0.212569, 0.251238)
     Opos=(-0.661007, -0.148798, 0.175867)
     Onormal=(-0.944296, -0.212569, 0.251238)}

Vertex 950 -0.921558 -0.359838 0.145767
    {normal=(-0.921558, -0.359838, 0.145767)
     Opos=(-0.645090, -0.251887, 0.102037)
     Onormal=(-0.921558, -0.359838, 0.145767)}

Vertex 951 -0.890975 -0.407941 0.199368
    {normal=(-0.890975, -0.407941, 0.199368)
     Opos=(-0.623683, -0.285558, 0.139557)
     Onormal=(-0.890975, -0.407941, 0.199368)}

Vertex 952 -0.899390 -0.316266 0.301783
    {normal=(-0.899390, -0.316266, 0.301783)
     Opos=(-0.629573, -0.221386, 0.211248)
     Onormal=(-0.899390, -0.316266, 0.301783)}

Vertex 953 -0.924314 -0.172651 0.340347
    {normal=(-0.924314, -0.172651, 0.340347)
     Opos=(-0.647020, -0.120856, 0.238243)
     Onormal=(-0.924314, -0.172651, 0.340347)}

Vertex 954 -0.861435 -0.209673 0.462565
    {normal=(-0.861435, -0.209673, 0.462565)
     Opos=(-0.603005, -0.146771, 0.323796)
     Onormal=(-0.861435, -0.209673, 0.462565)}

Vertex 955 -0.814999 -0.277548 0.508668
    {normal=(-0.814999, -0.277548, 0.508668)
     Opos=(-0.570499, -0.194283, 0.356068)
     Onormal=(-0.814999, -0.277548, 0.508668)}

Vertex 956 -0.897315 0.035447 0.439966
    {normal=(-0.897315, 0.035447, 0.439966)
     Opos=(-0.628120, 0.024813, 0.307976)
     Onormal=(-0.897315, 0.035447, 0.439966)}

Vertex 957 -0.913030 -0.027828 0.406942
    {normal=(-0.913030, -0.027828, 0.406942)
     Opos=(-0.639121, -0.019479, 0.284860)
     Onormal=(-0.913030, -0.027828, 0.406942)}

Vertex 958 -0.945703 -0.059838 0.319477
    {normal=(-0.945703, -0.059838, 0.319477)
     Opos=(-0.661992, -0.041887, 0.223634)
     Onormal=(-0.945703, -0.059838, 0.319477)}

Vertex 959 -0.862770 -0.008189 0.505530
    {normal=(-0.862770, -0.008189, 0.505530)
     Opos=(-0.603939, -0.005733, 0.353871)
     Onormal=(-0.862770, -0.008189, 0.505530)}

Vertex 960 -0.838255 -0.078755 0.539561
    {normal=(-0.838255, -0.078755, 0.539561)
     Opos=(-0.586779, -0.055128, 0.377692)
     Onormal=(-0.838255, -0.078755, 0.539561)}

Vertex 961 -0.806171 -0.034927 0.590651
    {normal=(-0.806171, -0.034927, 0.590651)
     Opos=(-0.564319, -0.024449, 0.413456)
     Onormal=(-0.806171, -0.034927, 0.590651)}

Vertex 962 -0.810867 0.011115 0.585125
    {normal=(-0.810867, 0.011115, 0.585125)
     Opos=(-0.567607, 0.007781, 0.409588)
     Onormal=(-0.810867, 0.011115, 0.585125)}

Vertex 963 -0.834771 0.156995 0.527740
    {normal=(-0.834771, 0.156995, 0.527740)
     Opos=(-0.584340, 0.109896, 0.369418)
     Onormal=(-0.834771, 0.156995, 0.527740)}

Vertex 964 -0.750763 0.113890 0.650680
    {normal=(-0.750763, 0.113890, 0.650680)
     Opos=(-0.525534, 0.079723, 0.455476)
     Onormal=(-0.750763, 0.113890, 0.650680)}

Vertex 965 -0.788631 -0.576108 0.214852
    {normal=(-0.788631, -0.576108, 0.214852)
     Opos=(-0.552041, -0.403275, 0.150396)
     Onormal=(-0.788631, -0.576108, 0.214852)}

Vertex 966 -0.723010 -0.672595 0.157710
    {normal=(-0.723010, -0.672595, 0.157710)
     Opos=(-0.506107, -0.470816, 0.110397)
     Onormal=(-0.723010, -0.672595, 0.157710)}

Vertex 967 -0.692936 -0.681982 0.233964
    {normal=(-0.692936, -0.681982, 0.233964)
     Opos=(-0.485056, -0.477388, 0.163775)
     Onormal=(-0.692936, -0.681982, 0.233964)}

Vertex 968 -0.684791 -0.666207 0.295346
    {normal=(-0.684791, -0.666207, 0.295346)
     Opos=(-0.479354, -0.466345, 0.206742)
     Onormal=(-0.684791, -0.666207, 0.295346)}

Vertex 969 -0.566496 -0.807886 0.162489
    {normal=(-0.566496, -0.807886, 0.162489)
     Opos=(-0.396547, -0.565520, 0.113742)
     Onormal=(-0.566496, -0.807886, 0.162489)}

Vertex 970 -0.565651 -0.783145 0.258308
    {normal=(-0.565651, -0.783145, 0.258308)
     Opos=(-0.395956, -0.548201, 0.180816)
     Onormal=(-0.565651, -0.783145, 0.258308)}

Vertex 971 -0.417274 -0.855856 0.305601
    {normal=(-0.417274, -0.855856, 0.305601)
     Opos=(-0.292092, -0.599100, 0.213921)
     Onormal=(-0.417274, -0.855856, 0.305601)}

Vertex 972 -0.466900 -0.801550 0.373526
    {normal=(-0.466900, -0.801550, 0.373526)
     Opos=(-0.326830, -0.561085, 0.261468)
     Onormal=(-0.466900, -0.801550, 0.373526)}

Vertex 973 -0.643886 -0.688607 0.333513
    {normal=(-0.643886, -0.688607, 0.333513)
     Opos=(-0.450720, -0.482025, 0.233459)
     Onormal=(-0.643886, -0.688607, 0.333513)}

Vertex 974 -0.520349 -0.785532 0.334928
    {normal=(-0.520349, -0.785532, 0.334928)
     Opos=(-0.364244, -0.549872, 0.234450)
     Onormal=(-0.520349, -0.785532, 0.334928)}

Vertex 975 -0.556945 -0.687760 0.465617
    {normal=(-0.556945, -0.687760, 0.465617)
     Opos=(-0.389861, -0.481432, 0.325932)
     Onormal=(-0.556945, -0.687760, 0.465617)}

Vertex 976 -0.503420 -0.703187 0.502093
    {normal=(-0.503420, -0.703187, 0.502093)
     Opos=(-0.352394, -0.492231, 0.351465)
     Onormal=(-0.503420, -0.703187, 0.502093)}

Vertex 977 -0.596527 -0.627921 0.499871
    {normal=(-0.596527, -0.627921, 0.499871)
     Opos=(-0.417569, -0.439545, 0.349910)
     Onormal=(-0.596527, -0.627921, 0.499871)}

Vertex 978 -0.527455 -0.646742 0.550923
    {normal=(-0.527455, -0.646742, 0.550923)
     Opos=(-0.369218, -0.452719, 0.385646)
     Onormal=(-0.527455, -0.646742, 0.550923)}

Vertex 979 -0.490612 -0.613522 0.618782
    {normal=(-0.490612, -0.613522, 0.618782)
     Opos=(-0.343429, -0.429465, 0.433147)
     Onormal=(-0.490612, -0.613522, 0.618782)}

Vertex 980 -0.274723 -0.953437 0.124442
    {normal=(-0.274723, -0.953437, 0.124442)
     Opos=(-0.192306, -0.667406, 0.087109)
     Onormal=(-0.274723, -0.953437, 0.124442)}

Vertex 981 -0.303751 -0.921608 0.241607
    {normal=(-0.303751, -0.921608, 0.241607)
     Opos=(-0.212625, -0.645126, 0.169125)
     Onormal=(-0.303751, -0.921608, 0.241607)}

Vertex 982 -0.222619 -0.950833 0.215308
    {normal=(-0.222619, -0.950833, 0.215308)
     Opos=(-0.155833, -0.665583, 0.150716)
     Onormal=(-0.222619, -0.950833, 0.215308)}

Vertex 983 -0.133085 -0.925062 0.355736
    {normal=(-0.133085, -0.925062, 0.355736)
     Opos=(-0.093160, -0.647544, 0.249015)
     Onormal=(-0.133085, -0.925062, 0.355736)}

Vertex 984 -0.412992 -0.775498 0.477536
    {normal=(-0.412992, -0.775498, 0.477536)
     Opos=(-0.289095, -0.542849, 0.334275)
     Onormal=(-0.412992, -0.775498, 0.477536)}

Vertex 985 -0.180924 -0.878876 0.441411
    {normal=(-0.180924, -0.878876, 0.441411)
     Opos=(-0.126647, -0.615213, 0.308988)
     Onormal=(-0.180924, -0.878876, 0.441411)}

Vertex 986 -0.333501 -0.678693 0.654334
    {normal=(-0.333501, -0.678693, 0.654334)
     Opos=(-0.233451, -0.475085, 0.458034)
     Onormal=(-0.333501, -0.678693, 0.654334)}

Vertex 987 -0.357271 -0.586759 0.726685
    {normal=(-0.357271, -0.586759, 0.726685)
     Opos=(-0.250090, -0.410732, 0.508679)
     Onormal=(-0.357271, -0.586759, 0.726685)}

Vertex 988 -0.101811 -0.757788 0.644509
    {normal=(-0.101811, -0.757788, 0.644509)
     Opos=(-0.071268, -0.530452, 0.451156)
     Onormal=(-0.101811, -0.757788, 0.644509)}

Vertex 989 -0.172579 -0.608061 0.774906
    {normal=(-0.172579, -0.608061, 0.774906)
     Opos=(-0.120805, -0.425642, 0.542434)
     Onormal=(-0.172579, -0.608061, 0.774906)}

Vertex 990 -0.200950 -0.713928 0.670765
    {normal=(-0.200950, -0.713928, 0.670765)
     Opos=(-0.140665, -0.499749, 0.469536)
     Onormal=(-0.200950, -0.713928, 0.670765)}

Vertex 991 -0.676870 0.058595 0.733766
    {normal=(-0.676870, 0.058595, 0.733766)
     Opos=(-0.473809, 0.041017, 0.513636)
     Onormal=(-0.676870, 0.058595, 0.733766)}

Vertex 992 -0.771648 -0.016567 0.635834
    {normal=(-0.771648, -0.016567, 0.635834)
     Opos=(-0.540154, -0.011597, 0.445084)
     Onormal=(-0.771648, -0.016567, 0.635834)}

Vertex 993 -0.742701 -0.123365 0.658162
    {normal=(-0.742701, -0.123365, 0.658162)
     Opos=(-0.519891, -0.086355, 0.460713)
     Onormal=(-0.742701, -0.123365, 0.658162)}

Vertex 994 -0.684780 -0.128927 0.717254
    {normal=(-0.684780, -0.128927, 0.717254)
     Opos=(-0.479346, -0.090249, 0.502078)
     Onormal=(-0.684780, -0.128927, 0.717254)}

Vertex 995 -0.667848 -0.201451 0.716517
    {normal=(-0.667848, -0.201451, 0.716517)
     Opos=(-0.467494, -0.141016, 0.501562)
     Onormal=(-0.667848, -0.201451, 0.716517)}

Vertex 996 -0.637375 -0.026098 0.770112
    {normal=(-0.637375, -0.026098, 0.770112)
     Opos=(-0.446162, -0.018268, 0.539078)
     Onormal=(-0.637375, -0.026098, 0.770112)}

Vertex 997 -0.581707 -0.100721 0.807138
    {normal=(-0.581707, -0.100721, 0.807138)
     Opos=(-0.407195, -0.070505, 0.564997)
     Onormal=(-0.581707, -0.100721, 0.807138)}

Vertex 998 -0.499828 -0.113552 0.858649
    {normal=(-0.499828, -0.113552, 0.858649)
     Opos=(-0.349880, -0.079486, 0.601054)
     Onormal=(-0.499828, -0.113552, 0.858649)}

Vertex 999 -0.844149 -0.351606 0.404705
    {normal=(-0.844149, -0.351606, 0.404705)
     Opos=(-0.590904, -0.246124, 0.283293)
     Onormal=(-0.844149, -0.351606, 0.404705)}

Vertex 1000 -0.809055 -0.402308 0.428460
    {normal=(-0.809055, -0.402308, 0.428460)
     Opos=(-0.566339, -0.281616, 0.299922)
     Onormal=(-0.809055, -0.402308, 0.428460)}

Vertex 1001 -0.849891 -0.269036 0.453106
    {normal=(-0.849891, -0.269036, 0.453106)
     Opos=(-0.594924, -0.188325, 0.317174)
     Onormal=(-0.849891, -0.269036, 0.453106)}

Vertex 1002 -0.746284 -0.364188 0.557160
    {normal=(-0.746284, -0.364188, 0.557160)
     Opos=(-0.522399, -0.254931, 0.390012)
     Onormal=(-0.746284, -0.364188, 0.557160)}

Vertex 1003 -0.781346 -0.388829 0.488170
    {normal=(-0.781346, -0.388829, 0.488170)
     Opos=(-0.546942, -0.272180, 0.341719)
     Onormal=(-0.781346, -0.388829, 0.488170)}

Vertex 1004 -0.839062 -0.405877 0.362270
    {normal=(-0.839062, -0.405877, 0.362270)
     Opos=(-0.587343, -0.284114, 0.253589)
     Onormal=(-0.839062, -0.405877, 0.362270)}

Vertex 1005 -0.811145 -0.445574 0.378823
    {normal=(-0.811145, -0.445574, 0.378823)
     Opos=(-0.567802, -0.311902, 0.265176)
     Onormal=(-0.811145, -0.445574, 0.378823)}

Vertex 1006 -0.804474 -0.511621 0.301770
    {normal=(-0.804474, -0.511621, 0.301770)
     Opos=(-0.563132, -0.358134, 0.211239)
     Onormal=(-0.804474, -0.511621, 0.301770)}

Vertex 1007 -0.731274 -0.560113 0.389244
    {normal=(-0.731274, -0.560113, 0.389244)
     Opos=(-0.511892, -0.392079, 0.272471)
     Onormal=(-0.731274, -0.560113, 0.389244)}

Vertex 1008 -0.633806 -0.445573 0.632261
    {normal=(-0.633806, -0.445573, 0.632261)
     Opos=(-0.443664, -0.311901, 0.442583)
     Onormal=(-0.633806, -0.445573, 0.632261)}

Vertex 1009 -0.649816 -0.564003 0.509548
    {normal=(-0.649816, -0.564003, 0.509548)
     Opos=(-0.454871, -0.394802, 0.356684)
     Onormal=(-0.649816, -0.564003, 0.509548)}

Vertex 1010 -0.621729 -0.520977 0.584839
    {normal=(-0.621729, -0.520977, 0.584839)
     Opos=(-0.435210, -0.364684, 0.409387)
     Onormal=(-0.621729, -0.520977, 0.584839)}

Vertex 1011 -0.534166 -0.272891 0.800123
    {normal=(-0.534166, -0.272891, 0.800123)
     Opos=(-0.373916, -0.191024, 0.560086)
     Onormal=(-0.534166, -0.272891, 0.800123)}

Vertex 1012 -0.501179 -0.327465 0.800991
    {normal=(-0.501179, -0.327465, 0.800991)
     Opos=(-0.350825, -0.229226, 0.560693)
     Onormal=(-0.501179, -0.327465, 0.800991)}

Vertex 1013 -0.486981 -0.244445 0.838508
    {normal=(-0.486981, -0.244445, 0.838508)
     Opos=(-0.340887, -0.171111, 0.586956)
     Onormal=(-0.486981, -0.244445, 0.838508)}

Vertex 1014 -0.573145 -0.295071 0.764485
    {normal=(-0.573145, -0.295071, 0.764485)
     Opos=(-0.401202, -0.206549, 0.535140)
     Onormal=(-0.573145, -0.295071, 0.764485)}

Vertex 1015 -0.703447 -0.228142 0.673137
    {normal=(-0.703447, -0.228142, 0.673137)
     Opos=(-0.492413, -0.159699, 0.471196)
     Onormal=(-0.703447, -0.228142, 0.673137)}

Vertex 1016 -0.669359 -0.268733 0.692633
    {normal=(-0.669359, -0.268733, 0.692633)
     Opos=(-0.468551, -0.188113, 0.484843)
     Onormal=(-0.669359, -0.268733, 0.692633)}

Vertex 1017 -0.724805 -0.280651 0.629200
    {normal=(-0.724805, -0.280651, 0.629200)
     Opos=(-0.507363, -0.196456, 0.440440)
     Onormal=(-0.724805, -0.280651, 0.629200)}

Vertex 1018 -0.720315 -0.337197 0.606173
    {normal=(-0.720315, -0.337197, 0.606173)
     Opos=(-0.504220, -0.236038, 0.424321)
     Onormal=(-0.720315, -0.337197, 0.606173)}

Vertex 1019 -0.650561 -0.380678 0.657156
    {normal=(-0.650561, -0.380678, 0.657156)
     Opos=(-0.455393, -0.266474, 0.460009)
     Onormal=(-0.650561, -0.380678, 0.657156)}

Vertex 1020 -0.500721 -0.397867 0.768752
    {normal=(-0.500721, -0.397867, 0.768752)
     Opos=(-0.350505, -0.278507, 0.538126)
     Onormal=(-0.500721, -0.397867, 0.768752)}

Vertex 1021 -0.498720 -0.453225 0.738827
    {normal=(-0.498720, -0.453225, 0.738827)
     Opos=(-0.349104, -0.317257, 0.517179)
     Onormal=(-0.498720, -0.453225, 0.738827)}

Vertex 1022 -0.603997 -0.421785 0.676229
    {normal=(-0.603997, -0.421785, 0.676229)
     Opos=(-0.422798, -0.295249, 0.473360)
     Onormal=(-0.603997, -0.421785, 0.676229)}

Vertex 1023 -0.545037 -0.548740 0.633892
    {normal=(-0.545037, -0.548740, 0.633892)
     Opos=(-0.381526, -0.384118, 0.443724)
     Onormal=(-0.545037, -0.548740, 0.633892)}

Vertex 1024 -0.365692 -0.173992 0.914328
    {normal=(-0.365692, -0.173992, 0.914328)
     Opos=(-0.255985, -0.121795, 0.640030)
     Onormal=(-0.365692, -0.173992, 0.914328)}

Vertex 1025 -0.417433 -0.349323 0.838882
    {normal=(-0.417433, -0.349323, 0.838882)
     Opos=(-0.292203, -0.244526, 0.587218)
     Onormal=(-0.417433, -0.349323, 0.838882)}

Vertex 1026 -0.394971 -0.472021 0.788159
    {normal=(-0.394971, -0.472021, 0.788159)
     Opos=(-0.276480, -0.330415, 0.551711)
     Onormal=(-0.394971, -0.472021, 0.788159)}

Vertex 1027 -0.492451 -0.548045 0.676120
    {normal=(-0.492451, -0.548045, 0.676120)
     Opos=(-0.344716, -0.383632, 0.473284)
     Onormal=(-0.492451, -0.548045, 0.676120)}

Vertex 1028 -0.411811 -0.516316 0.750886
    {normal=(-0.411811, -0.516316, 0.750886)
     Opos=(-0.288268, -0.361421, 0.525620)
     Onormal=(-0.411811, -0.516316, 0.750886)}

Vertex 1029 -0.317542 -0.400002 0.859747
    {normal=(-0.317542, -0.400002, 0.859747)
     Opos=(-0.222279, -0.280002, 0.601823)
     Onormal=(-0.317542, -0.400002, 0.859747)}

Vertex 1030 -0.162668 -0.538924 0.826498
    {normal=(-0.162668, -0.538924, 0.826498)
     Opos=(-0.113868, -0.377247, 0.578549)
     Onormal=(-0.162668, -0.538924, 0.826498)}

Vertex 1031 -0.176325 -0.412965 0.893515
    {normal=(-0.176325, -0.412965, 0.893515)
     Opos=(-0.123428, -0.289075, 0.625461)
     Onormal=(-0.176325, -0.412965, 0.893515)}

Vertex 1032 -0.091821 -0.324563 0.941397
    {normal=(-0.091821, -0.324563, 0.941397)
     Opos=(-0.064274, -0.227194, 0.658978)
     Onormal=(-0.091821, -0.324563, 0.941397)}

Vertex 1033 -0.151212 -0.463691 0.872998
    {normal=(-0.151212, -0.463691, 0.872998)
     Opos=(-0.105848, -0.324583, 0.611099)
     Onormal=(-0.151212, -0.463691, 0.872998)}

Vertex 1034 -0.081372 -0.431205 0.898577
    {normal=(-0.081372, -0.431205, 0.898577)
     Opos=(-0.056960, -0.301844, 0.629004)
     Onormal=(-0.081372, -0.431205, 0.898577)}

Vertex 1035 0.005482 -0.409527 0.912282
    {normal=(0.005482, -0.409527, 0.912282)
     Opos=(0.003837, -0.286669, 0.638597)
     Onormal=(0.005482, -0.409527, 0.912282)}

Vertex 1036 -0.594754 0.217224 0.774003
    {normal=(-0.594754, 0.217224, 0.774003)
     Opos=(-0.416328, 0.152057, 0.541802)
     Onormal=(-0.594754, 0.217224, 0.774003)}

Vertex 1037 -0.495874 0.161592 0.853228
    {normal=(-0.495874, 0.161592, 0.853228)
     Opos=(-0.347112, 0.113114, 0.597259)
     Onormal=(-0.495874, 0.161592, 0.853228)}

Vertex 1038 -0.546696 0.055829 0.835468
    {normal=(-0.546696, 0.055829, 0.835468)
     Opos=(-0.382687, 0.039080, 0.584828)
     Onormal=(-0.546696, 0.055829, 0.835468)}

Vertex 1039 -0.421738 0.000083 0.906718
    {normal=(-0.421738, 0.000083, 0.906718)
     Opos=(-0.295216, 0.000058, 0.634703)
     Onormal=(-0.421738, 0.000083, 0.906718)}

Vertex 1040 -0.482527 0.108841 0.869092
    {normal=(-0.482527, 0.108841, 0.869092)
     Opos=(-0.337769, 0.076188, 0.608364)
     Onormal=(-0.482527, 0.108841, 0.869092)}

Vertex 1041 -0.310418 0.144674 0.939527
    {normal=(-0.310418, 0.144674, 0.939527)
     Opos=(-0.217292, 0.101272, 0.657669)
     Onormal=(-0.310418, 0.144674, 0.939527)}

Vertex 1042 -0.329437 -0.148924 0.932359
    {normal=(-0.329437, -0.148924, 0.932359)
     Opos=(-0.230606, -0.104247, 0.652651)
     Onormal=(-0.329437, -0.148924, 0.932359)}

Vertex 1043 -0.282408 -0.164208 0.945136
    {normal=(-0.282408, -0.164208, 0.945136)
     Opos=(-0.197686, -0.114946, 0.661595)
     Onormal=(-0.282408, -0.164208, 0.945136)}

Vertex 1044 -0.243942 -0.140553 0.959551
    {normal=(-0.243942, -0.140553, 0.959551)
     Opos=(-0.170759, -0.098387, 0.671685)
     Onormal=(-0.243942, -0.140553, 0.959551)}

Vertex 1045 -0.152282 -0.287730 0.945527
    {normal=(-0.152282, -0.287730, 0.945527)
     Opos=(-0.106597, -0.201411, 0.661869)
     Onormal=(-0.152282, -0.287730, 0.945527)}

Vertex 1046 -0.058571 -0.265563 0.962313
    {normal=(-0.058571, -0.265563, 0.962313)
     Opos=(-0.041000, -0.185894, 0.673619)
     Onormal=(-0.058571, -0.265563, 0.962313)}

Vertex 1047 0.006955 -0.310472 0.950557
    {normal=(0.006955, -0.310472, 0.950557)
     Opos=(0.004868, -0.217330, 0.665390)
     Onormal=(0.006955, -0.310472, 0.950557)}

Vertex 1048 -0.017666 -0.252245 0.967502
    {normal=(-0.017666, -0.252245, 0.967502)
     Opos=(-0.012366, -0.176571, 0.677252)
     Onormal=(-0.017666, -0.252245, 0.967502)}

Vertex 1049 -0.116428 -0.141055 0.983132
    {normal=(-0.116428, -0.141055, 0.983132)
     Opos=(-0.081499, -0.098739, 0.688192)
     Onormal=(-0.116428, -0.141055, 0.983132)}

Vertex 1050 -0.137256 -0.222652 0.965188
    {normal=(-0.137256, -0.222652, 0.965188)
     Opos=(-0.096079, -0.155856, 0.675631)
     Onormal=(-0.137256, -0.222652, 0.965188)}

Vertex 1051 -0.171093 -0.098489 0.980320
    {normal=(-0.171093, -0.098489, 0.980320)
     Opos=(-0.119765, -0.068942, 0.686224)
     Onormal=(-0.171093, -0.098489, 0.980320)}

Vertex 1052 -0.063445 -0.107659 0.992161
    {normal=(-0.063445, -0.107659, 0.992161)
     Opos=(-0.044411, -0.075361, 0.694513)
     Onormal=(-0.063445, -0.107659, 0.992161)}

Vertex 1053 -0.199004 0.147463 0.968840
    {normal=(-0.199004, 0.147463, 0.968840)
     Opos=(-0.139303, 0.103224, 0.678188)
     Onormal=(-0.199004, 0.147463, 0.968840)}

Vertex 1054 -0.293876 -0.057927 0.954087
    {normal=(-0.293876, -0.057927, 0.954087)
     Opos=(-0.205713, -0.040549, 0.667861)
     Onormal=(-0.293876, -0.057927, 0.954087)}

Vertex 1055 -0.330602 -0.036911 0.943048
    {normal=(-0.330602, -0.036911, 0.943048)
     Opos=(-0.231422, -0.025838, 0.660134)
     Onormal=(-0.330602, -0.036911, 0.943048)}

Vertex 1056 -0.013506 0.160115 0.987006
    {normal=(-0.013506, 0.160115, 0.987006)
     Opos=(-0.009454, 0.112081, 0.690904)
     Onormal=(-0.013506, 0.160115, 0.987006)}

Vertex 1057 -0.976576 0.202175 -0.073658
    {normal=(-0.976576, 0.202175, -0.073658)
     Opos=(-0.683603, 0.141522, -0.051560)
     Onormal=(-0.976576, 0.202175, -0.073658)}

Vertex 1058 -0.990879 0.126658 0.045996
    {normal=(-0.990879, 0.126658, 0.045996)
     Opos=(-0.693616, 0.088661, 0.032197)
     Onormal=(-0.990879, 0.126658, 0.045996)}

Vertex 1059 -0.948198 0.277990 -0.153759
    {normal=(-0.948198, 0.277990, -0.153759)
     Opos=(-0.663739, 0.194593, -0.107631)
     Onormal=(-0.948198, 0.277990, -0.153759)}

Vertex 1060 -0.896580 0.227723 -0.379851
    {normal=(-0.896580, 0.227723, -0.379851)
     Opos=(-0.627606, 0.159406, -0.265896)
     Onormal=(-0.896580, 0.227723, -0.379851)}

Vertex 1061 -0.888564 0.166244 -0.427571
    {normal=(-0.888564, 0.166244, -0.427571)
     Opos=(-0.621995, 0.116370, -0.299300)
     Onormal=(-0.888564, 0.166244, -0.427571)}

Vertex 1062 -0.806386 0.242595 -0.539342
    {normal=(-0.806386, 0.242595, -0.539342)
     Opos=(-0.564470, 0.169817, -0.377539)
     Onormal=(-0.806386, 0.242595, -0.539342)}

Vertex 1063 -0.912169 0.046677 -0.407146
    {normal=(-0.912169, 0.046677, -0.407146)
     Opos=(-0.638519, 0.032674, -0.285002)
     Onormal=(-0.912169, 0.046677, -0.407146)}

Vertex 1064 -0.898118 0.100232 -0.428180
    {normal=(-0.898118, 0.100232, -0.428180)
     Opos=(-0.628683, 0.070162, -0.299726)
     Onormal=(-0.898118, 0.100232, -0.428180)}

Vertex 1065 -0.880693 0.065886 -0.469084
    {normal=(-0.880693, 0.065886, -0.469084)
     Opos=(-0.616485, 0.046120, -0.328359)
     Onormal=(-0.880693, 0.065886, -0.469084)}

Vertex 1066 -0.917016 -0.094093 -0.387592
    {normal=(-0.917016, -0.094093, -0.387592)
     Opos=(-0.641912, -0.065865, -0.271314)
     Onormal=(-0.917016, -0.094093, -0.387592)}

Vertex 1067 -0.976590 0.158423 -0.145512
    {normal=(-0.976590, 0.158423, -0.145512)
     Opos=(-0.683613, 0.110896, -0.101858)
     Onormal=(-0.976590, 0.158423, -0.145512)}

Vertex 1068 -0.987626 0.089691 -0.128648
    {normal=(-0.987626, 0.089691, -0.128648)
     Opos=(-0.691338, 0.062784, -0.090054)
     Onormal=(-0.987626, 0.089691, -0.128648)}

Vertex 1069 -0.970865 0.051313 -0.234068
    {normal=(-0.970865, 0.051313, -0.234068)
     Opos=(-0.679606, 0.035919, -0.163847)
     Onormal=(-0.970865, 0.051313, -0.234068)}

Vertex 1070 -0.988752 -0.055162 -0.139023
    {normal=(-0.988752, -0.055162, -0.139023)
     Opos=(-0.692126, -0.038613, -0.097316)
     Onormal=(-0.988752, -0.055162, -0.139023)}

Vertex 1071 -0.984823 -0.159738 0.067885
    {normal=(-0.984823, -0.159738, 0.067885)
     Opos=(-0.689376, -0.111817, 0.047520)
     Onormal=(-0.984823, -0.159738, 0.067885)}

Vertex 1072 -0.961731 -0.266645 0.063033
    {normal=(-0.961731, -0.266645, 0.063033)
     Opos=(-0.673212, -0.186651, 0.044123)
     Onormal=(-0.961731, -0.266645, 0.063033)}

Vertex 1073 -0.913550 -0.251003 -0.320038
    {normal=(-0.913550, -0.251003, -0.320038)
     Opos=(-0.639485, -0.175702, -0.224027)
     Onormal=(-0.913550, -0.251003, -0.320038)}

Vertex 1074 -0.954906 -0.212690 -0.207168
    {normal=(-0.954906, -0.212690, -0.207168)
     Opos=(-0.668434, -0.148883, -0.145017)
     Onormal=(-0.954906, -0.212690, -0.207168)}

Vertex 1075 -0.934472 -0.300711 -0.190620
    {normal=(-0.934472, -0.300711, -0.190620)
     Opos=(-0.654130, -0.210497, -0.133434)
     Onormal=(-0.934472, -0.300711, -0.190620)}

Vertex 1076 -0.943919 -0.330060 -0.008823
    {normal=(-0.943919, -0.330060, -0.008823)
     Opos=(-0.660743, -0.231042, -0.006176)
     Onormal=(-0.943919, -0.330060, -0.008823)}

Vertex 1077 -0.944848 -0.303477 0.123142
    {normal=(-0.944848, -0.303477, 0.123142)
     Opos=(-0.661394, -0.212434, 0.086200)
     Onormal=(-0.944848, -0.303477, 0.123142)}

Vertex 1078 -0.942718 -0.328458 0.058284
    {normal=(-0.942718, -0.328458, 0.058284)
     Opos=(-0.659903, -0.229921, 0.040799)
     Onormal=(-0.942718, -0.328458, 0.058284)}

Vertex 1079 -0.919882 -0.383378 0.082690
    {normal=(-0.919882, -0.383378, 0.082690)
     Opos=(-0.643918, -0.268365, 0.057883)
     Onormal=(-0.919882, -0.383378, 0.082690)}

Vertex 1080 -0.898082 -0.437773 -0.042474
    {normal=(-0.898082, -0.437773, -0.042474)
     Opos=(-0.628657, -0.306441, -0.029732)
     Onormal=(-0.898082, -0.437773, -0.042474)}

Vertex 1081 -0.758171 0.272880 -0.592211
    {normal=(-0.758171, 0.272880, -0.592211)
     Opos=(-0.530720, 0.191016, -0.414548)
     Onormal=(-0.758171, 0.272880, -0.592211)}

Vertex 1082 -0.712035 0.284686 -0.641841
    {normal=(-0.712035, 0.284686, -0.641841)
     Opos=(-0.498425, 0.199280, -0.449288)
     Onormal=(-0.712035, 0.284686, -0.641841)}

Vertex 1083 -0.736907 0.230078 -0.635636
    {normal=(-0.736907, 0.230078, -0.635636)
     Opos=(-0.515835, 0.161055, -0.444945)
     Onormal=(-0.736907, 0.230078, -0.635636)}

Vertex 1084 -0.727405 0.181484 -0.661775
    {normal=(-0.727405, 0.181484, -0.661775)
     Opos=(-0.509183, 0.127039, -0.463242)
     Onormal=(-0.727405, 0.181484, -0.661775)}

Vertex 1085 -0.710116 0.215685 -0.670235
    {normal=(-0.710116, 0.215685, -0.670235)
     Opos=(-0.497081, 0.150979, -0.469165)
     Onormal=(-0.710116, 0.215685, -0.670235)}

Vertex 1086 -0.644665 0.172618 -0.744722
    {normal=(-0.644665, 0.172618, -0.744722)
     Opos=(-0.451265, 0.120833, -0.521305)
     Onormal=(-0.644665, 0.172618, -0.744722)}

Vertex 1087 -0.694359 0.114140 -0.710519
    {normal=(-0.694359, 0.114140, -0.710519)
     Opos=(-0.486052, 0.079898, -0.497363)
     Onormal=(-0.694359, 0.114140, -0.710519)}

Vertex 1088 -0.716454 0.111967 -0.688591
    {normal=(-0.716454, 0.111967, -0.688591)
     Opos=(-0.501518, 0.078377, -0.482013)
     Onormal=(-0.716454, 0.111967, -0.688591)}

Vertex 1089 -0.670012 0.143300 -0.728388
    {normal=(-0.670012, 0.143300, -0.728388)
     Opos=(-0.469008, 0.100310, -0.509872)
     Onormal=(-0.670012, 0.143300, -0.728388)}

Vertex 1090 -0.654370 0.076694 -0.752275
    {normal=(-0.654370, 0.076694, -0.752275)
     Opos=(-0.458059, 0.053686, -0.526592)
     Onormal=(-0.654370, 0.076694, -0.752275)}

Vertex 1091 -0.495498 0.316527 -0.808883
    {normal=(-0.495498, 0.316527, -0.808883)
     Opos=(-0.346848, 0.221569, -0.566218)
     Onormal=(-0.495498, 0.316527, -0.808883)}

Vertex 1092 -0.494496 0.264589 -0.827929
    {normal=(-0.494496, 0.264589, -0.827929)
     Opos=(-0.346147, 0.185212, -0.579550)
     Onormal=(-0.494496, 0.264589, -0.827929)}

Vertex 1093 -0.362075 0.450655 -0.815973
    {normal=(-0.362075, 0.450655, -0.815973)
     Opos=(-0.253453, 0.315459, -0.571181)
     Onormal=(-0.362075, 0.450655, -0.815973)}

Vertex 1094 -0.585850 0.153620 -0.795727
    {normal=(-0.585850, 0.153620, -0.795727)
     Opos=(-0.410095, 0.107534, -0.557009)
     Onormal=(-0.585850, 0.153620, -0.795727)}

Vertex 1095 -0.522576 0.094195 -0.847374
    {normal=(-0.522576, 0.094195, -0.847374)
     Opos=(-0.365803, 0.065936, -0.593162)
     Onormal=(-0.522576, 0.094195, -0.847374)}

Vertex 1096 -0.596471 0.249006 -0.763033
    {normal=(-0.596471, 0.249006, -0.763033)
     Opos=(-0.417529, 0.174304, -0.534123)
     Onormal=(-0.596471, 0.249006, -0.763033)}

Vertex 1097 -0.556576 0.198011 -0.806855
    {normal=(-0.556576, 0.198011, -0.806855)
     Opos=(-0.389603, 0.138608, -0.564798)
     Onormal=(-0.556576, 0.198011, -0.806855)}

Vertex 1098 -0.546966 0.131156 -0.826817
    {normal=(-0.546966, 0.131156, -0.826817)
     Opos=(-0.382876, 0.091809, -0.578772)
     Onormal=(-0.546966, 0.131156, -0.826817)}

Vertex 1099 -0.402492 0.141139 -0.904478
    {normal=(-0.402492, 0.141139, -0.904478)
     Opos=(-0.281745, 0.098797, -0.633134)
     Onormal=(-0.402492, 0.141139, -0.904478)}

Vertex 1100 -0.605634 0.001957 -0.795741
    {normal=(-0.605634, 0.001957, -0.795741)
     Opos=(-0.423944, 0.001370, -0.557019)
     Onormal=(-0.605634, 0.001957, -0.795741)}

Vertex 1101 -0.665764 -0.004429 -0.746149
    {normal=(-0.665764, -0.004429, -0.746149)
     Opos=(-0.466035, -0.003100, -0.522305)
     Onormal=(-0.665764, -0.004429, -0.746149)}

Vertex 1102 -0.580476 -0.082432 -0.810094
    {normal=(-0.580476, -0.082432, -0.810094)
     Opos=(-0.406333, -0.057702, -0.567066)
     Onormal=(-0.580476, -0.082432, -0.810094)}

Vertex 1103 -0.619890 -0.099782 -0.778318
    {normal=(-0.619890, -0.099782, -0.778318)
     Opos=(-0.433923, -0.069848, -0.544823)
     Onormal=(-0.619890, -0.099782, -0.778318)}

Vertex 1104 -0.377535 0.030443 -0.925495
    {normal=(-0.377535, 0.030443, -0.925495)
     Opos=(-0.264274, 0.021310, -0.647846)
     Onormal=(-0.377535, 0.030443, -0.925495)}

Vertex 1105 -0.524894 0.010720 -0.851100
    {normal=(-0.524894, 0.010720, -0.851100)
     Opos=(-0.367426, 0.007504, -0.595770)
     Onormal=(-0.524894, 0.010720, -0.851100)}

Vertex 1106 -0.117339 0.233354 -0.965286
    {normal=(-0.117339, 0.233354, -0.965286)
     Opos=(-0.082137, 0.163347, -0.675700)
     Onormal=(-0.117339, 0.233354, -0.965286)}

Vertex 1107 -0.196696 0.234202 -0.952082
    {normal=(-0.196696, 0.234202, -0.952082)
     Opos=(-0.137687, 0.163941, -0.666457)
     Onormal=(-0.196696, 0.234202, -0.952082)}

Vertex 1108 -0.178671 0.163407 -0.970245
    {normal=(-0.178671, 0.163407, -0.970245)
     Opos=(-0.125070, 0.114385, -0.679171)
     Onormal=(-0.178671, 0.163407, -0.970245)}

Vertex 1109 -0.058257 0.192271 -0.979611
    {normal=(-0.058257, 0.192271, -0.979611)
     Opos=(-0.040780, 0.134590, -0.685728)
     Onormal=(-0.058257, 0.192271, -0.979611)}

Vertex 1110 -0.110085 0.101046 -0.988772
    {normal=(-0.110085, 0.101046, -0.988772)
     Opos=(-0.077060, 0.070732, -0.692141)
     Onormal=(-0.110085, 0.101046, -0.988772)}

Vertex 1111 -0.114762 0.015087 -0.993278
    {normal=(-0.114762, 0.015087, -0.993278)
     Opos=(-0.080333, 0.010561, -0.695295)
     Onormal=(-0.114762, 0.015087, -0.993278)}

Vertex 1112 -0.461833 -0.179045 -0.868708
    {normal=(-0.461833, -0.179045, -0.868708)
     Opos=(-0.323283, -0.125332, -0.608095)
     Onormal=(-0.461833, -0.179045, -0.868708)}

Vertex 1113 -0.399175 -0.055151 -0.915215
    {normal=(-0.399175, -0.055151, -0.915215)
     Opos=(-0.279423, -0.038605, -0.640650)
     Onormal=(-0.399175, -0.055151, -0.915215)}

Vertex 1114 -0.127297 -0.062026 -0.989923
    {normal=(-0.127297, -0.062026, -0.989923)
     Opos=(-0.089108, -0.043418, -0.692946)
     Onormal=(-0.127297, -0.062026, -0.989923)}

Vertex 1115 -0.290054 -0.369588 -0.882765
    {normal=(-0.290054, -0.369588, -0.882765)
     Opos=(-0.203037, -0.258711, -0.617935)
     Onormal=(-0.290054, -0.369588, -0.882765)}

Vertex 1116 -0.236545 -0.441443 -0.865549
    {normal=(-0.236545, -0.441443, -0.865549)
     Opos=(-0.165581, -0.309010, -0.605884)
     Onormal=(-0.236545, -0.441443, -0.865549)}

Vertex 1117 -0.105967 -0.244921 -0.963735
    {normal=(-0.105967, -0.244921, -0.963735)
     Opos=(-0.074177, -0.171445, -0.674614)
     Onormal=(-0.105967, -0.244921, -0.963735)}

Vertex 1118 -0.149442 -0.282504 -0.947554
    {normal=(-0.149442, -0.282504, -0.947554)
     Opos=(-0.104609, -0.197753, -0.663288)
     Onormal=(-0.149442, -0.282504, -0.947554)}

Vertex 1119 -0.119374 -0.464681 -0.877395
    {normal=(-0.119374, -0.464681, -0.877395)
     Opos=(-0.083562, -0.325277, -0.614176)
     Onormal=(-0.119374, -0.464681, -0.877395)}

Vertex 1120 -0.159938 -0.481602 -0.861672
    {normal=(-0.159938, -0.481602, -0.861672)
     Opos=(-0.111956, -0.337121, -0.603171)
     Onormal=(-0.159938, -0.481602, -0.861672)}

Vertex 1121 -0.170095 -0.433882 -0.884768
    {normal=(-0.170095, -0.433882, -0.884768)
     Opos=(-0.119067, -0.303717, -0.619337)
     Onormal=(-0.170095, -0.433882, -0.884768)}

Vertex 1122 -0.207560 -0.516209 -0.830932
    {normal=(-0.207560, -0.516209, -0.830932)
     Opos=(-0.145292, -0.361346, -0.581652)
     Onormal=(-0.207560, -0.516209, -0.830932)}

Vertex 1123 -0.103647 -0.541570 -0.834242
    {normal=(-0.103647, -0.541570, -0.834242)
     Opos=(-0.072553, -0.379099, -0.583969)
     Onormal=(-0.103647, -0.541570, -0.834242)}

Vertex 1124 -0.786191 -0.615524 -0.055081
    {normal=(-0.786191, -0.615524, -0.055081)
     Opos=(-0.550334, -0.430867, -0.038556)
     Onormal=(-0.786191, -0.615524, -0.055081)}

Vertex 1125 -0.905460 -0.332925 -0.263255
    {normal=(-0.905460, -0.332925, -0.263255)
     Opos=(-0.633822, -0.233048, -0.184278)
     Onormal=(-0.905460, -0.332925, -0.263255)}

Vertex 1126 -0.831399 -0.450185 -0.325745
    {normal=(-0.831399, -0.450185, -0.325745)
     Opos=(-0.581979, -0.315130, -0.228021)
     Onormal=(-0.831399, -0.450185, -0.325745)}

Vertex 1127 -0.865248 -0.458591 -0.202582
    {normal=(-0.865248, -0.458591, -0.202582)
     Opos=(-0.605674, -0.321014, -0.141808)
     Onormal=(-0.865248, -0.458591, -0.202582)}

Vertex 1128 -0.774962 -0.555811 -0.300847
    {normal=(-0.774962, -0.555811, -0.300847)
     Opos=(-0.542473, -0.389067, -0.210593)
     Onormal=(-0.774962, -0.555811, -0.300847)}

Vertex 1129 -0.706753 -0.615130 -0.349450
    {normal=(-0.706753, -0.615130, -0.349450)
     Opos=(-0.494727, -0.430591, -0.244615)
     Onormal=(-0.706753, -0.615130, -0.349450)}

Vertex 1130 -0.610035 -0.641271 -0.465435
    {normal=(-0.610035, -0.641271, -0.465435)
     Opos=(-0.427024, -0.448889, -0.325804)
     Onormal=(-0.610035, -0.641271, -0.465435)}

Vertex 1131 -0.888398 -0.106026 -0.446662
    {normal=(-0.888398, -0.106026, -0.446662)
     Opos=(-0.621879, -0.074218, -0.312664)
     Onormal=(-0.888398, -0.106026, -0.446662)}

Vertex 1132 -0.856256 -0.036257 -0.515278
    {normal=(-0.856256, -0.036257, -0.515278)
     Opos=(-0.599379, -0.025380, -0.360694)
     Onormal=(-0.856256, -0.036257, -0.515278)}

Vertex 1133 -0.855359 -0.174814 -0.487649
    {normal=(-0.855359, -0.174814, -0.487649)
     Opos=(-0.598751, -0.122370, -0.341355)
     Onormal=(-0.855359, -0.174814, -0.487649)}

Vertex 1134 -0.815203 -0.261021 -0.517022
    {normal=(-0.815203, -0.261021, -0.517022)
     Opos=(-0.570642, -0.182715, -0.361915)
     Onormal=(-0.815203, -0.261021, -0.517022)}

Vertex 1135 -0.753613 -0.204120 -0.624822
    {normal=(-0.753613, -0.204120, -0.624822)
     Opos=(-0.527529, -0.142884, -0.437376)
     Onormal=(-0.753613, -0.204120, -0.624822)}

Vertex 1136 -0.805025 0.106465 -0.583610
    {normal=(-0.805025, 0.106465, -0.583610)
     Opos=(-0.563517, 0.074526, -0.408527)
     Onormal=(-0.805025, 0.106465, -0.583610)}

Vertex 1137 -0.792481 0.072326 -0.605593
    {normal=(-0.792481, 0.072326, -0.605593)
     Opos=(-0.554737, 0.050628, -0.423915)
     Onormal=(-0.792481, 0.072326, -0.605593)}

Vertex 1138 -0.784176 -0.151013 -0.601883
    {normal=(-0.784176, -0.151013, -0.601883)
     Opos=(-0.548923, -0.105709, -0.421318)
     Onormal=(-0.784176, -0.151013, -0.601883)}

Vertex 1139 -0.767937 -0.099121 -0.632810
    {normal=(-0.767937, -0.099121, -0.632810)
     Opos=(-0.537556, -0.069385, -0.442967)
     Onormal=(-0.767937, -0.099121, -0.632810)}

Vertex 1140 -0.789442 -0.056748 -0.611197
    {normal=(-0.789442, -0.056748, -0.611197)
     Opos=(-0.552609, -0.039723, -0.427838)
     Onormal=(-0.789442, -0.056748, -0.611197)}

Vertex 1141 -0.754467 -0.052206 -0.654258
    {normal=(-0.754467, -0.052206, -0.654258)
     Opos=(-0.528127, -0.036544, -0.457980)
     Onormal=(-0.754467, -0.052206, -0.654258)}

Vertex 1142 -0.672649 -0.179084 -0.717964
    {normal=(-0.672649, -0.179084, -0.717964)
     Opos=(-0.470855, -0.125359, -0.502575)
     Onormal=(-0.672649, -0.179084, -0.717964)}

Vertex 1143 -0.652483 -0.137815 -0.745166
    {normal=(-0.652483, -0.137815, -0.745166)
     Opos=(-0.456738, -0.096470, -0.521616)
     Onormal=(-0.652483, -0.137815, -0.745166)}

Vertex 1144 -0.643582 -0.226238 -0.731176
    {normal=(-0.643582, -0.226238, -0.731176)
     Opos=(-0.450508, -0.158367, -0.511823)
     Onormal=(-0.643582, -0.226238, -0.731176)}

Vertex 1145 -0.535630 -0.265784 -0.801535
    {normal=(-0.535630, -0.265784, -0.801535)
     Opos=(-0.374941, -0.186049, -0.561075)
     Onormal=(-0.535630, -0.265784, -0.801535)}

Vertex 1146 -0.561143 -0.652951 -0.508698
    {normal=(-0.561143, -0.652951, -0.508698)
     Opos=(-0.392800, -0.457066, -0.356089)
     Onormal=(-0.561143, -0.652951, -0.508698)}

Vertex 1147 -0.724291 -0.482121 -0.492912
    {normal=(-0.724291, -0.482121, -0.492912)
     Opos=(-0.507004, -0.337485, -0.345038)
     Onormal=(-0.724291, -0.482121, -0.492912)}

Vertex 1148 -0.780788 -0.439874 -0.443712
    {normal=(-0.780788, -0.439874, -0.443712)
     Opos=(-0.546552, -0.307912, -0.310599)
     Onormal=(-0.780788, -0.439874, -0.443712)}

Vertex 1149 -0.852954 -0.290086 -0.433957
    {normal=(-0.852954, -0.290086, -0.433957)
     Opos=(-0.597068, -0.203060, -0.303770)
     Onormal=(-0.852954, -0.290086, -0.433957)}

Vertex 1150 -0.803345 -0.343066 -0.486768
    {normal=(-0.803345, -0.343066, -0.486768)
     Opos=(-0.562341, -0.240146, -0.340738)
     Onormal=(-0.803345, -0.343066, -0.486768)}

Vertex 1151 -0.671004 -0.360311 -0.648019
    {normal=(-0.671004, -0.360311, -0.648019)
     Opos=(-0.469703, -0.252218, -0.453614)
     Onormal=(-0.671004, -0.360311, -0.648019)}

Vertex 1152 -0.770586 -0.404964 -0.492139
    {normal=(-0.770586, -0.404964, -0.492139)
     Opos=(-0.539410, -0.283475, -0.344498)
     Onormal=(-0.770586, -0.404964, -0.492139)}

Vertex 1153 -0.747381 -0.359421 -0.558783
    {normal=(-0.747381, -0.359421, -0.558783)
     Opos=(-0.523167, -0.251594, -0.391148)
     Onormal=(-0.747381, -0.359421, -0.558783)}

Vertex 1154 -0.705972 -0.452102 -0.545167
    {normal=(-0.705972, -0.452102, -0.545167)
     Opos=(-0.494180, -0.316471, -0.381617)
     Onormal=(-0.705972, -0.452102, -0.545167)}

Vertex 1155 -0.707561 -0.287365 -0.645584
    {normal=(-0.707561, -0.287365, -0.645584)
     Opos=(-0.495293, -0.201155, -0.451909)
     Onormal=(-0.707561, -0.287365, -0.645584)}

Vertex 1156 -0.492912 -0.341150 -0.800409
    {normal=(-0.492912, -0.341150, -0.800409)
     Opos=(-0.345038, -0.238805, -0.560286)
     Onormal=(-0.492912, -0.341150, -0.800409)}

Vertex 1157 -0.650656 -0.328301 -0.684738
    {normal=(-0.650656, -0.328301, -0.684738)
     Opos=(-0.455459, -0.229811, -0.479316)
     Onormal=(-0.650656, -0.328301, -0.684738)}

Vertex 1158 -0.611604 -0.285183 -0.737978
    {normal=(-0.611604, -0.285183, -0.737978)
     Opos=(-0.428123, -0.199628, -0.516584)
     Onormal=(-0.611604, -0.285183, -0.737978)}

Vertex 1159 -0.530056 -0.694814 -0.486081
    {normal=(-0.530056, -0.694814, -0.486081)
     Opos=(-0.371039, -0.486370, -0.340257)
     Onormal=(-0.530056, -0.694814, -0.486081)}

Vertex 1160 -0.470332 -0.697218 -0.540994
    {normal=(-0.470332, -0.697218, -0.540994)
     Opos=(-0.329232, -0.488053, -0.378696)
     Onormal=(-0.470332, -0.697218, -0.540994)}

Vertex 1161 -0.498880 -0.605920 -0.619662
    {normal=(-0.498880, -0.605920, -0.619662)
     Opos=(-0.349216, -0.424144, -0.433763)
     Onormal=(-0.498880, -0.605920, -0.619662)}

Vertex 1162 -0.467628 -0.572788 -0.673230
    {normal=(-0.467628, -0.572788, -0.673230)
     Opos=(-0.327340, -0.400951, -0.471261)
     Onormal=(-0.467628, -0.572788, -0.673230)}

Vertex 1163 -0.427685 -0.336494 -0.838962
    {normal=(-0.427685, -0.336494, -0.838962)
     Opos=(-0.299379, -0.235545, -0.587274)
     Onormal=(-0.427685, -0.336494, -0.838962)}

Vertex 1164 -0.419752 -0.406187 -0.811677
    {normal=(-0.419752, -0.406187, -0.811677)
     Opos=(-0.293827, -0.284331, -0.568174)
     Onormal=(-0.419752, -0.406187, -0.811677)}

Vertex 1165 -0.302600 -0.488442 -0.818449
    {normal=(-0.302600, -0.488442, -0.818449)
     Opos=(-0.211820, -0.341909, -0.572914)
     Onormal=(-0.302600, -0.488442, -0.818449)}

Vertex 1166 -0.289356 -0.540457 -0.790050
    {normal=(-0.289356, -0.540457, -0.790050)
     Opos=(-0.202549, -0.378320, -0.553035)
     Onormal=(-0.289356, -0.540457, -0.790050)}

Vertex 1167 -0.696651 -0.713218 0.077445
    {normal=(-0.696651, -0.713218, 0.077445)
     Opos=(-0.487656, -0.499252, 0.054212)
     Onormal=(-0.696651, -0.713218, 0.077445)}

Vertex 1168 -0.714388 -0.690345 -0.114340
    {normal=(-0.714388, -0.690345, -0.114340)
     Opos=(-0.500071, -0.483242, -0.080038)
     Onormal=(-0.714388, -0.690345, -0.114340)}

Vertex 1169 -0.632271 -0.755672 -0.170861
    {normal=(-0.632271, -0.755672, -0.170861)
     Opos=(-0.442590, -0.528970, -0.119603)
     Onormal=(-0.632271, -0.755672, -0.170861)}

Vertex 1170 -0.539773 -0.754150 -0.374036
    {normal=(-0.539773, -0.754150, -0.374036)
     Opos=(-0.377841, -0.527905, -0.261825)
     Onormal=(-0.539773, -0.754150, -0.374036)}

Vertex 1171 -0.550121 -0.779310 -0.300073
    {normal=(-0.550121, -0.779310, -0.300073)
     Opos=(-0.385085, -0.545517, -0.210051)
     Onormal=(-0.550121, -0.779310, -0.300073)}

Vertex 1172 -0.591424 -0.790110 -0.161071
    {normal=(-0.591424, -0.790110, -0.161071)
     Opos=(-0.413997, -0.553077, -0.112750)
     Onormal=(-0.591424, -0.790110, -0.161071)}

Vertex 1173 -0.597777 -0.750522 -0.281744
    {normal=(-0.597777, -0.750522, -0.281744)
     Opos=(-0.418444, -0.525365, -0.197221)
     Onormal=(-0.597777, -0.750522, -0.281744)}

Vertex 1174 -0.674505 -0.736943 -0.044252
    {normal=(-0.674505, -0.736943, -0.044252)
     Opos=(-0.472154, -0.515860, -0.030977)
     Onormal=(-0.674505, -0.736943, -0.044252)}

Vertex 1175 -0.605905 -0.794732 0.035769
    {normal=(-0.605905, -0.794732, 0.035769)
     Opos=(-0.424134, -0.556313, 0.025038)
     Onormal=(-0.605905, -0.794732, 0.035769)}

Vertex 1176 -0.565803 -0.823490 -0.041622
    {normal=(-0.565803, -0.823490, -0.041622)
     Opos=(-0.396062, -0.576443, -0.029135)
     Onormal=(-0.565803, -0.823490, -0.041622)}

Vertex 1177 -0.521851 -0.852900 0.015280
    {normal=(-0.521851, -0.852900, 0.015280)
     Opos=(-0.365296, -0.597030, 0.010696)
     Onormal=(-0.521851, -0.852900, 0.015280)}

Vertex 1178 -0.456600 -0.888916 -0.036680
    {normal=(-0.456600, -0.888916, -0.036680)
     Opos=(-0.319620, -0.622241, -0.025676)
     Onormal=(-0.456600, -0.888916, -0.036680)}

Vertex 1179 -0.475163 -0.733046 -0.486686
    {normal=(-0.475163, -0.733046, -0.486686)
     Opos=(-0.332614, -0.513132, -0.340680)
     Onormal=(-0.475163, -0.733046, -0.486686)}

Vertex 1180 -0.434627 -0.787101 -0.437689
    {normal=(-0.434627, -0.787101, -0.437689)
     Opos=(-0.304239, -0.550970, -0.306383)
     Onormal=(-0.434627, -0.787101, -0.437689)}

Vertex 1181 -0.362600 -0.769173 -0.526207
    {normal=(-0.362600, -0.769173, -0.526207)
     Opos=(-0.253820, -0.538421, -0.368345)
     Onormal=(-0.362600, -0.769173, -0.526207)}

Vertex 1182 -0.370376 -0.803282 -0.466434
    {normal=(-0.370376, -0.803282, -0.466434)
     Opos=(-0.259263, -0.562297, -0.326503)
     Onormal=(-0.370376, -0.803282, -0.466434)}

Vertex 1183 -0.290179 -0.847514 -0.444429
    {normal=(-0.290179, -0.847514, -0.444429)
     Opos=(-0.203125, -0.593259, -0.311100)
     Onormal=(-0.290179, -0.847514, -0.444429)}

Vertex 1184 -0.102674 -0.642865 -0.759067
    {normal=(-0.102674, -0.642865, -0.759067)
     Opos=(-0.071872, -0.450006, -0.531347)
     Onormal=(-0.102674, -0.642865, -0.759067)}

Vertex 1185 -0.226712 -0.838677 -0.495199
    {normal=(-0.226712, -0.838677, -0.495199)
     Opos=(-0.158698, -0.587074, -0.346639)
     Onormal=(-0.226712, -0.838677, -0.495199)}

Vertex 1186 -0.262774 -0.758927 -0.595802
    {normal=(-0.262774, -0.758927, -0.595802)
     Opos=(-0.183942, -0.531249, -0.417062)
     Onormal=(-0.262774, -0.758927, -0.595802)}

Vertex 1187 -0.194399 -0.811983 -0.550357
    {normal=(-0.194399, -0.811983, -0.550357)
     Opos=(-0.136079, -0.568388, -0.385250)
     Onormal=(-0.194399, -0.811983, -0.550357)}

Vertex 1188 -0.148300 -0.775710 -0.613417
    {normal=(-0.148300, -0.775710, -0.613417)
     Opos=(-0.103810, -0.542997, -0.429392)
     Onormal=(-0.148300, -0.775710, -0.613417)}

Vertex 1189 -0.130806 -0.837053 -0.531255
    {normal=(-0.130806, -0.837053, -0.531255)
     Opos=(-0.091564, -0.585937, -0.371879)
     Onormal=(-0.130806, -0.837053, -0.531255)}

Vertex 1190 -0.191765 -0.893971 -0.405020
    {normal=(-0.191765, -0.893971, -0.405020)
     Opos=(-0.134236, -0.625780, -0.283514)
     Onormal=(-0.191765, -0.893971, -0.405020)}

Vertex 1191 -0.127780 -0.906648 -0.402072
    {normal=(-0.127780, -0.906648, -0.402072)
     Opos=(-0.089446, -0.634654, -0.281450)
     Onormal=(-0.127780, -0.906648, -0.402072)}

Vertex 1192 -0.357641 -0.930524 0.078852
    {normal=(-0.357641, -0.930524, 0.078852)
     Opos=(-0.250348, -0.651367, 0.055197)
     Onormal=(-0.357641, -0.930524, 0.078852)}

Vertex 1193 -0.374305 -0.924863 -0.067254
    {normal=(-0.374305, -0.924863, -0.067254)
     Opos=(-0.262014, -0.647404, -0.047078)
     Onormal=(-0.374305, -0.924863, -0.067254)}

Vertex 1194 -0.260834 -0.963334 -0.062875
    {normal=(-0.260834, -0.963334, -0.062875)
     Opos=(-0.182584, -0.674334, -0.044013)
     Onormal=(-0.260834, -0.963334, -0.062875)}

Vertex 1195 -0.419093 -0.845696 -0.330392
    {normal=(-0.419093, -0.845696, -0.330392)
     Opos=(-0.293365, -0.591988, -0.231274)
     Onormal=(-0.419093, -0.845696, -0.330392)}

Vertex 1196 -0.437370 -0.809395 -0.391903
    {normal=(-0.437370, -0.809395, -0.391903)
     Opos=(-0.306159, -0.566576, -0.274332)
     Onormal=(-0.437370, -0.809395, -0.391903)}

Vertex 1197 -0.324695 -0.861502 -0.390368
    {normal=(-0.324695, -0.861502, -0.390368)
     Opos=(-0.227286, -0.603052, -0.273257)
     Onormal=(-0.324695, -0.861502, -0.390368)}

Vertex 1198 -0.211132 -0.972741 -0.095907
    {normal=(-0.211132, -0.972741, -0.095907)
     Opos=(-0.147792, -0.680919, -0.067135)
     Onormal=(-0.211132, -0.972741, -0.095907)}

Vertex 1199 -0.367336 -0.921612 -0.125280
    {normal=(-0.367336, -0.921612, -0.125280)
     Opos=(-0.257135, -0.645129, -0.087696)
     Onormal=(-0.367336, -0.921612, -0.125280)}

Vertex 1200 -0.338107 -0.922204 -0.187680
    {normal=(-0.338107, -0.922204, -0.187680)
     Opos=(-0.236675, -0.645543, -0.131376)
     Onormal=(-0.338107, -0.922204, -0.187680)}

Vertex 1201 -0.253650 -0.925059 -0.282714
    {normal=(-0.253650, -0.925059, -0.282714)
     Opos=(-0.177555, -0.647541, -0.197900)
     Onormal=(-0.253650, -0.925059, -0.282714)}

Vertex 1202 -0.160508 -0.925980 -0.341758
    {normal=(-0.160508, -0.925980, -0.341758)
     Opos=(-0.112356, -0.648186, -0.239231)
     Onormal=(-0.160508, -0.925980, -0.341758)}

Vertex 1203 -0.166571 -0.964003 -0.207249
    {normal=(-0.166571, -0.964003, -0.207249)
     Opos=(-0.116599, -0.674802, -0.145074)
     Onormal=(-0.166571, -0.964003, -0.207249)}

Vertex 1204 -0.038742 -0.981123 -0.189464
    {normal=(-0.038742, -0.981123, -0.189464)
     Opos=(-0.027120, -0.686786, -0.132625)
     Onormal=(-0.038742, -0.981123, -0.189464)}

Vertex 1205 -0.057568 -0.959031 -0.277392
    {normal=(-0.057568, -0.959031, -0.277392)
     Opos=(-0.040298, -0.671321, -0.194174)
     Onormal=(-0.057568, -0.959031, -0.277392)}

Vertex 1206 -0.205183 -0.977357 -0.051693
    {normal=(-0.205183, -0.977357, -0.051693)
     Opos=(-0.143628, -0.684150, -0.036185)
     Onormal=(-0.205183, -0.977357, -0.051693)}

Vertex 1207 -0.093380 -0.990575 -0.100208
    {normal=(-0.093380, -0.990575, -0.100208)
     Opos=(-0.065366, -0.693402, -0.070145)
     Onormal=(-0.093380, -0.990575, -0.100208)}

Vertex 1208 -0.084397 -0.990403 0.109448
    {normal=(-0.084397, -0.990403, 0.109448)
     Opos=(-0.059078, -0.693282, 0.076614)
     Onormal=(-0.084397, -0.990403, 0.109448)}

Vertex 1209 -0.185830 -0.982504 -0.012342
    {normal=(-0.185830, -0.982504, -0.012342)
     Opos=(-0.130081, -0.687753, -0.008639)
     Onormal=(-0.185830, -0.982504, -0.012342)}

Vertex 1210 -0.095705 -0.994133 0.050407
    {normal=(-0.095705, -0.994133, 0.050407)
     Opos=(-0.066994, -0.695893, 0.035285)
     Onormal=(-0.095705, -0.994133, 0.050407)}

Vertex 1211 -0.027821 -0.997032 0.071781
    {normal=(-0.027821, -0.997032, 0.071781)
     Opos=(-0.019474, -0.697923, 0.050246)
     Onormal=(-0.027821, -0.997032, 0.071781)}

Vertex 1212 -0.023757 -0.985690 0.166887
    {normal=(-0.023757, -0.985690, 0.166887)
     Opos=(-0.016630, -0.689983, 0.116821)
     Onormal=(-0.023757, -0.985690, 0.166887)}

Vertex 1213 -0.888085 0.456243 0.056111
    {normal=(-0.888085, 0.456243, 0.056111)
     Opos=(-0.621659, 0.319370, 0.039278)
     Onormal=(-0.888085, 0.456243, 0.056111)}

Vertex 1214 -0.922572 0.382602 0.049773
    {normal=(-0.922572, 0.382602, 0.049773)
     Opos=(-0.645800, 0.267821, 0.034841)
     Onormal=(-0.922572, 0.382602, 0.049773)}

Vertex 1215 -0.955763 0.291013 -0.042760
    {normal=(-0.955763, 0.291013, -0.042760)
     Opos=(-0.669034, 0.203709, -0.029932)
     Onormal=(-0.955763, 0.291013, -0.042760)}

Vertex 1216 -0.845179 0.518983 0.127785
    {normal=(-0.845179, 0.518983, 0.127785)
     Opos=(-0.591625, 0.363288, 0.089449)
     Onormal=(-0.845179, 0.518983, 0.127785)}

Vertex 1217 -0.846846 0.530334 0.039966
    {normal=(-0.846846, 0.530334, 0.039966)
     Opos=(-0.592792, 0.371234, 0.027976)
     Onormal=(-0.846846, 0.530334, 0.039966)}

Vertex 1218 -0.774637 0.632311 -0.010962
    {normal=(-0.774637, 0.632311, -0.010962)
     Opos=(-0.542246, 0.442618, -0.007673)
     Onormal=(-0.774637, 0.632311, -0.010962)}

Vertex 1219 -0.930195 0.361536 -0.063472
    {normal=(-0.930195, 0.361536, -0.063472)
     Opos=(-0.651137, 0.253075, -0.044430)
     Onormal=(-0.930195, 0.361536, -0.063472)}

Vertex 1220 -0.852594 0.520311 -0.048571
    {normal=(-0.852594, 0.520311, -0.048571)
     Opos=(-0.596816, 0.364218, -0.034000)
     Onormal=(-0.852594, 0.520311, -0.048571)}

Vertex 1221 -0.795512 0.599781 -0.086162
    {normal=(-0.795512, 0.599781, -0.086162)
     Opos=(-0.556858, 0.419846, -0.060313)
     Onormal=(-0.795512, 0.599781, -0.086162)}

Vertex 1222 -0.801014 0.576839 -0.160104
    {normal=(-0.801014, 0.576839, -0.160104)
     Opos=(-0.560710, 0.403788, -0.112073)
     Onormal=(-0.801014, 0.576839, -0.160104)}

Vertex 1223 -0.927790 0.348559 -0.133090
    {normal=(-0.927790, 0.348559, -0.133090)
     Opos=(-0.649453, 0.243991, -0.093163)
     Onormal=(-0.927790, 0.348559, -0.133090)}

Vertex 1224 -0.907738 0.270873 -0.320375
    {normal=(-0.907738, 0.270873, -0.320375)
     Opos=(-0.635416, 0.189611, -0.224262)
     Onormal=(-0.907738, 0.270873, -0.320375)}

Vertex 1225 -0.823085 0.466255 -0.324248
    {normal=(-0.823085, 0.466255, -0.324248)
     Opos=(-0.576160, 0.326378, -0.226974)
     Onormal=(-0.823085, 0.466255, -0.324248)}

Vertex 1226 -0.858567 0.391211 -0.331387
    {normal=(-0.858567, 0.391211, -0.331387)
     Opos=(-0.600997, 0.273848, -0.231971)
     Onormal=(-0.858567, 0.391211, -0.331387)}

Vertex 1227 -0.887248 0.412660 -0.206163
    {normal=(-0.887248, 0.412660, -0.206163)
     Opos=(-0.621074, 0.288862, -0.144314)
     Onormal=(-0.887248, 0.412660, -0.206163)}

Vertex 1228 -0.826576 0.317858 -0.464478
    {normal=(-0.826576, 0.317858, -0.464478)
     Opos=(-0.578603, 0.222500, -0.325134)
     Onormal=(-0.826576, 0.317858, -0.464478)}

Vertex 1229 -0.819937 0.275560 -0.501767
    {normal=(-0.819937, 0.275560, -0.501767)
     Opos=(-0.573956, 0.192892, -0.351237)
     Onormal=(-0.819937, 0.275560, -0.501767)}

Vertex 1230 -0.789118 0.289525 -0.541727
    {normal=(-0.789118, 0.289525, -0.541727)
     Opos=(-0.552383, 0.202668, -0.379209)
     Onormal=(-0.789118, 0.289525, -0.541727)}

Vertex 1231 -0.592889 0.785542 0.177217
    {normal=(-0.592889, 0.785542, 0.177217)
     Opos=(-0.415022, 0.549880, 0.124052)
     Onormal=(-0.592889, 0.785542, 0.177217)}

Vertex 1232 -0.540988 0.814327 0.210249
    {normal=(-0.540988, 0.814327, 0.210249)
     Opos=(-0.378691, 0.570029, 0.147174)
     Onormal=(-0.540988, 0.814327, 0.210249)}

Vertex 1233 -0.518022 0.836457 0.178866
    {normal=(-0.518022, 0.836457, 0.178866)
     Opos=(-0.362616, 0.585520, 0.125206)
     Onormal=(-0.518022, 0.836457, 0.178866)}

Vertex 1234 -0.515051 0.848674 0.120315
    {normal=(-0.515051, 0.848674, 0.120315)
     Opos=(-0.360535, 0.594072, 0.084220)
     Onormal=(-0.515051, 0.848674, 0.120315)}

Vertex 1235 -0.358775 0.909430 0.210279
    {normal=(-0.358775, 0.909430, 0.210279)
     Opos=(-0.251142, 0.636601, 0.147195)
     Onormal=(-0.358775, 0.909430, 0.210279)}

Vertex 1236 -0.366008 0.918105 0.152057
    {normal=(-0.366008, 0.918105, 0.152057)
     Opos=(-0.256206, 0.642673, 0.106440)
     Onormal=(-0.366008, 0.918105, 0.152057)}

Vertex 1237 -0.358103 0.927637 0.106074
    {normal=(-0.358103, 0.927637, 0.106074)
     Opos=(-0.250672, 0.649346, 0.074252)
     Onormal=(-0.358103, 0.927637, 0.106074)}

Vertex 1238 -0.501261 0.864262 0.042285
    {normal=(-0.501261, 0.864262, 0.042285)
     Opos=(-0.350883, 0.604984, 0.029599)
     Onormal=(-0.501261, 0.864262, 0.042285)}

Vertex 1239 -0.437264 0.894233 0.095645
    {normal=(-0.437264, 0.894233, 0.095645)
     Opos=(-0.306085, 0.625963, 0.066952)
     Onormal=(-0.437264, 0.894233, 0.095645)}

Vertex 1240 -0.431285 0.890860 0.142697
    {normal=(-0.431285, 0.890860, 0.142697)
     Opos=(-0.301899, 0.623602, 0.099888)
     Onormal=(-0.431285, 0.890860, 0.142697)}

Vertex 1241 -0.395507 0.910767 0.118652
    {normal=(-0.395507, 0.910767, 0.118652)
     Opos=(-0.276855, 0.637537, 0.083057)
     Onormal=(-0.395507, 0.910767, 0.118652)}

Vertex 1242 -0.403385 0.912205 0.071859
    {normal=(-0.403385, 0.912205, 0.071859)
     Opos=(-0.282369, 0.638543, 0.050301)
     Onormal=(-0.403385, 0.912205, 0.071859)}

Vertex 1243 -0.464891 0.884592 -0.037061
    {normal=(-0.464891, 0.884592, -0.037061)
     Opos=(-0.325424, 0.619214, -0.025942)
     Onormal=(-0.464891, 0.884592, -0.037061)}

Vertex 1244 -0.173274 0.949435 0.261820
    {normal=(-0.173274, 0.949435, 0.261820)
     Opos=(-0.121292, 0.664604, 0.183274)
     Onormal=(-0.173274, 0.949435, 0.261820)}

Vertex 1245 -0.196852 0.963084 0.183624
    {normal=(-0.196852, 0.963084, 0.183624)
     Opos=(-0.137796, 0.674159, 0.128537)
     Onormal=(-0.196852, 0.963084, 0.183624)}

Vertex 1246 -0.042389 0.958697 0.281252
    {normal=(-0.042389, 0.958697, 0.281252)
     Opos=(-0.029672, 0.671088, 0.196877)
     Onormal=(-0.042389, 0.958697, 0.281252)}

Vertex 1247 -0.135766 0.975631 0.172372
    {normal=(-0.135766, 0.975631, 0.172372)
     Opos=(-0.095036, 0.682942, 0.120660)
     Onormal=(-0.135766, 0.975631, 0.172372)}

Vertex 1248 -0.382306 0.923815 0.020208
    {normal=(-0.382306, 0.923815, 0.020208)
     Opos=(-0.267614, 0.646670, 0.014146)
     Onormal=(-0.382306, 0.923815, 0.020208)}

Vertex 1249 -0.361001 0.930938 0.055063
    {normal=(-0.361001, 0.930938, 0.055063)
     Opos=(-0.252701, 0.651657, 0.038544)
     Onormal=(-0.361001, 0.930938, 0.055063)}

Vertex 1250 -0.309618 0.944278 0.111700
    {normal=(-0.309618, 0.944278, 0.111700)
     Opos=(-0.216732, 0.660994, 0.078190)
     Onormal=(-0.309618, 0.944278, 0.111700)}

Vertex 1251 -0.267563 0.962964 0.033321
    {normal=(-0.267563, 0.962964, 0.033321)
     Opos=(-0.187294, 0.674075, 0.023324)
     Onormal=(-0.267563, 0.962964, 0.033321)}

Vertex 1252 -0.248382 0.968658 -0.002722
    {normal=(-0.248382, 0.968658, -0.002722)
     Opos=(-0.173868, 0.678061, -0.001905)
     Onormal=(-0.248382, 0.968658, -0.002722)}

Vertex 1253 -0.331640 0.928807 0.165322
    {normal=(-0.331640, 0.928807, 0.165322)
     Opos=(-0.232148, 0.650165, 0.115726)
     Onormal=(-0.331640, 0.928807, 0.165322)}

Vertex 1254 -0.276281 0.940271 0.198896
    {normal=(-0.276281, 0.940271, 0.198896)
     Opos=(-0.193397, 0.658190, 0.139227)
     Onormal=(-0.276281, 0.940271, 0.198896)}

Vertex 1255 -0.239182 0.955394 0.173248
    {normal=(-0.239182, 0.955394, 0.173248)
     Opos=(-0.167427, 0.668776, 0.121274)
     Onormal=(-0.239182, 0.955394, 0.173248)}

Vertex 1256 -0.215133 0.975211 0.051776
    {normal=(-0.215133, 0.975211, 0.051776)
     Opos=(-0.150593, 0.682648, 0.036243)
     Onormal=(-0.215133, 0.975211, 0.051776)}

Vertex 1257 -0.272590 0.957177 0.097505
    {normal=(-0.272590, 0.957177, 0.097505)
     Opos=(-0.190813, 0.670024, 0.068254)
     Onormal=(-0.272590, 0.957177, 0.097505)}

Vertex 1258 -0.231740 0.968639 0.089636
    {normal=(-0.231740, 0.968639, 0.089636)
     Opos=(-0.162218, 0.678047, 0.062745)
     Onormal=(-0.231740, 0.968639, 0.089636)}

Vertex 1259 -0.106866 0.993424 0.041093
    {normal=(-0.106866, 0.993424, 0.041093)
     Opos=(-0.074806, 0.695397, 0.028765)
     Onormal=(-0.106866, 0.993424, 0.041093)}

Vertex 1260 -0.390401 0.915727 -0.095035
    {normal=(-0.390401, 0.915727, -0.095035)
     Opos=(-0.273280, 0.641009, -0.066525)
     Onormal=(-0.390401, 0.915727, -0.095035)}

Vertex 1261 -0.289121 0.955119 -0.064468
    {normal=(-0.289121, 0.955119, -0.064468)
     Opos=(-0.202385, 0.668583, -0.045128)
     Onormal=(-0.289121, 0.955119, -0.064468)}

Vertex 1262 -0.212880 0.970205 -0.115695
    {normal=(-0.212880, 0.970205, -0.115695)
     Opos=(-0.149016, 0.679143, -0.080986)
     Onormal=(-0.212880, 0.970205, -0.115695)}

Vertex 1263 -0.309379 0.937201 -0.161059
    {normal=(-0.309379, 0.937201, -0.161059)
     Opos=(-0.216565, 0.656040, -0.112741)
     Onormal=(-0.309379, 0.937201, -0.161059)}

Vertex 1264 -0.273433 0.956053 -0.105814
    {normal=(-0.273433, 0.956053, -0.105814)
     Opos=(-0.191403, 0.669237, -0.074070)
     Onormal=(-0.273433, 0.956053, -0.105814)}

Vertex 1265 -0.149934 0.987274 -0.052999
    {normal=(-0.149934, 0.987274, -0.052999)
     Opos=(-0.104954, 0.691092, -0.037099)
     Onormal=(-0.149934, 0.987274, -0.052999)}

Vertex 1266 -0.042131 0.999111 0.001177
    {normal=(-0.042131, 0.999111, 0.001177)
     Opos=(-0.029491, 0.699378, 0.000824)
     Onormal=(-0.042131, 0.999111, 0.001177)}

Vertex 1267 -0.167910 0.969608 -0.177954
    {normal=(-0.167910, 0.969608, -0.177954)
     Opos=(-0.117537, 0.678725, -0.124568)
     Onormal=(-0.167910, 0.969608, -0.177954)}

Vertex 1268 -0.084847 0.964129 -0.251508
    {normal=(-0.084847, 0.964129, -0.251508)
     Opos=(-0.059393, 0.674890, -0.176055)
     Onormal=(-0.084847, 0.964129, -0.251508)}

Vertex 1269 -0.114319 0.938437 -0.325985
    {normal=(-0.114319, 0.938437, -0.325985)
     Opos=(-0.080023, 0.656906, -0.228190)
     Onormal=(-0.114319, 0.938437, -0.325985)}

Vertex 1270 -0.768100 0.378158 -0.516738
    {normal=(-0.768100, 0.378158, -0.516738)
     Opos=(-0.537670, 0.264710, -0.361717)
     Onormal=(-0.768100, 0.378158, -0.516738)}

Vertex 1271 -0.758253 0.498217 -0.420514
    {normal=(-0.758253, 0.498217, -0.420514)
     Opos=(-0.530777, 0.348752, -0.294360)
     Onormal=(-0.758253, 0.498217, -0.420514)}

Vertex 1272 -0.806718 0.518039 -0.284326
    {normal=(-0.806718, 0.518039, -0.284326)
     Opos=(-0.564703, 0.362628, -0.199028)
     Onormal=(-0.806718, 0.518039, -0.284326)}

Vertex 1273 -0.785971 0.558950 -0.264244
    {normal=(-0.785971, 0.558950, -0.264244)
     Opos=(-0.550180, 0.391265, -0.184971)
     Onormal=(-0.785971, 0.558950, -0.264244)}

Vertex 1274 -0.767567 0.560022 -0.311795
    {normal=(-0.767567, 0.560022, -0.311795)
     Opos=(-0.537297, 0.392015, -0.218257)
     Onormal=(-0.767567, 0.560022, -0.311795)}

Vertex 1275 -0.777250 0.591078 -0.215660
    {normal=(-0.777250, 0.591078, -0.215660)
     Opos=(-0.544075, 0.413755, -0.150962)
     Onormal=(-0.777250, 0.591078, -0.215660)}

Vertex 1276 -0.734902 0.624799 -0.263714
    {normal=(-0.734902, 0.624799, -0.263714)
     Opos=(-0.514431, 0.437359, -0.184600)
     Onormal=(-0.734902, 0.624799, -0.263714)}

Vertex 1277 -0.699193 0.517527 -0.493249
    {normal=(-0.699193, 0.517527, -0.493249)
     Opos=(-0.489435, 0.362269, -0.345274)
     Onormal=(-0.699193, 0.517527, -0.493249)}

Vertex 1278 -0.715323 0.561683 -0.415723
    {normal=(-0.715323, 0.561683, -0.415723)
     Opos=(-0.500726, 0.393178, -0.291006)
     Onormal=(-0.715323, 0.561683, -0.415723)}

Vertex 1279 -0.644433 0.607465 -0.464428
    {normal=(-0.644433, 0.607465, -0.464428)
     Opos=(-0.451103, 0.425225, -0.325099)
     Onormal=(-0.644433, 0.607465, -0.464428)}

Vertex 1280 -0.619565 0.667770 -0.412580
    {normal=(-0.619565, 0.667770, -0.412580)
     Opos=(-0.433696, 0.467439, -0.288806)
     Onormal=(-0.619565, 0.667770, -0.412580)}

Vertex 1281 -0.577715 0.663124 -0.475933
    {normal=(-0.577715, 0.663124, -0.475933)
     Opos=(-0.404400, 0.464187, -0.333153)
     Onormal=(-0.577715, 0.663124, -0.475933)}

Vertex 1282 -0.721243 0.690138 -0.059307
    {normal=(-0.721243, 0.690138, -0.059307)
     Opos=(-0.504870, 0.483097, -0.041515)
     Onormal=(-0.721243, 0.690138, -0.059307)}

Vertex 1283 -0.694194 0.704342 -0.148314
    {normal=(-0.694194, 0.704342, -0.148314)
     Opos=(-0.485936, 0.493039, -0.103820)
     Onormal=(-0.694194, 0.704342, -0.148314)}

Vertex 1284 -0.655287 0.753482 -0.053516
    {normal=(-0.655287, 0.753482, -0.053516)
     Opos=(-0.458701, 0.527437, -0.037462)
     Onormal=(-0.655287, 0.753482, -0.053516)}

Vertex 1285 -0.635458 0.759144 -0.141047
    {normal=(-0.635458, 0.759144, -0.141047)
     Opos=(-0.444820, 0.531401, -0.098733)
     Onormal=(-0.635458, 0.759144, -0.141047)}

Vertex 1286 -0.644599 0.759487 0.087591
    {normal=(-0.644599, 0.759487, 0.087591)
     Opos=(-0.451219, 0.531641, 0.061313)
     Onormal=(-0.644599, 0.759487, 0.087591)}

Vertex 1287 -0.637564 0.769640 0.034156
    {normal=(-0.637564, 0.769640, 0.034156)
     Opos=(-0.446295, 0.538748, 0.023909)
     Onormal=(-0.637564, 0.769640, 0.034156)}

Vertex 1288 -0.599019 0.798630 -0.058015
    {normal=(-0.599019, 0.798630, -0.058015)
     Opos=(-0.419313, 0.559041, -0.040611)
     Onormal=(-0.599019, 0.798630, -0.058015)}

Vertex 1289 -0.678769 0.734131 0.018010
    {normal=(-0.678769, 0.734131, 0.018010)
     Opos=(-0.475139, 0.513891, 0.012607)
     Onormal=(-0.678769, 0.734131, 0.018010)}

Vertex 1290 -0.625003 0.780519 -0.012677
    {normal=(-0.625003, 0.780519, -0.012677)
     Opos=(-0.437502, 0.546364, -0.008874)
     Onormal=(-0.625003, 0.780519, -0.012677)}

Vertex 1291 -0.592729 0.805221 0.017071
    {normal=(-0.592729, 0.805221, 0.017071)
     Opos=(-0.414910, 0.563655, 0.011950)
     Onormal=(-0.592729, 0.805221, 0.017071)}

Vertex 1292 -0.610117 0.784347 -0.112061
    {normal=(-0.610117, 0.784347, -0.112061)
     Opos=(-0.427082, 0.549043, -0.078443)
     Onormal=(-0.610117, 0.784347, -0.112061)}

Vertex 1293 -0.563744 0.825532 -0.026246
    {normal=(-0.563744, 0.825532, -0.026246)
     Opos=(-0.394621, 0.577873, -0.018372)
     Onormal=(-0.563744, 0.825532, -0.026246)}

Vertex 1294 -0.556261 0.826555 -0.085912
    {normal=(-0.556261, 0.826555, -0.085912)
     Opos=(-0.389383, 0.578588, -0.060138)
     Onormal=(-0.556261, 0.826555, -0.085912)}

Vertex 1295 -0.537798 0.833907 -0.123982
    {normal=(-0.537798, 0.833907, -0.123982)
     Opos=(-0.376459, 0.583735, -0.086787)
     Onormal=(-0.537798, 0.833907, -0.123982)}

Vertex 1296 -0.449265 0.890127 -0.076392
    {normal=(-0.449265, 0.890127, -0.076392)
     Opos=(-0.314485, 0.623089, -0.053475)
     Onormal=(-0.449265, 0.890127, -0.076392)}

Vertex 1297 -0.496594 0.734095 -0.463140
    {normal=(-0.496594, 0.734095, -0.463140)
     Opos=(-0.347616, 0.513867, -0.324198)
     Onormal=(-0.496594, 0.734095, -0.463140)}

Vertex 1298 -0.613655 0.722168 -0.319218
    {normal=(-0.613655, 0.722168, -0.319218)
     Opos=(-0.429558, 0.505518, -0.223453)
     Onormal=(-0.613655, 0.722168, -0.319218)}

Vertex 1299 -0.572437 0.716791 -0.398153
    {normal=(-0.572437, 0.716791, -0.398153)
     Opos=(-0.400706, 0.501754, -0.278707)
     Onormal=(-0.572437, 0.716791, -0.398153)}

Vertex 1300 -0.477180 0.807738 -0.346207
    {normal=(-0.477180, 0.807738, -0.346207)
     Opos=(-0.334026, 0.565416, -0.242345)
     Onormal=(-0.477180, 0.807738, -0.346207)}

Vertex 1301 -0.434958 0.841933 -0.319312
    {normal=(-0.434958, 0.841933, -0.319312)
     Opos=(-0.304471, 0.589353, -0.223518)
     Onormal=(-0.434958, 0.841933, -0.319312)}

Vertex 1302 -0.679020 0.678911 -0.279307
    {normal=(-0.679020, 0.678911, -0.279307)
     Opos=(-0.475314, 0.475237, -0.195515)
     Onormal=(-0.679020, 0.678911, -0.279307)}

Vertex 1303 -0.664971 0.738028 -0.114577
    {normal=(-0.664971, 0.738028, -0.114577)
     Opos=(-0.465480, 0.516620, -0.080204)
     Onormal=(-0.664971, 0.738028, -0.114577)}

Vertex 1304 -0.614399 0.768890 -0.176980
    {normal=(-0.614399, 0.768890, -0.176980)
     Opos=(-0.430080, 0.538223, -0.123886)
     Onormal=(-0.614399, 0.768890, -0.176980)}

Vertex 1305 -0.649918 0.738884 -0.177924
    {normal=(-0.649918, 0.738884, -0.177924)
     Opos=(-0.454942, 0.517219, -0.124547)
     Onormal=(-0.649918, 0.738884, -0.177924)}

Vertex 1306 -0.481990 0.834144 -0.268123
    {normal=(-0.481990, 0.834144, -0.268123)
     Opos=(-0.337393, 0.583901, -0.187686)
     Onormal=(-0.481990, 0.834144, -0.268123)}

Vertex 1307 -0.613365 0.752284 -0.240525
    {normal=(-0.613365, 0.752284, -0.240525)
     Opos=(-0.429355, 0.526599, -0.168368)
     Onormal=(-0.613365, 0.752284, -0.240525)}

Vertex 1308 -0.562944 0.804040 -0.191347
    {normal=(-0.562944, 0.804040, -0.191347)
     Opos=(-0.394061, 0.562828, -0.133943)
     Onormal=(-0.562944, 0.804040, -0.191347)}

Vertex 1309 -0.502878 0.849720 -0.158396
    {normal=(-0.502878, 0.849720, -0.158396)
     Opos=(-0.352015, 0.594804, -0.110878)
     Onormal=(-0.502878, 0.849720, -0.158396)}

Vertex 1310 -0.229732 0.810055 -0.539476
    {normal=(-0.229732, 0.810055, -0.539476)
     Opos=(-0.160812, 0.567039, -0.377633)
     Onormal=(-0.229732, 0.810055, -0.539476)}

Vertex 1311 -0.393100 0.872815 -0.289250
    {normal=(-0.393100, 0.872815, -0.289250)
     Opos=(-0.275170, 0.610971, -0.202475)
     Onormal=(-0.393100, 0.872815, -0.289250)}

Vertex 1312 -0.344115 0.905070 -0.249868
    {normal=(-0.344115, 0.905070, -0.249868)
     Opos=(-0.240880, 0.633549, -0.174907)
     Onormal=(-0.344115, 0.905070, -0.249868)}

Vertex 1313 -0.318292 0.853945 -0.411665
    {normal=(-0.318292, 0.853945, -0.411665)
     Opos=(-0.222804, 0.597761, -0.288166)
     Onormal=(-0.318292, 0.853945, -0.411665)}

Vertex 1314 -0.396705 0.831774 -0.388300
    {normal=(-0.396705, 0.831774, -0.388300)
     Opos=(-0.277694, 0.582242, -0.271810)
     Onormal=(-0.396705, 0.831774, -0.388300)}

Vertex 1315 -0.264735 0.932388 -0.246105
    {normal=(-0.264735, 0.932388, -0.246105)
     Opos=(-0.185314, 0.652672, -0.172274)
     Onormal=(-0.264735, 0.932388, -0.246105)}

Vertex 1316 -0.204554 0.890652 -0.406074
    {normal=(-0.204554, 0.890652, -0.406074)
     Opos=(-0.143188, 0.623457, -0.284251)
     Onormal=(-0.204554, 0.890652, -0.406074)}

Vertex 1317 -0.201557 0.920849 -0.333783
    {normal=(-0.201557, 0.920849, -0.333783)
     Opos=(-0.141090, 0.644595, -0.233648)
     Onormal=(-0.201557, 0.920849, -0.333783)}

Vertex 1318 -0.127874 0.905826 -0.403890
    {normal=(-0.127874, 0.905826, -0.403890)
     Opos=(-0.089512, 0.634078, -0.282723)
     Onormal=(-0.127874, 0.905826, -0.403890)}

Vertex 1319 -0.735415 0.360190 -0.573958
    {normal=(-0.735415, 0.360190, -0.573958)
     Opos=(-0.514791, 0.252133, -0.401770)
     Onormal=(-0.735415, 0.360190, -0.573958)}

Vertex 1320 -0.552692 0.506477 -0.661825
    {normal=(-0.552692, 0.506477, -0.661825)
     Opos=(-0.386885, 0.354534, -0.463277)
     Onormal=(-0.552692, 0.506477, -0.661825)}

Vertex 1321 -0.442800 0.733672 -0.515416
    {normal=(-0.442800, 0.733672, -0.515416)
     Opos=(-0.309960, 0.513570, -0.360791)
     Onormal=(-0.442800, 0.733672, -0.515416)}

Vertex 1322 -0.390587 0.723639 -0.569024
    {normal=(-0.390587, 0.723639, -0.569024)
     Opos=(-0.273411, 0.506547, -0.398317)
     Onormal=(-0.390587, 0.723639, -0.569024)}

Vertex 1323 -0.351204 0.689978 -0.632919
    {normal=(-0.351204, 0.689978, -0.632919)
     Opos=(-0.245843, 0.482984, -0.443043)
     Onormal=(-0.351204, 0.689978, -0.632919)}

Vertex 1324 -0.029038 0.882184 -0.470008
    {normal=(-0.029038, 0.882184, -0.470008)
     Opos=(-0.020327, 0.617529, -0.329006)
     Onormal=(-0.029038, 0.882184, -0.470008)}

Vertex 1325 -0.122901 0.660595 -0.740614
    {normal=(-0.122901, 0.660595, -0.740614)
     Opos=(-0.086031, 0.462417, -0.518430)
     Onormal=(-0.122901, 0.660595, -0.740614)}

Vertex 1326 -0.436819 0.598788 -0.671299
    {normal=(-0.436819, 0.598788, -0.671299)
     Opos=(-0.305773, 0.419152, -0.469909)
     Onormal=(-0.436819, 0.598788, -0.671299)}

Vertex 1327 -0.479200 0.646657 -0.593467
    {normal=(-0.479200, 0.646657, -0.593467)
     Opos=(-0.335440, 0.452660, -0.415427)
     Onormal=(-0.479200, 0.646657, -0.593467)}

Vertex 1328 -0.345166 0.595559 -0.725376
    {normal=(-0.345166, 0.595559, -0.725376)
     Opos=(-0.241616, 0.416891, -0.507763)
     Onormal=(-0.345166, 0.595559, -0.725376)}

Vertex 1329 -0.199115 0.540292 -0.817580
    {normal=(-0.199115, 0.540292, -0.817580)
     Opos=(-0.139380, 0.378204, -0.572306)
     Onormal=(-0.199115, 0.540292, -0.817580)}

Vertex 1330 -0.096013 0.465876 -0.879625
    {normal=(-0.096013, 0.465876, -0.879625)
     Opos=(-0.067209, 0.326113, -0.615738)
     Onormal=(-0.096013, 0.465876, -0.879625)}

Vertex 1331 0.893959 0.421567 0.152050
    {normal=(0.893959, 0.421567, 0.152050)
     Opos=(0.625771, 0.295097, 0.106435)
     Onormal=(0.893959, 0.421567, 0.152050)}

Vertex 1332 0.915964 0.360275 0.176671
    {normal=(0.915964, 0.360275, 0.176671)
     Opos=(0.641175, 0.252192, 0.123670)
     Onormal=(0.915964, 0.360275, 0.176671)}

Vertex 1333 0.885892 0.228941 0.403462
    {normal=(0.885892, 0.228941, 0.403462)
     Opos=(0.620124, 0.160259, 0.282423)
     Onormal=(0.885892, 0.228941, 0.403462)}

Vertex 1334 0.831215 0.478861 0.282443
    {normal=(0.831215, 0.478861, 0.282443)
     Opos=(0.581851, 0.335203, 0.197710)
     Onormal=(0.831215, 0.478861, 0.282443)}

Vertex 1335 0.755567 0.580970 0.302643
    {normal=(0.755567, 0.580970, 0.302643)
     Opos=(0.528897, 0.406679, 0.211850)
     Onormal=(0.755567, 0.580970, 0.302643)}

Vertex 1336 0.643660 0.724302 0.247161
    {normal=(0.643660, 0.724302, 0.247161)
     Opos=(0.450562, 0.507011, 0.173013)
     Onormal=(0.643660, 0.724302, 0.247161)}

Vertex 1337 0.637557 0.706181 0.307944
    {normal=(0.637557, 0.706181, 0.307944)
     Opos=(0.446290, 0.494326, 0.215561)
     Onormal=(0.637557, 0.706181, 0.307944)}

Vertex 1338 0.668530 0.657460 0.347583
    {normal=(0.668530, 0.657460, 0.347583)
     Opos=(0.467971, 0.460222, 0.243308)
     Onormal=(0.668530, 0.657460, 0.347583)}

Vertex 1339 0.699290 0.609458 0.373571
    {normal=(0.699290, 0.609458, 0.373571)
     Opos=(0.489503, 0.426620, 0.261500)
     Onormal=(0.699290, 0.609458, 0.373571)}

Vertex 1340 0.682580 0.598186 0.419831
    {normal=(0.682580, 0.598186, 0.419831)
     Opos=(0.477806, 0.418730, 0.293882)
     Onormal=(0.682580, 0.598186, 0.419831)}

Vertex 1341 0.729291 0.533654 0.428193
    {normal=(0.729291, 0.533654, 0.428193)
     Opos=(0.510503, 0.373558, 0.299735)
     Onormal=(0.729291, 0.533654, 0.428193)}

Vertex 1342 0.837006 0.419997 0.350747
    {normal=(0.837006, 0.419997, 0.350747)
     Opos=(0.585904, 0.293998, 0.245523)
     Onormal=(0.837006, 0.419997, 0.350747)}

Vertex 1343 0.780464 0.485145 0.394348
    {normal=(0.780464, 0.485145, 0.394348)
     Opos=(0.546325, 0.339602, 0.276044)
     Onormal=(0.780464, 0.485145, 0.394348)}

Vertex 1344 0.754602 0.419663 0.504440
    {normal=(0.754602, 0.419663, 0.504440)
     Opos=(0.528221, 0.293764, 0.353108)
     Onormal=(0.754602, 0.419663, 0.504440)}

Vertex 1345 0.748229 0.304338 0.589518
    {normal=(0.748229, 0.304338, 0.589518)
     Opos=(0.523760, 0.213037, 0.412663)
     Onormal=(0.748229, 0.304338, 0.589518)}

Vertex 1346 0.630654 0.310010 0.711456
    {normal=(0.630654, 0.310010, 0.711456)
     Opos=(0.441458, 0.217007, 0.498019)
     Onormal=(0.630654, 0.310010, 0.711456)}

Vertex 1347 0.472336 0.848357 0.239141
    {normal=(0.472336, 0.848357, 0.239141)
     Opos=(0.330635, 0.593850, 0.167399)
     Onormal=(0.472336, 0.848357, 0.239141)}

Vertex 1348 0.434200 0.865090 0.251178
    {normal=(0.434200, 0.865090, 0.251178)
     Opos=(0.303940, 0.605563, 0.175825)
     Onormal=(0.434200, 0.865090, 0.251178)}

Vertex 1349 0.513956 0.815203 0.267009
    {normal=(0.513956, 0.815203, 0.267009)
     Opos=(0.359769, 0.570642, 0.186907)
     Onormal=(0.513956, 0.815203, 0.267009)}

Vertex 1350 0.331195 0.903644 0.271546
    {normal=(0.331195, 0.903644, 0.271546)
     Opos=(0.231837, 0.632551, 0.190082)
     Onormal=(0.331195, 0.903644, 0.271546)}

Vertex 1351 0.429854 0.843162 0.322960
    {normal=(0.429854, 0.843162, 0.322960)
     Opos=(0.300898, 0.590213, 0.226072)
     Onormal=(0.429854, 0.843162, 0.322960)}

Vertex 1352 0.379882 0.872023 0.308651
    {normal=(0.379882, 0.872023, 0.308651)
     Opos=(0.265918, 0.610416, 0.216056)
     Onormal=(0.379882, 0.872023, 0.308651)}

Vertex 1353 0.221998 0.935312 0.275516
    {normal=(0.221998, 0.935312, 0.275516)
     Opos=(0.155398, 0.654718, 0.192861)
     Onormal=(0.221998, 0.935312, 0.275516)}

Vertex 1354 0.083583 0.942447 0.323739
    {normal=(0.083583, 0.942447, 0.323739)
     Opos=(0.058508, 0.659713, 0.226617)
     Onormal=(0.083583, 0.942447, 0.323739)}

Vertex 1355 0.140722 0.942179 0.304132
    {normal=(0.140722, 0.942179, 0.304132)
     Opos=(0.098505, 0.659525, 0.212893)
     Onormal=(0.140722, 0.942179, 0.304132)}

Vertex 1356 0.033500 0.954159 0.297420
    {normal=(0.033500, 0.954159, 0.297420)
     Opos=(0.023450, 0.667911, 0.208194)
     Onormal=(0.033500, 0.954159, 0.297420)}

Vertex 1357 0.297805 0.825399 0.479613
    {normal=(0.297805, 0.825399, 0.479613)
     Opos=(0.208463, 0.577779, 0.335729)
     Onormal=(0.297805, 0.825399, 0.479613)}

Vertex 1358 0.185742 0.918554 0.348938
    {normal=(0.185742, 0.918554, 0.348938)
     Opos=(0.130019, 0.642988, 0.244257)
     Onormal=(0.185742, 0.918554, 0.348938)}

Vertex 1359 0.111841 0.884947 0.452062
    {normal=(0.111841, 0.884947, 0.452062)
     Opos=(0.078288, 0.619463, 0.316443)
     Onormal=(0.111841, 0.884947, 0.452062)}

Vertex 1360 0.263576 0.866600 0.423712
    {normal=(0.263576, 0.866600, 0.423712)
     Opos=(0.184503, 0.606620, 0.296598)
     Onormal=(0.263576, 0.866600, 0.423712)}

Vertex 1361 -0.064524 0.896936 0.437428
    {normal=(-0.064524, 0.896936, 0.437428)
     Opos=(-0.045167, 0.627855, 0.306200)
     Onormal=(-0.064524, 0.896936, 0.437428)}

Vertex 1362 0.198175 0.765387 0.612298
    {normal=(0.198175, 0.765387, 0.612298)
     Opos=(0.138723, 0.535771, 0.428609)
     Onormal=(0.198175, 0.765387, 0.612298)}

Vertex 1363 0.053600 0.852278 0.520335
    {normal=(0.053600, 0.852278, 0.520335)
     Opos=(0.037520, 0.596595, 0.364235)
     Onormal=(0.053600, 0.852278, 0.520335)}

Vertex 1364 -0.052508 0.795721 0.603383
    {normal=(-0.052508, 0.795721, 0.603383)
     Opos=(-0.036756, 0.557005, 0.422368)
     Onormal=(-0.052508, 0.795721, 0.603383)}

Vertex 1365 0.141286 0.808061 0.571905
    {normal=(0.141286, 0.808061, 0.571905)
     Opos=(0.098901, 0.565643, 0.400334)
     Onormal=(0.141286, 0.808061, 0.571905)}

Vertex 1366 0.102540 0.770559 0.629066
    {normal=(0.102540, 0.770559, 0.629066)
     Opos=(0.071778, 0.539392, 0.440346)
     Onormal=(0.102540, 0.770559, 0.629066)}

Vertex 1367 -0.001190 0.742998 0.669293
    {normal=(-0.001190, 0.742998, 0.669293)
     Opos=(-0.000833, 0.520099, 0.468505)
     Onormal=(-0.001190, 0.742998, 0.669293)}

Vertex 1368 0.647112 0.359626 0.672247
    {normal=(0.647112, 0.359626, 0.672247)
     Opos=(0.452978, 0.251738, 0.470573)
     Onormal=(0.647112, 0.359626, 0.672247)}

Vertex 1369 0.571288 0.359540 0.737808
    {normal=(0.571288, 0.359540, 0.737808)
     Opos=(0.399902, 0.251678, 0.516466)
     Onormal=(0.571288, 0.359540, 0.737808)}

Vertex 1370 0.517430 0.365271 0.773850
    {normal=(0.517430, 0.365271, 0.773850)
     Opos=(0.362201, 0.255689, 0.541695)
     Onormal=(0.517430, 0.365271, 0.773850)}

Vertex 1371 0.589409 0.509287 0.627075
    {normal=(0.589409, 0.509287, 0.627075)
     Opos=(0.412586, 0.356501, 0.438953)
     Onormal=(0.589409, 0.509287, 0.627075)}

Vertex 1372 0.562254 0.481020 0.672674
    {normal=(0.562254, 0.481020, 0.672674)
     Opos=(0.393578, 0.336714, 0.470872)
     Onormal=(0.562254, 0.481020, 0.672674)}

Vertex 1373 0.460414 0.437752 0.772264
    {normal=(0.460414, 0.437752, 0.772264)
     Opos=(0.322290, 0.306426, 0.540585)
     Onormal=(0.460414, 0.437752, 0.772264)}

Vertex 1374 0.436679 0.488048 0.755725
    {normal=(0.436679, 0.488048, 0.755725)
     Opos=(0.305675, 0.341633, 0.529008)
     Onormal=(0.436679, 0.488048, 0.755725)}

Vertex 1375 0.471782 0.536660 0.699584
    {normal=(0.471782, 0.536660, 0.699584)
     Opos=(0.330247, 0.375662, 0.489709)
     Onormal=(0.471782, 0.536660, 0.699584)}

Vertex 1376 0.387024 0.522840 0.759507
    {normal=(0.387024, 0.522840, 0.759507)
     Opos=(0.270917, 0.365988, 0.531655)
     Onormal=(0.387024, 0.522840, 0.759507)}

Vertex 1377 0.649363 0.641869 0.407838
    {normal=(0.649363, 0.641869, 0.407838)
     Opos=(0.454554, 0.449308, 0.285486)
     Onormal=(0.649363, 0.641869, 0.407838)}

Vertex 1378 0.615362 0.696784 0.368539
    {normal=(0.615362, 0.696784, 0.368539)
     Opos=(0.430754, 0.487749, 0.257977)
     Onormal=(0.615362, 0.696784, 0.368539)}

Vertex 1379 0.470518 0.722336 0.506798
    {normal=(0.470518, 0.722336, 0.506798)
     Opos=(0.329362, 0.505635, 0.354758)
     Onormal=(0.470518, 0.722336, 0.506798)}

Vertex 1380 0.511569 0.718724 0.470886
    {normal=(0.511569, 0.718724, 0.470886)
     Opos=(0.358098, 0.503107, 0.329620)
     Onormal=(0.511569, 0.718724, 0.470886)}

Vertex 1381 0.594385 0.600551 0.534832
    {normal=(0.594385, 0.600551, 0.534832)
     Opos=(0.416069, 0.420386, 0.374383)
     Onormal=(0.594385, 0.600551, 0.534832)}

Vertex 1382 0.417626 0.728166 0.543473
    {normal=(0.417626, 0.728166, 0.543473)
     Opos=(0.292338, 0.509716, 0.380431)
     Onormal=(0.417626, 0.728166, 0.543473)}

Vertex 1383 0.240167 0.587951 0.772420
    {normal=(0.240167, 0.587951, 0.772420)
     Opos=(0.168117, 0.411566, 0.540694)
     Onormal=(0.240167, 0.587951, 0.772420)}

Vertex 1384 0.317727 0.729617 0.605565
    {normal=(0.317727, 0.729617, 0.605565)
     Opos=(0.222409, 0.510732, 0.423895)
     Onormal=(0.317727, 0.729617, 0.605565)}

Vertex 1385 0.134188 0.645894 0.751541
    {normal=(0.134188, 0.645894, 0.751541)
     Opos=(0.093931, 0.452126, 0.526079)
     Onormal=(0.134188, 0.645894, 0.751541)}

Vertex 1386 0.073555 0.721740 0.688245
    {normal=(0.073555, 0.721740, 0.688245)
     Opos=(0.051489, 0.505218, 0.481771)
     Onormal=(0.073555, 0.721740, 0.688245)}

Vertex 1387 0.396111 0.404085 0.824506
    {normal=(0.396111, 0.404085, 0.824506)
     Opos=(0.277278, 0.282860, 0.577154)
     Onormal=(0.396111, 0.404085, 0.824506)}

Vertex 1388 0.332647 0.418266 0.845222
    {normal=(0.332647, 0.418266, 0.845222)
     Opos=(0.232853, 0.292786, 0.591655)
     Onormal=(0.332647, 0.418266, 0.845222)}

Vertex 1389 0.429271 0.339837 0.836802
    {normal=(0.429271, 0.339837, 0.836802)
     Opos=(0.300490, 0.237886, 0.585761)
     Onormal=(0.429271, 0.339837, 0.836802)}

Vertex 1390 0.371883 0.320865 0.871062
    {normal=(0.371883, 0.320865, 0.871062)
     Opos=(0.260318, 0.224606, 0.609743)
     Onormal=(0.371883, 0.320865, 0.871062)}

Vertex 1391 0.362711 0.266509 0.892980
    {normal=(0.362711, 0.266509, 0.892980)
     Opos=(0.253897, 0.186556, 0.625086)
     Onormal=(0.362711, 0.266509, 0.892980)}

Vertex 1392 0.325326 0.358585 0.874974
    {normal=(0.325326, 0.358585, 0.874974)
     Opos=(0.227728, 0.251009, 0.612482)
     Onormal=(0.325326, 0.358585, 0.874974)}

Vertex 1393 0.254730 0.261157 0.931080
    {normal=(0.254730, 0.261157, 0.931080)
     Opos=(0.178311, 0.182810, 0.651756)
     Onormal=(0.254730, 0.261157, 0.931080)}

Vertex 1394 0.253251 0.494286 0.831592
    {normal=(0.253251, 0.494286, 0.831592)
     Opos=(0.177276, 0.346000, 0.582115)
     Onormal=(0.253251, 0.494286, 0.831592)}

Vertex 1395 0.021059 0.609899 0.792199
    {normal=(0.021059, 0.609899, 0.792199)
     Opos=(0.014742, 0.426929, 0.554539)
     Onormal=(0.021059, 0.609899, 0.792199)}

Vertex 1396 0.101354 0.532308 0.840462
    {normal=(0.101354, 0.532308, 0.840462)
     Opos=(0.070948, 0.372615, 0.588323)
     Onormal=(0.101354, 0.532308, 0.840462)}

Vertex 1397 0.093329 0.598360 0.795773
    {normal=(0.093329, 0.598360, 0.795773)
     Opos=(0.065331, 0.418852, 0.557041)
     Onormal=(0.093329, 0.598360, 0.795773)}

Vertex 1398 0.006951 0.420001 0.907497
    {normal=(0.006951, 0.420001, 0.907497)
     Opos=(0.004866, 0.294001, 0.635248)
     Onormal=(0.006951, 0.420001, 0.907497)}

Vertex 1399 0.266573 0.343282 0.900609
    {normal=(0.266573, 0.343282, 0.900609)
     Opos=(0.186601, 0.240298, 0.630426)
     Onormal=(0.266573, 0.343282, 0.900609)}

Vertex 1400 0.282890 0.402668 0.870536
    {normal=(0.282890, 0.402668, 0.870536)
     Opos=(0.198023, 0.281867, 0.609375)
     Onormal=(0.282890, 0.402668, 0.870536)}

Vertex 1401 0.071651 0.345389 0.935720
    {normal=(0.071651, 0.345389, 0.935720)
     Opos=(0.050156, 0.241772, 0.655004)
     Onormal=(0.071651, 0.345389, 0.935720)}

Vertex 1402 0.038238 0.330754 0.942942
    {normal=(0.038238, 0.330754, 0.942942)
     Opos=(0.026767, 0.231528, 0.660059)
     Onormal=(0.038238, 0.330754, 0.942942)}

Vertex 1403 0.004465 0.300233 0.953855
    {normal=(0.004465, 0.300233, 0.953855)
     Opos=(0.003125, 0.210163, 0.667699)
     Onormal=(0.004465, 0.300233, 0.953855)}

Vertex 1404 0.960545 0.225567 0.162706
    {normal=(0.960545, 0.225567, 0.162706)
     Opos=(0.672381, 0.157897, 0.113894)
     Onormal=(0.960545, 0.225567, 0.162706)}

Vertex 1405 0.958937 0.188708 0.211728
    {normal=(0.958937, 0.188708, 0.211728)
     Opos=(0.671256, 0.132095, 0.148210)
     Onormal=(0.958937, 0.188708, 0.211728)}

Vertex 1406 0.976326 0.084731 0.199017
    {normal=(0.976326, 0.084731, 0.199017)
     Opos=(0.683428, 0.059312, 0.139312)
     Onormal=(0.976326, 0.084731, 0.199017)}

Vertex 1407 0.971450 0.021531 0.236267
    {normal=(0.971450, 0.021531, 0.236267)
     Opos=(0.680015, 0.015072, 0.165387)
     Onormal=(0.971450, 0.021531, 0.236267)}

Vertex 1408 0.982723 0.010587 0.184780
    {normal=(0.982723, 0.010587, 0.184780)
     Opos=(0.687906, 0.007411, 0.129346)
     Onormal=(0.982723, 0.010587, 0.184780)}

Vertex 1409 0.996162 -0.062296 0.061493
    {normal=(0.996162, -0.062296, 0.061493)
     Opos=(0.697313, -0.043607, 0.043045)
     Onormal=(0.996162, -0.062296, 0.061493)}

Vertex 1410 0.735110 0.158031 0.659272
    {normal=(0.735110, 0.158031, 0.659272)
     Opos=(0.514577, 0.110622, 0.461491)
     Onormal=(0.735110, 0.158031, 0.659272)}

Vertex 1411 0.770536 0.102060 0.629173
    {normal=(0.770536, 0.102060, 0.629173)
     Opos=(0.539375, 0.071442, 0.440421)
     Onormal=(0.770536, 0.102060, 0.629173)}

Vertex 1412 0.718510 0.066184 0.692360
    {normal=(0.718510, 0.066184, 0.692360)
     Opos=(0.502957, 0.046329, 0.484652)
     Onormal=(0.718510, 0.066184, 0.692360)}

Vertex 1413 0.973735 -0.037289 0.224609
    {normal=(0.973735, -0.037289, 0.224609)
     Opos=(0.681615, -0.026102, 0.157226)
     Onormal=(0.973735, -0.037289, 0.224609)}

Vertex 1414 0.961463 -0.090822 0.259502
    {normal=(0.961463, -0.090822, 0.259502)
     Opos=(0.673024, -0.063576, 0.181651)
     Onormal=(0.961463, -0.090822, 0.259502)}

Vertex 1415 0.926818 -0.029151 0.374378
    {normal=(0.926818, -0.029151, 0.374378)
     Opos=(0.648772, -0.020405, 0.262065)
     Onormal=(0.926818, -0.029151, 0.374378)}

Vertex 1416 0.916487 -0.116055 0.382862
    {normal=(0.916487, -0.116055, 0.382862)
     Opos=(0.641541, -0.081238, 0.268003)
     Onormal=(0.916487, -0.116055, 0.382862)}

Vertex 1417 0.888204 -0.163507 0.429372
    {normal=(0.888204, -0.163507, 0.429372)
     Opos=(0.621742, -0.114455, 0.300560)
     Onormal=(0.888204, -0.163507, 0.429372)}

Vertex 1418 0.865497 -0.168648 0.471670
    {normal=(0.865497, -0.168648, 0.471670)
     Opos=(0.605848, -0.118053, 0.330169)
     Onormal=(0.865497, -0.168648, 0.471670)}

Vertex 1419 0.952000 -0.203536 0.228623
    {normal=(0.952000, -0.203536, 0.228623)
     Opos=(0.666400, -0.142476, 0.160036)
     Onormal=(0.952000, -0.203536, 0.228623)}

Vertex 1420 0.937838 -0.126605 0.323159
    {normal=(0.937838, -0.126605, 0.323159)
     Opos=(0.656486, -0.088623, 0.226211)
     Onormal=(0.937838, -0.126605, 0.323159)}

Vertex 1421 0.904764 -0.202861 0.374499
    {normal=(0.904764, -0.202861, 0.374499)
     Opos=(0.633335, -0.142003, 0.262149)
     Onormal=(0.904764, -0.202861, 0.374499)}

Vertex 1422 0.827164 -0.153774 0.540512
    {normal=(0.827164, -0.153774, 0.540512)
     Opos=(0.579015, -0.107642, 0.378359)
     Onormal=(0.827164, -0.153774, 0.540512)}

Vertex 1423 0.868269 -0.260418 0.422246
    {normal=(0.868269, -0.260418, 0.422246)
     Opos=(0.607788, -0.182292, 0.295572)
     Onormal=(0.868269, -0.260418, 0.422246)}

Vertex 1424 0.848279 -0.232659 0.475703
    {normal=(0.848279, -0.232659, 0.475703)
     Opos=(0.593795, -0.162861, 0.332992)
     Onormal=(0.848279, -0.232659, 0.475703)}

Vertex 1425 0.833233 -0.281147 0.476108
    {normal=(0.833233, -0.281147, 0.476108)
     Opos=(0.583263, -0.196803, 0.333276)
     Onormal=(0.833233, -0.281147, 0.476108)}

Vertex 1426 0.845229 -0.313207 0.433000
    {normal=(0.845229, -0.313207, 0.433000)
     Opos=(0.591660, -0.219245, 0.303100)
     Onormal=(0.845229, -0.313207, 0.433000)}

Vertex 1427 0.924142 -0.273517 0.266741
    {normal=(0.924142, -0.273517, 0.266741)
     Opos=(0.646899, -0.191462, 0.186719)
     Onormal=(0.924142, -0.273517, 0.266741)}

Vertex 1428 0.912320 -0.399367 0.090439
    {normal=(0.912320, -0.399367, 0.090439)
     Opos=(0.638624, -0.279557, 0.063307)
     Onormal=(0.912320, -0.399367, 0.090439)}

Vertex 1429 0.889862 -0.379775 0.252818
    {normal=(0.889862, -0.379775, 0.252818)
     Opos=(0.622903, -0.265842, 0.176972)
     Onormal=(0.889862, -0.379775, 0.252818)}

Vertex 1430 0.881143 -0.419043 0.219067
    {normal=(0.881143, -0.419043, 0.219067)
     Opos=(0.616800, -0.293330, 0.153347)
     Onormal=(0.881143, -0.419043, 0.219067)}

Vertex 1431 0.875881 -0.463687 0.133515
    {normal=(0.875881, -0.463687, 0.133515)
     Opos=(0.613117, -0.324581, 0.093460)
     Onormal=(0.875881, -0.463687, 0.133515)}

Vertex 1432 0.559418 0.091028 0.823872
    {normal=(0.559418, 0.091028, 0.823872)
     Opos=(0.391593, 0.063720, 0.576711)
     Onormal=(0.559418, 0.091028, 0.823872)}

Vertex 1433 0.271465 0.169425 0.947419
    {normal=(0.271465, 0.169425, 0.947419)
     Opos=(0.190026, 0.118597, 0.663193)
     Onormal=(0.271465, 0.169425, 0.947419)}

Vertex 1434 0.341463 0.132094 0.930567
    {normal=(0.341463, 0.132094, 0.930567)
     Opos=(0.239024, 0.092466, 0.651397)
     Onormal=(0.341463, 0.132094, 0.930567)}

Vertex 1435 0.469679 0.124904 0.873957
    {normal=(0.469679, 0.124904, 0.873957)
     Opos=(0.328775, 0.087433, 0.611770)
     Onormal=(0.469679, 0.124904, 0.873957)}

Vertex 1436 0.416780 0.146376 0.897145
    {normal=(0.416780, 0.146376, 0.897145)
     Opos=(0.291746, 0.102463, 0.628001)
     Onormal=(0.416780, 0.146376, 0.897145)}

Vertex 1437 0.415086 0.012836 0.909691
    {normal=(0.415086, 0.012836, 0.909691)
     Opos=(0.290561, 0.008985, 0.636784)
     Onormal=(0.415086, 0.012836, 0.909691)}

Vertex 1438 0.439581 -0.099294 0.892698
    {normal=(0.439581, -0.099294, 0.892698)
     Opos=(0.307707, -0.069506, 0.624888)
     Onormal=(0.439581, -0.099294, 0.892698)}

Vertex 1439 0.202439 0.169561 0.964504
    {normal=(0.202439, 0.169561, 0.964504)
     Opos=(0.141707, 0.118693, 0.675153)
     Onormal=(0.202439, 0.169561, 0.964504)}

Vertex 1440 0.385666 -0.108299 0.916260
    {normal=(0.385666, -0.108299, 0.916260)
     Opos=(0.269966, -0.075809, 0.641382)
     Onormal=(0.385666, -0.108299, 0.916260)}

Vertex 1441 0.268729 -0.015929 0.963084
    {normal=(0.268729, -0.015929, 0.963084)
     Opos=(0.188110, -0.011150, 0.674159)
     Onormal=(0.268729, -0.015929, 0.963084)}

Vertex 1442 0.237929 0.084035 0.967640
    {normal=(0.237929, 0.084035, 0.967640)
     Opos=(0.166550, 0.058825, 0.677348)
     Onormal=(0.237929, 0.084035, 0.967640)}

Vertex 1443 0.169964 0.028017 0.985052
    {normal=(0.169964, 0.028017, 0.985052)
     Opos=(0.118975, 0.019612, 0.689536)
     Onormal=(0.169964, 0.028017, 0.985052)}

Vertex 1444 0.150126 0.125885 0.980620
    {normal=(0.150126, 0.125885, 0.980620)
     Opos=(0.105088, 0.088119, 0.686434)
     Onormal=(0.150126, 0.125885, 0.980620)}

Vertex 1445 0.177343 -0.046976 0.983027
    {normal=(0.177343, -0.046976, 0.983027)
     Opos=(0.124140, -0.032883, 0.688119)
     Onormal=(0.177343, -0.046976, 0.983027)}

Vertex 1446 0.261106 -0.168279 0.950529
    {normal=(0.261106, -0.168279, 0.950529)
     Opos=(0.182775, -0.117795, 0.665370)
     Onormal=(0.261106, -0.168279, 0.950529)}

Vertex 1447 0.272505 -0.244238 0.930639
    {normal=(0.272505, -0.244238, 0.930639)
     Opos=(0.190753, -0.170967, 0.651447)
     Onormal=(0.272505, -0.244238, 0.930639)}

Vertex 1448 0.087400 -0.163204 0.982713
    {normal=(0.087400, -0.163204, 0.982713)
     Opos=(0.061180, -0.114243, 0.687899)
     Onormal=(0.087400, -0.163204, 0.982713)}

Vertex 1449 0.083990 -0.209525 0.974189
    {normal=(0.083990, -0.209525, 0.974189)
     Opos=(0.058793, -0.146668, 0.681933)
     Onormal=(0.083990, -0.209525, 0.974189)}

Vertex 1450 0.145606 -0.276967 0.949783
    {normal=(0.145606, -0.276967, 0.949783)
     Opos=(0.101925, -0.193877, 0.664848)
     Onormal=(0.145606, -0.276967, 0.949783)}

Vertex 1451 0.052311 -0.230435 0.971681
    {normal=(0.052311, -0.230435, 0.971681)
     Opos=(0.036618, -0.161304, 0.680176)
     Onormal=(0.052311, -0.230435, 0.971681)}

Vertex 1452 0.087881 -0.260443 0.961481
    {normal=(0.087881, -0.260443, 0.961481)
     Opos=(0.061517, -0.182310, 0.673037)
     Onormal=(0.087881, -0.260443, 0.961481)}

Vertex 1453 0.770705 -0.565769 0.293120
    {normal=(0.770705, -0.565769, 0.293120)
     Opos=(0.539494, -0.396038, 0.205184)
     Onormal=(0.770705, -0.565769, 0.293120)}

Vertex 1454 0.723877 -0.605120 0.331409
    {normal=(0.723877, -0.605120, 0.331409)
     Opos=(0.506714, -0.423584, 0.231987)
     Onormal=(0.723877, -0.605120, 0.331409)}

Vertex 1455 0.717037 -0.584160 0.380283
    {normal=(0.717037, -0.584160, 0.380283)
     Opos=(0.501926, -0.408912, 0.266198)
     Onormal=(0.717037, -0.584160, 0.380283)}

Vertex 1456 0.827366 -0.389573 0.404596
    {normal=(0.827366, -0.389573, 0.404596)
     Opos=(0.579156, -0.272701, 0.283217)
     Onormal=(0.827366, -0.389573, 0.404596)}

Vertex 1457 0.753246 -0.281600 0.594409
    {normal=(0.753246, -0.281600, 0.594409)
     Opos=(0.527272, -0.197120, 0.416086)
     Onormal=(0.753246, -0.281600, 0.594409)}

Vertex 1458 0.804904 -0.298248 0.513008
    {normal=(0.804904, -0.298248, 0.513008)
     Opos=(0.563433, -0.208774, 0.359106)
     Onormal=(0.804904, -0.298248, 0.513008)}

Vertex 1459 0.727363 -0.427435 0.536882
    {normal=(0.727363, -0.427435, 0.536882)
     Opos=(0.509154, -0.299205, 0.375818)
     Onormal=(0.727363, -0.427435, 0.536882)}

Vertex 1460 0.704822 -0.566064 0.427547
    {normal=(0.704822, -0.566064, 0.427547)
     Opos=(0.493376, -0.396245, 0.299283)
     Onormal=(0.704822, -0.566064, 0.427547)}

Vertex 1461 0.682270 -0.536302 0.496878
    {normal=(0.682270, -0.536302, 0.496878)
     Opos=(0.477589, -0.375412, 0.347814)
     Onormal=(0.682270, -0.536302, 0.496878)}

Vertex 1462 0.795117 -0.433734 0.423868
    {normal=(0.795117, -0.433734, 0.423868)
     Opos=(0.556582, -0.303614, 0.296707)
     Onormal=(0.795117, -0.433734, 0.423868)}

Vertex 1463 0.734789 -0.474385 0.484813
    {normal=(0.734789, -0.474385, 0.484813)
     Opos=(0.514352, -0.332070, 0.339369)
     Onormal=(0.734789, -0.474385, 0.484813)}

Vertex 1464 0.667497 -0.496438 0.554975
    {normal=(0.667497, -0.496438, 0.554975)
     Opos=(0.467248, -0.347506, 0.388482)
     Onormal=(0.667497, -0.496438, 0.554975)}

Vertex 1465 0.688978 -0.409857 0.597767
    {normal=(0.688978, -0.409857, 0.597767)
     Opos=(0.482285, -0.286900, 0.418437)
     Onormal=(0.688978, -0.409857, 0.597767)}

Vertex 1466 0.591310 -0.597414 0.541709
    {normal=(0.591310, -0.597414, 0.541709)
     Opos=(0.413917, -0.418190, 0.379197)
     Onormal=(0.591310, -0.597414, 0.541709)}

Vertex 1467 0.537425 -0.558302 0.632039
    {normal=(0.537425, -0.558302, 0.632039)
     Opos=(0.376198, -0.390811, 0.442427)
     Onormal=(0.537425, -0.558302, 0.632039)}

Vertex 1468 0.756220 -0.207328 0.620602
    {normal=(0.756220, -0.207328, 0.620602)
     Opos=(0.529354, -0.145130, 0.434421)
     Onormal=(0.756220, -0.207328, 0.620602)}

Vertex 1469 0.777315 -0.088042 0.622920
    {normal=(0.777315, -0.088042, 0.622920)
     Opos=(0.544121, -0.061630, 0.436044)
     Onormal=(0.777315, -0.088042, 0.622920)}

Vertex 1470 0.750224 -0.145876 0.644891
    {normal=(0.750224, -0.145876, 0.644891)
     Opos=(0.525157, -0.102113, 0.451424)
     Onormal=(0.750224, -0.145876, 0.644891)}

Vertex 1471 0.679749 0.130922 0.721665
    {normal=(0.679749, 0.130922, 0.721665)
     Opos=(0.475824, 0.091645, 0.505166)
     Onormal=(0.679749, 0.130922, 0.721665)}

Vertex 1472 0.638573 0.172880 0.749892
    {normal=(0.638573, 0.172880, 0.749892)
     Opos=(0.447001, 0.121016, 0.524924)
     Onormal=(0.638573, 0.172880, 0.749892)}

Vertex 1473 0.598167 0.134904 0.789935
    {normal=(0.598167, 0.134904, 0.789935)
     Opos=(0.418717, 0.094432, 0.552955)
     Onormal=(0.598167, 0.134904, 0.789935)}

Vertex 1474 0.570641 -0.130666 0.810738
    {normal=(0.570641, -0.130666, 0.810738)
     Opos=(0.399448, -0.091466, 0.567516)
     Onormal=(0.570641, -0.130666, 0.810738)}

Vertex 1475 0.525579 -0.102659 0.844528
    {normal=(0.525579, -0.102659, 0.844528)
     Opos=(0.367905, -0.071861, 0.591170)
     Onormal=(0.525579, -0.102659, 0.844528)}

Vertex 1476 0.443433 -0.596713 0.668806
    {normal=(0.443433, -0.596713, 0.668806)
     Opos=(0.310403, -0.417699, 0.468164)
     Onormal=(0.443433, -0.596713, 0.668806)}

Vertex 1477 0.479794 -0.560594 0.674931
    {normal=(0.479794, -0.560594, 0.674931)
     Opos=(0.335856, -0.392416, 0.472452)
     Onormal=(0.479794, -0.560594, 0.674931)}

Vertex 1478 0.579827 -0.429326 0.692444
    {normal=(0.579827, -0.429326, 0.692444)
     Opos=(0.405879, -0.300528, 0.484711)
     Onormal=(0.579827, -0.429326, 0.692444)}

Vertex 1479 0.519750 -0.448646 0.727033
    {normal=(0.519750, -0.448646, 0.727033)
     Opos=(0.363825, -0.314052, 0.508923)
     Onormal=(0.519750, -0.448646, 0.727033)}

Vertex 1480 0.550758 -0.336585 0.763791
    {normal=(0.550758, -0.336585, 0.763791)
     Opos=(0.385530, -0.235609, 0.534654)
     Onormal=(0.550758, -0.336585, 0.763791)}

Vertex 1481 0.507117 -0.360493 0.782865
    {normal=(0.507117, -0.360493, 0.782865)
     Opos=(0.354982, -0.252345, 0.548005)
     Onormal=(0.507117, -0.360493, 0.782865)}

Vertex 1482 0.591528 -0.326244 0.737333
    {normal=(0.591528, -0.326244, 0.737333)
     Opos=(0.414070, -0.228371, 0.516133)
     Onormal=(0.591528, -0.326244, 0.737333)}

Vertex 1483 0.591851 -0.282316 0.754990
    {normal=(0.591851, -0.282316, 0.754990)
     Opos=(0.414296, -0.197621, 0.528493)
     Onormal=(0.591851, -0.282316, 0.754990)}

Vertex 1484 0.596769 -0.241889 0.765085
    {normal=(0.596769, -0.241889, 0.765085)
     Opos=(0.417739, -0.169323, 0.535560)
     Onormal=(0.596769, -0.241889, 0.765085)}

Vertex 1485 0.421301 -0.208611 0.882602
    {normal=(0.421301, -0.208611, 0.882602)
     Opos=(0.294911, -0.146028, 0.617822)
     Onormal=(0.421301, -0.208611, 0.882602)}

Vertex 1486 0.475260 -0.141897 0.868328
    {normal=(0.475260, -0.141897, 0.868328)
     Opos=(0.332682, -0.099328, 0.607829)
     Onormal=(0.475260, -0.141897, 0.868328)}

Vertex 1487 0.459852 -0.521154 0.718982
    {normal=(0.459852, -0.521154, 0.718982)
     Opos=(0.321896, -0.364808, 0.503287)
     Onormal=(0.459852, -0.521154, 0.718982)}

Vertex 1488 0.347127 -0.554652 0.756217
    {normal=(0.347127, -0.554652, 0.756217)
     Opos=(0.242989, -0.388256, 0.529352)
     Onormal=(0.347127, -0.554652, 0.756217)}

Vertex 1489 0.372293 -0.428470 0.823293
    {normal=(0.372293, -0.428470, 0.823293)
     Opos=(0.260605, -0.299929, 0.576305)
     Onormal=(0.372293, -0.428470, 0.823293)}

Vertex 1490 0.347840 -0.394459 0.850535
    {normal=(0.347840, -0.394459, 0.850535)
     Opos=(0.243488, -0.276121, 0.595374)
     Onormal=(0.347840, -0.394459, 0.850535)}

Vertex 1491 0.390841 -0.313851 0.865298
    {normal=(0.390841, -0.313851, 0.865298)
     Opos=(0.273589, -0.219696, 0.605709)
     Onormal=(0.390841, -0.313851, 0.865298)}

Vertex 1492 0.392519 -0.258456 0.882683
    {normal=(0.392519, -0.258456, 0.882683)
     Opos=(0.274763, -0.180919, 0.617878)
     Onormal=(0.392519, -0.258456, 0.882683)}

Vertex 1493 0.335737 -0.277625 0.900114
    {normal=(0.335737, -0.277625, 0.900114)
     Opos=(0.235016, -0.194338, 0.630080)
     Onormal=(0.335737, -0.277625, 0.900114)}

Vertex 1494 0.201452 -0.389627 0.898670
    {normal=(0.201452, -0.389627, 0.898670)
     Opos=(0.141017, -0.272739, 0.629069)
     Onormal=(0.201452, -0.389627, 0.898670)}

Vertex 1495 0.277866 -0.331586 0.901577
    {normal=(0.277866, -0.331586, 0.901577)
     Opos=(0.194506, -0.232110, 0.631104)
     Onormal=(0.277866, -0.331586, 0.901577)}

Vertex 1496 0.219834 -0.302178 0.927557
    {normal=(0.219834, -0.302178, 0.927557)
     Opos=(0.153884, -0.211524, 0.649290)
     Onormal=(0.219834, -0.302178, 0.927557)}

Vertex 1497 0.079058 -0.357214 0.930671
    {normal=(0.079058, -0.357214, 0.930671)
     Opos=(0.055341, -0.250049, 0.651470)
     Onormal=(0.079058, -0.357214, 0.930671)}

Vertex 1498 0.700856 -0.690558 0.178694
    {normal=(0.700856, -0.690558, 0.178694)
     Opos=(0.490599, -0.483390, 0.125086)
     Onormal=(0.700856, -0.690558, 0.178694)}

Vertex 1499 0.709915 -0.650610 0.269680
    {normal=(0.709915, -0.650610, 0.269680)
     Opos=(0.496941, -0.455427, 0.188776)
     Onormal=(0.709915, -0.650610, 0.269680)}

Vertex 1500 0.737802 -0.638762 0.218245
    {normal=(0.737802, -0.638762, 0.218245)
     Opos=(0.516462, -0.447133, 0.152771)
     Onormal=(0.737802, -0.638762, 0.218245)}

Vertex 1501 0.638818 -0.719276 0.273046
    {normal=(0.638818, -0.719276, 0.273046)
     Opos=(0.447172, -0.503493, 0.191132)
     Onormal=(0.638818, -0.719276, 0.273046)}

Vertex 1502 0.665258 -0.713782 0.218969
    {normal=(0.665258, -0.713782, 0.218969)
     Opos=(0.465680, -0.499647, 0.153278)
     Onormal=(0.665258, -0.713782, 0.218969)}

Vertex 1503 0.597037 -0.765160 0.240992
    {normal=(0.597037, -0.765160, 0.240992)
     Opos=(0.417926, -0.535612, 0.168695)
     Onormal=(0.597037, -0.765160, 0.240992)}

Vertex 1504 0.656939 -0.604068 0.451145
    {normal=(0.656939, -0.604068, 0.451145)
     Opos=(0.459858, -0.422848, 0.315802)
     Onormal=(0.656939, -0.604068, 0.451145)}

Vertex 1505 0.634390 -0.667379 0.390070
    {normal=(0.634390, -0.667379, 0.390070)
     Opos=(0.444073, -0.467165, 0.273049)
     Onormal=(0.634390, -0.667379, 0.390070)}

Vertex 1506 0.576029 -0.639310 0.509385
    {normal=(0.576029, -0.639310, 0.509385)
     Opos=(0.403220, -0.447517, 0.356570)
     Onormal=(0.576029, -0.639310, 0.509385)}

Vertex 1507 0.437129 -0.628579 0.643278
    {normal=(0.437129, -0.628579, 0.643278)
     Opos=(0.305990, -0.440005, 0.450295)
     Onormal=(0.437129, -0.628579, 0.643278)}

Vertex 1508 0.554303 -0.739382 0.382181
    {normal=(0.554303, -0.739382, 0.382181)
     Opos=(0.388012, -0.517567, 0.267527)
     Onormal=(0.554303, -0.739382, 0.382181)}

Vertex 1509 0.547760 -0.692356 0.469682
    {normal=(0.547760, -0.692356, 0.469682)
     Opos=(0.383432, -0.484649, 0.328778)
     Onormal=(0.547760, -0.692356, 0.469682)}

Vertex 1510 0.544144 -0.789874 0.282853
    {normal=(0.544144, -0.789874, 0.282853)
     Opos=(0.380901, -0.552912, 0.197997)
     Onormal=(0.544144, -0.789874, 0.282853)}

Vertex 1511 0.605678 -0.709645 0.359941
    {normal=(0.605678, -0.709645, 0.359941)
     Opos=(0.423975, -0.496751, 0.251959)
     Onormal=(0.605678, -0.709645, 0.359941)}

Vertex 1512 0.588821 -0.692171 0.417359
    {normal=(0.588821, -0.692171, 0.417359)
     Opos=(0.412175, -0.484520, 0.292151)
     Onormal=(0.588821, -0.692171, 0.417359)}

Vertex 1513 0.525156 -0.825076 0.208472
    {normal=(0.525156, -0.825076, 0.208472)
     Opos=(0.367609, -0.577553, 0.145930)
     Onormal=(0.525156, -0.825076, 0.208472)}

Vertex 1514 0.512723 -0.849081 0.127183
    {normal=(0.512723, -0.849081, 0.127183)
     Opos=(0.358906, -0.594357, 0.089028)
     Onormal=(0.512723, -0.849081, 0.127183)}

Vertex 1515 0.316316 -0.906486 0.279692
    {normal=(0.316316, -0.906486, 0.279692)
     Opos=(0.221421, -0.634540, 0.195784)
     Onormal=(0.316316, -0.906486, 0.279692)}

Vertex 1516 0.405106 -0.613188 0.678152
    {normal=(0.405106, -0.613188, 0.678152)
     Opos=(0.283574, -0.429232, 0.474706)
     Onormal=(0.405106, -0.613188, 0.678152)}

Vertex 1517 0.309162 -0.614222 0.726052
    {normal=(0.309162, -0.614222, 0.726052)
     Opos=(0.216413, -0.429955, 0.508236)
     Onormal=(0.309162, -0.614222, 0.726052)}

Vertex 1518 0.280899 -0.542245 0.791875
    {normal=(0.280899, -0.542245, 0.791875)
     Opos=(0.196629, -0.379571, 0.554313)
     Onormal=(0.280899, -0.542245, 0.791875)}

Vertex 1519 0.240529 -0.621992 0.745165
    {normal=(0.240529, -0.621992, 0.745165)
     Opos=(0.168370, -0.435395, 0.521616)
     Onormal=(0.240529, -0.621992, 0.745165)}

Vertex 1520 0.249463 -0.695218 0.674122
    {normal=(0.249463, -0.695218, 0.674122)
     Opos=(0.174624, -0.486652, 0.471885)
     Onormal=(0.249463, -0.695218, 0.674122)}

Vertex 1521 0.201106 -0.743283 0.638034
    {normal=(0.201106, -0.743283, 0.638034)
     Opos=(0.140774, -0.520298, 0.446624)
     Onormal=(0.201106, -0.743283, 0.638034)}

Vertex 1522 0.168367 -0.535388 0.827654
    {normal=(0.168367, -0.535388, 0.827654)
     Opos=(0.117857, -0.374772, 0.579358)
     Onormal=(0.168367, -0.535388, 0.827654)}

Vertex 1523 0.075391 -0.662790 0.745000
    {normal=(0.075391, -0.662790, 0.745000)
     Opos=(0.052774, -0.463953, 0.521500)
     Onormal=(0.075391, -0.662790, 0.745000)}

Vertex 1524 0.159172 -0.615606 0.771812
    {normal=(0.159172, -0.615606, 0.771812)
     Opos=(0.111420, -0.430924, 0.540268)
     Onormal=(0.159172, -0.615606, 0.771812)}

Vertex 1525 0.067661 -0.722609 0.687938
    {normal=(0.067661, -0.722609, 0.687938)
     Opos=(0.047363, -0.505826, 0.481557)
     Onormal=(0.067661, -0.722609, 0.687938)}

Vertex 1526 0.047616 -0.836869 0.545328
    {normal=(0.047616, -0.836869, 0.545328)
     Opos=(0.033332, -0.585809, 0.381729)
     Onormal=(0.047616, -0.836869, 0.545328)}

Vertex 1527 0.011623 -0.734936 0.678037
    {normal=(0.011623, -0.734936, 0.678037)
     Opos=(0.008136, -0.514455, 0.474626)
     Onormal=(0.011623, -0.734936, 0.678037)}

Vertex 1528 0.233230 -0.912892 0.335012
    {normal=(0.233230, -0.912892, 0.335012)
     Opos=(0.163261, -0.639024, 0.234508)
     Onormal=(0.233230, -0.912892, 0.335012)}

Vertex 1529 0.235044 -0.889930 0.390869
    {normal=(0.235044, -0.889930, 0.390869)
     Opos=(0.164531, -0.622951, 0.273608)
     Onormal=(0.235044, -0.889930, 0.390869)}

Vertex 1530 0.228941 -0.789120 0.569979
    {normal=(0.228941, -0.789120, 0.569979)
     Opos=(0.160259, -0.552384, 0.398986)
     Onormal=(0.228941, -0.789120, 0.569979)}

Vertex 1531 0.169509 -0.905992 0.387873
    {normal=(0.169509, -0.905992, 0.387873)
     Opos=(0.118656, -0.634194, 0.271511)
     Onormal=(0.169509, -0.905992, 0.387873)}

Vertex 1532 0.320234 -0.865116 0.386036
    {normal=(0.320234, -0.865116, 0.386036)
     Opos=(0.224164, -0.605582, 0.270225)
     Onormal=(0.320234, -0.865116, 0.386036)}

Vertex 1533 0.324194 -0.822354 0.467581
    {normal=(0.324194, -0.822354, 0.467581)
     Opos=(0.226936, -0.575648, 0.327307)
     Onormal=(0.324194, -0.822354, 0.467581)}

Vertex 1534 0.265997 -0.819525 0.507567
    {normal=(0.265997, -0.819525, 0.507567)
     Opos=(0.186198, -0.573668, 0.355297)
     Onormal=(0.265997, -0.819525, 0.507567)}

Vertex 1535 0.323346 -0.929186 0.179054
    {normal=(0.323346, -0.929186, 0.179054)
     Opos=(0.226342, -0.650430, 0.125338)
     Onormal=(0.323346, -0.929186, 0.179054)}

Vertex 1536 0.256701 -0.933434 0.250610
    {normal=(0.256701, -0.933434, 0.250610)
     Opos=(0.179691, -0.653404, 0.175427)
     Onormal=(0.256701, -0.933434, 0.250610)}

Vertex 1537 0.172279 -0.953524 0.247208
    {normal=(0.172279, -0.953524, 0.247208)
     Opos=(0.120596, -0.667467, 0.173045)
     Onormal=(0.172279, -0.953524, 0.247208)}

Vertex 1538 0.150281 -0.970135 0.190405
    {normal=(0.150281, -0.970135, 0.190405)
     Opos=(0.105197, -0.679094, 0.133284)
     Onormal=(0.150281, -0.970135, 0.190405)}

Vertex 1539 -0.008328 -0.898755 0.438371
    {normal=(-0.008328, -0.898755, 0.438371)
     Opos=(-0.005829, -0.629129, 0.306860)
     Onormal=(-0.008328, -0.898755, 0.438371)}

Vertex 1540 0.079104 -0.913779 0.398435
    {normal=(0.079104, -0.913779, 0.398435)
     Opos=(0.055373, -0.639645, 0.278904)
     Onormal=(0.079104, -0.913779, 0.398435)}

Vertex 1541 0.994434 0.092312 0.050793
    {normal=(0.994434, 0.092312, 0.050793)
     Opos=(0.696104, 0.064619, 0.035555)
     Onormal=(0.994434, 0.092312, 0.050793)}

Vertex 1542 0.890759 -0.452642 0.040794
    {normal=(0.890759, -0.452642, 0.040794)
     Opos=(0.623531, -0.316849, 0.028556)
     Onormal=(0.890759, -0.452642, 0.040794)}

Vertex 1543 0.866289 -0.499543 -0.000954
    {normal=(0.866289, -0.499543, -0.000954)
     Opos=(0.606402, -0.349680, -0.000668)
     Onormal=(0.866289, -0.499543, -0.000954)}

Vertex 1544 0.969842 -0.239268 -0.046445
    {normal=(0.969842, -0.239268, -0.046445)
     Opos=(0.678890, -0.167487, -0.032511)
     Onormal=(0.969842, -0.239268, -0.046445)}

Vertex 1545 0.956098 -0.271728 -0.109727
    {normal=(0.956098, -0.271728, -0.109727)
     Opos=(0.669269, -0.190210, -0.076809)
     Onormal=(0.956098, -0.271728, -0.109727)}

Vertex 1546 0.939191 -0.333680 0.081108
    {normal=(0.939191, -0.333680, 0.081108)
     Opos=(0.657433, -0.233576, 0.056776)
     Onormal=(0.939191, -0.333680, 0.081108)}

Vertex 1547 0.967504 -0.177993 -0.179596
    {normal=(0.967504, -0.177993, -0.179596)
     Opos=(0.677253, -0.124595, -0.125717)
     Onormal=(0.967504, -0.177993, -0.179596)}

Vertex 1548 0.926528 -0.341976 -0.156838
    {normal=(0.926528, -0.341976, -0.156838)
     Opos=(0.648570, -0.239384, -0.109787)
     Onormal=(0.926528, -0.341976, -0.156838)}

Vertex 1549 0.943987 -0.204150 -0.259252
    {normal=(0.943987, -0.204150, -0.259252)
     Opos=(0.660791, -0.142905, -0.181477)
     Onormal=(0.943987, -0.204150, -0.259252)}

Vertex 1550 0.922245 -0.263539 -0.282864
    {normal=(0.922245, -0.263539, -0.282864)
     Opos=(0.645571, -0.184477, -0.198005)
     Onormal=(0.922245, -0.263539, -0.282864)}

Vertex 1551 0.993555 -0.012212 -0.112688
    {normal=(0.993555, -0.012212, -0.112688)
     Opos=(0.695489, -0.008549, -0.078882)
     Onormal=(0.993555, -0.012212, -0.112688)}

Vertex 1552 0.970603 0.154195 -0.184805
    {normal=(0.970603, 0.154195, -0.184805)
     Opos=(0.679422, 0.107936, -0.129364)
     Onormal=(0.970603, 0.154195, -0.184805)}

Vertex 1553 0.983402 -0.006166 -0.181336
    {normal=(0.983402, -0.006166, -0.181336)
     Opos=(0.688381, -0.004316, -0.126935)
     Onormal=(0.983402, -0.006166, -0.181336)}

Vertex 1554 0.967198 0.043497 -0.250271
    {normal=(0.967198, 0.043497, -0.250271)
     Opos=(0.677039, 0.030448, -0.175190)
     Onormal=(0.967198, 0.043497, -0.250271)}

Vertex 1555 0.983769 -0.081864 -0.159676
    {normal=(0.983769, -0.081864, -0.159676)
     Opos=(0.688638, -0.057305, -0.111773)
     Onormal=(0.983769, -0.081864, -0.159676)}

Vertex 1556 0.973492 -0.054018 -0.222252
    {normal=(0.973492, -0.054018, -0.222252)
     Opos=(0.681444, -0.037812, -0.155577)
     Onormal=(0.973492, -0.054018, -0.222252)}

Vertex 1557 0.960003 -0.129400 -0.248295
    {normal=(0.960003, -0.129400, -0.248295)
     Opos=(0.672002, -0.090580, -0.173807)
     Onormal=(0.960003, -0.129400, -0.248295)}

Vertex 1558 0.951902 0.162975 -0.259466
    {normal=(0.951902, 0.162975, -0.259466)
     Opos=(0.666331, 0.114082, -0.181626)
     Onormal=(0.951902, 0.162975, -0.259466)}

Vertex 1559 0.912110 0.271499 -0.307153
    {normal=(0.912110, 0.271499, -0.307153)
     Opos=(0.638477, 0.190049, -0.215007)
     Onormal=(0.912110, 0.271499, -0.307153)}

Vertex 1560 0.948811 -0.021903 -0.315083
    {normal=(0.948811, -0.021903, -0.315083)
     Opos=(0.664168, -0.015332, -0.220558)
     Onormal=(0.948811, -0.021903, -0.315083)}

Vertex 1561 0.902225 -0.140490 -0.407740
    {normal=(0.902225, -0.140490, -0.407740)
     Opos=(0.631558, -0.098343, -0.285418)
     Onormal=(0.902225, -0.140490, -0.407740)}

Vertex 1562 0.858998 -0.007276 -0.511927
    {normal=(0.858998, -0.007276, -0.511927)
     Opos=(0.601298, -0.005093, -0.358349)
     Onormal=(0.858998, -0.007276, -0.511927)}

Vertex 1563 0.836716 -0.041165 -0.546088
    {normal=(0.836716, -0.041165, -0.546088)
     Opos=(0.585701, -0.028815, -0.382261)
     Onormal=(0.836716, -0.041165, -0.546088)}

Vertex 1564 0.902424 0.129776 -0.410839
    {normal=(0.902424, 0.129776, -0.410839)
     Opos=(0.631697, 0.090843, -0.287588)
     Onormal=(0.902424, 0.129776, -0.410839)}

Vertex 1565 0.928405 0.127249 -0.349101
    {normal=(0.928405, 0.127249, -0.349101)
     Opos=(0.649884, 0.089074, -0.244371)
     Onormal=(0.928405, 0.127249, -0.349101)}

Vertex 1566 0.886009 0.035910 -0.462275
    {normal=(0.886009, 0.035910, -0.462275)
     Opos=(0.620207, 0.025137, -0.323592)
     Onormal=(0.886009, 0.035910, -0.462275)}

Vertex 1567 0.841486 0.235336 -0.486331
    {normal=(0.841486, 0.235336, -0.486331)
     Opos=(0.589040, 0.164735, -0.340432)
     Onormal=(0.841486, 0.235336, -0.486331)}

Vertex 1568 0.869723 0.190390 -0.455340
    {normal=(0.869723, 0.190390, -0.455340)
     Opos=(0.608806, 0.133273, -0.318738)
     Onormal=(0.869723, 0.190390, -0.455340)}

Vertex 1569 0.869535 0.116894 -0.479839
    {normal=(0.869535, 0.116894, -0.479839)
     Opos=(0.608674, 0.081826, -0.335887)
     Onormal=(0.869535, 0.116894, -0.479839)}

Vertex 1570 0.840506 0.079433 -0.535948
    {normal=(0.840506, 0.079433, -0.535948)
     Opos=(0.588354, 0.055603, -0.375163)
     Onormal=(0.840506, 0.079433, -0.535948)}

Vertex 1571 0.816150 0.123297 -0.564532
    {normal=(0.816150, 0.123297, -0.564532)
     Opos=(0.571305, 0.086308, -0.395172)
     Onormal=(0.816150, 0.123297, -0.564532)}

Vertex 1572 0.830025 0.192442 -0.523474
    {normal=(0.830025, 0.192442, -0.523474)
     Opos=(0.581017, 0.134710, -0.366432)
     Onormal=(0.830025, 0.192442, -0.523474)}

Vertex 1573 0.784718 0.157232 -0.599580
    {normal=(0.784718, 0.157232, -0.599580)
     Opos=(0.549302, 0.110063, -0.419706)
     Onormal=(0.784718, 0.157232, -0.599580)}

Vertex 1574 0.767005 -0.639761 0.049076
    {normal=(0.767005, -0.639761, 0.049076)
     Opos=(0.536904, -0.447833, 0.034353)
     Onormal=(0.767005, -0.639761, 0.049076)}

Vertex 1575 0.731079 -0.682264 0.006328
    {normal=(0.731079, -0.682264, 0.006328)
     Opos=(0.511755, -0.477585, 0.004430)
     Onormal=(0.731079, -0.682264, 0.006328)}

Vertex 1576 0.435489 -0.891097 0.127658
    {normal=(0.435489, -0.891097, 0.127658)
     Opos=(0.304842, -0.623768, 0.089360)
     Onormal=(0.435489, -0.891097, 0.127658)}

Vertex 1577 0.481157 -0.874657 0.058849
    {normal=(0.481157, -0.874657, 0.058849)
     Opos=(0.336810, -0.612260, 0.041194)
     Onormal=(0.481157, -0.874657, 0.058849)}

Vertex 1578 0.504750 -0.863215 -0.009327
    {normal=(0.504750, -0.863215, -0.009327)
     Opos=(0.353325, -0.604250, -0.006529)
     Onormal=(0.504750, -0.863215, -0.009327)}

Vertex 1579 0.536537 -0.841166 -0.067588
    {normal=(0.536537, -0.841166, -0.067588)
     Opos=(0.375576, -0.588816, -0.047311)
     Onormal=(0.536537, -0.841166, -0.067588)}

Vertex 1580 0.410911 -0.911507 0.017503
    {normal=(0.410911, -0.911507, 0.017503)
     Opos=(0.287638, -0.638055, 0.012252)
     Onormal=(0.410911, -0.911507, 0.017503)}

Vertex 1581 0.431301 -0.898008 -0.086957
    {normal=(0.431301, -0.898008, -0.086957)
     Opos=(0.301911, -0.628605, -0.060870)
     Onormal=(0.431301, -0.898008, -0.086957)}

Vertex 1582 0.654553 -0.749172 -0.101495
    {normal=(0.654553, -0.749172, -0.101495)
     Opos=(0.458187, -0.524420, -0.071046)
     Onormal=(0.654553, -0.749172, -0.101495)}

Vertex 1583 0.558052 -0.827019 0.067956
    {normal=(0.558052, -0.827019, 0.067956)
     Opos=(0.390636, -0.578913, 0.047569)
     Onormal=(0.558052, -0.827019, 0.067956)}

Vertex 1584 0.477461 -0.871868 -0.108981
    {normal=(0.477461, -0.871868, -0.108981)
     Opos=(0.334223, -0.610308, -0.076287)
     Onormal=(0.477461, -0.871868, -0.108981)}

Vertex 1585 0.699124 -0.686492 -0.199886
    {normal=(0.699124, -0.686492, -0.199886)
     Opos=(0.489387, -0.480544, -0.139920)
     Onormal=(0.699124, -0.686492, -0.199886)}

Vertex 1586 0.621233 -0.750667 -0.224875
    {normal=(0.621233, -0.750667, -0.224875)
     Opos=(0.434863, -0.525467, -0.157412)
     Onormal=(0.621233, -0.750667, -0.224875)}

Vertex 1587 0.495108 -0.829808 -0.257462
    {normal=(0.495108, -0.829808, -0.257462)
     Opos=(0.346575, -0.580866, -0.180224)
     Onormal=(0.495108, -0.829808, -0.257462)}

Vertex 1588 0.542999 -0.811759 -0.214942
    {normal=(0.542999, -0.811759, -0.214942)
     Opos=(0.380099, -0.568231, -0.150460)
     Onormal=(0.542999, -0.811759, -0.214942)}

Vertex 1589 0.615199 -0.722393 -0.315719
    {normal=(0.615199, -0.722393, -0.315719)
     Opos=(0.430639, -0.505675, -0.221003)
     Onormal=(0.615199, -0.722393, -0.315719)}

Vertex 1590 0.572144 -0.744714 -0.343588
    {normal=(0.572144, -0.744714, -0.343588)
     Opos=(0.400501, -0.521300, -0.240512)
     Onormal=(0.572144, -0.744714, -0.343588)}

Vertex 1591 0.487816 -0.796329 -0.357624
    {normal=(0.487816, -0.796329, -0.357624)
     Opos=(0.341471, -0.557431, -0.250337)
     Onormal=(0.487816, -0.796329, -0.357624)}

Vertex 1592 0.505396 -0.717032 -0.480041
    {normal=(0.505396, -0.717032, -0.480041)
     Opos=(0.353777, -0.501923, -0.336029)
     Onormal=(0.505396, -0.717032, -0.480041)}

Vertex 1593 0.269437 -0.958064 0.097551
    {normal=(0.269437, -0.958064, 0.097551)
     Opos=(0.188606, -0.670645, 0.068286)
     Onormal=(0.269437, -0.958064, 0.097551)}

Vertex 1594 0.184418 -0.979264 0.083862
    {normal=(0.184418, -0.979264, 0.083862)
     Opos=(0.129092, -0.685485, 0.058704)
     Onormal=(0.184418, -0.979264, 0.083862)}

Vertex 1595 0.218872 -0.975401 0.026243
    {normal=(0.218872, -0.975401, 0.026243)
     Opos=(0.153210, -0.682780, 0.018370)
     Onormal=(0.218872, -0.975401, 0.026243)}

Vertex 1596 0.183224 -0.982868 -0.020004
    {normal=(0.183224, -0.982868, -0.020004)
     Opos=(0.128256, -0.688007, -0.014003)
     Onormal=(0.183224, -0.982868, -0.020004)}

Vertex 1597 0.106091 -0.993820 -0.032651
    {normal=(0.106091, -0.993820, -0.032651)
     Opos=(0.074264, -0.695674, -0.022856)
     Onormal=(0.106091, -0.993820, -0.032651)}

Vertex 1598 0.050480 -0.995595 -0.079004
    {normal=(0.050480, -0.995595, -0.079004)
     Opos=(0.035336, -0.696917, -0.055303)
     Onormal=(0.050480, -0.995595, -0.079004)}

Vertex 1599 -0.014290 -0.999039 -0.041443
    {normal=(-0.014290, -0.999039, -0.041443)
     Opos=(-0.010003, -0.699327, -0.029010)
     Onormal=(-0.014290, -0.999039, -0.041443)}

Vertex 1600 0.035760 -0.989036 -0.143278
    {normal=(0.035760, -0.989036, -0.143278)
     Opos=(0.025032, -0.692325, -0.100294)
     Onormal=(0.035760, -0.989036, -0.143278)}

Vertex 1601 0.454383 -0.756259 -0.470752
    {normal=(0.454383, -0.756259, -0.470752)
     Opos=(0.318068, -0.529382, -0.329527)
     Onormal=(0.454383, -0.756259, -0.470752)}

Vertex 1602 0.450497 -0.799942 -0.396416
    {normal=(0.450497, -0.799942, -0.396416)
     Opos=(0.315348, -0.559959, -0.277491)
     Onormal=(0.450497, -0.799942, -0.396416)}

Vertex 1603 0.393118 -0.788600 -0.472830
    {normal=(0.393118, -0.788600, -0.472830)
     Opos=(0.275183, -0.552020, -0.330981)
     Onormal=(0.393118, -0.788600, -0.472830)}

Vertex 1604 0.416161 -0.886665 -0.201579
    {normal=(0.416161, -0.886665, -0.201579)
     Opos=(0.291313, -0.620666, -0.141105)
     Onormal=(0.416161, -0.886665, -0.201579)}

Vertex 1605 0.340371 -0.900206 -0.271618
    {normal=(0.340371, -0.900206, -0.271618)
     Opos=(0.238259, -0.630144, -0.190133)
     Onormal=(0.340371, -0.900206, -0.271618)}

Vertex 1606 0.288962 -0.843512 -0.452756
    {normal=(0.288962, -0.843512, -0.452756)
     Opos=(0.202273, -0.590459, -0.316929)
     Onormal=(0.288962, -0.843512, -0.452756)}

Vertex 1607 0.392767 -0.816438 -0.423277
    {normal=(0.392767, -0.816438, -0.423277)
     Opos=(0.274937, -0.571506, -0.296294)
     Onormal=(0.392767, -0.816438, -0.423277)}

Vertex 1608 0.386462 -0.843039 -0.374075
    {normal=(0.386462, -0.843039, -0.374075)
     Opos=(0.270523, -0.590128, -0.261852)
     Onormal=(0.386462, -0.843039, -0.374075)}

Vertex 1609 0.337687 -0.846194 -0.412217
    {normal=(0.337687, -0.846194, -0.412217)
     Opos=(0.236381, -0.592336, -0.288552)
     Onormal=(0.337687, -0.846194, -0.412217)}

Vertex 1610 0.429182 -0.838447 -0.335871
    {normal=(0.429182, -0.838447, -0.335871)
     Opos=(0.300427, -0.586913, -0.235110)
     Onormal=(0.429182, -0.838447, -0.335871)}

Vertex 1611 0.297796 -0.865883 -0.401950
    {normal=(0.297796, -0.865883, -0.401950)
     Opos=(0.208457, -0.606118, -0.281365)
     Onormal=(0.297796, -0.865883, -0.401950)}

Vertex 1612 0.294624 -0.900662 -0.319381
    {normal=(0.294624, -0.900662, -0.319381)
     Opos=(0.206236, -0.630464, -0.223567)
     Onormal=(0.294624, -0.900662, -0.319381)}

Vertex 1613 0.252794 -0.917600 -0.306765
    {normal=(0.252794, -0.917600, -0.306765)
     Opos=(0.176956, -0.642320, -0.214736)
     Onormal=(0.252794, -0.917600, -0.306765)}

Vertex 1614 0.269695 -0.888742 -0.370678
    {normal=(0.269695, -0.888742, -0.370678)
     Opos=(0.188786, -0.622120, -0.259474)
     Onormal=(0.269695, -0.888742, -0.370678)}

Vertex 1615 0.221240 -0.885149 -0.409345
    {normal=(0.221240, -0.885149, -0.409345)
     Opos=(0.154868, -0.619605, -0.286542)
     Onormal=(0.221240, -0.885149, -0.409345)}

Vertex 1616 0.329572 -0.943904 0.020652
    {normal=(0.329572, -0.943904, 0.020652)
     Opos=(0.230701, -0.660733, 0.014456)
     Onormal=(0.329572, -0.943904, 0.020652)}

Vertex 1617 0.210768 -0.974963 -0.070874
    {normal=(0.210768, -0.974963, -0.070874)
     Opos=(0.147537, -0.682474, -0.049612)
     Onormal=(0.210768, -0.974963, -0.070874)}

Vertex 1618 0.243404 -0.969525 -0.027847
    {normal=(0.243404, -0.969525, -0.027847)
     Opos=(0.170382, -0.678668, -0.019493)
     Onormal=(0.243404, -0.969525, -0.027847)}

Vertex 1619 0.212782 -0.909644 -0.356752
    {normal=(0.212782, -0.909644, -0.356752)
     Opos=(0.148947, -0.636751, -0.249727)
     Onormal=(0.212782, -0.909644, -0.356752)}

Vertex 1620 0.166883 -0.931039 -0.324525
    {normal=(0.166883, -0.931039, -0.324525)
     Opos=(0.116818, -0.651727, -0.227168)
     Onormal=(0.166883, -0.931039, -0.324525)}

Vertex 1621 0.280165 -0.924018 -0.260189
    {normal=(0.280165, -0.924018, -0.260189)
     Opos=(0.196116, -0.646813, -0.182132)
     Onormal=(0.280165, -0.924018, -0.260189)}

Vertex 1622 0.147683 -0.951539 -0.269745
    {normal=(0.147683, -0.951539, -0.269745)
     Opos=(0.103378, -0.666078, -0.188822)
     Onormal=(0.147683, -0.951539, -0.269745)}

Vertex 1623 0.205227 -0.938189 -0.278716
    {normal=(0.205227, -0.938189, -0.278716)
     Opos=(0.143659, -0.656733, -0.195101)
     Onormal=(0.205227, -0.938189, -0.278716)}

Vertex 1624 0.226504 -0.950751 -0.211586
    {normal=(0.226504, -0.950751, -0.211586)
     Opos=(0.158553, -0.665526, -0.148110)
     Onormal=(0.226504, -0.950751, -0.211586)}

Vertex 1625 0.258506 -0.952067 -0.163531
    {normal=(0.258506, -0.952067, -0.163531)
     Opos=(0.180954, -0.666447, -0.114472)
     Onormal=(0.258506, -0.952067, -0.163531)}

Vertex 1626 0.151613 -0.977335 -0.147751
    {normal=(0.151613, -0.977335, -0.147751)
     Opos=(0.106129, -0.684134, -0.103426)
     Onormal=(0.151613, -0.977335, -0.147751)}

Vertex 1627 0.204723 -0.966694 -0.153594
    {normal=(0.204723, -0.966694, -0.153594)
     Opos=(0.143306, -0.676686, -0.107516)
     Onormal=(0.204723, -0.966694, -0.153594)}

Vertex 1628 0.162059 -0.982580 -0.090957
    {normal=(0.162059, -0.982580, -0.090957)
     Opos=(0.113441, -0.687806, -0.063670)
     Onormal=(0.162059, -0.982580, -0.090957)}

Vertex 1629 0.109345 -0.944066 -0.311100
    {normal=(0.109345, -0.944066, -0.311100)
     Opos=(0.076541, -0.660846, -0.217770)
     Onormal=(0.109345, -0.944066, -0.311100)}

Vertex 1630 0.161324 -0.964669 -0.208300
    {normal=(0.161324, -0.964669, -0.208300)
     Opos=(0.112927, -0.675268, -0.145810)
     Onormal=(0.161324, -0.964669, -0.208300)}

Vertex 1631 0.109518 -0.988416 -0.105070
    {normal=(0.109518, -0.988416, -0.105070)
     Opos=(0.076663, -0.691891, -0.073549)
     Onormal=(0.109518, -0.988416, -0.105070)}

Vertex 1632 0.089709 -0.981202 -0.170863
    {normal=(0.089709, -0.981202, -0.170863)
     Opos=(0.062796, -0.686842, -0.119604)
     Onormal=(0.089709, -0.981202, -0.170863)}

Vertex 1633 0.408956 -0.746376 -0.525050
    {normal=(0.408956, -0.746376, -0.525050)
     Opos=(0.286269, -0.522463, -0.367535)
     Onormal=(0.408956, -0.746376, -0.525050)}

Vertex 1634 0.358428 -0.779350 -0.513948
    {normal=(0.358428, -0.779350, -0.513948)
     Opos=(0.250900, -0.545545, -0.359764)
     Onormal=(0.358428, -0.779350, -0.513948)}

Vertex 1635 0.341564 -0.698626 -0.628694
    {normal=(0.341564, -0.698626, -0.628694)
     Opos=(0.239095, -0.489038, -0.440086)
     Onormal=(0.341564, -0.698626, -0.628694)}

Vertex 1636 0.252670 -0.829516 -0.498057
    {normal=(0.252670, -0.829516, -0.498057)
     Opos=(0.176869, -0.580661, -0.348640)
     Onormal=(0.252670, -0.829516, -0.498057)}

Vertex 1637 0.202584 -0.843156 -0.498044
    {normal=(0.202584, -0.843156, -0.498044)
     Opos=(0.141808, -0.590209, -0.348631)
     Onormal=(0.202584, -0.843156, -0.498044)}

Vertex 1638 0.207841 -0.809181 -0.549571
    {normal=(0.207841, -0.809181, -0.549571)
     Opos=(0.145489, -0.566426, -0.384700)
     Onormal=(0.207841, -0.809181, -0.549571)}

Vertex 1639 0.148059 -0.783255 -0.603812
    {normal=(0.148059, -0.783255, -0.603812)
     Opos=(0.103641, -0.548279, -0.422669)
     Onormal=(0.148059, -0.783255, -0.603812)}

Vertex 1640 0.232916 -0.725237 -0.647906
    {normal=(0.232916, -0.725237, -0.647906)
     Opos=(0.163041, -0.507666, -0.453534)
     Onormal=(0.232916, -0.725237, -0.647906)}

Vertex 1641 0.084039 -0.910729 -0.404364
    {normal=(0.084039, -0.910729, -0.404364)
     Opos=(0.058827, -0.637510, -0.283055)
     Onormal=(0.084039, -0.910729, -0.404364)}

Vertex 1642 0.111266 -0.755951 -0.645103
    {normal=(0.111266, -0.755951, -0.645103)
     Opos=(0.077886, -0.529166, -0.451572)
     Onormal=(0.111266, -0.755951, -0.645103)}

Vertex 1643 0.122197 -0.856343 -0.501741
    {normal=(0.122197, -0.856343, -0.501741)
     Opos=(0.085538, -0.599440, -0.351219)
     Onormal=(0.122197, -0.856343, -0.501741)}

Vertex 1644 0.026358 -0.792654 -0.609101
    {normal=(0.026358, -0.792654, -0.609101)
     Opos=(0.018451, -0.554858, -0.426371)
     Onormal=(0.026358, -0.792654, -0.609101)}

Vertex 1645 0.071886 -0.670645 -0.738287
    {normal=(0.071886, -0.670645, -0.738287)
     Opos=(0.050320, -0.469451, -0.516801)
     Onormal=(0.071886, -0.670645, -0.738287)}

Vertex 1646 0.027219 -0.661335 -0.749597
    {normal=(0.027219, -0.661335, -0.749597)
     Opos=(0.019053, -0.462934, -0.524718)
     Onormal=(0.027219, -0.661335, -0.749597)}

Vertex 1647 -0.020013 -0.741966 -0.670138
    {normal=(-0.020013, -0.741966, -0.670138)
     Opos=(-0.014009, -0.519376, -0.469097)
     Onormal=(-0.020013, -0.741966, -0.670138)}

Vertex 1648 -0.072334 -0.739980 -0.668728
    {normal=(-0.072334, -0.739980, -0.668728)
     Opos=(-0.050634, -0.517986, -0.468109)
     Onormal=(-0.072334, -0.739980, -0.668728)}

Vertex 1649 -0.036347 -0.693873 -0.719179
    {normal=(-0.036347, -0.693873, -0.719179)
     Opos=(-0.025443, -0.485711, -0.503426)
     Onormal=(-0.036347, -0.693873, -0.719179)}

Vertex 1650 -0.023092 -0.661405 -0.749673
    {normal=(-0.023092, -0.661405, -0.749673)
     Opos=(-0.016165, -0.462984, -0.524771)
     Onormal=(-0.023092, -0.661405, -0.749673)}

Vertex 1651 0.018026 -0.632161 -0.774627
    {normal=(0.018026, -0.632161, -0.774627)
     Opos=(0.012618, -0.442513, -0.542239)
     Onormal=(0.018026, -0.632161, -0.774627)}

Vertex 1652 -0.061336 -0.632614 -0.772034
    {normal=(-0.061336, -0.632614, -0.772034)
     Opos=(-0.042935, -0.442830, -0.540424)
     Onormal=(-0.061336, -0.632614, -0.772034)}

Vertex 1653 -0.045418 -0.621527 -0.782075
    {normal=(-0.045418, -0.621527, -0.782075)
     Opos=(-0.031792, -0.435069, -0.547453)
     Onormal=(-0.045418, -0.621527, -0.782075)}

Vertex 1654 0.714490 0.224327 -0.662708
    {normal=(0.714490, 0.224327, -0.662708)
     Opos=(0.500143, 0.157029, -0.463896)
     Onormal=(0.714490, 0.224327, -0.662708)}

Vertex 1655 0.757681 0.122558 -0.641014
    {normal=(0.757681, 0.122558, -0.641014)
     Opos=(0.530376, 0.085791, -0.448710)
     Onormal=(0.757681, 0.122558, -0.641014)}

Vertex 1656 0.746315 0.173152 -0.642675
    {normal=(0.746315, 0.173152, -0.642675)
     Opos=(0.522421, 0.121206, -0.449873)
     Onormal=(0.746315, 0.173152, -0.642675)}

Vertex 1657 0.726986 0.141831 -0.671845
    {normal=(0.726986, 0.141831, -0.671845)
     Opos=(0.508890, 0.099281, -0.470291)
     Onormal=(0.726986, 0.141831, -0.671845)}

Vertex 1658 0.713821 0.178104 -0.677303
    {normal=(0.713821, 0.178104, -0.677303)
     Opos=(0.499675, 0.124673, -0.474112)
     Onormal=(0.713821, 0.178104, -0.677303)}

Vertex 1659 0.787313 0.086803 -0.610413
    {normal=(0.787313, 0.086803, -0.610413)
     Opos=(0.551119, 0.060762, -0.427289)
     Onormal=(0.787313, 0.086803, -0.610413)}

Vertex 1660 0.726831 0.099634 -0.679551
    {normal=(0.726831, 0.099634, -0.679551)
     Opos=(0.508782, 0.069744, -0.475686)
     Onormal=(0.726831, 0.099634, -0.679551)}

Vertex 1661 0.703289 0.118274 -0.700996
    {normal=(0.703289, 0.118274, -0.700996)
     Opos=(0.492303, 0.082792, -0.490697)
     Onormal=(0.703289, 0.118274, -0.700996)}

Vertex 1662 0.704758 0.066250 -0.706347
    {normal=(0.704758, 0.066250, -0.706347)
     Opos=(0.493331, 0.046375, -0.494443)
     Onormal=(0.704758, 0.066250, -0.706347)}

Vertex 1663 0.752311 0.048936 -0.656988
    {normal=(0.752311, 0.048936, -0.656988)
     Opos=(0.526618, 0.034255, -0.459892)
     Onormal=(0.752311, 0.048936, -0.656988)}

Vertex 1664 0.716881 0.029913 -0.696554
    {normal=(0.716881, 0.029913, -0.696554)
     Opos=(0.501816, 0.020939, -0.487588)
     Onormal=(0.716881, 0.029913, -0.696554)}

Vertex 1665 0.676306 0.095439 -0.730412
    {normal=(0.676306, 0.095439, -0.730412)
     Opos=(0.473415, 0.066807, -0.511288)
     Onormal=(0.676306, 0.095439, -0.730412)}

Vertex 1666 0.672955 0.049199 -0.738046
    {normal=(0.672955, 0.049199, -0.738046)
     Opos=(0.471068, 0.034439, -0.516632)
     Onormal=(0.672955, 0.049199, -0.738046)}

Vertex 1667 0.690837 -0.003353 -0.723003
    {normal=(0.690837, -0.003353, -0.723003)
     Opos=(0.483586, -0.002347, -0.506102)
     Onormal=(0.690837, -0.003353, -0.723003)}

Vertex 1668 0.651698 -0.006364 -0.758452
    {normal=(0.651698, -0.006364, -0.758452)
     Opos=(0.456188, -0.004455, -0.530917)
     Onormal=(0.651698, -0.006364, -0.758452)}

Vertex 1669 0.647034 0.041456 -0.761333
    {normal=(0.647034, 0.041456, -0.761333)
     Opos=(0.452924, 0.029019, -0.532933)
     Onormal=(0.647034, 0.041456, -0.761333)}

Vertex 1670 0.621369 0.021497 -0.783223
    {normal=(0.621369, 0.021497, -0.783223)
     Opos=(0.434958, 0.015048, -0.548256)
     Onormal=(0.621369, 0.021497, -0.783223)}

Vertex 1671 0.578479 0.028860 -0.815187
    {normal=(0.578479, 0.028860, -0.815187)
     Opos=(0.404935, 0.020202, -0.570631)
     Onormal=(0.578479, 0.028860, -0.815187)}

Vertex 1672 0.795859 -0.136593 -0.589873
    {normal=(0.795859, -0.136593, -0.589873)
     Opos=(0.557102, -0.095615, -0.412911)
     Onormal=(0.795859, -0.136593, -0.589873)}

Vertex 1673 0.834478 -0.230324 -0.500597
    {normal=(0.834478, -0.230324, -0.500597)
     Opos=(0.584135, -0.161227, -0.350418)
     Onormal=(0.834478, -0.230324, -0.500597)}

Vertex 1674 0.814802 -0.187467 -0.548593
    {normal=(0.814802, -0.187467, -0.548593)
     Opos=(0.570361, -0.131227, -0.384015)
     Onormal=(0.814802, -0.187467, -0.548593)}

Vertex 1675 0.796800 -0.234467 -0.556897
    {normal=(0.796800, -0.234467, -0.556897)
     Opos=(0.557760, -0.164127, -0.389828)
     Onormal=(0.796800, -0.234467, -0.556897)}

Vertex 1676 0.779021 -0.204594 -0.592678
    {normal=(0.779021, -0.204594, -0.592678)
     Opos=(0.545315, -0.143216, -0.414874)
     Onormal=(0.779021, -0.204594, -0.592678)}

Vertex 1677 0.676599 -0.284697 -0.679089
    {normal=(0.676599, -0.284697, -0.679089)
     Opos=(0.473619, -0.199288, -0.475362)
     Onormal=(0.676599, -0.284697, -0.679089)}

Vertex 1678 0.545642 -0.025944 -0.837616
    {normal=(0.545642, -0.025944, -0.837616)
     Opos=(0.381950, -0.018161, -0.586332)
     Onormal=(0.545642, -0.025944, -0.837616)}

Vertex 1679 0.590039 -0.064321 -0.804809
    {normal=(0.590039, -0.064321, -0.804809)
     Opos=(0.413027, -0.045025, -0.563366)
     Onormal=(0.590039, -0.064321, -0.804809)}

Vertex 1680 0.676430 -0.060939 -0.733981
    {normal=(0.676430, -0.060939, -0.733981)
     Opos=(0.473501, -0.042657, -0.513787)
     Onormal=(0.676430, -0.060939, -0.733981)}

Vertex 1681 0.628223 -0.083788 -0.773508
    {normal=(0.628223, -0.083788, -0.773508)
     Opos=(0.439756, -0.058651, -0.541456)
     Onormal=(0.628223, -0.083788, -0.773508)}

Vertex 1682 0.734451 -0.033657 -0.677827
    {normal=(0.734451, -0.033657, -0.677827)
     Opos=(0.514115, -0.023560, -0.474479)
     Onormal=(0.734451, -0.033657, -0.677827)}

Vertex 1683 0.745791 -0.100586 -0.658542
    {normal=(0.745791, -0.100586, -0.658542)
     Opos=(0.522054, -0.070411, -0.460980)
     Onormal=(0.745791, -0.100586, -0.658542)}

Vertex 1684 0.723360 -0.186255 -0.664875
    {normal=(0.723360, -0.186255, -0.664875)
     Opos=(0.506352, -0.130379, -0.465413)
     Onormal=(0.723360, -0.186255, -0.664875)}

Vertex 1685 0.584635 -0.246278 -0.773013
    {normal=(0.584635, -0.246278, -0.773013)
     Opos=(0.409244, -0.172394, -0.541109)
     Onormal=(0.584635, -0.246278, -0.773013)}

Vertex 1686 0.567089 -0.286006 -0.772405
    {normal=(0.567089, -0.286006, -0.772405)
     Opos=(0.396962, -0.200204, -0.540684)
     Onormal=(0.567089, -0.286006, -0.772405)}

Vertex 1687 0.326196 -0.123607 -0.937186
    {normal=(0.326196, -0.123607, -0.937186)
     Opos=(0.228337, -0.086525, -0.656030)
     Onormal=(0.326196, -0.123607, -0.937186)}

Vertex 1688 0.865548 -0.324349 -0.381608
    {normal=(0.865548, -0.324349, -0.381608)
     Opos=(0.605884, -0.227044, -0.267126)
     Onormal=(0.865548, -0.324349, -0.381608)}

Vertex 1689 0.887663 -0.420708 -0.187242
    {normal=(0.887663, -0.420708, -0.187242)
     Opos=(0.621364, -0.294495, -0.131069)
     Onormal=(0.887663, -0.420708, -0.187242)}

Vertex 1690 0.869754 -0.382070 -0.312330
    {normal=(0.869754, -0.382070, -0.312330)
     Opos=(0.608828, -0.267449, -0.218631)
     Onormal=(0.869754, -0.382070, -0.312330)}

Vertex 1691 0.827455 -0.433233 -0.357250
    {normal=(0.827455, -0.433233, -0.357250)
     Opos=(0.579219, -0.303263, -0.250075)
     Onormal=(0.827455, -0.433233, -0.357250)}

Vertex 1692 0.771771 -0.479373 -0.417816
    {normal=(0.771771, -0.479373, -0.417816)
     Opos=(0.540240, -0.335561, -0.292472)
     Onormal=(0.771771, -0.479373, -0.417816)}

Vertex 1693 0.895555 -0.431913 -0.106920
    {normal=(0.895555, -0.431913, -0.106920)
     Opos=(0.626889, -0.302339, -0.074844)
     Onormal=(0.895555, -0.431913, -0.106920)}

Vertex 1694 0.859514 -0.483252 -0.166442
    {normal=(0.859514, -0.483252, -0.166442)
     Opos=(0.601660, -0.338276, -0.116509)
     Onormal=(0.859514, -0.483252, -0.166442)}

Vertex 1695 0.802260 -0.593441 -0.064860
    {normal=(0.802260, -0.593441, -0.064860)
     Opos=(0.561582, -0.415409, -0.045402)
     Onormal=(0.802260, -0.593441, -0.064860)}

Vertex 1696 0.766888 -0.630818 -0.118112
    {normal=(0.766888, -0.630818, -0.118112)
     Opos=(0.536822, -0.441573, -0.082678)
     Onormal=(0.766888, -0.630818, -0.118112)}

Vertex 1697 0.768628 -0.637056 -0.058056
    {normal=(0.768628, -0.637056, -0.058056)
     Opos=(0.538040, -0.445939, -0.040639)
     Onormal=(0.768628, -0.637056, -0.058056)}

Vertex 1698 0.779917 -0.517303 -0.352316
    {normal=(0.779917, -0.517303, -0.352316)
     Opos=(0.545942, -0.362112, -0.246621)
     Onormal=(0.779917, -0.517303, -0.352316)}

Vertex 1699 0.804432 -0.530248 -0.267816
    {normal=(0.804432, -0.530248, -0.267816)
     Opos=(0.563103, -0.371174, -0.187471)
     Onormal=(0.804432, -0.530248, -0.267816)}

Vertex 1700 0.747837 -0.578846 -0.325081
    {normal=(0.747837, -0.578846, -0.325081)
     Opos=(0.523486, -0.405192, -0.227557)
     Onormal=(0.747837, -0.578846, -0.325081)}

Vertex 1701 0.841350 -0.458126 -0.286795
    {normal=(0.841350, -0.458126, -0.286795)
     Opos=(0.588945, -0.320688, -0.200757)
     Onormal=(0.841350, -0.458126, -0.286795)}

Vertex 1702 0.768195 -0.597101 -0.230969
    {normal=(0.768195, -0.597101, -0.230969)
     Opos=(0.537737, -0.417970, -0.161679)
     Onormal=(0.768195, -0.597101, -0.230969)}

Vertex 1703 0.739830 -0.610235 -0.283310
    {normal=(0.739830, -0.610235, -0.283310)
     Opos=(0.517881, -0.427165, -0.198317)
     Onormal=(0.739830, -0.610235, -0.283310)}

Vertex 1704 0.675015 -0.617980 -0.403057
    {normal=(0.675015, -0.617980, -0.403057)
     Opos=(0.472510, -0.432586, -0.282140)
     Onormal=(0.675015, -0.617980, -0.403057)}

Vertex 1705 0.721474 -0.646814 -0.247198
    {normal=(0.721474, -0.646814, -0.247198)
     Opos=(0.505032, -0.452770, -0.173038)
     Onormal=(0.721474, -0.646814, -0.247198)}

Vertex 1706 0.657479 -0.704160 -0.268104
    {normal=(0.657479, -0.704160, -0.268104)
     Opos=(0.460236, -0.492912, -0.187672)
     Onormal=(0.657479, -0.704160, -0.268104)}

Vertex 1707 0.418484 -0.335789 -0.843871
    {normal=(0.418484, -0.335789, -0.843871)
     Opos=(0.292939, -0.235052, -0.590709)
     Onormal=(0.418484, -0.335789, -0.843871)}

Vertex 1708 0.491409 -0.320756 -0.809712
    {normal=(0.491409, -0.320756, -0.809712)
     Opos=(0.343986, -0.224529, -0.566798)
     Onormal=(0.491409, -0.320756, -0.809712)}

Vertex 1709 0.529981 -0.354882 -0.770181
    {normal=(0.529981, -0.354882, -0.770181)
     Opos=(0.370987, -0.248417, -0.539127)
     Onormal=(0.529981, -0.354882, -0.770181)}

Vertex 1710 0.730845 -0.324489 -0.600477
    {normal=(0.730845, -0.324489, -0.600477)
     Opos=(0.511592, -0.227142, -0.420334)
     Onormal=(0.730845, -0.324489, -0.600477)}

Vertex 1711 0.791594 -0.306144 -0.528824
    {normal=(0.791594, -0.306144, -0.528824)
     Opos=(0.554116, -0.214300, -0.370177)
     Onormal=(0.791594, -0.306144, -0.528824)}

Vertex 1712 0.743597 -0.367643 -0.558482
    {normal=(0.743597, -0.367643, -0.558482)
     Opos=(0.520518, -0.257350, -0.390937)
     Onormal=(0.743597, -0.367643, -0.558482)}

Vertex 1713 0.769493 -0.390253 -0.505552
    {normal=(0.769493, -0.390253, -0.505552)
     Opos=(0.538645, -0.273177, -0.353887)
     Onormal=(0.769493, -0.390253, -0.505552)}

Vertex 1714 0.472570 -0.451043 -0.757124
    {normal=(0.472570, -0.451043, -0.757124)
     Opos=(0.330799, -0.315730, -0.529987)
     Onormal=(0.472570, -0.451043, -0.757124)}

Vertex 1715 0.531649 -0.545324 -0.648051
    {normal=(0.531649, -0.545324, -0.648051)
     Opos=(0.372154, -0.381727, -0.453636)
     Onormal=(0.531649, -0.545324, -0.648051)}

Vertex 1716 0.673877 -0.338269 -0.656858
    {normal=(0.673877, -0.338269, -0.656858)
     Opos=(0.471714, -0.236789, -0.459801)
     Onormal=(0.673877, -0.338269, -0.656858)}

Vertex 1717 0.650821 -0.377119 -0.658949
    {normal=(0.650821, -0.377119, -0.658949)
     Opos=(0.455575, -0.263983, -0.461264)
     Onormal=(0.650821, -0.377119, -0.658949)}

Vertex 1718 0.668469 -0.441203 -0.598740
    {normal=(0.668469, -0.441203, -0.598740)
     Opos=(0.467928, -0.308842, -0.419118)
     Onormal=(0.668469, -0.441203, -0.598740)}

Vertex 1719 0.686704 -0.380694 -0.619282
    {normal=(0.686704, -0.380694, -0.619282)
     Opos=(0.480693, -0.266486, -0.433498)
     Onormal=(0.686704, -0.380694, -0.619282)}

Vertex 1720 0.702197 -0.414699 -0.578744
    {normal=(0.702197, -0.414699, -0.578744)
     Opos=(0.491538, -0.290289, -0.405120)
     Onormal=(0.702197, -0.414699, -0.578744)}

Vertex 1721 0.635868 -0.484971 -0.600396
    {normal=(0.635868, -0.484971, -0.600396)
     Opos=(0.445107, -0.339480, -0.420277)
     Onormal=(0.635868, -0.484971, -0.600396)}

Vertex 1722 0.678136 -0.471962 -0.563368
    {normal=(0.678136, -0.471962, -0.563368)
     Opos=(0.474695, -0.330374, -0.394358)
     Onormal=(0.678136, -0.471962, -0.563368)}

Vertex 1723 0.711391 -0.444464 -0.544404
    {normal=(0.711391, -0.444464, -0.544404)
     Opos=(0.497973, -0.311125, -0.381083)
     Onormal=(0.711391, -0.444464, -0.544404)}

Vertex 1724 0.670669 -0.514036 -0.534762
    {normal=(0.670669, -0.514036, -0.534762)
     Opos=(0.469468, -0.359825, -0.374334)
     Onormal=(0.670669, -0.514036, -0.534762)}

Vertex 1725 0.494317 -0.510108 -0.703875
    {normal=(0.494317, -0.510108, -0.703875)
     Opos=(0.346022, -0.357076, -0.492713)
     Onormal=(0.494317, -0.510108, -0.703875)}

Vertex 1726 0.582174 -0.568169 -0.581598
    {normal=(0.582174, -0.568169, -0.581598)
     Opos=(0.407522, -0.397718, -0.407119)
     Onormal=(0.582174, -0.568169, -0.581598)}

Vertex 1727 0.656862 -0.579233 -0.482722
    {normal=(0.656862, -0.579233, -0.482722)
     Opos=(0.459804, -0.405463, -0.337906)
     Onormal=(0.656862, -0.579233, -0.482722)}

Vertex 1728 0.582561 -0.616897 -0.529207
    {normal=(0.582561, -0.616897, -0.529207)
     Opos=(0.407793, -0.431828, -0.370445)
     Onormal=(0.582561, -0.616897, -0.529207)}

Vertex 1729 0.469401 -0.669744 -0.575417
    {normal=(0.469401, -0.669744, -0.575417)
     Opos=(0.328581, -0.468821, -0.402792)
     Onormal=(0.469401, -0.669744, -0.575417)}

Vertex 1730 0.547891 -0.674303 -0.495107
    {normal=(0.547891, -0.674303, -0.495107)
     Opos=(0.383524, -0.472012, -0.346575)
     Onormal=(0.547891, -0.674303, -0.495107)}

Vertex 1731 0.526668 -0.629084 -0.571729
    {normal=(0.526668, -0.629084, -0.571729)
     Opos=(0.368667, -0.440359, -0.400211)
     Onormal=(0.526668, -0.629084, -0.571729)}

Vertex 1732 0.251980 -0.432160 -0.865877
    {normal=(0.251980, -0.432160, -0.865877)
     Opos=(0.176386, -0.302512, -0.606114)
     Onormal=(0.251980, -0.432160, -0.865877)}

Vertex 1733 0.221022 -0.504199 -0.834825
    {normal=(0.221022, -0.504199, -0.834825)
     Opos=(0.154715, -0.352940, -0.584377)
     Onormal=(0.221022, -0.504199, -0.834825)}

Vertex 1734 0.125599 -0.506830 -0.852847
    {normal=(0.125599, -0.506830, -0.852847)
     Opos=(0.087919, -0.354781, -0.596993)
     Onormal=(0.125599, -0.506830, -0.852847)}

Vertex 1735 0.405726 -0.667102 -0.624790
    {normal=(0.405726, -0.667102, -0.624790)
     Opos=(0.284008, -0.466971, -0.437353)
     Onormal=(0.405726, -0.667102, -0.624790)}

Vertex 1736 0.351289 -0.637538 -0.685668
    {normal=(0.351289, -0.637538, -0.685668)
     Opos=(0.245902, -0.446277, -0.479968)
     Onormal=(0.351289, -0.637538, -0.685668)}

Vertex 1737 0.115323 -0.564414 -0.817397
    {normal=(0.115323, -0.564414, -0.817397)
     Opos=(0.080726, -0.395089, -0.572178)
     Onormal=(0.115323, -0.564414, -0.817397)}

Vertex 1738 0.164411 -0.556075 -0.814708
    {normal=(0.164411, -0.556075, -0.814708)
     Opos=(0.115088, -0.389252, -0.570296)
     Onormal=(0.164411, -0.556075, -0.814708)}

Vertex 1739 0.267261 -0.543314 -0.795852
    {normal=(0.267261, -0.543314, -0.795852)
     Opos=(0.187083, -0.380320, -0.557097)
     Onormal=(0.267261, -0.543314, -0.795852)}

Vertex 1740 0.187658 -0.617237 -0.764070
    {normal=(0.187658, -0.617237, -0.764070)
     Opos=(0.131360, -0.432066, -0.534849)
     Onormal=(0.187658, -0.617237, -0.764070)}

Vertex 1741 0.031735 -0.558455 -0.828928
    {normal=(0.031735, -0.558455, -0.828928)
     Opos=(0.022215, -0.390918, -0.580250)
     Onormal=(0.031735, -0.558455, -0.828928)}

Vertex 1742 0.028185 -0.600007 -0.799498
    {normal=(0.028185, -0.600007, -0.799498)
     Opos=(0.019730, -0.420005, -0.559649)
     Onormal=(0.028185, -0.600007, -0.799498)}

Vertex 1743 -0.022340 -0.624012 -0.781095
    {normal=(-0.022340, -0.624012, -0.781095)
     Opos=(-0.015638, -0.436808, -0.546767)
     Onormal=(-0.022340, -0.624012, -0.781095)}

Vertex 1744 -0.053014 -0.605619 -0.793987
    {normal=(-0.053014, -0.605619, -0.793987)
     Opos=(-0.037110, -0.423934, -0.555791)
     Onormal=(-0.053014, -0.605619, -0.793987)}

Vertex 1745 0.716596 0.286671 -0.635854
    {normal=(0.716596, 0.286671, -0.635854)
     Opos=(0.501617, 0.200670, -0.445098)
     Onormal=(0.716596, 0.286671, -0.635854)}

Vertex 1746 0.678214 0.283784 -0.677858
    {normal=(0.678214, 0.283784, -0.677858)
     Opos=(0.474750, 0.198649, -0.474501)
     Onormal=(0.678214, 0.283784, -0.677858)}

Vertex 1747 0.658753 0.171167 -0.732630
    {normal=(0.658753, 0.171167, -0.732630)
     Opos=(0.461127, 0.119817, -0.512841)
     Onormal=(0.658753, 0.171167, -0.732630)}

Vertex 1748 0.676735 0.190943 -0.711035
    {normal=(0.676735, 0.190943, -0.711035)
     Opos=(0.473714, 0.133660, -0.497724)
     Onormal=(0.676735, 0.190943, -0.711035)}

Vertex 1749 0.640108 0.200941 -0.741542
    {normal=(0.640108, 0.200941, -0.741542)
     Opos=(0.448076, 0.140658, -0.519079)
     Onormal=(0.640108, 0.200941, -0.741542)}

Vertex 1750 0.659451 0.220535 -0.718671
    {normal=(0.659451, 0.220535, -0.718671)
     Opos=(0.461616, 0.154374, -0.503070)
     Onormal=(0.659451, 0.220535, -0.718671)}

Vertex 1751 0.686481 0.217729 -0.693786
    {normal=(0.686481, 0.217729, -0.693786)
     Opos=(0.480536, 0.152411, -0.485650)
     Onormal=(0.686481, 0.217729, -0.693786)}

Vertex 1752 0.654233 0.251595 -0.713217
    {normal=(0.654233, 0.251595, -0.713217)
     Opos=(0.457963, 0.176117, -0.499252)
     Onormal=(0.654233, 0.251595, -0.713217)}

Vertex 1753 0.631444 0.277184 -0.724188
    {normal=(0.631444, 0.277184, -0.724188)
     Opos=(0.442010, 0.194029, -0.506931)
     Onormal=(0.631444, 0.277184, -0.724188)}

Vertex 1754 0.610156 0.095469 -0.786509
    {normal=(0.610156, 0.095469, -0.786509)
     Opos=(0.427109, 0.066828, -0.550556)
     Onormal=(0.610156, 0.095469, -0.786509)}

Vertex 1755 0.614904 0.143930 -0.775356
    {normal=(0.614904, 0.143930, -0.775356)
     Opos=(0.430433, 0.100751, -0.542749)
     Onormal=(0.614904, 0.143930, -0.775356)}

Vertex 1756 0.589355 0.061037 -0.805565
    {normal=(0.589355, 0.061037, -0.805565)
     Opos=(0.412549, 0.042726, -0.563896)
     Onormal=(0.589355, 0.061037, -0.805565)}

Vertex 1757 0.567522 0.089570 -0.818472
    {normal=(0.567522, 0.089570, -0.818472)
     Opos=(0.397266, 0.062699, -0.572930)
     Onormal=(0.567522, 0.089570, -0.818472)}

Vertex 1758 0.567764 0.135680 -0.811933
    {normal=(0.567764, 0.135680, -0.811933)
     Opos=(0.397435, 0.094976, -0.568353)
     Onormal=(0.567764, 0.135680, -0.811933)}

Vertex 1759 0.565314 0.177598 -0.805530
    {normal=(0.565314, 0.177598, -0.805530)
     Opos=(0.395720, 0.124319, -0.563871)
     Onormal=(0.565314, 0.177598, -0.805530)}

Vertex 1760 0.539095 0.140973 -0.830363
    {normal=(0.539095, 0.140973, -0.830363)
     Opos=(0.377367, 0.098681, -0.581254)
     Onormal=(0.539095, 0.140973, -0.830363)}

Vertex 1761 0.595052 0.289169 -0.749863
    {normal=(0.595052, 0.289169, -0.749863)
     Opos=(0.416537, 0.202418, -0.524904)
     Onormal=(0.595052, 0.289169, -0.749863)}

Vertex 1762 0.635591 0.162079 -0.754821
    {normal=(0.635591, 0.162079, -0.754821)
     Opos=(0.444914, 0.113455, -0.528375)
     Onormal=(0.635591, 0.162079, -0.754821)}

Vertex 1763 0.528195 0.184140 -0.828916
    {normal=(0.528195, 0.184140, -0.828916)
     Opos=(0.369737, 0.128898, -0.580242)
     Onormal=(0.528195, 0.184140, -0.828916)}

Vertex 1764 0.531815 0.265639 -0.804120
    {normal=(0.531815, 0.265639, -0.804120)
     Opos=(0.372270, 0.185947, -0.562884)
     Onormal=(0.531815, 0.265639, -0.804120)}

Vertex 1765 0.470028 -0.024986 -0.882298
    {normal=(0.470028, -0.024986, -0.882298)
     Opos=(0.329020, -0.017490, -0.617608)
     Onormal=(0.470028, -0.024986, -0.882298)}

Vertex 1766 0.427299 -0.053644 -0.902518
    {normal=(0.427299, -0.053644, -0.902518)
     Opos=(0.299109, -0.037551, -0.631762)
     Onormal=(0.427299, -0.053644, -0.902518)}

Vertex 1767 0.383351 0.016346 -0.923458
    {normal=(0.383351, 0.016346, -0.923458)
     Opos=(0.268346, 0.011443, -0.646421)
     Onormal=(0.383351, 0.016346, -0.923458)}

Vertex 1768 0.406027 -0.127792 -0.904882
    {normal=(0.406027, -0.127792, -0.904882)
     Opos=(0.284219, -0.089455, -0.633417)
     Onormal=(0.406027, -0.127792, -0.904882)}

Vertex 1769 0.373808 -0.046303 -0.926349
    {normal=(0.373808, -0.046303, -0.926349)
     Opos=(0.261666, -0.032412, -0.648445)
     Onormal=(0.373808, -0.046303, -0.926349)}

Vertex 1770 0.482469 0.230161 -0.845133
    {normal=(0.482469, 0.230161, -0.845133)
     Opos=(0.337729, 0.161113, -0.591593)
     Onormal=(0.482469, 0.230161, -0.845133)}

Vertex 1771 0.462170 0.194689 -0.865156
    {normal=(0.462170, 0.194689, -0.865156)
     Opos=(0.323519, 0.136282, -0.605609)
     Onormal=(0.462170, 0.194689, -0.865156)}

Vertex 1772 0.428309 0.251655 -0.867883
    {normal=(0.428309, 0.251655, -0.867883)
     Opos=(0.299816, 0.176159, -0.607518)
     Onormal=(0.428309, 0.251655, -0.867883)}

Vertex 1773 0.507457 0.140874 -0.850083
    {normal=(0.507457, 0.140874, -0.850083)
     Opos=(0.355220, 0.098612, -0.595058)
     Onormal=(0.507457, 0.140874, -0.850083)}

Vertex 1774 0.514297 0.005096 -0.857597
    {normal=(0.514297, 0.005096, -0.857597)
     Opos=(0.360008, 0.003567, -0.600318)
     Onormal=(0.514297, 0.005096, -0.857597)}

Vertex 1775 0.465262 0.103203 -0.879136
    {normal=(0.465262, 0.103203, -0.879136)
     Opos=(0.325683, 0.072242, -0.615395)
     Onormal=(0.465262, 0.103203, -0.879136)}

Vertex 1776 0.363011 0.150705 -0.919517
    {normal=(0.363011, 0.150705, -0.919517)
     Opos=(0.254108, 0.105494, -0.643662)
     Onormal=(0.363011, 0.150705, -0.919517)}

Vertex 1777 0.353394 0.375256 -0.856910
    {normal=(0.353394, 0.375256, -0.856910)
     Opos=(0.247376, 0.262679, -0.599837)
     Onormal=(0.353394, 0.375256, -0.856910)}

Vertex 1778 0.321243 0.217609 -0.921656
    {normal=(0.321243, 0.217609, -0.921656)
     Opos=(0.224870, 0.152326, -0.645159)
     Onormal=(0.321243, 0.217609, -0.921656)}

Vertex 1779 0.272763 0.348575 -0.896714
    {normal=(0.272763, 0.348575, -0.896714)
     Opos=(0.190934, 0.244002, -0.627700)
     Onormal=(0.272763, 0.348575, -0.896714)}

Vertex 1780 0.385297 0.219826 -0.896227
    {normal=(0.385297, 0.219826, -0.896227)
     Opos=(0.269708, 0.153878, -0.627359)
     Onormal=(0.385297, 0.219826, -0.896227)}

Vertex 1781 0.333634 0.265364 -0.904583
    {normal=(0.333634, 0.265364, -0.904583)
     Opos=(0.233544, 0.185755, -0.633208)
     Onormal=(0.333634, 0.265364, -0.904583)}

Vertex 1782 -0.011885 -0.570491 -0.821218
    {normal=(-0.011885, -0.570491, -0.821218)
     Opos=(-0.008320, -0.399344, -0.574853)
     Onormal=(-0.011885, -0.570491, -0.821218)}

Vertex 1783 -0.049178 -0.580562 -0.812730
    {normal=(-0.049178, -0.580562, -0.812730)
     Opos=(-0.034424, -0.406393, -0.568911)
     Onormal=(-0.049178, -0.580562, -0.812730)}

Vertex 1784 -0.048064 -0.561727 -0.825925
    {normal=(-0.048064, -0.561727, -0.825925)
     Opos=(-0.033645, -0.393209, -0.578148)
     Onormal=(-0.048064, -0.561727, -0.825925)}

Vertex 1785 -0.041992 -0.545795 -0.836866
    {normal=(-0.041992, -0.545795, -0.836866)
     Opos=(-0.029394, -0.382057, -0.585806)
     Onormal=(-0.041992, -0.545795, -0.836866)}

Vertex 1786 -0.021072 -0.507903 -0.861156
    {normal=(-0.021072, -0.507903, -0.861156)
     Opos=(-0.014750, -0.355532, -0.602809)
     Onormal=(-0.021072, -0.507903, -0.861156)}

Vertex 1787 -0.069404 -0.487906 -0.870132
    {normal=(-0.069404, -0.487906, -0.870132)
     Opos=(-0.048583, -0.341534, -0.609093)
     Onormal=(-0.069404, -0.487906, -0.870132)}

Vertex 1788 0.236608 -0.152569 -0.959552
    {normal=(0.236608, -0.152569, -0.959552)
     Opos=(0.165626, -0.106798, -0.671686)
     Onormal=(0.236608, -0.152569, -0.959552)}

Vertex 1789 0.057469 -0.417705 -0.906763
    {normal=(0.057469, -0.417705, -0.906763)
     Opos=(0.040228, -0.292393, -0.634734)
     Onormal=(0.057469, -0.417705, -0.906763)}

Vertex 1790 -0.014760 -0.468432 -0.883376
    {normal=(-0.014760, -0.468432, -0.883376)
     Opos=(-0.010332, -0.327903, -0.618363)
     Onormal=(-0.014760, -0.468432, -0.883376)}

Vertex 1791 0.009784 -0.360640 -0.932654
    {normal=(0.009784, -0.360640, -0.932654)
     Opos=(0.006849, -0.252448, -0.652858)
     Onormal=(0.009784, -0.360640, -0.932654)}

Vertex 1792 -0.060615 -0.374408 -0.925281
    {normal=(-0.060615, -0.374408, -0.925281)
     Opos=(-0.042430, -0.262086, -0.647696)
     Onormal=(-0.060615, -0.374408, -0.925281)}

Vertex 1793 0.038494 -0.156431 -0.986938
    {normal=(0.038494, -0.156431, -0.986938)
     Opos=(0.026946, -0.109502, -0.690857)
     Onormal=(0.038494, -0.156431, -0.986938)}

Vertex 1794 0.058626 -0.257277 -0.964558
    {normal=(0.058626, -0.257277, -0.964558)
     Opos=(0.041038, -0.180094, -0.675190)
     Onormal=(0.058626, -0.257277, -0.964558)}

Vertex 1795 0.044038 -0.200414 -0.978721
    {normal=(0.044038, -0.200414, -0.978721)
     Opos=(0.030826, -0.140289, -0.685105)
     Onormal=(0.044038, -0.200414, -0.978721)}

Vertex 1796 0.008422 -0.227719 -0.973691
    {normal=(0.008422, -0.227719, -0.973691)
     Opos=(0.005896, -0.159403, -0.681583)
     Onormal=(0.008422, -0.227719, -0.973691)}

Vertex 1797 0.086515 -0.342004 -0.935708
    {normal=(0.086515, -0.342004, -0.935708)
     Opos=(0.060560, -0.239403, -0.654995)
     Onormal=(0.086515, -0.342004, -0.935708)}

Vertex 1798 -0.016767 -0.181879 -0.983178
    {normal=(-0.016767, -0.181879, -0.983178)
     Opos=(-0.011737, -0.127315, -0.688225)
     Onormal=(-0.016767, -0.181879, -0.983178)}

Vertex 1799 0.009309 -0.108214 -0.994084
    {normal=(0.009309, -0.108214, -0.994084)
     Opos=(0.006516, -0.075750, -0.695859)
     Onormal=(0.009309, -0.108214, -0.994084)}

Vertex 1800 -0.043990 -0.226462 -0.973026
    {normal=(-0.043990, -0.226462, -0.973026)
     Opos=(-0.030793, -0.158523, -0.681118)
     Onormal=(-0.043990, -0.226462, -0.973026)}

Vertex 1801 -0.082158 -0.181132 -0.980021
    {normal=(-0.082158, -0.181132, -0.980021)
     Opos=(-0.057511, -0.126792, -0.686015)
     Onormal=(-0.082158, -0.181132, -0.980021)}

Vertex 1802 -0.130316 -0.109054 -0.985457
    {normal=(-0.130316, -0.109054, -0.985457)
     Opos=(-0.091221, -0.076338, -0.689820)
     Onormal=(-0.130316, -0.109054, -0.985457)}

Vertex 1803 0.246508 0.101762 -0.963783
    {normal=(0.246508, 0.101762, -0.963783)
     Opos=(0.172556, 0.071233, -0.674648)
     Onormal=(0.246508, 0.101762, -0.963783)}

Vertex 1804 0.260119 0.037456 -0.964850
    {normal=(0.260119, 0.037456, -0.964850)
     Opos=(0.182084, 0.026219, -0.675395)
     Onormal=(0.260119, 0.037456, -0.964850)}

Vertex 1805 0.225572 0.006384 -0.974206
    {normal=(0.225572, 0.006384, -0.974206)
     Opos=(0.157900, 0.004469, -0.681944)
     Onormal=(0.225572, 0.006384, -0.974206)}

Vertex 1806 0.216717 -0.115437 -0.969385
    {normal=(0.216717, -0.115437, -0.969385)
     Opos=(0.151702, -0.080806, -0.678570)
     Onormal=(0.216717, -0.115437, -0.969385)}

Vertex 1807 0.190676 -0.029352 -0.981214
    {normal=(0.190676, -0.029352, -0.981214)
     Opos=(0.133473, -0.020546, -0.686850)
     Onormal=(0.190676, -0.029352, -0.981214)}

Vertex 1808 0.071931 0.046627 -0.996319
    {normal=(0.071931, 0.046627, -0.996319)
     Opos=(0.050351, 0.032639, -0.697423)
     Onormal=(0.071931, 0.046627, -0.996319)}

Vertex 1809 0.123245 -0.037731 -0.991659
    {normal=(0.123245, -0.037731, -0.991659)
     Opos=(0.086271, -0.026411, -0.694161)
     Onormal=(0.123245, -0.037731, -0.991659)}

Vertex 1810 -0.011713 0.006370 -0.999911
    {normal=(-0.011713, 0.006370, -0.999911)
     Opos=(-0.008199, 0.004459, -0.699938)
     Onormal=(-0.011713, 0.006370, -0.999911)}

Vertex 1811 0.025686 -0.049430 -0.998447
    {normal=(0.025686, -0.049430, -0.998447)
     Opos=(0.017980, -0.034601, -0.698913)
     Onormal=(0.025686, -0.049430, -0.998447)}

Vertex 1812 -0.002102 0.176880 -0.984230
    {normal=(-0.002102, 0.176880, -0.984230)
     Opos=(-0.001471, 0.123816, -0.688961)
     Onormal=(-0.002102, 0.176880, -0.984230)}

Vertex 1813 0.077403 0.151943 -0.985354
    {normal=(0.077403, 0.151943, -0.985354)
     Opos=(0.054182, 0.106360, -0.689748)
     Onormal=(0.077403, 0.151943, -0.985354)}

Vertex 1814 -0.009438 0.079353 -0.996802
    {normal=(-0.009438, 0.079353, -0.996802)
     Opos=(-0.006607, 0.055547, -0.697761)
     Onormal=(-0.009438, 0.079353, -0.996802)}

Vertex 1815 0.938042 0.346399 -0.009238
    {normal=(0.938042, 0.346399, -0.009238)
     Opos=(0.656629, 0.242479, -0.006466)
     Onormal=(0.938042, 0.346399, -0.009238)}

Vertex 1816 0.944292 0.304144 0.125738
    {normal=(0.944292, 0.304144, 0.125738)
     Opos=(0.661004, 0.212901, 0.088016)
     Onormal=(0.944292, 0.304144, 0.125738)}

Vertex 1817 0.930993 0.311887 -0.189680
    {normal=(0.930993, 0.311887, -0.189680)
     Opos=(0.651695, 0.218321, -0.132776)
     Onormal=(0.930993, 0.311887, -0.189680)}

Vertex 1818 0.878586 0.368369 -0.303959
    {normal=(0.878586, 0.368369, -0.303959)
     Opos=(0.615010, 0.257858, -0.212771)
     Onormal=(0.878586, 0.368369, -0.303959)}

Vertex 1819 0.895557 0.375701 -0.238384
    {normal=(0.895557, 0.375701, -0.238384)
     Opos=(0.626890, 0.262991, -0.166869)
     Onormal=(0.895557, 0.375701, -0.238384)}

Vertex 1820 0.836262 0.303425 -0.456727
    {normal=(0.836262, 0.303425, -0.456727)
     Opos=(0.585383, 0.212398, -0.319709)
     Onormal=(0.836262, 0.303425, -0.456727)}

Vertex 1821 0.785801 0.301575 -0.539971
    {normal=(0.785801, 0.301575, -0.539971)
     Opos=(0.550061, 0.211102, -0.377980)
     Onormal=(0.785801, 0.301575, -0.539971)}

Vertex 1822 0.782226 0.409539 -0.469469
    {normal=(0.782226, 0.409539, -0.469469)
     Opos=(0.547558, 0.286677, -0.328628)
     Onormal=(0.782226, 0.409539, -0.469469)}

Vertex 1823 0.869223 0.463043 -0.173327
    {normal=(0.869223, 0.463043, -0.173327)
     Opos=(0.608456, 0.324130, -0.121329)
     Onormal=(0.869223, 0.463043, -0.173327)}

Vertex 1824 0.823953 0.495324 -0.275237
    {normal=(0.823953, 0.495324, -0.275237)
     Opos=(0.576767, 0.346727, -0.192666)
     Onormal=(0.823953, 0.495324, -0.275237)}

Vertex 1825 0.874899 0.479839 0.065621
    {normal=(0.874899, 0.479839, 0.065621)
     Opos=(0.612429, 0.335888, 0.045935)
     Onormal=(0.874899, 0.479839, 0.065621)}

Vertex 1826 0.954051 0.280134 -0.106357
    {normal=(0.954051, 0.280134, -0.106357)
     Opos=(0.667836, 0.196094, -0.074450)
     Onormal=(0.954051, 0.280134, -0.106357)}

Vertex 1827 0.920154 0.375485 -0.111031
    {normal=(0.920154, 0.375485, -0.111031)
     Opos=(0.644108, 0.262840, -0.077722)
     Onormal=(0.920154, 0.375485, -0.111031)}

Vertex 1828 0.763979 0.640661 -0.076750
    {normal=(0.763979, 0.640661, -0.076750)
     Opos=(0.534785, 0.448462, -0.053725)
     Onormal=(0.763979, 0.640661, -0.076750)}

Vertex 1829 0.778487 0.627512 -0.013643
    {normal=(0.778487, 0.627512, -0.013643)
     Opos=(0.544941, 0.439259, -0.009550)
     Onormal=(0.778487, 0.627512, -0.013643)}

Vertex 1830 0.731509 0.675381 0.093570
    {normal=(0.731509, 0.675381, 0.093570)
     Opos=(0.512056, 0.472766, 0.065499)
     Onormal=(0.731509, 0.675381, 0.093570)}

Vertex 1831 0.708700 0.704994 0.026975
    {normal=(0.708700, 0.704994, 0.026975)
     Opos=(0.496090, 0.493496, 0.018883)
     Onormal=(0.708700, 0.704994, 0.026975)}

Vertex 1832 0.652380 0.743290 0.148058
    {normal=(0.652380, 0.743290, 0.148058)
     Opos=(0.456666, 0.520303, 0.103641)
     Onormal=(0.652380, 0.743290, 0.148058)}

Vertex 1833 0.748092 0.325711 -0.578162
    {normal=(0.748092, 0.325711, -0.578162)
     Opos=(0.523664, 0.227998, -0.404713)
     Onormal=(0.748092, 0.325711, -0.578162)}

Vertex 1834 0.693291 0.342561 -0.634034
    {normal=(0.693291, 0.342561, -0.634034)
     Opos=(0.485304, 0.239793, -0.443824)
     Onormal=(0.693291, 0.342561, -0.634034)}

Vertex 1835 0.590446 0.328391 -0.737247
    {normal=(0.590446, 0.328391, -0.737247)
     Opos=(0.413312, 0.229874, -0.516073)
     Onormal=(0.590446, 0.328391, -0.737247)}

Vertex 1836 0.589071 0.401344 -0.701368
    {normal=(0.589071, 0.401344, -0.701368)
     Opos=(0.412350, 0.280941, -0.490958)
     Onormal=(0.589071, 0.401344, -0.701368)}

Vertex 1837 0.524773 0.378759 -0.762335
    {normal=(0.524773, 0.378759, -0.762335)
     Opos=(0.367341, 0.265131, -0.533635)
     Onormal=(0.524773, 0.378759, -0.762335)}

Vertex 1838 0.464574 0.492522 -0.735930
    {normal=(0.464574, 0.492522, -0.735930)
     Opos=(0.325202, 0.344765, -0.515151)
     Onormal=(0.464574, 0.492522, -0.735930)}

Vertex 1839 0.637236 0.474662 -0.607146
    {normal=(0.637236, 0.474662, -0.607146)
     Opos=(0.446065, 0.332263, -0.425003)
     Onormal=(0.637236, 0.474662, -0.607146)}

Vertex 1840 0.685003 0.468070 -0.558284
    {normal=(0.685003, 0.468070, -0.558284)
     Opos=(0.479502, 0.327649, -0.390799)
     Onormal=(0.685003, 0.468070, -0.558284)}

Vertex 1841 0.338492 0.475126 -0.812206
    {normal=(0.338492, 0.475126, -0.812206)
     Opos=(0.236944, 0.332588, -0.568544)
     Onormal=(0.338492, 0.475126, -0.812206)}

Vertex 1842 0.396616 0.480767 -0.782022
    {normal=(0.396616, 0.480767, -0.782022)
     Opos=(0.277631, 0.336537, -0.547416)
     Onormal=(0.396616, 0.480767, -0.782022)}

Vertex 1843 0.395336 0.500465 -0.770223
    {normal=(0.395336, 0.500465, -0.770223)
     Opos=(0.276736, 0.350326, -0.539156)
     Onormal=(0.395336, 0.500465, -0.770223)}

Vertex 1844 0.623159 0.542413 -0.563437
    {normal=(0.623159, 0.542413, -0.563437)
     Opos=(0.436211, 0.379689, -0.394406)
     Onormal=(0.623159, 0.542413, -0.563437)}

Vertex 1845 0.465620 0.665376 -0.583500
    {normal=(0.465620, 0.665376, -0.583500)
     Opos=(0.325934, 0.465763, -0.408450)
     Onormal=(0.465620, 0.665376, -0.583500)}

Vertex 1846 0.039813 0.371731 -0.927486
    {normal=(0.039813, 0.371731, -0.927486)
     Opos=(0.027869, 0.260212, -0.649240)
     Onormal=(0.039813, 0.371731, -0.927486)}

Vertex 1847 -0.037556 0.513095 -0.857510
    {normal=(-0.037556, 0.513095, -0.857510)
     Opos=(-0.026289, 0.359167, -0.600257)
     Onormal=(-0.037556, 0.513095, -0.857510)}

Vertex 1848 0.054797 0.620456 -0.782325
    {normal=(0.054797, 0.620456, -0.782325)
     Opos=(0.038358, 0.434319, -0.547627)
     Onormal=(0.054797, 0.620456, -0.782325)}

Vertex 1849 0.186982 0.716885 -0.671650
    {normal=(0.186982, 0.716885, -0.671650)
     Opos=(0.130888, 0.501819, -0.470155)
     Onormal=(0.186982, 0.716885, -0.671650)}

Vertex 1850 0.149722 0.806987 -0.571275
    {normal=(0.149722, 0.806987, -0.571275)
     Opos=(0.104805, 0.564891, -0.399893)
     Onormal=(0.149722, 0.806987, -0.571275)}

Vertex 1851 0.172883 0.651995 -0.738251
    {normal=(0.172883, 0.651995, -0.738251)
     Opos=(0.121018, 0.456396, -0.516776)
     Onormal=(0.172883, 0.651995, -0.738251)}

Vertex 1852 -0.084391 0.736257 -0.671419
    {normal=(-0.084391, 0.736257, -0.671419)
     Opos=(-0.059074, 0.515380, -0.469993)
     Onormal=(-0.084391, 0.736257, -0.671419)}

Vertex 1853 0.065965 0.767398 -0.637769
    {normal=(0.065965, 0.767398, -0.637769)
     Opos=(0.046175, 0.537178, -0.446438)
     Onormal=(0.065965, 0.767398, -0.637769)}

Vertex 1854 0.017053 0.840058 -0.542229
    {normal=(0.017053, 0.840058, -0.542229)
     Opos=(0.011937, 0.588040, -0.379560)
     Onormal=(0.017053, 0.840058, -0.542229)}

Vertex 1855 -0.032458 0.917970 -0.395321
    {normal=(-0.032458, 0.917970, -0.395321)
     Opos=(-0.022720, 0.642579, -0.276725)
     Onormal=(-0.032458, 0.917970, -0.395321)}

Vertex 1856 0.599058 0.788698 0.138150
    {normal=(0.599058, 0.788698, 0.138150)
     Opos=(0.419341, 0.552088, 0.096705)
     Onormal=(0.599058, 0.788698, 0.138150)}

Vertex 1857 0.582991 0.807290 0.091674
    {normal=(0.582991, 0.807290, 0.091674)
     Opos=(0.408094, 0.565103, 0.064172)
     Onormal=(0.582991, 0.807290, 0.091674)}

Vertex 1858 0.545987 0.833220 0.087419
    {normal=(0.545987, 0.833220, 0.087419)
     Opos=(0.382191, 0.583254, 0.061193)
     Onormal=(0.545987, 0.833220, 0.087419)}

Vertex 1859 0.708786 0.699727 -0.089473
    {normal=(0.708786, 0.699727, -0.089473)
     Opos=(0.496150, 0.489809, -0.062631)
     Onormal=(0.708786, 0.699727, -0.089473)}

Vertex 1860 0.691033 0.696302 -0.194002
    {normal=(0.691033, 0.696302, -0.194002)
     Opos=(0.483723, 0.487412, -0.135801)
     Onormal=(0.691033, 0.696302, -0.194002)}

Vertex 1861 0.631332 0.771800 -0.075791
    {normal=(0.631332, 0.771800, -0.075791)
     Opos=(0.441933, 0.540260, -0.053054)
     Onormal=(0.631332, 0.771800, -0.075791)}

Vertex 1862 0.539860 0.841041 0.034669
    {normal=(0.539860, 0.841041, 0.034669)
     Opos=(0.377902, 0.588729, 0.024268)
     Onormal=(0.539860, 0.841041, 0.034669)}

Vertex 1863 0.502144 0.864777 0.003487
    {normal=(0.502144, 0.864777, 0.003487)
     Opos=(0.351501, 0.605344, 0.002441)
     Onormal=(0.502144, 0.864777, 0.003487)}

Vertex 1864 0.617686 0.786307 -0.013597
    {normal=(0.617686, 0.786307, -0.013597)
     Opos=(0.432380, 0.550415, -0.009518)
     Onormal=(0.617686, 0.786307, -0.013597)}

Vertex 1865 0.536070 0.844033 -0.015388
    {normal=(0.536070, 0.844033, -0.015388)
     Opos=(0.375249, 0.590823, -0.010771)
     Onormal=(0.536070, 0.844033, -0.015388)}

Vertex 1866 0.559091 0.826668 -0.063542
    {normal=(0.559091, 0.826668, -0.063542)
     Opos=(0.391364, 0.578667, -0.044479)
     Onormal=(0.559091, 0.826668, -0.063542)}

Vertex 1867 0.547545 0.827041 -0.127269
    {normal=(0.547545, 0.827041, -0.127269)
     Opos=(0.383281, 0.578929, -0.089089)
     Onormal=(0.547545, 0.827041, -0.127269)}

Vertex 1868 0.466215 0.884042 0.033382
    {normal=(0.466215, 0.884042, 0.033382)
     Opos=(0.326350, 0.618829, 0.023368)
     Onormal=(0.466215, 0.884042, 0.033382)}

Vertex 1869 0.505195 0.855120 -0.116395
    {normal=(0.505195, 0.855120, -0.116395)
     Opos=(0.353636, 0.598584, -0.081476)
     Onormal=(0.505195, 0.855120, -0.116395)}

Vertex 1870 0.516977 0.839104 -0.169234
    {normal=(0.516977, 0.839104, -0.169234)
     Opos=(0.361884, 0.587373, -0.118463)
     Onormal=(0.516977, 0.839104, -0.169234)}

Vertex 1871 0.472129 0.873364 -0.119708
    {normal=(0.472129, 0.873364, -0.119708)
     Opos=(0.330490, 0.611355, -0.083796)
     Onormal=(0.472129, 0.873364, -0.119708)}

Vertex 1872 0.464247 0.882977 -0.069469
    {normal=(0.464247, 0.882977, -0.069469)
     Opos=(0.324973, 0.618084, -0.048628)
     Onormal=(0.464247, 0.882977, -0.069469)}

Vertex 1873 0.396744 0.914030 -0.084513
    {normal=(0.396744, 0.914030, -0.084513)
     Opos=(0.277721, 0.639821, -0.059159)
     Onormal=(0.396744, 0.914030, -0.084513)}

Vertex 1874 0.716856 0.655218 -0.238341
    {normal=(0.716856, 0.655218, -0.238341)
     Opos=(0.501799, 0.458653, -0.166838)
     Onormal=(0.716856, 0.655218, -0.238341)}

Vertex 1875 0.702920 0.647643 -0.294043
    {normal=(0.702920, 0.647643, -0.294043)
     Opos=(0.492044, 0.453350, -0.205830)
     Onormal=(0.702920, 0.647643, -0.294043)}

Vertex 1876 0.745148 0.608639 -0.272604
    {normal=(0.745148, 0.608639, -0.272604)
     Opos=(0.521604, 0.426047, -0.190823)
     Onormal=(0.745148, 0.608639, -0.272604)}

Vertex 1877 0.731315 0.574966 -0.366870
    {normal=(0.731315, 0.574966, -0.366870)
     Opos=(0.511920, 0.402476, -0.256809)
     Onormal=(0.731315, 0.574966, -0.366870)}

Vertex 1878 0.640077 0.695242 -0.327017
    {normal=(0.640077, 0.695242, -0.327017)
     Opos=(0.448054, 0.486669, -0.228912)
     Onormal=(0.640077, 0.695242, -0.327017)}

Vertex 1879 0.808402 0.462538 -0.364068
    {normal=(0.808402, 0.462538, -0.364068)
     Opos=(0.565881, 0.323777, -0.254848)
     Onormal=(0.808402, 0.462538, -0.364068)}

Vertex 1880 0.732383 0.443869 -0.516329
    {normal=(0.732383, 0.443869, -0.516329)
     Opos=(0.512668, 0.310708, -0.361430)
     Onormal=(0.732383, 0.443869, -0.516329)}

Vertex 1881 0.777235 0.335317 -0.532418
    {normal=(0.777235, 0.335317, -0.532418)
     Opos=(0.544064, 0.234722, -0.372692)
     Onormal=(0.777235, 0.335317, -0.532418)}

Vertex 1882 0.751748 0.360950 -0.551897
    {normal=(0.751748, 0.360950, -0.551897)
     Opos=(0.526223, 0.252665, -0.386328)
     Onormal=(0.751748, 0.360950, -0.551897)}

Vertex 1883 0.671104 0.564752 -0.480285
    {normal=(0.671104, 0.564752, -0.480285)
     Opos=(0.469773, 0.395327, -0.336200)
     Onormal=(0.671104, 0.564752, -0.480285)}

Vertex 1884 0.614648 0.642164 -0.458075
    {normal=(0.614648, 0.642164, -0.458075)
     Opos=(0.430254, 0.449515, -0.320653)
     Onormal=(0.614648, 0.642164, -0.458075)}

Vertex 1885 0.385209 0.914886 -0.120825
    {normal=(0.385209, 0.914886, -0.120825)
     Opos=(0.269646, 0.640420, -0.084577)
     Onormal=(0.385209, 0.914886, -0.120825)}

Vertex 1886 0.443497 0.837061 -0.320373
    {normal=(0.443497, 0.837061, -0.320373)
     Opos=(0.310448, 0.585943, -0.224261)
     Onormal=(0.443497, 0.837061, -0.320373)}

Vertex 1887 0.623033 0.760079 -0.184688
    {normal=(0.623033, 0.760079, -0.184688)
     Opos=(0.436123, 0.532055, -0.129281)
     Onormal=(0.623033, 0.760079, -0.184688)}

Vertex 1888 0.662636 0.730660 -0.164468
    {normal=(0.662636, 0.730660, -0.164468)
     Opos=(0.463845, 0.511462, -0.115127)
     Onormal=(0.662636, 0.730660, -0.164468)}

Vertex 1889 0.658357 0.716859 -0.229519
    {normal=(0.658357, 0.716859, -0.229519)
     Opos=(0.460850, 0.501801, -0.160663)
     Onormal=(0.658357, 0.716859, -0.229519)}

Vertex 1890 0.585780 0.776916 -0.230790
    {normal=(0.585780, 0.776916, -0.230790)
     Opos=(0.410046, 0.543841, -0.161553)
     Onormal=(0.585780, 0.776916, -0.230790)}

Vertex 1891 0.672282 0.682782 -0.286088
    {normal=(0.672282, 0.682782, -0.286088)
     Opos=(0.470597, 0.477947, -0.200261)
     Onormal=(0.672282, 0.682782, -0.286088)}

Vertex 1892 0.622976 0.732304 -0.275012
    {normal=(0.622976, 0.732304, -0.275012)
     Opos=(0.436083, 0.512613, -0.192509)
     Onormal=(0.622976, 0.732304, -0.275012)}

Vertex 1893 0.597384 0.718231 -0.356759
    {normal=(0.597384, 0.718231, -0.356759)
     Opos=(0.418169, 0.502761, -0.249731)
     Onormal=(0.597384, 0.718231, -0.356759)}

Vertex 1894 0.513761 0.825554 -0.233475
    {normal=(0.513761, 0.825554, -0.233475)
     Opos=(0.359632, 0.577888, -0.163433)
     Onormal=(0.513761, 0.825554, -0.233475)}

Vertex 1895 0.538649 0.755316 -0.373304
    {normal=(0.538649, 0.755316, -0.373304)
     Opos=(0.377054, 0.528721, -0.261313)
     Onormal=(0.538649, 0.755316, -0.373304)}

Vertex 1896 0.476307 0.793583 -0.378625
    {normal=(0.476307, 0.793583, -0.378625)
     Opos=(0.333415, 0.555508, -0.265038)
     Onormal=(0.476307, 0.793583, -0.378625)}

Vertex 1897 0.479458 0.754745 -0.447750
    {normal=(0.479458, 0.754745, -0.447750)
     Opos=(0.335621, 0.528321, -0.313425)
     Onormal=(0.479458, 0.754745, -0.447750)}

Vertex 1898 0.326763 0.934629 -0.140335
    {normal=(0.326763, 0.934629, -0.140335)
     Opos=(0.228734, 0.654241, -0.098235)
     Onormal=(0.326763, 0.934629, -0.140335)}

Vertex 1899 0.183792 0.884720 -0.428358
    {normal=(0.183792, 0.884720, -0.428358)
     Opos=(0.128654, 0.619304, -0.299851)
     Onormal=(0.183792, 0.884720, -0.428358)}

Vertex 1900 0.167413 0.930303 -0.326356
    {normal=(0.167413, 0.930303, -0.326356)
     Opos=(0.117189, 0.651212, -0.228449)
     Onormal=(0.167413, 0.930303, -0.326356)}

Vertex 1901 0.509586 0.836525 0.201364
    {normal=(0.509586, 0.836525, 0.201364)
     Opos=(0.356710, 0.585568, 0.140955)
     Onormal=(0.509586, 0.836525, 0.201364)}

Vertex 1902 0.474079 0.877722 0.069668
    {normal=(0.474079, 0.877722, 0.069668)
     Opos=(0.331855, 0.614405, 0.048768)
     Onormal=(0.474079, 0.877722, 0.069668)}

Vertex 1903 0.506414 0.853935 0.119749
    {normal=(0.506414, 0.853935, 0.119749)
     Opos=(0.354490, 0.597755, 0.083824)
     Onormal=(0.506414, 0.853935, 0.119749)}

Vertex 1904 0.476247 0.873003 0.105140
    {normal=(0.476247, 0.873003, 0.105140)
     Opos=(0.333373, 0.611102, 0.073598)
     Onormal=(0.476247, 0.873003, 0.105140)}

Vertex 1905 0.442911 0.875467 0.193356
    {normal=(0.442911, 0.875467, 0.193356)
     Opos=(0.310038, 0.612827, 0.135349)
     Onormal=(0.442911, 0.875467, 0.193356)}

Vertex 1906 0.410010 0.911769 0.023838
    {normal=(0.410010, 0.911769, 0.023838)
     Opos=(0.287007, 0.638238, 0.016687)
     Onormal=(0.410010, 0.911769, 0.023838)}

Vertex 1907 0.431301 0.899252 0.072975
    {normal=(0.431301, 0.899252, 0.072975)
     Opos=(0.301911, 0.629476, 0.051082)
     Onormal=(0.431301, 0.899252, 0.072975)}

Vertex 1908 0.384175 0.923026 -0.020814
    {normal=(0.384175, 0.923026, -0.020814)
     Opos=(0.268923, 0.646118, -0.014570)
     Onormal=(0.384175, 0.923026, -0.020814)}

Vertex 1909 0.349858 0.932212 -0.092633
    {normal=(0.349858, 0.932212, -0.092633)
     Opos=(0.244901, 0.652548, -0.064843)
     Onormal=(0.349858, 0.932212, -0.092633)}

Vertex 1910 0.377149 0.924350 -0.057759
    {normal=(0.377149, 0.924350, -0.057759)
     Opos=(0.264004, 0.647045, -0.040431)
     Onormal=(0.377149, 0.924350, -0.057759)}

Vertex 1911 0.331874 0.942604 0.036854
    {normal=(0.331874, 0.942604, 0.036854)
     Opos=(0.232312, 0.659823, 0.025798)
     Onormal=(0.331874, 0.942604, 0.036854)}

Vertex 1912 0.411854 0.883922 0.221491
    {normal=(0.411854, 0.883922, 0.221491)
     Opos=(0.288298, 0.618745, 0.155043)
     Onormal=(0.411854, 0.883922, 0.221491)}

Vertex 1913 0.381494 0.907878 0.173841
    {normal=(0.381494, 0.907878, 0.173841)
     Opos=(0.267046, 0.635514, 0.121688)
     Onormal=(0.381494, 0.907878, 0.173841)}

Vertex 1914 0.445690 0.889647 0.099440
    {normal=(0.445690, 0.889647, 0.099440)
     Opos=(0.311983, 0.622753, 0.069608)
     Onormal=(0.445690, 0.889647, 0.099440)}

Vertex 1915 0.415125 0.903645 0.105344
    {normal=(0.415125, 0.903645, 0.105344)
     Opos=(0.290588, 0.632551, 0.073741)
     Onormal=(0.415125, 0.903645, 0.105344)}

Vertex 1916 0.383806 0.914601 0.127269
    {normal=(0.383806, 0.914601, 0.127269)
     Opos=(0.268664, 0.640221, 0.089089)
     Onormal=(0.383806, 0.914601, 0.127269)}

Vertex 1917 0.351194 0.929881 0.109473
    {normal=(0.351194, 0.929881, 0.109473)
     Opos=(0.245836, 0.650917, 0.076631)
     Onormal=(0.351194, 0.929881, 0.109473)}

Vertex 1918 0.319319 0.943232 0.091377
    {normal=(0.319319, 0.943232, 0.091377)
     Opos=(0.223523, 0.660262, 0.063964)
     Onormal=(0.319319, 0.943232, 0.091377)}

Vertex 1919 0.285621 0.938799 0.192553
    {normal=(0.285621, 0.938799, 0.192553)
     Opos=(0.199935, 0.657159, 0.134787)
     Onormal=(0.285621, 0.938799, 0.192553)}

Vertex 1920 0.285197 0.949780 -0.128765
    {normal=(0.285197, 0.949780, -0.128765)
     Opos=(0.199638, 0.664846, -0.090136)
     Onormal=(0.285197, 0.949780, -0.128765)}

Vertex 1921 0.226151 0.967852 -0.110083
    {normal=(0.226151, 0.967852, -0.110083)
     Opos=(0.158306, 0.677496, -0.077058)
     Onormal=(0.226151, 0.967852, -0.110083)}

Vertex 1922 0.261366 0.961500 -0.084892
    {normal=(0.261366, 0.961500, -0.084892)
     Opos=(0.182956, 0.673050, -0.059425)
     Onormal=(0.261366, 0.961500, -0.084892)}

Vertex 1923 0.062413 0.950118 -0.305582
    {normal=(0.062413, 0.950118, -0.305582)
     Opos=(0.043689, 0.665083, -0.213907)
     Onormal=(0.062413, 0.950118, -0.305582)}

Vertex 1924 -0.013845 0.952338 -0.304729
    {normal=(-0.013845, 0.952338, -0.304729)
     Opos=(-0.009692, 0.666637, -0.213310)
     Onormal=(-0.013845, 0.952338, -0.304729)}

Vertex 1925 0.123060 0.983978 -0.129013
    {normal=(0.123060, 0.983978, -0.129013)
     Opos=(0.086142, 0.688784, -0.090309)
     Onormal=(0.123060, 0.983978, -0.129013)}

Vertex 1926 0.072632 0.996165 -0.048780
    {normal=(0.072632, 0.996165, -0.048780)
     Opos=(0.050842, 0.697316, -0.034146)
     Onormal=(0.072632, 0.996165, -0.048780)}

Vertex 1927 0.036101 0.999284 -0.011315
    {normal=(0.036101, 0.999284, -0.011315)
     Opos=(0.025271, 0.699499, -0.007920)
     Onormal=(0.036101, 0.999284, -0.011315)}

Vertex 1928 0.223212 0.951828 0.210237
    {normal=(0.223212, 0.951828, 0.210237)
     Opos=(0.156248, 0.666280, 0.147166)
     Onormal=(0.223212, 0.951828, 0.210237)}

Vertex 1929 0.251552 0.952218 0.173212
    {normal=(0.251552, 0.952218, 0.173212)
     Opos=(0.176086, 0.666553, 0.121249)
     Onormal=(0.251552, 0.952218, 0.173212)}

Vertex 1930 0.224983 0.961837 0.155729
    {normal=(0.224983, 0.961837, 0.155729)
     Opos=(0.157488, 0.673286, 0.109011)
     Onormal=(0.224983, 0.961837, 0.155729)}

Vertex 1931 0.145411 0.973893 0.174324
    {normal=(0.145411, 0.973893, 0.174324)
     Opos=(0.101788, 0.681725, 0.122027)
     Onormal=(0.145411, 0.973893, 0.174324)}

Vertex 1932 0.294488 0.955252 0.027762
    {normal=(0.294488, 0.955252, 0.027762)
     Opos=(0.206142, 0.668676, 0.019433)
     Onormal=(0.294488, 0.955252, 0.027762)}

Vertex 1933 0.311377 0.947662 -0.070576
    {normal=(0.311377, 0.947662, -0.070576)
     Opos=(0.217964, 0.663364, -0.049404)
     Onormal=(0.311377, 0.947662, -0.070576)}

Vertex 1934 0.201773 0.979359 0.011958
    {normal=(0.201773, 0.979359, 0.011958)
     Opos=(0.141241, 0.685551, 0.008370)
     Onormal=(0.201773, 0.979359, 0.011958)}

Vertex 1935 0.247657 0.968846 -0.001906
    {normal=(0.247657, 0.968846, -0.001906)
     Opos=(0.173360, 0.678192, -0.001334)
     Onormal=(0.247657, 0.968846, -0.001906)}

Vertex 1936 0.224305 0.973751 -0.038682
    {normal=(0.224305, 0.973751, -0.038682)
     Opos=(0.157013, 0.681626, -0.027077)
     Onormal=(0.224305, 0.973751, -0.038682)}

Vertex 1937 0.158701 0.984781 0.070851
    {normal=(0.158701, 0.984781, 0.070851)
     Opos=(0.111091, 0.689347, 0.049596)
     Onormal=(0.158701, 0.984781, 0.070851)}

Vertex 1938 0.179151 0.976682 0.118307
    {normal=(0.179151, 0.976682, 0.118307)
     Opos=(0.125406, 0.683678, 0.082815)
     Onormal=(0.179151, 0.976682, 0.118307)}

Vertex 1939 0.206569 0.976785 0.056753
    {normal=(0.206569, 0.976785, 0.056753)
     Opos=(0.144598, 0.683749, 0.039727)
     Onormal=(0.206569, 0.976785, 0.056753)}

Vertex 1940 0.089573 0.986776 0.135089
    {normal=(0.089573, 0.986776, 0.135089)
     Opos=(0.062701, 0.690744, 0.094562)
     Onormal=(0.089573, 0.986776, 0.135089)}

Vertex 1941 0.127486 0.983798 0.126048
    {normal=(0.127486, 0.983798, 0.126048)
     Opos=(0.089240, 0.688659, 0.088233)
     Onormal=(0.127486, 0.983798, 0.126048)}

Vertex 1942 0.192714 0.948958 0.249679
    {normal=(0.192714, 0.948958, 0.249679)
     Opos=(0.134900, 0.664271, 0.174776)
     Onormal=(0.192714, 0.948958, 0.249679)}

Vertex 1943 0.091367 0.959447 0.266669
    {normal=(0.091367, 0.959447, 0.266669)
     Opos=(0.063957, 0.671613, 0.186669)
     Onormal=(0.091367, 0.959447, 0.266669)}

Vertex 1944 -0.882804 0.304745 0.357475
    {normal=(-0.882804, 0.304745, 0.357475)
     Opos=(-0.617962, 0.213322, 0.250232)
     Onormal=(-0.882804, 0.304745, 0.357475)}

Vertex 1945 -0.915690 0.322610 0.239655
    {normal=(-0.915690, 0.322610, 0.239655)
     Opos=(-0.640983, 0.225827, 0.167758)
     Onormal=(-0.915690, 0.322610, 0.239655)}

Vertex 1946 -0.794363 0.225676 0.563966
    {normal=(-0.794363, 0.225676, 0.563966)
     Opos=(-0.556054, 0.157973, 0.394776)
     Onormal=(-0.794363, 0.225676, 0.563966)}

Vertex 1947 -0.665004 0.174940 0.726062
    {normal=(-0.665004, 0.174940, 0.726062)
     Opos=(-0.465503, 0.122458, 0.508243)
     Onormal=(-0.665004, 0.174940, 0.726062)}

Vertex 1948 -0.711459 0.398653 0.578707
    {normal=(-0.711459, 0.398653, 0.578707)
     Opos=(-0.498022, 0.279057, 0.405095)
     Onormal=(-0.711459, 0.398653, 0.578707)}

Vertex 1949 -0.737944 0.451592 0.501502
    {normal=(-0.737944, 0.451592, 0.501502)
     Opos=(-0.516561, 0.316114, 0.351051)
     Onormal=(-0.737944, 0.451592, 0.501502)}

Vertex 1950 -0.856058 0.486305 0.175135
    {normal=(-0.856058, 0.486305, 0.175135)
     Opos=(-0.599241, 0.340413, 0.122594)
     Onormal=(-0.856058, 0.486305, 0.175135)}

Vertex 1951 -0.859537 0.448786 0.244513
    {normal=(-0.859537, 0.448786, 0.244513)
     Opos=(-0.601676, 0.314150, 0.171159)
     Onormal=(-0.859537, 0.448786, 0.244513)}

Vertex 1952 -0.808831 0.467186 0.357112
    {normal=(-0.808831, 0.467186, 0.357112)
     Opos=(-0.566182, 0.327030, 0.249979)
     Onormal=(-0.808831, 0.467186, 0.357112)}

Vertex 1953 -0.869724 0.397181 0.292964
    {normal=(-0.869724, 0.397181, 0.292964)
     Opos=(-0.608807, 0.278027, 0.205075)
     Onormal=(-0.869724, 0.397181, 0.292964)}

Vertex 1954 -0.798385 0.450938 0.399045
    {normal=(-0.798385, 0.450938, 0.399045)
     Opos=(-0.558869, 0.315657, 0.279331)
     Onormal=(-0.798385, 0.450938, 0.399045)}

Vertex 1955 -0.757298 0.481116 0.441619
    {normal=(-0.757298, 0.481116, 0.441619)
     Opos=(-0.530108, 0.336781, 0.309134)
     Onormal=(-0.757298, 0.481116, 0.441619)}

Vertex 1956 -0.682444 0.559945 0.469822
    {normal=(-0.682444, 0.559945, 0.469822)
     Opos=(-0.477711, 0.391961, 0.328875)
     Onormal=(-0.682444, 0.559945, 0.469822)}

Vertex 1957 -0.718216 0.561920 0.410380
    {normal=(-0.718216, 0.561920, 0.410380)
     Opos=(-0.502751, 0.393344, 0.287266)
     Onormal=(-0.718216, 0.561920, 0.410380)}

Vertex 1958 -0.711204 0.631463 0.308940
    {normal=(-0.711204, 0.631463, 0.308940)
     Opos=(-0.497843, 0.442024, 0.216258)
     Onormal=(-0.711204, 0.631463, 0.308940)}

Vertex 1959 -0.728239 0.658917 0.188407
    {normal=(-0.728239, 0.658917, 0.188407)
     Opos=(-0.509767, 0.461242, 0.131885)
     Onormal=(-0.728239, 0.658917, 0.188407)}

Vertex 1960 -0.674172 0.689814 0.263910
    {normal=(-0.674172, 0.689814, 0.263910)
     Opos=(-0.471921, 0.482870, 0.184737)
     Onormal=(-0.674172, 0.689814, 0.263910)}

Vertex 1961 -0.606907 0.756266 0.244390
    {normal=(-0.606907, 0.756266, 0.244390)
     Opos=(-0.424835, 0.529386, 0.171073)
     Onormal=(-0.606907, 0.756266, 0.244390)}

Vertex 1962 -0.388577 0.276797 0.878858
    {normal=(-0.388577, 0.276797, 0.878858)
     Opos=(-0.272004, 0.193758, 0.615201)
     Onormal=(-0.388577, 0.276797, 0.878858)}

Vertex 1963 -0.325831 0.205538 0.922815
    {normal=(-0.325831, 0.205538, 0.922815)
     Opos=(-0.228082, 0.143877, 0.645971)
     Onormal=(-0.325831, 0.205538, 0.922815)}

Vertex 1964 -0.294118 0.273821 0.915705
    {normal=(-0.294118, 0.273821, 0.915705)
     Opos=(-0.205883, 0.191675, 0.640994)
     Onormal=(-0.294118, 0.273821, 0.915705)}

Vertex 1965 -0.454623 0.294514 0.840583
    {normal=(-0.454623, 0.294514, 0.840583)
     Opos=(-0.318236, 0.206160, 0.588408)
     Onormal=(-0.454623, 0.294514, 0.840583)}

Vertex 1966 -0.393519 0.355141 0.847949
    {normal=(-0.393519, 0.355141, 0.847949)
     Opos=(-0.275463, 0.248599, 0.593564)
     Onormal=(-0.393519, 0.355141, 0.847949)}

Vertex 1967 -0.482769 0.432511 0.761491
    {normal=(-0.482769, 0.432511, 0.761491)
     Opos=(-0.337938, 0.302758, 0.533044)
     Onormal=(-0.482769, 0.432511, 0.761491)}

Vertex 1968 -0.434500 0.417778 0.797917
    {normal=(-0.434500, 0.417778, 0.797917)
     Opos=(-0.304150, 0.292444, 0.558542)
     Onormal=(-0.434500, 0.417778, 0.797917)}

Vertex 1969 -0.297511 0.431316 0.851736
    {normal=(-0.297511, 0.431316, 0.851736)
     Opos=(-0.208258, 0.301921, 0.596215)
     Onormal=(-0.297511, 0.431316, 0.851736)}

Vertex 1970 -0.148805 0.253528 0.955814
    {normal=(-0.148805, 0.253528, 0.955814)
     Opos=(-0.104164, 0.177469, 0.669070)
     Onormal=(-0.148805, 0.253528, 0.955814)}

Vertex 1971 -0.155034 0.349212 0.924129
    {normal=(-0.155034, 0.349212, 0.924129)
     Opos=(-0.108524, 0.244449, 0.646891)
     Onormal=(-0.155034, 0.349212, 0.924129)}

Vertex 1972 -0.132473 0.423619 0.896102
    {normal=(-0.132473, 0.423619, 0.896102)
     Opos=(-0.092731, 0.296533, 0.627271)
     Onormal=(-0.132473, 0.423619, 0.896102)}

Vertex 1973 -0.189483 0.586920 0.787160
    {normal=(-0.189483, 0.586920, 0.787160)
     Opos=(-0.132638, 0.410844, 0.551012)
     Onormal=(-0.189483, 0.586920, 0.787160)}

Vertex 1974 -0.123187 0.558699 0.820171
    {normal=(-0.123187, 0.558699, 0.820171)
     Opos=(-0.086231, 0.391089, 0.574120)
     Onormal=(-0.123187, 0.558699, 0.820171)}

Vertex 1975 -0.130657 0.638601 0.758365
    {normal=(-0.130657, 0.638601, 0.758365)
     Opos=(-0.091460, 0.447021, 0.530856)
     Onormal=(-0.130657, 0.638601, 0.758365)}

Vertex 1976 -0.045014 0.539633 0.840696
    {normal=(-0.045014, 0.539633, 0.840696)
     Opos=(-0.031510, 0.377743, 0.588487)
     Onormal=(-0.045014, 0.539633, 0.840696)}

Vertex 1977 -0.079960 0.697295 0.712310
    {normal=(-0.079960, 0.697295, 0.712310)
     Opos=(-0.055972, 0.488107, 0.498617)
     Onormal=(-0.079960, 0.697295, 0.712310)}

Vertex 1978 -0.635687 0.720277 0.277674
    {normal=(-0.635687, 0.720277, 0.277674)
     Opos=(-0.444981, 0.504194, 0.194372)
     Onormal=(-0.635687, 0.720277, 0.277674)}

Vertex 1979 -0.632448 0.644234 0.430084
    {normal=(-0.632448, 0.644234, 0.430084)
     Opos=(-0.442714, 0.450964, 0.301059)
     Onormal=(-0.632448, 0.644234, 0.430084)}

Vertex 1980 -0.668511 0.612538 0.421770
    {normal=(-0.668511, 0.612538, 0.421770)
     Opos=(-0.467958, 0.428776, 0.295239)
     Onormal=(-0.668511, 0.612538, 0.421770)}

Vertex 1981 -0.621071 0.686975 0.377275
    {normal=(-0.621071, 0.686975, 0.377275)
     Opos=(-0.434750, 0.480882, 0.264092)
     Onormal=(-0.621071, 0.686975, 0.377275)}

Vertex 1982 -0.536421 0.708400 0.458718
    {normal=(-0.536421, 0.708400, 0.458718)
     Opos=(-0.375495, 0.495880, 0.321102)
     Onormal=(-0.536421, 0.708400, 0.458718)}

Vertex 1983 -0.506216 0.692665 0.513771
    {normal=(-0.506216, 0.692665, 0.513771)
     Opos=(-0.354351, 0.484865, 0.359640)
     Onormal=(-0.506216, 0.692665, 0.513771)}

Vertex 1984 -0.409265 0.726906 0.551462
    {normal=(-0.409265, 0.726906, 0.551462)
     Opos=(-0.286485, 0.508834, 0.386023)
     Onormal=(-0.409265, 0.726906, 0.551462)}

Vertex 1985 -0.668455 0.438113 0.601020
    {normal=(-0.668455, 0.438113, 0.601020)
     Opos=(-0.467919, 0.306679, 0.420714)
     Onormal=(-0.668455, 0.438113, 0.601020)}

Vertex 1986 -0.620071 0.505966 0.599592
    {normal=(-0.620071, 0.505966, 0.599592)
     Opos=(-0.434050, 0.354176, 0.419714)
     Onormal=(-0.620071, 0.505966, 0.599592)}

Vertex 1987 -0.690515 0.256010 0.676496
    {normal=(-0.690515, 0.256010, 0.676496)
     Opos=(-0.483361, 0.179207, 0.473548)
     Onormal=(-0.690515, 0.256010, 0.676496)}

Vertex 1988 -0.569447 0.443730 0.691978
    {normal=(-0.569447, 0.443730, 0.691978)
     Opos=(-0.398613, 0.310611, 0.484385)
     Onormal=(-0.569447, 0.443730, 0.691978)}

Vertex 1989 -0.425919 0.495664 0.756908
    {normal=(-0.425919, 0.495664, 0.756908)
     Opos=(-0.298144, 0.346965, 0.529836)
     Onormal=(-0.425919, 0.495664, 0.756908)}

Vertex 1990 -0.593995 0.611829 0.522336
    {normal=(-0.593995, 0.611829, 0.522336)
     Opos=(-0.415797, 0.428280, 0.365635)
     Onormal=(-0.593995, 0.611829, 0.522336)}

Vertex 1991 -0.544241 0.647818 0.533043
    {normal=(-0.544241, 0.647818, 0.533043)
     Opos=(-0.380968, 0.453472, 0.373130)
     Onormal=(-0.544241, 0.647818, 0.533043)}

Vertex 1992 -0.502842 0.603157 0.619154
    {normal=(-0.502842, 0.603157, 0.619154)
     Opos=(-0.351989, 0.422210, 0.433408)
     Onormal=(-0.502842, 0.603157, 0.619154)}

Vertex 1993 -0.539068 0.542673 0.644137
    {normal=(-0.539068, 0.542673, 0.644137)
     Opos=(-0.377347, 0.379871, 0.450896)
     Onormal=(-0.539068, 0.542673, 0.644137)}

Vertex 1994 -0.416124 0.570966 0.707699
    {normal=(-0.416124, 0.570966, 0.707699)
     Opos=(-0.291287, 0.399677, 0.495389)
     Onormal=(-0.416124, 0.570966, 0.707699)}

Vertex 1995 -0.318544 0.544990 0.775574
    {normal=(-0.318544, 0.544990, 0.775574)
     Opos=(-0.222981, 0.381493, 0.542902)
     Onormal=(-0.318544, 0.544990, 0.775574)}

Vertex 1996 -0.297662 0.623587 0.722867
    {normal=(-0.297662, 0.623587, 0.722867)
     Opos=(-0.208364, 0.436511, 0.506007)
     Onormal=(-0.297662, 0.623587, 0.722867)}

Vertex 1997 -0.201806 0.635277 0.745451
    {normal=(-0.201806, 0.635277, 0.745451)
     Opos=(-0.141264, 0.444694, 0.521816)
     Onormal=(-0.201806, 0.635277, 0.745451)}

Vertex 1998 -0.286576 0.701731 0.652264
    {normal=(-0.286576, 0.701731, 0.652264)
     Opos=(-0.200603, 0.491211, 0.456585)
     Onormal=(-0.286576, 0.701731, 0.652264)}

Vertex 1999 -0.243156 0.675222 0.696384
    {normal=(-0.243156, 0.675222, 0.696384)
     Opos=(-0.170209, 0.472656, 0.487469)
     Onormal=(-0.243156, 0.675222, 0.696384)}

Vertex 2000 -0.145719 0.732778 0.664682
    {normal=(-0.145719, 0.732778, 0.664682)
     Opos=(-0.102003, 0.512944, 0.465278)
     Onormal=(-0.145719, 0.732778, 0.664682)}

Vertex 2001 -0.564416 0.789386 0.241461
    {normal=(-0.564416, 0.789386, 0.241461)
     Opos=(-0.395091, 0.552570, 0.169023)
     Onormal=(-0.564416, 0.789386, 0.241461)}

Vertex 2002 -0.513009 0.819668 0.254883
    {normal=(-0.513009, 0.819668, 0.254883)
     Opos=(-0.359107, 0.573768, 0.178418)
     Onormal=(-0.513009, 0.819668, 0.254883)}

Vertex 2003 -0.479664 0.769963 0.420809
    {normal=(-0.479664, 0.769963, 0.420809)
     Opos=(-0.335765, 0.538974, 0.294566)
     Onormal=(-0.479664, 0.769963, 0.420809)}

Vertex 2004 -0.387682 0.803624 0.451543
    {normal=(-0.387682, 0.803624, 0.451543)
     Opos=(-0.271378, 0.562537, 0.316080)
     Onormal=(-0.387682, 0.803624, 0.451543)}

Vertex 2005 -0.407844 0.861960 0.301145
    {normal=(-0.407844, 0.861960, 0.301145)
     Opos=(-0.285491, 0.603372, 0.210802)
     Onormal=(-0.407844, 0.861960, 0.301145)}

Vertex 2006 -0.368923 0.872076 0.321527
    {normal=(-0.368923, 0.872076, 0.321527)
     Opos=(-0.258246, 0.610453, 0.225069)
     Onormal=(-0.368923, 0.872076, 0.321527)}

Vertex 2007 -0.417267 0.875381 0.244122
    {normal=(-0.417267, 0.875381, 0.244122)
     Opos=(-0.292087, 0.612767, 0.170886)
     Onormal=(-0.417267, 0.875381, 0.244122)}

Vertex 2008 -0.362933 0.851078 0.379402
    {normal=(-0.362933, 0.851078, 0.379402)
     Opos=(-0.254053, 0.595755, 0.265582)
     Onormal=(-0.362933, 0.851078, 0.379402)}

Vertex 2009 -0.324022 0.877717 0.353020
    {normal=(-0.324022, 0.877717, 0.353020)
     Opos=(-0.226815, 0.614402, 0.247114)
     Onormal=(-0.324022, 0.877717, 0.353020)}

Vertex 2010 -0.125095 0.775119 0.619307
    {normal=(-0.125095, 0.775119, 0.619307)
     Opos=(-0.087567, 0.542583, 0.433515)
     Onormal=(-0.125095, 0.775119, 0.619307)}

Vertex 2011 -0.077025 0.749788 0.657180
    {normal=(-0.077025, 0.749788, 0.657180)
     Opos=(-0.053918, 0.524851, 0.460026)
     Onormal=(-0.077025, 0.749788, 0.657180)}

Vertex 2012 -0.276404 0.899087 0.339474
    {normal=(-0.276404, 0.899087, 0.339474)
     Opos=(-0.193483, 0.629361, 0.237632)
     Onormal=(-0.276404, 0.899087, 0.339474)}

Vertex 2013 -0.315305 0.838438 0.444527
    {normal=(-0.315305, 0.838438, 0.444527)
     Opos=(-0.220714, 0.586907, 0.311169)
     Onormal=(-0.315305, 0.838438, 0.444527)}

Vertex 2014 -0.288105 0.824287 0.487387
    {normal=(-0.288105, 0.824287, 0.487387)
     Opos=(-0.201673, 0.577001, 0.341171)
     Onormal=(-0.288105, 0.824287, 0.487387)}

Vertex 2015 -0.158871 0.924849 0.345563
    {normal=(-0.158871, 0.924849, 0.345563)
     Opos=(-0.111210, 0.647394, 0.241894)
     Onormal=(-0.158871, 0.924849, 0.345563)}

Vertex 2016 -0.046537 0.942979 0.329584
    {normal=(-0.046537, 0.942979, 0.329584)
     Opos=(-0.032576, 0.660085, 0.230709)
     Onormal=(-0.046537, 0.942979, 0.329584)}

Vertex 2017 -0.948444 0.126575 0.290575
    {normal=(-0.948444, 0.126575, 0.290575)
     Opos=(-0.663911, 0.088602, 0.203402)
     Onormal=(-0.948444, 0.126575, 0.290575)}

Vertex 2018 -0.970735 -0.125193 0.204941
    {normal=(-0.970735, -0.125193, 0.204941)
     Opos=(-0.679514, -0.087635, 0.143459)
     Onormal=(-0.970735, -0.125193, 0.204941)}

Vertex 2019 -0.951622 -0.128721 0.279009
    {normal=(-0.951622, -0.128721, 0.279009)
     Opos=(-0.666136, -0.090105, 0.195306)
     Onormal=(-0.951622, -0.128721, 0.279009)}

Vertex 2020 -0.857625 -0.479278 0.186474
    {normal=(-0.857625, -0.479278, 0.186474)
     Opos=(-0.600337, -0.335495, 0.130532)
     Onormal=(-0.857625, -0.479278, 0.186474)}

Vertex 2021 -0.910991 -0.345546 0.225151
    {normal=(-0.910991, -0.345546, 0.225151)
     Opos=(-0.637694, -0.241882, 0.157606)
     Onormal=(-0.910991, -0.345546, 0.225151)}

Vertex 2022 -0.877607 -0.387786 0.281829
    {normal=(-0.877607, -0.387786, 0.281829)
     Opos=(-0.614325, -0.271450, 0.197280)
     Onormal=(-0.877607, -0.387786, 0.281829)}

Vertex 2023 -0.869607 -0.359170 0.338794
    {normal=(-0.869607, -0.359170, 0.338794)
     Opos=(-0.608725, -0.251419, 0.237156)
     Onormal=(-0.869607, -0.359170, 0.338794)}

Vertex 2024 -0.943633 -0.275071 0.184101
    {normal=(-0.943633, -0.275071, 0.184101)
     Opos=(-0.660543, -0.192550, 0.128871)
     Onormal=(-0.943633, -0.275071, 0.184101)}

Vertex 2025 -0.928774 -0.272724 0.250998
    {normal=(-0.928774, -0.272724, 0.250998)
     Opos=(-0.650142, -0.190906, 0.175699)
     Onormal=(-0.928774, -0.272724, 0.250998)}

Vertex 2026 -0.881569 -0.286980 0.374806
    {normal=(-0.881569, -0.286980, 0.374806)
     Opos=(-0.617098, -0.200886, 0.262364)
     Onormal=(-0.881569, -0.286980, 0.374806)}

Vertex 2027 -0.910599 -0.246716 0.331572
    {normal=(-0.910599, -0.246716, 0.331572)
     Opos=(-0.637420, -0.172701, 0.232101)
     Onormal=(-0.910599, -0.246716, 0.331572)}

Vertex 2028 -0.886687 -0.219222 0.407097
    {normal=(-0.886687, -0.219222, 0.407097)
     Opos=(-0.620681, -0.153456, 0.284968)
     Onormal=(-0.886687, -0.219222, 0.407097)}

Vertex 2029 -0.909452 0.095630 0.404663
    {normal=(-0.909452, 0.095630, 0.404663)
     Opos=(-0.636616, 0.066941, 0.283264)
     Onormal=(-0.909452, 0.095630, 0.404663)}

Vertex 2030 -0.968486 -0.064534 0.240563
    {normal=(-0.968486, -0.064534, 0.240563)
     Opos=(-0.677940, -0.045174, 0.168394)
     Onormal=(-0.968486, -0.064534, 0.240563)}

Vertex 2031 -0.945197 0.064031 0.320161
    {normal=(-0.945197, 0.064031, 0.320161)
     Opos=(-0.661638, 0.044822, 0.224112)
     Onormal=(-0.945197, 0.064031, 0.320161)}

Vertex 2032 -0.939560 -0.001290 0.342382
    {normal=(-0.939560, -0.001290, 0.342382)
     Opos=(-0.657692, -0.000903, 0.239667)
     Onormal=(-0.939560, -0.001290, 0.342382)}

Vertex 2033 -0.904690 -0.122314 0.408136
    {normal=(-0.904690, -0.122314, 0.408136)
     Opos=(-0.633283, -0.085620, 0.285695)
     Onormal=(-0.904690, -0.122314, 0.408136)}

Vertex 2034 -0.847639 -0.151326 0.508535
    {normal=(-0.847639, -0.151326, 0.508535)
     Opos=(-0.593348, -0.105928, 0.355975)
     Onormal=(-0.847639, -0.151326, 0.508535)}

Vertex 2035 -0.803278 -0.130025 0.581238
    {normal=(-0.803278, -0.130025, 0.581238)
     Opos=(-0.562295, -0.091017, 0.406867)
     Onormal=(-0.803278, -0.130025, 0.581238)}

Vertex 2036 -0.818075 0.083198 0.569061
    {normal=(-0.818075, 0.083198, 0.569061)
     Opos=(-0.572653, 0.058238, 0.398343)
     Onormal=(-0.818075, 0.083198, 0.569061)}

Vertex 2037 -0.773361 0.043303 0.632485
    {normal=(-0.773361, 0.043303, 0.632485)
     Opos=(-0.541353, 0.030312, 0.442740)
     Onormal=(-0.773361, 0.043303, 0.632485)}

Vertex 2038 -0.852582 -0.509032 0.118282
    {normal=(-0.852582, -0.509032, 0.118282)
     Opos=(-0.596807, -0.356322, 0.082797)
     Onormal=(-0.852582, -0.509032, 0.118282)}

Vertex 2039 -0.760019 -0.634133 0.142291
    {normal=(-0.760019, -0.634133, 0.142291)
     Opos=(-0.532013, -0.443893, 0.099603)
     Onormal=(-0.760019, -0.634133, 0.142291)}

Vertex 2040 -0.803239 -0.573570 0.160703
    {normal=(-0.803239, -0.573570, 0.160703)
     Opos=(-0.562267, -0.401499, 0.112492)
     Onormal=(-0.803239, -0.573570, 0.160703)}

Vertex 2041 -0.743900 -0.630659 0.221094
    {normal=(-0.743900, -0.630659, 0.221094)
     Opos=(-0.520730, -0.441461, 0.154766)
     Onormal=(-0.743900, -0.630659, 0.221094)}

Vertex 2042 -0.772094 -0.576519 0.267387
    {normal=(-0.772094, -0.576519, 0.267387)
     Opos=(-0.540466, -0.403564, 0.187171)
     Onormal=(-0.772094, -0.576519, 0.267387)}

Vertex 2043 -0.514383 -0.830677 0.213039
    {normal=(-0.514383, -0.830677, 0.213039)
     Opos=(-0.360068, -0.581474, 0.149127)
     Onormal=(-0.514383, -0.830677, 0.213039)}

Vertex 2044 -0.471480 -0.872648 0.127252
    {normal=(-0.471480, -0.872648, 0.127252)
     Opos=(-0.330036, -0.610853, 0.089076)
     Onormal=(-0.471480, -0.872648, 0.127252)}

Vertex 2045 -0.438501 -0.879828 0.183356
    {normal=(-0.438501, -0.879828, 0.183356)
     Opos=(-0.306951, -0.615880, 0.128349)
     Onormal=(-0.438501, -0.879828, 0.183356)}

Vertex 2046 -0.518222 -0.813409 0.264218
    {normal=(-0.518222, -0.813409, 0.264218)
     Opos=(-0.362756, -0.569387, 0.184952)
     Onormal=(-0.518222, -0.813409, 0.264218)}

Vertex 2047 -0.447887 -0.860077 0.244264
    {normal=(-0.447887, -0.860077, 0.244264)
     Opos=(-0.313521, -0.602054, 0.170985)
     Onormal=(-0.447887, -0.860077, 0.244264)}

Vertex 2048 -0.603943 -0.773127 0.193720
    {normal=(-0.603943, -0.773127, 0.193720)
     Opos=(-0.422760, -0.541189, 0.135604)
     Onormal=(-0.603943, -0.773127, 0.193720)}

Vertex 2049 -0.619239 -0.747133 0.241526
    {normal=(-0.619239, -0.747133, 0.241526)
     Opos=(-0.433467, -0.522993, 0.169068)
     Onormal=(-0.619239, -0.747133, 0.241526)}

Vertex 2050 -0.587388 -0.742520 0.321931
    {normal=(-0.587388, -0.742520, 0.321931)
     Opos=(-0.411172, -0.519764, 0.225351)
     Onormal=(-0.587388, -0.742520, 0.321931)}

Vertex 2051 -0.646759 -0.710456 0.277407
    {normal=(-0.646759, -0.710456, 0.277407)
     Opos=(-0.452731, -0.497319, 0.194185)
     Onormal=(-0.646759, -0.710456, 0.277407)}

Vertex 2052 -0.531505 -0.741047 0.410307
    {normal=(-0.531505, -0.741047, 0.410307)
     Opos=(-0.372054, -0.518733, 0.287215)
     Onormal=(-0.531505, -0.741047, 0.410307)}

Vertex 2053 -0.616090 -0.678859 0.399480
    {normal=(-0.616090, -0.678859, 0.399480)
     Opos=(-0.431263, -0.475201, 0.279636)
     Onormal=(-0.616090, -0.678859, 0.399480)}

Vertex 2054 -0.328442 -0.925388 0.189166
    {normal=(-0.328442, -0.925388, 0.189166)
     Opos=(-0.229909, -0.647771, 0.132416)
     Onormal=(-0.328442, -0.925388, 0.189166)}

Vertex 2055 -0.248438 -0.925392 0.286230
    {normal=(-0.248438, -0.925392, 0.286230)
     Opos=(-0.173906, -0.647775, 0.200361)
     Onormal=(-0.248438, -0.925392, 0.286230)}

Vertex 2056 -0.185245 -0.933533 0.306919
    {normal=(-0.185245, -0.933533, 0.306919)
     Opos=(-0.129672, -0.653473, 0.214843)
     Onormal=(-0.185245, -0.933533, 0.306919)}

Vertex 2057 -0.155649 -0.976588 0.148487
    {normal=(-0.155649, -0.976588, 0.148487)
     Opos=(-0.108955, -0.683612, 0.103941)
     Onormal=(-0.155649, -0.976588, 0.148487)}

Vertex 2058 -0.103063 -0.975621 0.193756
    {normal=(-0.103063, -0.975621, 0.193756)
     Opos=(-0.072144, -0.682935, 0.135629)
     Onormal=(-0.103063, -0.975621, 0.193756)}

Vertex 2059 -0.036022 -0.963488 0.265316
    {normal=(-0.036022, -0.963488, 0.265316)
     Opos=(-0.025215, -0.674442, 0.185721)
     Onormal=(-0.036022, -0.963488, 0.265316)}

Vertex 2060 -0.089857 -0.889003 0.448997
    {normal=(-0.089857, -0.889003, 0.448997)
     Opos=(-0.062900, -0.622302, 0.314298)
     Onormal=(-0.089857, -0.889003, 0.448997)}

Vertex 2061 -0.414480 -0.637127 0.649828
    {normal=(-0.414480, -0.637127, 0.649828)
     Opos=(-0.290136, -0.445989, 0.454880)
     Onormal=(-0.414480, -0.637127, 0.649828)}

Vertex 2062 -0.465239 -0.670820 0.577540
    {normal=(-0.465239, -0.670820, 0.577540)
     Opos=(-0.325667, -0.469574, 0.404278)
     Onormal=(-0.465239, -0.670820, 0.577540)}

Vertex 2063 -0.445995 -0.721047 0.530265
    {normal=(-0.445995, -0.721047, 0.530265)
     Opos=(-0.312196, -0.504733, 0.371185)
     Onormal=(-0.445995, -0.721047, 0.530265)}

Vertex 2064 -0.340140 -0.732189 0.590088
    {normal=(-0.340140, -0.732189, 0.590088)
     Opos=(-0.238098, -0.512532, 0.413062)
     Onormal=(-0.340140, -0.732189, 0.590088)}

Vertex 2065 -0.314671 -0.772615 0.551405
    {normal=(-0.314671, -0.772615, 0.551405)
     Opos=(-0.220270, -0.540831, 0.385984)
     Onormal=(-0.314671, -0.772615, 0.551405)}

Vertex 2066 -0.399651 -0.825799 0.397913
    {normal=(-0.399651, -0.825799, 0.397913)
     Opos=(-0.279755, -0.578060, 0.278539)
     Onormal=(-0.399651, -0.825799, 0.397913)}

Vertex 2067 -0.371516 -0.860502 0.348586
    {normal=(-0.371516, -0.860502, 0.348586)
     Opos=(-0.260061, -0.602351, 0.244010)
     Onormal=(-0.371516, -0.860502, 0.348586)}

Vertex 2068 -0.370332 -0.891301 0.261602
    {normal=(-0.370332, -0.891301, 0.261602)
     Opos=(-0.259233, -0.623911, 0.183122)
     Onormal=(-0.370332, -0.891301, 0.261602)}

Vertex 2069 -0.312117 -0.897296 0.312158
    {normal=(-0.312117, -0.897296, 0.312158)
     Opos=(-0.218482, -0.628107, 0.218511)
     Onormal=(-0.312117, -0.897296, 0.312158)}

Vertex 2070 -0.344162 -0.816420 0.463692
    {normal=(-0.344162, -0.816420, 0.463692)
     Opos=(-0.240913, -0.571494, 0.324584)
     Onormal=(-0.344162, -0.816420, 0.463692)}

Vertex 2071 -0.280373 -0.866829 0.412310
    {normal=(-0.280373, -0.866829, 0.412310)
     Opos=(-0.196261, -0.606780, 0.288617)
     Onormal=(-0.280373, -0.866829, 0.412310)}

Vertex 2072 -0.271587 -0.823608 0.497905
    {normal=(-0.271587, -0.823608, 0.497905)
     Opos=(-0.190111, -0.576526, 0.348534)
     Onormal=(-0.271587, -0.823608, 0.497905)}

Vertex 2073 -0.181668 -0.823395 0.537603
    {normal=(-0.181668, -0.823395, 0.537603)
     Opos=(-0.127168, -0.576377, 0.376322)
     Onormal=(-0.181668, -0.823395, 0.537603)}

Vertex 2074 -0.109914 -0.846692 0.520608
    {normal=(-0.109914, -0.846692, 0.520608)
     Opos=(-0.076940, -0.592684, 0.364425)
     Onormal=(-0.109914, -0.846692, 0.520608)}

Vertex 2075 -0.271102 -0.733678 0.623074
    {normal=(-0.271102, -0.733678, 0.623074)
     Opos=(-0.189771, -0.513575, 0.436151)
     Onormal=(-0.271102, -0.733678, 0.623074)}

Vertex 2076 -0.232657 -0.650898 0.722636
    {normal=(-0.232657, -0.650898, 0.722636)
     Opos=(-0.162860, -0.455628, 0.505845)
     Onormal=(-0.232657, -0.650898, 0.722636)}

Vertex 2077 -0.248388 -0.578220 0.777152
    {normal=(-0.248388, -0.578220, 0.777152)
     Opos=(-0.173871, -0.404754, 0.544006)
     Onormal=(-0.248388, -0.578220, 0.777152)}

Vertex 2078 -0.094135 -0.805484 0.585094
    {normal=(-0.094135, -0.805484, 0.585094)
     Opos=(-0.065895, -0.563839, 0.409566)
     Onormal=(-0.094135, -0.805484, 0.585094)}

Vertex 2079 -0.169754 -0.774283 0.609647
    {normal=(-0.169754, -0.774283, 0.609647)
     Opos=(-0.118828, -0.541998, 0.426753)
     Onormal=(-0.169754, -0.774283, 0.609647)}

Vertex 2080 -0.038639 -0.828871 0.558104
    {normal=(-0.038639, -0.828871, 0.558104)
     Opos=(-0.027047, -0.580209, 0.390673)
     Onormal=(-0.038639, -0.828871, 0.558104)}

Vertex 2081 -0.149317 -0.689582 0.708647
    {normal=(-0.149317, -0.689582, 0.708647)
     Opos=(-0.104522, -0.482708, 0.496053)
     Onormal=(-0.149317, -0.689582, 0.708647)}

Vertex 2082 -0.084263 -0.715416 0.693599
    {normal=(-0.084263, -0.715416, 0.693599)
     Opos=(-0.058984, -0.500791, 0.485519)
     Onormal=(-0.084263, -0.715416, 0.693599)}

Vertex 2083 -0.041735 -0.584684 0.810187
    {normal=(-0.041735, -0.584684, 0.810187)
     Opos=(-0.029215, -0.409279, 0.567131)
     Onormal=(-0.041735, -0.584684, 0.810187)}

Vertex 2084 -0.019539 -0.492559 0.870060
    {normal=(-0.019539, -0.492559, 0.870060)
     Opos=(-0.013677, -0.344791, 0.609042)
     Onormal=(-0.019539, -0.492559, 0.870060)}

Vertex 2085 -0.702794 0.101202 0.704159
    {normal=(-0.702794, 0.101202, 0.704159)
     Opos=(-0.491956, 0.070842, 0.492911)
     Onormal=(-0.702794, 0.101202, 0.704159)}

Vertex 2086 -0.773753 -0.220138 0.594008
    {normal=(-0.773753, -0.220138, 0.594008)
     Opos=(-0.541627, -0.154096, 0.415806)
     Onormal=(-0.773753, -0.220138, 0.594008)}

Vertex 2087 -0.733170 -0.057845 0.677580
    {normal=(-0.733170, -0.057845, 0.677580)
     Opos=(-0.513219, -0.040491, 0.474306)
     Onormal=(-0.733170, -0.057845, 0.677580)}

Vertex 2088 -0.709387 -0.168138 0.684470
    {normal=(-0.709387, -0.168138, 0.684470)
     Opos=(-0.496571, -0.117697, 0.479129)
     Onormal=(-0.709387, -0.168138, 0.684470)}

Vertex 2089 -0.637160 -0.169106 0.751951
    {normal=(-0.637160, -0.169106, 0.751951)
     Opos=(-0.446012, -0.118374, 0.526366)
     Onormal=(-0.637160, -0.169106, 0.751951)}

Vertex 2090 -0.727689 0.030367 0.685234
    {normal=(-0.727689, 0.030367, 0.685234)
     Opos=(-0.509382, 0.021257, 0.479664)
     Onormal=(-0.727689, 0.030367, 0.685234)}

Vertex 2091 -0.684866 -0.009721 0.728604
    {normal=(-0.684866, -0.009721, 0.728604)
     Opos=(-0.479406, -0.006805, 0.510023)
     Onormal=(-0.684866, -0.009721, 0.728604)}

Vertex 2092 -0.650126 -0.102986 0.752815
    {normal=(-0.650126, -0.102986, 0.752815)
     Opos=(-0.455088, -0.072090, 0.526970)
     Onormal=(-0.650126, -0.102986, 0.752815)}

Vertex 2093 -0.605649 0.045441 0.794434
    {normal=(-0.605649, 0.045441, 0.794434)
     Opos=(-0.423954, 0.031809, 0.556104)
     Onormal=(-0.605649, 0.045441, 0.794434)}

Vertex 2094 -0.580433 -0.021584 0.814022
    {normal=(-0.580433, -0.021584, 0.814022)
     Opos=(-0.406303, -0.015109, 0.569815)
     Onormal=(-0.580433, -0.021584, 0.814022)}

Vertex 2095 -0.538918 -0.057189 0.840415
    {normal=(-0.538918, -0.057189, 0.840415)
     Opos=(-0.377242, -0.040032, 0.588290)
     Onormal=(-0.538918, -0.057189, 0.840415)}

Vertex 2096 -0.556533 -0.163065 0.814666
    {normal=(-0.556533, -0.163065, 0.814666)
     Opos=(-0.389573, -0.114146, 0.570266)
     Onormal=(-0.556533, -0.163065, 0.814666)}

Vertex 2097 -0.815884 -0.205584 0.540434
    {normal=(-0.815884, -0.205584, 0.540434)
     Opos=(-0.571119, -0.143909, 0.378304)
     Onormal=(-0.815884, -0.205584, 0.540434)}

Vertex 2098 -0.785006 -0.270825 0.557153
    {normal=(-0.785006, -0.270825, 0.557153)
     Opos=(-0.549504, -0.189577, 0.390007)
     Onormal=(-0.785006, -0.270825, 0.557153)}

Vertex 2099 -0.818436 -0.344692 0.459728
    {normal=(-0.818436, -0.344692, 0.459728)
     Opos=(-0.572905, -0.241285, 0.321809)
     Onormal=(-0.818436, -0.344692, 0.459728)}

Vertex 2100 -0.783315 -0.332101 0.525477
    {normal=(-0.783315, -0.332101, 0.525477)
     Opos=(-0.548321, -0.232470, 0.367834)
     Onormal=(-0.783315, -0.332101, 0.525477)}

Vertex 2101 -0.716424 -0.422232 0.555388
    {normal=(-0.716424, -0.422232, 0.555388)
     Opos=(-0.501497, -0.295562, 0.388772)
     Onormal=(-0.716424, -0.422232, 0.555388)}

Vertex 2102 -0.757261 -0.566803 0.324484
    {normal=(-0.757261, -0.566803, 0.324484)
     Opos=(-0.530083, -0.396762, 0.227139)
     Onormal=(-0.757261, -0.566803, 0.324484)}

Vertex 2103 -0.715008 -0.466614 0.520611
    {normal=(-0.715008, -0.466614, 0.520611)
     Opos=(-0.500505, -0.326630, 0.364427)
     Onormal=(-0.715008, -0.466614, 0.520611)}

Vertex 2104 -0.735357 -0.513728 0.441966
    {normal=(-0.735357, -0.513728, 0.441966)
     Opos=(-0.514750, -0.359610, 0.309376)
     Onormal=(-0.735357, -0.513728, 0.441966)}

Vertex 2105 -0.749185 -0.423209 0.509526
    {normal=(-0.749185, -0.423209, 0.509526)
     Opos=(-0.524429, -0.296246, 0.356668)
     Onormal=(-0.749185, -0.423209, 0.509526)}

Vertex 2106 -0.775685 -0.451358 0.441123
    {normal=(-0.775685, -0.451358, 0.441123)
     Opos=(-0.542979, -0.315951, 0.308786)
     Onormal=(-0.775685, -0.451358, 0.441123)}

Vertex 2107 -0.666998 -0.597558 0.445013
    {normal=(-0.666998, -0.597558, 0.445013)
     Opos=(-0.466899, -0.418291, 0.311509)
     Onormal=(-0.666998, -0.597558, 0.445013)}

Vertex 2108 -0.685631 -0.510928 0.518520
    {normal=(-0.685631, -0.510928, 0.518520)
     Opos=(-0.479942, -0.357650, 0.362964)
     Onormal=(-0.685631, -0.510928, 0.518520)}

Vertex 2109 -0.598957 -0.151362 0.786346
    {normal=(-0.598957, -0.151362, 0.786346)
     Opos=(-0.419270, -0.105953, 0.550442)
     Onormal=(-0.598957, -0.151362, 0.786346)}

Vertex 2110 -0.583201 -0.221185 0.781635
    {normal=(-0.583201, -0.221185, 0.781635)
     Opos=(-0.408241, -0.154829, 0.547145)
     Onormal=(-0.583201, -0.221185, 0.781635)}

Vertex 2111 -0.752396 -0.307502 0.582531
    {normal=(-0.752396, -0.307502, 0.582531)
     Opos=(-0.526677, -0.215251, 0.407772)
     Onormal=(-0.752396, -0.307502, 0.582531)}

Vertex 2112 -0.538982 -0.351984 0.765249
    {normal=(-0.538982, -0.351984, 0.765249)
     Opos=(-0.377287, -0.246389, 0.535674)
     Onormal=(-0.538982, -0.351984, 0.765249)}

Vertex 2113 -0.623544 -0.318364 0.714029
    {normal=(-0.623544, -0.318364, 0.714029)
     Opos=(-0.436481, -0.222855, 0.499820)
     Onormal=(-0.623544, -0.318364, 0.714029)}

Vertex 2114 -0.635356 -0.253372 0.729469
    {normal=(-0.635356, -0.253372, 0.729469)
     Opos=(-0.444750, -0.177361, 0.510628)
     Onormal=(-0.635356, -0.253372, 0.729469)}

Vertex 2115 -0.671620 -0.417911 0.611782
    {normal=(-0.671620, -0.417911, 0.611782)
     Opos=(-0.470134, -0.292538, 0.428248)
     Onormal=(-0.671620, -0.417911, 0.611782)}

Vertex 2116 -0.421383 -0.202680 0.883944
    {normal=(-0.421383, -0.202680, 0.883944)
     Opos=(-0.294968, -0.141876, 0.618761)
     Onormal=(-0.421383, -0.202680, 0.883944)}

Vertex 2117 -0.407941 -0.264139 0.873965
    {normal=(-0.407941, -0.264139, 0.873965)
     Opos=(-0.285559, -0.184898, 0.611775)
     Onormal=(-0.407941, -0.264139, 0.873965)}

Vertex 2118 -0.449843 -0.307648 0.838447
    {normal=(-0.449843, -0.307648, 0.838447)
     Opos=(-0.314890, -0.215353, 0.586913)
     Onormal=(-0.449843, -0.307648, 0.838447)}

Vertex 2119 -0.369924 -0.371759 0.851441
    {normal=(-0.369924, -0.371759, 0.851441)
     Opos=(-0.258947, -0.260231, 0.596008)
     Onormal=(-0.369924, -0.371759, 0.851441)}

Vertex 2120 -0.348437 -0.324231 0.879469
    {normal=(-0.348437, -0.324231, 0.879469)
     Opos=(-0.243906, -0.226962, 0.615629)
     Onormal=(-0.348437, -0.324231, 0.879469)}

Vertex 2121 -0.391278 -0.304527 0.868427
    {normal=(-0.391278, -0.304527, 0.868427)
     Opos=(-0.273895, -0.213169, 0.607899)
     Onormal=(-0.391278, -0.304527, 0.868427)}

Vertex 2122 -0.327566 -0.248664 0.911519
    {normal=(-0.327566, -0.248664, 0.911519)
     Opos=(-0.229296, -0.174065, 0.638063)
     Onormal=(-0.327566, -0.248664, 0.911519)}

Vertex 2123 -0.261324 -0.328631 0.907586
    {normal=(-0.261324, -0.328631, 0.907586)
     Opos=(-0.182927, -0.230041, 0.635310)
     Onormal=(-0.261324, -0.328631, 0.907586)}

Vertex 2124 -0.466277 -0.591488 0.657821
    {normal=(-0.466277, -0.591488, 0.657821)
     Opos=(-0.326394, -0.414041, 0.460475)
     Onormal=(-0.466277, -0.591488, 0.657821)}

Vertex 2125 -0.357404 -0.518601 0.776733
    {normal=(-0.357404, -0.518601, 0.776733)
     Opos=(-0.250183, -0.363021, 0.543713)
     Onormal=(-0.357404, -0.518601, 0.776733)}

Vertex 2126 -0.237658 -0.403172 0.883726
    {normal=(-0.237658, -0.403172, 0.883726)
     Opos=(-0.166360, -0.282220, 0.618608)
     Onormal=(-0.237658, -0.403172, 0.883726)}

Vertex 2127 -0.381639 -0.418342 0.824222
    {normal=(-0.381639, -0.418342, 0.824222)
     Opos=(-0.267148, -0.292839, 0.576955)
     Onormal=(-0.381639, -0.418342, 0.824222)}

Vertex 2128 -0.329790 -0.481881 0.811806
    {normal=(-0.329790, -0.481881, 0.811806)
     Opos=(-0.230853, -0.337316, 0.568264)
     Onormal=(-0.329790, -0.481881, 0.811806)}

Vertex 2129 -0.282254 -0.523691 0.803791
    {normal=(-0.282254, -0.523691, 0.803791)
     Opos=(-0.197578, -0.366584, 0.562654)
     Onormal=(-0.282254, -0.523691, 0.803791)}

Vertex 2130 -0.648779 0.125960 0.750479
    {normal=(-0.648779, 0.125960, 0.750479)
     Opos=(-0.454146, 0.088172, 0.525336)
     Onormal=(-0.648779, 0.125960, 0.750479)}

Vertex 2131 -0.589766 0.117256 0.799017
    {normal=(-0.589766, 0.117256, 0.799017)
     Opos=(-0.412836, 0.082079, 0.559312)
     Onormal=(-0.589766, 0.117256, 0.799017)}

Vertex 2132 -0.546221 0.140202 0.825824
    {normal=(-0.546221, 0.140202, 0.825824)
     Opos=(-0.382355, 0.098141, 0.578077)
     Onormal=(-0.546221, 0.140202, 0.825824)}

Vertex 2133 -0.507840 0.214711 0.834265
    {normal=(-0.507840, 0.214711, 0.834265)
     Opos=(-0.355488, 0.150298, 0.583985)
     Onormal=(-0.507840, 0.214711, 0.834265)}

Vertex 2134 -0.441781 -0.133625 0.887115
    {normal=(-0.441781, -0.133625, 0.887115)
     Opos=(-0.309247, -0.093538, 0.620981)
     Onormal=(-0.441781, -0.133625, 0.887115)}

Vertex 2135 -0.426725 -0.067559 0.901854
    {normal=(-0.426725, -0.067559, 0.901854)
     Opos=(-0.298708, -0.047291, 0.631298)
     Onormal=(-0.426725, -0.067559, 0.901854)}

Vertex 2136 -0.488712 -0.024091 0.872113
    {normal=(-0.488712, -0.024091, 0.872113)
     Opos=(-0.342098, -0.016863, 0.610479)
     Onormal=(-0.488712, -0.024091, 0.872113)}

Vertex 2137 -0.395954 -0.033346 0.917664
    {normal=(-0.395954, -0.033346, 0.917664)
     Opos=(-0.277168, -0.023342, 0.642365)
     Onormal=(-0.395954, -0.033346, 0.917664)}

Vertex 2138 -0.404801 0.050760 0.912995
    {normal=(-0.404801, 0.050760, 0.912995)
     Opos=(-0.283361, 0.035532, 0.639096)
     Onormal=(-0.404801, 0.050760, 0.912995)}

Vertex 2139 -0.429373 0.153752 0.889943
    {normal=(-0.429373, 0.153752, 0.889943)
     Opos=(-0.300561, 0.107627, 0.622960)
     Onormal=(-0.429373, 0.153752, 0.889943)}

Vertex 2140 -0.437900 0.094954 0.893995
    {normal=(-0.437900, 0.094954, 0.893995)
     Opos=(-0.306530, 0.066468, 0.625797)
     Onormal=(-0.437900, 0.094954, 0.893995)}

Vertex 2141 -0.490985 0.043317 0.870091
    {normal=(-0.490985, 0.043317, 0.870091)
     Opos=(-0.343689, 0.030322, 0.609063)
     Onormal=(-0.490985, 0.043317, 0.870091)}

Vertex 2142 -0.351903 0.041333 0.935123
    {normal=(-0.351903, 0.041333, 0.935123)
     Opos=(-0.246332, 0.028933, 0.654586)
     Onormal=(-0.351903, 0.041333, 0.935123)}

Vertex 2143 -0.370561 0.122232 0.920730
    {normal=(-0.370561, 0.122232, 0.920730)
     Opos=(-0.259393, 0.085563, 0.644511)
     Onormal=(-0.370561, 0.122232, 0.920730)}

Vertex 2144 -0.190470 -0.219642 0.956806
    {normal=(-0.190470, -0.219642, 0.956806)
     Opos=(-0.133329, -0.153749, 0.669764)
     Onormal=(-0.190470, -0.219642, 0.956806)}

Vertex 2145 -0.240480 -0.087454 0.966706
    {normal=(-0.240480, -0.087454, 0.966706)
     Opos=(-0.168336, -0.061218, 0.676694)
     Onormal=(-0.240480, -0.087454, 0.966706)}

Vertex 2146 0.011521 -0.265215 0.964120
    {normal=(0.011521, -0.265215, 0.964120)
     Opos=(0.008065, -0.185651, 0.674884)
     Onormal=(0.011521, -0.265215, 0.964120)}

Vertex 2147 -0.173925 -0.167080 0.970481
    {normal=(-0.173925, -0.167080, 0.970481)
     Opos=(-0.121748, -0.116956, 0.679337)
     Onormal=(-0.173925, -0.167080, 0.970481)}

Vertex 2148 -0.001141 -0.142296 0.989823
    {normal=(-0.001141, -0.142296, 0.989823)
     Opos=(-0.000799, -0.099608, 0.692876)
     Onormal=(-0.001141, -0.142296, 0.989823)}

Vertex 2149 -0.124516 -0.027046 0.991849
    {normal=(-0.124516, -0.027046, 0.991849)
     Opos=(-0.087161, -0.018932, 0.694294)
     Onormal=(-0.124516, -0.027046, 0.991849)}

Vertex 2150 -0.045971 -0.002606 0.998939
    {normal=(-0.045971, -0.002606, 0.998939)
     Opos=(-0.032180, -0.001824, 0.699258)
     Onormal=(-0.045971, -0.002606, 0.998939)}

Vertex 2151 -0.295648 0.082087 0.951764
    {normal=(-0.295648, 0.082087, 0.951764)
     Opos=(-0.206954, 0.057461, 0.666235)
     Onormal=(-0.295648, 0.082087, 0.951764)}

Vertex 2152 -0.221329 0.062015 0.973225
    {normal=(-0.221329, 0.062015, 0.973225)
     Opos=(-0.154931, 0.043410, 0.681258)
     Onormal=(-0.221329, 0.062015, 0.973225)}

Vertex 2153 -0.226237 -0.006344 0.974052
    {normal=(-0.226237, -0.006344, 0.974052)
     Opos=(-0.158366, -0.004441, 0.681836)
     Onormal=(-0.226237, -0.006344, 0.974052)}

Vertex 2154 -0.315979 -0.103892 0.943061
    {normal=(-0.315979, -0.103892, 0.943061)
     Opos=(-0.221186, -0.072725, 0.660142)
     Onormal=(-0.315979, -0.103892, 0.943061)}

Vertex 2155 -0.365177 -0.066447 0.928564
    {normal=(-0.365177, -0.066447, 0.928564)
     Opos=(-0.255624, -0.046513, 0.649995)
     Onormal=(-0.365177, -0.066447, 0.928564)}

Vertex 2156 -0.293685 0.007457 0.955873
    {normal=(-0.293685, 0.007457, 0.955873)
     Opos=(-0.205579, 0.005220, 0.669111)
     Onormal=(-0.293685, 0.007457, 0.955873)}

Vertex 2157 -0.970141 0.233137 0.066883
    {normal=(-0.970141, 0.233137, 0.066883)
     Opos=(-0.679099, 0.163196, 0.046818)
     Onormal=(-0.970141, 0.233137, 0.066883)}

Vertex 2158 -0.976344 0.216215 0.002014
    {normal=(-0.976344, 0.216215, 0.002014)
     Opos=(-0.683441, 0.151351, 0.001410)
     Onormal=(-0.976344, 0.216215, 0.002014)}

Vertex 2159 -0.990377 0.133336 -0.037080
    {normal=(-0.990377, 0.133336, -0.037080)
     Opos=(-0.693264, 0.093335, -0.025956)
     Onormal=(-0.990377, 0.133336, -0.037080)}

Vertex 2160 -0.997608 0.068272 -0.010852
    {normal=(-0.997608, 0.068272, -0.010852)
     Opos=(-0.698325, 0.047791, -0.007596)
     Onormal=(-0.997608, 0.068272, -0.010852)}

Vertex 2161 -0.991661 0.061637 0.113177
    {normal=(-0.991661, 0.061637, 0.113177)
     Opos=(-0.694163, 0.043146, 0.079224)
     Onormal=(-0.991661, 0.061637, 0.113177)}

Vertex 2162 -0.962615 0.168196 -0.212327
    {normal=(-0.962615, 0.168196, -0.212327)
     Opos=(-0.673830, 0.117737, -0.148629)
     Onormal=(-0.962615, 0.168196, -0.212327)}

Vertex 2163 -0.835462 0.227627 -0.500190
    {normal=(-0.835462, 0.227627, -0.500190)
     Opos=(-0.584823, 0.159339, -0.350133)
     Onormal=(-0.835462, 0.227627, -0.500190)}

Vertex 2164 -0.824230 0.183466 -0.535710
    {normal=(-0.824230, 0.183466, -0.535710)
     Opos=(-0.576961, 0.128426, -0.374997)
     Onormal=(-0.824230, 0.183466, -0.535710)}

Vertex 2165 -0.857498 0.200331 -0.473883
    {normal=(-0.857498, 0.200331, -0.473883)
     Opos=(-0.600248, 0.140232, -0.331718)
     Onormal=(-0.857498, 0.200331, -0.473883)}

Vertex 2166 -0.837527 0.120544 -0.532932
    {normal=(-0.837527, 0.120544, -0.532932)
     Opos=(-0.586269, 0.084381, -0.373053)
     Onormal=(-0.837527, 0.120544, -0.532932)}

Vertex 2167 -0.860935 0.092220 -0.500287
    {normal=(-0.860935, 0.092220, -0.500287)
     Opos=(-0.602654, 0.064554, -0.350201)
     Onormal=(-0.860935, 0.092220, -0.500287)}

Vertex 2168 -0.863924 0.020808 -0.503192
    {normal=(-0.863924, 0.020808, -0.503192)
     Opos=(-0.604747, 0.014565, -0.352234)
     Onormal=(-0.863924, 0.020808, -0.503192)}

Vertex 2169 -0.923451 0.130926 -0.360688
    {normal=(-0.923451, 0.130926, -0.360688)
     Opos=(-0.646416, 0.091648, -0.252482)
     Onormal=(-0.923451, 0.130926, -0.360688)}

Vertex 2170 -0.899241 -0.016861 -0.437129
    {normal=(-0.899241, -0.016861, -0.437129)
     Opos=(-0.629469, -0.011803, -0.305990)
     Onormal=(-0.899241, -0.016861, -0.437129)}

Vertex 2171 -0.933503 -0.045025 -0.355730
    {normal=(-0.933503, -0.045025, -0.355730)
     Opos=(-0.653452, -0.031518, -0.249011)
     Onormal=(-0.933503, -0.045025, -0.355730)}

Vertex 2172 -0.896372 -0.170468 -0.409217
    {normal=(-0.896372, -0.170468, -0.409217)
     Opos=(-0.627460, -0.119328, -0.286452)
     Onormal=(-0.896372, -0.170468, -0.409217)}

Vertex 2173 -0.999452 -0.008947 0.031854
    {normal=(-0.999452, -0.008947, 0.031854)
     Opos=(-0.699617, -0.006263, 0.022298)
     Onormal=(-0.999452, -0.008947, 0.031854)}

Vertex 2174 -0.999331 -0.009672 -0.035283
    {normal=(-0.999331, -0.009672, -0.035283)
     Opos=(-0.699531, -0.006770, -0.024698)
     Onormal=(-0.999331, -0.009672, -0.035283)}

Vertex 2175 -0.993295 -0.089016 -0.073765
    {normal=(-0.993295, -0.089016, -0.073765)
     Opos=(-0.695306, -0.062312, -0.051635)
     Onormal=(-0.993295, -0.089016, -0.073765)}

Vertex 2176 -0.994507 -0.101907 0.023889
    {normal=(-0.994507, -0.101907, 0.023889)
     Opos=(-0.696155, -0.071335, 0.016722)
     Onormal=(-0.994507, -0.101907, 0.023889)}

Vertex 2177 -0.994594 -0.016253 -0.102558
    {normal=(-0.994594, -0.016253, -0.102558)
     Opos=(-0.696216, -0.011377, -0.071790)
     Onormal=(-0.994594, -0.016253, -0.102558)}

Vertex 2178 -0.970063 -0.149805 -0.191145
    {normal=(-0.970063, -0.149805, -0.191145)
     Opos=(-0.679044, -0.104864, -0.133801)
     Onormal=(-0.970063, -0.149805, -0.191145)}

Vertex 2179 -0.958859 -0.041262 -0.280870
    {normal=(-0.958859, -0.041262, -0.280870)
     Opos=(-0.671201, -0.028883, -0.196609)
     Onormal=(-0.958859, -0.041262, -0.280870)}

Vertex 2180 -0.975307 -0.073699 -0.208196
    {normal=(-0.975307, -0.073699, -0.208196)
     Opos=(-0.682715, -0.051589, -0.145737)
     Onormal=(-0.975307, -0.073699, -0.208196)}

Vertex 2181 -0.963199 -0.123694 -0.238637
    {normal=(-0.963199, -0.123694, -0.238637)
     Opos=(-0.674239, -0.086586, -0.167046)
     Onormal=(-0.963199, -0.123694, -0.238637)}

Vertex 2182 -0.944789 -0.121502 -0.304321
    {normal=(-0.944789, -0.121502, -0.304321)
     Opos=(-0.661352, -0.085052, -0.213025)
     Onormal=(-0.944789, -0.121502, -0.304321)}

Vertex 2183 -0.923348 -0.167206 -0.345646
    {normal=(-0.923348, -0.167206, -0.345646)
     Opos=(-0.646343, -0.117044, -0.241952)
     Onormal=(-0.923348, -0.167206, -0.345646)}

Vertex 2184 -0.978564 -0.205921 0.002835
    {normal=(-0.978564, -0.205921, 0.002835)
     Opos=(-0.684995, -0.144145, 0.001985)
     Onormal=(-0.978564, -0.205921, 0.002835)}

Vertex 2185 -0.966932 -0.234956 0.099183
    {normal=(-0.966932, -0.234956, 0.099183)
     Opos=(-0.676853, -0.164469, 0.069428)
     Onormal=(-0.966932, -0.234956, 0.099183)}

Vertex 2186 -0.971504 -0.189394 -0.142516
    {normal=(-0.971504, -0.189394, -0.142516)
     Opos=(-0.680053, -0.132576, -0.099761)
     Onormal=(-0.971504, -0.189394, -0.142516)}

Vertex 2187 -0.982146 -0.172130 -0.075897
    {normal=(-0.982146, -0.172130, -0.075897)
     Opos=(-0.687502, -0.120491, -0.053128)
     Onormal=(-0.982146, -0.172130, -0.075897)}

Vertex 2188 -0.957771 -0.261868 -0.118742
    {normal=(-0.957771, -0.261868, -0.118742)
     Opos=(-0.670440, -0.183308, -0.083119)
     Onormal=(-0.957771, -0.261868, -0.118742)}

Vertex 2189 -0.944056 -0.179843 -0.276433
    {normal=(-0.944056, -0.179843, -0.276433)
     Opos=(-0.660839, -0.125890, -0.193503)
     Onormal=(-0.944056, -0.179843, -0.276433)}

Vertex 2190 -0.904008 -0.369310 -0.215360
    {normal=(-0.904008, -0.369310, -0.215360)
     Opos=(-0.632806, -0.258517, -0.150752)
     Onormal=(-0.904008, -0.369310, -0.215360)}

Vertex 2191 -0.902254 -0.409798 -0.134177
    {normal=(-0.902254, -0.409798, -0.134177)
     Opos=(-0.631578, -0.286859, -0.093924)
     Onormal=(-0.902254, -0.409798, -0.134177)}

Vertex 2192 -0.962192 -0.272279 -0.007197
    {normal=(-0.962192, -0.272279, -0.007197)
     Opos=(-0.673534, -0.190595, -0.005038)
     Onormal=(-0.962192, -0.272279, -0.007197)}

Vertex 2193 -0.969531 -0.238752 -0.054833
    {normal=(-0.969531, -0.238752, -0.054833)
     Opos=(-0.678672, -0.167127, -0.038383)
     Onormal=(-0.969531, -0.238752, -0.054833)}

Vertex 2194 -0.927127 -0.366840 -0.076579
    {normal=(-0.927127, -0.366840, -0.076579)
     Opos=(-0.648989, -0.256788, -0.053605)
     Onormal=(-0.927127, -0.366840, -0.076579)}

Vertex 2195 -0.948001 -0.311902 -0.063325
    {normal=(-0.948001, -0.311902, -0.063325)
     Opos=(-0.663601, -0.218332, -0.044328)
     Onormal=(-0.948001, -0.311902, -0.063325)}

Vertex 2196 -0.921509 -0.388276 -0.007968
    {normal=(-0.921509, -0.388276, -0.007968)
     Opos=(-0.645056, -0.271793, -0.005578)
     Onormal=(-0.921509, -0.388276, -0.007968)}

Vertex 2197 -0.892843 -0.446828 0.056355
    {normal=(-0.892843, -0.446828, 0.056355)
     Opos=(-0.624990, -0.312780, 0.039448)
     Onormal=(-0.892843, -0.446828, 0.056355)}

Vertex 2198 -0.714814 0.338924 -0.611696
    {normal=(-0.714814, 0.338924, -0.611696)
     Opos=(-0.500370, 0.237246, -0.428187)
     Onormal=(-0.714814, 0.338924, -0.611696)}

Vertex 2199 -0.677420 0.334279 -0.655255
    {normal=(-0.677420, 0.334279, -0.655255)
     Opos=(-0.474194, 0.233995, -0.458679)
     Onormal=(-0.677420, 0.334279, -0.655255)}

Vertex 2200 -0.694886 0.254665 -0.672516
    {normal=(-0.694886, 0.254665, -0.672516)
     Opos=(-0.486421, 0.178266, -0.470762)
     Onormal=(-0.694886, 0.254665, -0.672516)}

Vertex 2201 -0.632587 0.312698 -0.708558
    {normal=(-0.632587, 0.312698, -0.708558)
     Opos=(-0.442811, 0.218888, -0.495990)
     Onormal=(-0.632587, 0.312698, -0.708558)}

Vertex 2202 -0.563595 0.314266 -0.763936
    {normal=(-0.563595, 0.314266, -0.763936)
     Opos=(-0.394516, 0.219986, -0.534755)
     Onormal=(-0.563595, 0.314266, -0.763936)}

Vertex 2203 -0.631988 0.256951 -0.731141
    {normal=(-0.631988, 0.256951, -0.731141)
     Opos=(-0.442392, 0.179865, -0.511799)
     Onormal=(-0.631988, 0.256951, -0.731141)}

Vertex 2204 -0.613692 0.201246 -0.763467
    {normal=(-0.613692, 0.201246, -0.763467)
     Opos=(-0.429585, 0.140872, -0.534427)
     Onormal=(-0.613692, 0.201246, -0.763467)}

Vertex 2205 -0.697051 0.181203 -0.693747
    {normal=(-0.697051, 0.181203, -0.693747)
     Opos=(-0.487936, 0.126842, -0.485623)
     Onormal=(-0.697051, 0.181203, -0.693747)}

Vertex 2206 -0.673574 0.290226 -0.679755
    {normal=(-0.673574, 0.290226, -0.679755)
     Opos=(-0.471502, 0.203158, -0.475828)
     Onormal=(-0.673574, 0.290226, -0.679755)}

Vertex 2207 -0.669568 0.224128 -0.708128
    {normal=(-0.669568, 0.224128, -0.708128)
     Opos=(-0.468698, 0.156890, -0.495689)
     Onormal=(-0.669568, 0.224128, -0.708128)}

Vertex 2208 -0.673966 0.183002 -0.715738
    {normal=(-0.673966, 0.183002, -0.715738)
     Opos=(-0.471776, 0.128101, -0.501016)
     Onormal=(-0.673966, 0.183002, -0.715738)}

Vertex 2209 -0.694784 0.150179 -0.703364
    {normal=(-0.694784, 0.150179, -0.703364)
     Opos=(-0.486349, 0.105125, -0.492355)
     Onormal=(-0.694784, 0.150179, -0.703364)}

Vertex 2210 -0.623061 0.144499 -0.768710
    {normal=(-0.623061, 0.144499, -0.768710)
     Opos=(-0.436143, 0.101150, -0.538097)
     Onormal=(-0.623061, 0.144499, -0.768710)}

Vertex 2211 -0.700005 0.078914 -0.709765
    {normal=(-0.700005, 0.078914, -0.709765)
     Opos=(-0.490003, 0.055240, -0.496835)
     Onormal=(-0.700005, 0.078914, -0.709765)}

Vertex 2212 -0.668345 0.102489 -0.736757
    {normal=(-0.668345, 0.102489, -0.736757)
     Opos=(-0.467842, 0.071742, -0.515730)
     Onormal=(-0.668345, 0.102489, -0.736757)}

Vertex 2213 -0.678619 0.048553 -0.732884
    {normal=(-0.678619, 0.048553, -0.732884)
     Opos=(-0.475033, 0.033987, -0.513019)
     Onormal=(-0.678619, 0.048553, -0.732884)}

Vertex 2214 -0.435596 0.358179 -0.825811
    {normal=(-0.435596, 0.358179, -0.825811)
     Opos=(-0.304917, 0.250725, -0.578068)
     Onormal=(-0.435596, 0.358179, -0.825811)}

Vertex 2215 -0.343292 0.321763 -0.882394
    {normal=(-0.343292, 0.321763, -0.882394)
     Opos=(-0.240305, 0.225234, -0.617676)
     Onormal=(-0.343292, 0.321763, -0.882394)}

Vertex 2216 -0.651169 0.036286 -0.758065
    {normal=(-0.651169, 0.036286, -0.758065)
     Opos=(-0.455818, 0.025400, -0.530646)
     Onormal=(-0.651169, 0.036286, -0.758065)}

Vertex 2217 -0.631168 0.073842 -0.772123
    {normal=(-0.631168, 0.073842, -0.772123)
     Opos=(-0.441818, 0.051690, -0.540486)
     Onormal=(-0.631168, 0.073842, -0.772123)}

Vertex 2218 -0.615659 0.043968 -0.786785
    {normal=(-0.615659, 0.043968, -0.786785)
     Opos=(-0.430961, 0.030778, -0.550750)
     Onormal=(-0.615659, 0.043968, -0.786785)}

Vertex 2219 -0.605510 0.113039 -0.787769
    {normal=(-0.605510, 0.113039, -0.787769)
     Opos=(-0.423857, 0.079127, -0.551438)
     Onormal=(-0.605510, 0.113039, -0.787769)}

Vertex 2220 -0.587965 0.077179 -0.805196
    {normal=(-0.587965, 0.077179, -0.805196)
     Opos=(-0.411575, 0.054025, -0.563637)
     Onormal=(-0.587965, 0.077179, -0.805196)}

Vertex 2221 -0.558669 0.074881 -0.826004
    {normal=(-0.558669, 0.074881, -0.826004)
     Opos=(-0.391068, 0.052416, -0.578203)
     Onormal=(-0.558669, 0.074881, -0.826004)}

Vertex 2222 -0.523073 0.418485 -0.742473
    {normal=(-0.523073, 0.418485, -0.742473)
     Opos=(-0.366151, 0.292939, -0.519731)
     Onormal=(-0.523073, 0.418485, -0.742473)}

Vertex 2223 -0.549199 0.265134 -0.792518
    {normal=(-0.549199, 0.265134, -0.792518)
     Opos=(-0.384439, 0.185594, -0.554763)
     Onormal=(-0.549199, 0.265134, -0.792518)}

Vertex 2224 -0.491420 0.122297 -0.862293
    {normal=(-0.491420, 0.122297, -0.862293)
     Opos=(-0.343994, 0.085608, -0.603605)
     Onormal=(-0.491420, 0.122297, -0.862293)}

Vertex 2225 -0.484446 0.055011 -0.873090
    {normal=(-0.484446, 0.055011, -0.873090)
     Opos=(-0.339112, 0.038508, -0.611163)
     Onormal=(-0.484446, 0.055011, -0.873090)}

Vertex 2226 -0.632491 0.013381 -0.774452
    {normal=(-0.632491, 0.013381, -0.774452)
     Opos=(-0.442744, 0.009366, -0.542117)
     Onormal=(-0.632491, 0.013381, -0.774452)}

Vertex 2227 -0.623294 -0.043134 -0.780797
    {normal=(-0.623294, -0.043134, -0.780797)
     Opos=(-0.436306, -0.030194, -0.546558)
     Onormal=(-0.623294, -0.043134, -0.780797)}

Vertex 2228 -0.568260 -0.002741 -0.822844
    {normal=(-0.568260, -0.002741, -0.822844)
     Opos=(-0.397782, -0.001919, -0.575991)
     Onormal=(-0.568260, -0.002741, -0.822844)}

Vertex 2229 -0.538163 -0.037461 -0.842008
    {normal=(-0.538163, -0.037461, -0.842008)
     Opos=(-0.376714, -0.026223, -0.589405)
     Onormal=(-0.538163, -0.037461, -0.842008)}

Vertex 2230 -0.481450 -0.097913 -0.870987
    {normal=(-0.481450, -0.097913, -0.870987)
     Opos=(-0.337015, -0.068539, -0.609691)
     Onormal=(-0.481450, -0.097913, -0.870987)}

Vertex 2231 -0.466121 -0.014283 -0.884606
    {normal=(-0.466121, -0.014283, -0.884606)
     Opos=(-0.326285, -0.009998, -0.619224)
     Onormal=(-0.466121, -0.014283, -0.884606)}

Vertex 2232 -0.540257 -0.163434 -0.825477
    {normal=(-0.540257, -0.163434, -0.825477)
     Opos=(-0.378180, -0.114404, -0.577834)
     Onormal=(-0.540257, -0.163434, -0.825477)}

Vertex 2233 -0.076322 0.297738 -0.951592
    {normal=(-0.076322, 0.297738, -0.951592)
     Opos=(-0.053426, 0.208417, -0.666114)
     Onormal=(-0.076322, 0.297738, -0.951592)}

Vertex 2234 -0.176979 0.299123 -0.937659
    {normal=(-0.176979, 0.299123, -0.937659)
     Opos=(-0.123886, 0.209386, -0.656361)
     Onormal=(-0.176979, 0.299123, -0.937659)}

Vertex 2235 -0.337212 -0.011271 -0.941361
    {normal=(-0.337212, -0.011271, -0.941361)
     Opos=(-0.236049, -0.007890, -0.658953)
     Onormal=(-0.337212, -0.011271, -0.941361)}

Vertex 2236 -0.293165 0.204489 -0.933937
    {normal=(-0.293165, 0.204489, -0.933937)
     Opos=(-0.205215, 0.143142, -0.653756)
     Onormal=(-0.293165, 0.204489, -0.933937)}

Vertex 2237 -0.279148 -0.052081 -0.958835
    {normal=(-0.279148, -0.052081, -0.958835)
     Opos=(-0.195403, -0.036456, -0.671184)
     Onormal=(-0.279148, -0.052081, -0.958835)}

Vertex 2238 -0.314185 0.026409 -0.948994
    {normal=(-0.314185, 0.026409, -0.948994)
     Opos=(-0.219930, 0.018486, -0.664296)
     Onormal=(-0.314185, 0.026409, -0.948994)}

Vertex 2239 -0.206071 -0.031353 -0.978035
    {normal=(-0.206071, -0.031353, -0.978035)
     Opos=(-0.144250, -0.021947, -0.684624)
     Onormal=(-0.206071, -0.031353, -0.978035)}

Vertex 2240 -0.188740 -0.103273 -0.976582
    {normal=(-0.188740, -0.103273, -0.976582)
     Opos=(-0.132118, -0.072291, -0.683607)
     Onormal=(-0.188740, -0.103273, -0.976582)}

Vertex 2241 -0.200575 0.054724 -0.978149
    {normal=(-0.200575, 0.054724, -0.978149)
     Opos=(-0.140402, 0.038307, -0.684704)
     Onormal=(-0.200575, 0.054724, -0.978149)}

Vertex 2242 -0.370989 -0.124168 -0.920299
    {normal=(-0.370989, -0.124168, -0.920299)
     Opos=(-0.259692, -0.086917, -0.644209)
     Onormal=(-0.370989, -0.124168, -0.920299)}

Vertex 2243 -0.335149 -0.411828 -0.847392
    {normal=(-0.335149, -0.411828, -0.847392)
     Opos=(-0.234604, -0.288279, -0.593174)
     Onormal=(-0.335149, -0.411828, -0.847392)}

Vertex 2244 -0.231785 -0.133308 -0.963589
    {normal=(-0.231785, -0.133308, -0.963589)
     Opos=(-0.162249, -0.093316, -0.674513)
     Onormal=(-0.231785, -0.133308, -0.963589)}

Vertex 2245 -0.190355 -0.184968 -0.964133
    {normal=(-0.190355, -0.184968, -0.964133)
     Opos=(-0.133249, -0.129478, -0.674893)
     Onormal=(-0.190355, -0.184968, -0.964133)}

Vertex 2246 -0.154147 -0.212095 -0.965015
    {normal=(-0.154147, -0.212095, -0.965015)
     Opos=(-0.107903, -0.148467, -0.675511)
     Onormal=(-0.154147, -0.212095, -0.965015)}

Vertex 2247 -0.155220 -0.149730 -0.976467
    {normal=(-0.155220, -0.149730, -0.976467)
     Opos=(-0.108654, -0.104811, -0.683527)
     Onormal=(-0.155220, -0.149730, -0.976467)}

Vertex 2248 -0.201895 -0.366084 -0.908417
    {normal=(-0.201895, -0.366084, -0.908417)
     Opos=(-0.141327, -0.256258, -0.635892)
     Onormal=(-0.201895, -0.366084, -0.908417)}

Vertex 2249 -0.282746 -0.210589 -0.935792
    {normal=(-0.282746, -0.210589, -0.935792)
     Opos=(-0.197922, -0.147412, -0.655055)
     Onormal=(-0.282746, -0.210589, -0.935792)}

Vertex 2250 -0.219894 -0.218402 -0.950761
    {normal=(-0.219894, -0.218402, -0.950761)
     Opos=(-0.153925, -0.152882, -0.665533)
     Onormal=(-0.219894, -0.218402, -0.950761)}

Vertex 2251 -0.227316 -0.275420 -0.934062
    {normal=(-0.227316, -0.275420, -0.934062)
     Opos=(-0.159121, -0.192794, -0.653843)
     Onormal=(-0.227316, -0.275420, -0.934062)}

Vertex 2252 -0.128163 -0.349702 -0.928053
    {normal=(-0.128163, -0.349702, -0.928053)
     Opos=(-0.089714, -0.244792, -0.649637)
     Onormal=(-0.128163, -0.349702, -0.928053)}

Vertex 2253 -0.120203 -0.404357 -0.906668
    {normal=(-0.120203, -0.404357, -0.906668)
     Opos=(-0.084142, -0.283050, -0.634668)
     Onormal=(-0.120203, -0.404357, -0.906668)}

Vertex 2254 -0.155352 -0.540449 -0.826910
    {normal=(-0.155352, -0.540449, -0.826910)
     Opos=(-0.108746, -0.378314, -0.578837)
     Onormal=(-0.155352, -0.540449, -0.826910)}

Vertex 2255 -0.108201 -0.511175 -0.852639
    {normal=(-0.108201, -0.511175, -0.852639)
     Opos=(-0.075741, -0.357822, -0.596847)
     Onormal=(-0.108201, -0.511175, -0.852639)}

Vertex 2256 -0.069588 -0.547792 -0.833716
    {normal=(-0.069588, -0.547792, -0.833716)
     Opos=(-0.048712, -0.383454, -0.583601)
     Onormal=(-0.069588, -0.547792, -0.833716)}

Vertex 2257 -0.112814 -0.570430 -0.813562
    {normal=(-0.112814, -0.570430, -0.813562)
     Opos=(-0.078970, -0.399301, -0.569493)
     Onormal=(-0.112814, -0.570430, -0.813562)}

Vertex 2258 -0.820744 -0.566779 0.071707
    {normal=(-0.820744, -0.566779, 0.071707)
     Opos=(-0.574520, -0.396745, 0.050195)
     Onormal=(-0.820744, -0.566779, 0.071707)}

Vertex 2259 -0.869588 -0.483892 -0.098310
    {normal=(-0.869588, -0.483892, -0.098310)
     Opos=(-0.608712, -0.338724, -0.068817)
     Onormal=(-0.869588, -0.483892, -0.098310)}

Vertex 2260 -0.834044 -0.544664 -0.087814
    {normal=(-0.834044, -0.544664, -0.087814)
     Opos=(-0.583831, -0.381265, -0.061470)
     Onormal=(-0.834044, -0.544664, -0.087814)}

Vertex 2261 -0.801917 -0.571138 -0.175303
    {normal=(-0.801917, -0.571138, -0.175303)
     Opos=(-0.561342, -0.399796, -0.122712)
     Onormal=(-0.801917, -0.571138, -0.175303)}

Vertex 2262 -0.868862 -0.379280 -0.318161
    {normal=(-0.868862, -0.379280, -0.318161)
     Opos=(-0.608203, -0.265496, -0.222713)
     Onormal=(-0.868862, -0.379280, -0.318161)}

Vertex 2263 -0.866768 -0.425280 -0.260481
    {normal=(-0.866768, -0.425280, -0.260481)
     Opos=(-0.606738, -0.297696, -0.182337)
     Onormal=(-0.866768, -0.425280, -0.260481)}

Vertex 2264 -0.816815 -0.433189 -0.380999
    {normal=(-0.816815, -0.433189, -0.380999)
     Opos=(-0.571771, -0.303232, -0.266699)
     Onormal=(-0.816815, -0.433189, -0.380999)}

Vertex 2265 -0.802121 -0.545404 -0.243180
    {normal=(-0.802121, -0.545404, -0.243180)
     Opos=(-0.561485, -0.381783, -0.170226)
     Onormal=(-0.802121, -0.545404, -0.243180)}

Vertex 2266 -0.835592 -0.521624 -0.172323
    {normal=(-0.835592, -0.521624, -0.172323)
     Opos=(-0.584914, -0.365136, -0.120626)
     Onormal=(-0.835592, -0.521624, -0.172323)}

Vertex 2267 -0.828946 -0.488250 -0.272873
    {normal=(-0.828946, -0.488250, -0.272873)
     Opos=(-0.580262, -0.341775, -0.191011)
     Onormal=(-0.828946, -0.488250, -0.272873)}

Vertex 2268 -0.793709 -0.488674 -0.362248
    {normal=(-0.793709, -0.488674, -0.362248)
     Opos=(-0.555596, -0.342072, -0.253573)
     Onormal=(-0.793709, -0.488674, -0.362248)}

Vertex 2269 -0.682514 -0.677020 -0.275351
    {normal=(-0.682514, -0.677020, -0.275351)
     Opos=(-0.477760, -0.473914, -0.192746)
     Onormal=(-0.682514, -0.677020, -0.275351)}

Vertex 2270 -0.758132 -0.538210 -0.368193
    {normal=(-0.758132, -0.538210, -0.368193)
     Opos=(-0.530692, -0.376747, -0.257735)
     Onormal=(-0.758132, -0.538210, -0.368193)}

Vertex 2271 -0.763571 -0.489293 -0.421369
    {normal=(-0.763571, -0.489293, -0.421369)
     Opos=(-0.534500, -0.342505, -0.294958)
     Onormal=(-0.763571, -0.489293, -0.421369)}

Vertex 2272 -0.711140 -0.572325 -0.408318
    {normal=(-0.711140, -0.572325, -0.408318)
     Opos=(-0.497798, -0.400627, -0.285823)
     Onormal=(-0.711140, -0.572325, -0.408318)}

Vertex 2273 -0.732603 -0.614774 -0.292141
    {normal=(-0.732603, -0.614774, -0.292141)
     Opos=(-0.512822, -0.430342, -0.204499)
     Onormal=(-0.732603, -0.614774, -0.292141)}

Vertex 2274 -0.662735 -0.586992 -0.464997
    {normal=(-0.662735, -0.586992, -0.464997)
     Opos=(-0.463915, -0.410894, -0.325498)
     Onormal=(-0.662735, -0.586992, -0.464997)}

Vertex 2275 -0.640368 -0.704863 -0.305119
    {normal=(-0.640368, -0.704863, -0.305119)
     Opos=(-0.448257, -0.493404, -0.213583)
     Onormal=(-0.640368, -0.704863, -0.305119)}

Vertex 2276 -0.666727 -0.645344 -0.372837
    {normal=(-0.666727, -0.645344, -0.372837)
     Opos=(-0.466709, -0.451740, -0.260986)
     Onormal=(-0.666727, -0.645344, -0.372837)}

Vertex 2277 -0.623196 -0.684033 -0.379112
    {normal=(-0.623196, -0.684033, -0.379112)
     Opos=(-0.436237, -0.478823, -0.265379)
     Onormal=(-0.623196, -0.684033, -0.379112)}

Vertex 2278 -0.889725 -0.232846 -0.392647
    {normal=(-0.889725, -0.232846, -0.392647)
     Opos=(-0.622808, -0.162992, -0.274853)
     Onormal=(-0.889725, -0.232846, -0.392647)}

Vertex 2279 -0.862995 -0.225962 -0.451865
    {normal=(-0.862995, -0.225962, -0.451865)
     Opos=(-0.604096, -0.158174, -0.316305)
     Onormal=(-0.862995, -0.225962, -0.451865)}

Vertex 2280 -0.850574 -0.123509 -0.511145
    {normal=(-0.850574, -0.123509, -0.511145)
     Opos=(-0.595402, -0.086456, -0.357801)
     Onormal=(-0.850574, -0.123509, -0.511145)}

Vertex 2281 -0.810580 -0.174160 -0.559132
    {normal=(-0.810580, -0.174160, -0.559132)
     Opos=(-0.567406, -0.121912, -0.391393)
     Onormal=(-0.810580, -0.174160, -0.559132)}

Vertex 2282 -0.786871 -0.236142 -0.570150
    {normal=(-0.786871, -0.236142, -0.570150)
     Opos=(-0.550809, -0.165300, -0.399105)
     Onormal=(-0.786871, -0.236142, -0.570150)}

Vertex 2283 -0.834456 0.054324 -0.548390
    {normal=(-0.834456, 0.054324, -0.548390)
     Opos=(-0.584119, 0.038027, -0.383873)
     Onormal=(-0.834456, 0.054324, -0.548390)}

Vertex 2284 -0.806049 0.154141 -0.571424
    {normal=(-0.806049, 0.154141, -0.571424)
     Opos=(-0.564235, 0.107899, -0.399997)
     Onormal=(-0.806049, 0.154141, -0.571424)}

Vertex 2285 -0.785191 0.195558 -0.587565
    {normal=(-0.785191, 0.195558, -0.587565)
     Opos=(-0.549634, 0.136890, -0.411295)
     Onormal=(-0.785191, 0.195558, -0.587565)}

Vertex 2286 -0.754880 0.173992 -0.632363
    {normal=(-0.754880, 0.173992, -0.632363)
     Opos=(-0.528416, 0.121795, -0.442654)
     Onormal=(-0.754880, 0.173992, -0.632363)}

Vertex 2287 -0.781305 0.117749 -0.612941
    {normal=(-0.781305, 0.117749, -0.612941)
     Opos=(-0.546914, 0.082424, -0.429059)
     Onormal=(-0.781305, 0.117749, -0.612941)}

Vertex 2288 -0.807887 0.032305 -0.588451
    {normal=(-0.807887, 0.032305, -0.588451)
     Opos=(-0.565521, 0.022614, -0.411916)
     Onormal=(-0.807887, 0.032305, -0.588451)}

Vertex 2289 -0.779746 0.028787 -0.625434
    {normal=(-0.779746, 0.028787, -0.625434)
     Opos=(-0.545822, 0.020151, -0.437804)
     Onormal=(-0.779746, 0.028787, -0.625434)}

Vertex 2290 -0.765498 0.094174 -0.636510
    {normal=(-0.765498, 0.094174, -0.636510)
     Opos=(-0.535848, 0.065922, -0.445557)
     Onormal=(-0.765498, 0.094174, -0.636510)}

Vertex 2291 -0.752202 0.135462 -0.644858
    {normal=(-0.752202, 0.135462, -0.644858)
     Opos=(-0.526541, 0.094824, -0.451401)
     Onormal=(-0.752202, 0.135462, -0.644858)}

Vertex 2292 -0.738082 0.094129 -0.668113
    {normal=(-0.738082, 0.094129, -0.668113)
     Opos=(-0.516657, 0.065891, -0.467679)
     Onormal=(-0.738082, 0.094129, -0.668113)}

Vertex 2293 -0.719059 0.055352 -0.692742
    {normal=(-0.719059, 0.055352, -0.692742)
     Opos=(-0.503341, 0.038746, -0.484919)
     Onormal=(-0.719059, 0.055352, -0.692742)}

Vertex 2294 -0.700599 0.018064 -0.713327
    {normal=(-0.700599, 0.018064, -0.713327)
     Opos=(-0.490419, 0.012645, -0.499329)
     Onormal=(-0.700599, 0.018064, -0.713327)}

Vertex 2295 -0.706497 -0.195370 -0.680215
    {normal=(-0.706497, -0.195370, -0.680215)
     Opos=(-0.494548, -0.136759, -0.476150)
     Onormal=(-0.706497, -0.195370, -0.680215)}

Vertex 2296 -0.826572 -0.102447 -0.553428
    {normal=(-0.826572, -0.102447, -0.553428)
     Opos=(-0.578601, -0.071713, -0.387400)
     Onormal=(-0.826572, -0.102447, -0.553428)}

Vertex 2297 -0.736109 -0.131190 -0.664027
    {normal=(-0.736109, -0.131190, -0.664027)
     Opos=(-0.515276, -0.091833, -0.464819)
     Onormal=(-0.736109, -0.131190, -0.664027)}

Vertex 2298 -0.720864 -0.033819 -0.692251
    {normal=(-0.720864, -0.033819, -0.692251)
     Opos=(-0.504605, -0.023673, -0.484576)
     Onormal=(-0.720864, -0.033819, -0.692251)}

Vertex 2299 -0.676403 -0.041797 -0.735345
    {normal=(-0.676403, -0.041797, -0.735345)
     Opos=(-0.473482, -0.029258, -0.514742)
     Onormal=(-0.676403, -0.041797, -0.735345)}

Vertex 2300 -0.704779 -0.133836 -0.696688
    {normal=(-0.704779, -0.133836, -0.696688)
     Opos=(-0.493345, -0.093685, -0.487682)
     Onormal=(-0.704779, -0.133836, -0.696688)}

Vertex 2301 -0.674411 -0.088258 -0.733063
    {normal=(-0.674411, -0.088258, -0.733063)
     Opos=(-0.472087, -0.061781, -0.513144)
     Onormal=(-0.674411, -0.088258, -0.733063)}

Vertex 2302 -0.643451 -0.175963 -0.744988
    {normal=(-0.643451, -0.175963, -0.744988)
     Opos=(-0.450416, -0.123174, -0.521492)
     Onormal=(-0.643451, -0.175963, -0.744988)}

Vertex 2303 -0.597056 -0.164927 -0.785063
    {normal=(-0.597056, -0.164927, -0.785063)
     Opos=(-0.417939, -0.115449, -0.549544)
     Onormal=(-0.597056, -0.164927, -0.785063)}

Vertex 2304 -0.682198 -0.542399 -0.490315
    {normal=(-0.682198, -0.542399, -0.490315)
     Opos=(-0.477538, -0.379680, -0.343221)
     Onormal=(-0.682198, -0.542399, -0.490315)}

Vertex 2305 -0.713390 -0.535581 -0.451916
    {normal=(-0.713390, -0.535581, -0.451916)
     Opos=(-0.499373, -0.374906, -0.316341)
     Onormal=(-0.713390, -0.535581, -0.451916)}

Vertex 2306 -0.670061 -0.519755 -0.529974
    {normal=(-0.670061, -0.519755, -0.529974)
     Opos=(-0.469043, -0.363829, -0.370982)
     Onormal=(-0.670061, -0.519755, -0.529974)}

Vertex 2307 -0.570226 -0.595121 -0.566280
    {normal=(-0.570226, -0.595121, -0.566280)
     Opos=(-0.399158, -0.416585, -0.396396)
     Onormal=(-0.570226, -0.595121, -0.566280)}

Vertex 2308 -0.637481 -0.563959 -0.524946
    {normal=(-0.637481, -0.563959, -0.524946)
     Opos=(-0.446237, -0.394772, -0.367462)
     Onormal=(-0.637481, -0.563959, -0.524946)}

Vertex 2309 -0.624970 -0.525105 -0.577648
    {normal=(-0.624970, -0.525105, -0.577648)
     Opos=(-0.437479, -0.367574, -0.404353)
     Onormal=(-0.624970, -0.525105, -0.577648)}

Vertex 2310 -0.552812 -0.533706 -0.639966
    {normal=(-0.552812, -0.533706, -0.639966)
     Opos=(-0.386968, -0.373595, -0.447976)
     Onormal=(-0.552812, -0.533706, -0.639966)}

Vertex 2311 -0.832956 -0.362238 -0.418292
    {normal=(-0.832956, -0.362238, -0.418292)
     Opos=(-0.583069, -0.253567, -0.292804)
     Onormal=(-0.832956, -0.362238, -0.418292)}

Vertex 2312 -0.861891 -0.339312 -0.376845
    {normal=(-0.861891, -0.339312, -0.376845)
     Opos=(-0.603323, -0.237518, -0.263791)
     Onormal=(-0.861891, -0.339312, -0.376845)}

Vertex 2313 -0.759239 -0.283030 -0.586046
    {normal=(-0.759239, -0.283030, -0.586046)
     Opos=(-0.531467, -0.198121, -0.410232)
     Onormal=(-0.759239, -0.283030, -0.586046)}

Vertex 2314 -0.506361 -0.477500 -0.718047
    {normal=(-0.506361, -0.477500, -0.718047)
     Opos=(-0.354453, -0.334250, -0.502633)
     Onormal=(-0.506361, -0.477500, -0.718047)}

Vertex 2315 -0.651308 -0.425779 -0.628100
    {normal=(-0.651308, -0.425779, -0.628100)
     Opos=(-0.455916, -0.298045, -0.439670)
     Onormal=(-0.651308, -0.425779, -0.628100)}

Vertex 2316 -0.594449 -0.409646 -0.691968
    {normal=(-0.594449, -0.409646, -0.691968)
     Opos=(-0.416115, -0.286752, -0.484378)
     Onormal=(-0.594449, -0.409646, -0.691968)}

Vertex 2317 -0.710415 -0.397595 -0.580714
    {normal=(-0.710415, -0.397595, -0.580714)
     Opos=(-0.497291, -0.278317, -0.406500)
     Onormal=(-0.710415, -0.397595, -0.580714)}

Vertex 2318 -0.707396 -0.350516 -0.613783
    {normal=(-0.707396, -0.350516, -0.613783)
     Opos=(-0.495177, -0.245361, -0.429648)
     Onormal=(-0.707396, -0.350516, -0.613783)}

Vertex 2319 -0.674410 -0.249062 -0.695083
    {normal=(-0.674410, -0.249062, -0.695083)
     Opos=(-0.472087, -0.174343, -0.486558)
     Onormal=(-0.674410, -0.249062, -0.695083)}

Vertex 2320 -0.458303 -0.256620 -0.850943
    {normal=(-0.458303, -0.256620, -0.850943)
     Opos=(-0.320812, -0.179634, -0.595660)
     Onormal=(-0.458303, -0.256620, -0.850943)}

Vertex 2321 -0.497608 -0.652153 -0.571911
    {normal=(-0.497608, -0.652153, -0.571911)
     Opos=(-0.348326, -0.456507, -0.400338)
     Onormal=(-0.497608, -0.652153, -0.571911)}

Vertex 2322 -0.425986 -0.637731 -0.641743
    {normal=(-0.425986, -0.637731, -0.641743)
     Opos=(-0.298190, -0.446412, -0.449220)
     Onormal=(-0.425986, -0.637731, -0.641743)}

Vertex 2323 -0.378905 -0.603141 -0.701891
    {normal=(-0.378905, -0.603141, -0.701891)
     Opos=(-0.265234, -0.422199, -0.491324)
     Onormal=(-0.378905, -0.603141, -0.701891)}

Vertex 2324 -0.360193 -0.649700 -0.669441
    {normal=(-0.360193, -0.649700, -0.669441)
     Opos=(-0.252135, -0.454790, -0.468609)
     Onormal=(-0.360193, -0.649700, -0.669441)}

Vertex 2325 -0.307670 -0.657477 -0.687796
    {normal=(-0.307670, -0.657477, -0.687796)
     Opos=(-0.215369, -0.460234, -0.481457)
     Onormal=(-0.307670, -0.657477, -0.687796)}

Vertex 2326 -0.407265 -0.474806 -0.780189
    {normal=(-0.407265, -0.474806, -0.780189)
     Opos=(-0.285085, -0.332364, -0.546132)
     Onormal=(-0.407265, -0.474806, -0.780189)}

Vertex 2327 -0.253640 -0.651815 -0.714706
    {normal=(-0.253640, -0.651815, -0.714706)
     Opos=(-0.177548, -0.456270, -0.500294)
     Onormal=(-0.253640, -0.651815, -0.714706)}

Vertex 2328 -0.265808 -0.596371 -0.757422
    {normal=(-0.265808, -0.596371, -0.757422)
     Opos=(-0.186065, -0.417460, -0.530195)
     Onormal=(-0.265808, -0.596371, -0.757422)}

Vertex 2329 -0.415356 -0.526157 -0.742050
    {normal=(-0.415356, -0.526157, -0.742050)
     Opos=(-0.290749, -0.368310, -0.519435)
     Onormal=(-0.415356, -0.526157, -0.742050)}

Vertex 2330 -0.348654 -0.522362 -0.778189
    {normal=(-0.348654, -0.522362, -0.778189)
     Opos=(-0.244058, -0.365654, -0.544732)
     Onormal=(-0.348654, -0.522362, -0.778189)}

Vertex 2331 -0.218429 -0.607433 -0.763750
    {normal=(-0.218429, -0.607433, -0.763750)
     Opos=(-0.152901, -0.425203, -0.534625)
     Onormal=(-0.218429, -0.607433, -0.763750)}

Vertex 2332 -0.200748 -0.654097 -0.729285
    {normal=(-0.200748, -0.654097, -0.729285)
     Opos=(-0.140524, -0.457868, -0.510500)
     Onormal=(-0.200748, -0.654097, -0.729285)}

Vertex 2333 -0.203570 -0.566884 -0.798249
    {normal=(-0.203570, -0.566884, -0.798249)
     Opos=(-0.142499, -0.396819, -0.558775)
     Onormal=(-0.203570, -0.566884, -0.798249)}

Vertex 2334 -0.170789 -0.621231 -0.764790
    {normal=(-0.170789, -0.621231, -0.764790)
     Opos=(-0.119552, -0.434862, -0.535353)
     Onormal=(-0.170789, -0.621231, -0.764790)}

Vertex 2335 -0.158369 -0.587321 -0.793709
    {normal=(-0.158369, -0.587321, -0.793709)
     Opos=(-0.110858, -0.411124, -0.555596)
     Onormal=(-0.158369, -0.587321, -0.793709)}

Vertex 2336 -0.123411 -0.612006 -0.781165
    {normal=(-0.123411, -0.612006, -0.781165)
     Opos=(-0.086388, -0.428404, -0.546815)
     Onormal=(-0.123411, -0.612006, -0.781165)}

Vertex 2337 -0.785894 -0.612412 0.085572
    {normal=(-0.785894, -0.612412, 0.085572)
     Opos=(-0.550126, -0.428688, 0.059900)
     Onormal=(-0.785894, -0.612412, 0.085572)}

Vertex 2338 -0.731730 -0.681594 0.000415
    {normal=(-0.731730, -0.681594, 0.000415)
     Opos=(-0.512211, -0.477116, 0.000291)
     Onormal=(-0.731730, -0.681594, 0.000415)}

Vertex 2339 -0.738873 -0.669225 0.078768
    {normal=(-0.738873, -0.669225, 0.078768)
     Opos=(-0.517211, -0.468457, 0.055137)
     Onormal=(-0.738873, -0.669225, 0.078768)}

Vertex 2340 -0.649367 -0.749405 0.129284
    {normal=(-0.649367, -0.749405, 0.129284)
     Opos=(-0.454557, -0.524584, 0.090499)
     Onormal=(-0.649367, -0.749405, 0.129284)}

Vertex 2341 -0.720423 -0.665246 -0.196057
    {normal=(-0.720423, -0.665246, -0.196057)
     Opos=(-0.504296, -0.465672, -0.137240)
     Onormal=(-0.720423, -0.665246, -0.196057)}

Vertex 2342 -0.582566 -0.731225 -0.354862
    {normal=(-0.582566, -0.731225, -0.354862)
     Opos=(-0.407796, -0.511857, -0.248404)
     Onormal=(-0.582566, -0.731225, -0.354862)}

Vertex 2343 -0.667279 -0.718455 -0.196371
    {normal=(-0.667279, -0.718455, -0.196371)
     Opos=(-0.467095, -0.502919, -0.137460)
     Onormal=(-0.667279, -0.718455, -0.196371)}

Vertex 2344 -0.594417 -0.773684 -0.219274
    {normal=(-0.594417, -0.773684, -0.219274)
     Opos=(-0.416092, -0.541579, -0.153492)
     Onormal=(-0.594417, -0.773684, -0.219274)}

Vertex 2345 -0.532463 -0.816731 -0.222339
    {normal=(-0.532463, -0.816731, -0.222339)
     Opos=(-0.372724, -0.571711, -0.155638)
     Onormal=(-0.532463, -0.816731, -0.222339)}

Vertex 2346 -0.644346 -0.763919 0.035308
    {normal=(-0.644346, -0.763919, 0.035308)
     Opos=(-0.451042, -0.534743, 0.024715)
     Onormal=(-0.644346, -0.763919, 0.035308)}

Vertex 2347 -0.603889 -0.796904 -0.016188
    {normal=(-0.603889, -0.796904, -0.016188)
     Opos=(-0.422722, -0.557833, -0.011332)
     Onormal=(-0.603889, -0.796904, -0.016188)}

Vertex 2348 -0.738719 -0.671895 -0.053403
    {normal=(-0.738719, -0.671895, -0.053403)
     Opos=(-0.517103, -0.470326, -0.037382)
     Onormal=(-0.738719, -0.671895, -0.053403)}

Vertex 2349 -0.664001 -0.737901 -0.120851
    {normal=(-0.664001, -0.737901, -0.120851)
     Opos=(-0.464801, -0.516531, -0.084596)
     Onormal=(-0.664001, -0.737901, -0.120851)}

Vertex 2350 -0.630210 -0.770786 -0.093404
    {normal=(-0.630210, -0.770786, -0.093404)
     Opos=(-0.441147, -0.539550, -0.065383)
     Onormal=(-0.630210, -0.770786, -0.093404)}

Vertex 2351 -0.576091 -0.811029 -0.101740
    {normal=(-0.576091, -0.811029, -0.101740)
     Opos=(-0.403264, -0.567720, -0.071218)
     Onormal=(-0.576091, -0.811029, -0.101740)}

Vertex 2352 -0.528645 -0.840693 -0.117344
    {normal=(-0.528645, -0.840693, -0.117344)
     Opos=(-0.370052, -0.588485, -0.082141)
     Onormal=(-0.528645, -0.840693, -0.117344)}

Vertex 2353 -0.639022 -0.764699 0.082983
    {normal=(-0.639022, -0.764699, 0.082983)
     Opos=(-0.447316, -0.535289, 0.058088)
     Onormal=(-0.639022, -0.764699, 0.082983)}

Vertex 2354 -0.547061 -0.833766 0.074554
    {normal=(-0.547061, -0.833766, 0.074554)
     Opos=(-0.382943, -0.583636, 0.052187)
     Onormal=(-0.547061, -0.833766, 0.074554)}

Vertex 2355 -0.592850 -0.797031 0.115198
    {normal=(-0.592850, -0.797031, 0.115198)
     Opos=(-0.414995, -0.557922, 0.080639)
     Onormal=(-0.592850, -0.797031, 0.115198)}

Vertex 2356 -0.513811 -0.855891 -0.058725
    {normal=(-0.513811, -0.855891, -0.058725)
     Opos=(-0.359668, -0.599124, -0.041108)
     Onormal=(-0.513811, -0.855891, -0.058725)}

Vertex 2357 -0.447076 -0.892985 0.051972
    {normal=(-0.447076, -0.892985, 0.051972)
     Opos=(-0.312953, -0.625089, 0.036380)
     Onormal=(-0.447076, -0.892985, 0.051972)}

Vertex 2358 -0.324450 -0.742091 -0.586543
    {normal=(-0.324450, -0.742091, -0.586543)
     Opos=(-0.227115, -0.519464, -0.410580)
     Onormal=(-0.324450, -0.742091, -0.586543)}

Vertex 2359 -0.414950 -0.769059 -0.486174
    {normal=(-0.414950, -0.769059, -0.486174)
     Opos=(-0.290465, -0.538341, -0.340321)
     Onormal=(-0.414950, -0.769059, -0.486174)}

Vertex 2360 -0.321502 -0.802130 -0.503214
    {normal=(-0.321502, -0.802130, -0.503214)
     Opos=(-0.225052, -0.561491, -0.352250)
     Onormal=(-0.321502, -0.802130, -0.503214)}

Vertex 2361 -0.340936 -0.833550 -0.434692
    {normal=(-0.340936, -0.833550, -0.434692)
     Opos=(-0.238655, -0.583485, -0.304284)
     Onormal=(-0.340936, -0.833550, -0.434692)}

Vertex 2362 -0.210641 -0.701962 -0.680352
    {normal=(-0.210641, -0.701962, -0.680352)
     Opos=(-0.147449, -0.491374, -0.476247)
     Onormal=(-0.210641, -0.701962, -0.680352)}

Vertex 2363 -0.144247 -0.654682 -0.742014
    {normal=(-0.144247, -0.654682, -0.742014)
     Opos=(-0.100973, -0.458277, -0.519409)
     Onormal=(-0.144247, -0.654682, -0.742014)}

Vertex 2364 -0.159967 -0.681595 -0.714029
    {normal=(-0.159967, -0.681595, -0.714029)
     Opos=(-0.111977, -0.477117, -0.499821)
     Onormal=(-0.159967, -0.681595, -0.714029)}

Vertex 2365 -0.126502 -0.721355 -0.680914
    {normal=(-0.126502, -0.721355, -0.680914)
     Opos=(-0.088551, -0.504949, -0.476640)
     Onormal=(-0.126502, -0.721355, -0.680914)}

Vertex 2366 -0.090610 -0.783238 -0.615084
    {normal=(-0.090610, -0.783238, -0.615084)
     Opos=(-0.063427, -0.548267, -0.430558)
     Onormal=(-0.090610, -0.783238, -0.615084)}

Vertex 2367 -0.187002 -0.860308 -0.474236
    {normal=(-0.187002, -0.860308, -0.474236)
     Opos=(-0.130901, -0.602216, -0.331965)
     Onormal=(-0.187002, -0.860308, -0.474236)}

Vertex 2368 -0.259071 -0.807578 -0.529811
    {normal=(-0.259071, -0.807578, -0.529811)
     Opos=(-0.181350, -0.565305, -0.370867)
     Onormal=(-0.259071, -0.807578, -0.529811)}

Vertex 2369 -0.253475 -0.726128 -0.639131
    {normal=(-0.253475, -0.726128, -0.639131)
     Opos=(-0.177432, -0.508290, -0.447392)
     Onormal=(-0.253475, -0.726128, -0.639131)}

Vertex 2370 -0.197031 -0.754413 -0.626131
    {normal=(-0.197031, -0.754413, -0.626131)
     Opos=(-0.137922, -0.528089, -0.438291)
     Onormal=(-0.197031, -0.754413, -0.626131)}

Vertex 2371 -0.252105 -0.876413 -0.410295
    {normal=(-0.252105, -0.876413, -0.410295)
     Opos=(-0.176474, -0.613489, -0.287207)
     Onormal=(-0.252105, -0.876413, -0.410295)}

Vertex 2372 -0.105014 -0.879536 -0.464100
    {normal=(-0.105014, -0.879536, -0.464100)
     Opos=(-0.073510, -0.615675, -0.324870)
     Onormal=(-0.105014, -0.879536, -0.464100)}

Vertex 2373 -0.082982 -0.916520 -0.391285
    {normal=(-0.082982, -0.916520, -0.391285)
     Opos=(-0.058088, -0.641564, -0.273900)
     Onormal=(-0.082982, -0.916520, -0.391285)}

Vertex 2374 -0.047722 -0.894228 -0.445060
    {normal=(-0.047722, -0.894228, -0.445060)
     Opos=(-0.033405, -0.625960, -0.311542)
     Onormal=(-0.047722, -0.894228, -0.445060)}

Vertex 2375 -0.045486 -0.940171 -0.337654
    {normal=(-0.045486, -0.940171, -0.337654)
     Opos=(-0.031840, -0.658120, -0.236358)
     Onormal=(-0.045486, -0.940171, -0.337654)}

Vertex 2376 -0.411296 -0.901942 0.131670
    {normal=(-0.411296, -0.901942, 0.131670)
     Opos=(-0.287907, -0.631359, 0.092169)
     Onormal=(-0.411296, -0.901942, 0.131670)}

Vertex 2377 -0.380330 -0.924844 0.003604
    {normal=(-0.380330, -0.924844, 0.003604)
     Opos=(-0.266231, -0.647391, 0.002523)
     Onormal=(-0.380330, -0.924844, 0.003604)}

Vertex 2378 -0.477331 -0.873341 -0.097113
    {normal=(-0.477331, -0.873341, -0.097113)
     Opos=(-0.334132, -0.611338, -0.067979)
     Onormal=(-0.477331, -0.873341, -0.097113)}

Vertex 2379 -0.414312 -0.908315 -0.057529
    {normal=(-0.414312, -0.908315, -0.057529)
     Opos=(-0.290018, -0.635820, -0.040270)
     Onormal=(-0.414312, -0.908315, -0.057529)}

Vertex 2380 -0.422026 -0.900112 -0.108132
    {normal=(-0.422026, -0.900112, -0.108132)
     Opos=(-0.295418, -0.630078, -0.075692)
     Onormal=(-0.422026, -0.900112, -0.108132)}

Vertex 2381 -0.284584 -0.958606 0.009318
    {normal=(-0.284584, -0.958606, 0.009318)
     Opos=(-0.199209, -0.671024, 0.006523)
     Onormal=(-0.284584, -0.958606, 0.009318)}

Vertex 2382 -0.336116 -0.941204 -0.034069
    {normal=(-0.336116, -0.941204, -0.034069)
     Opos=(-0.235281, -0.658843, -0.023848)
     Onormal=(-0.336116, -0.941204, -0.034069)}

Vertex 2383 -0.303452 -0.947991 -0.096072
    {normal=(-0.303452, -0.947991, -0.096072)
     Opos=(-0.212416, -0.663594, -0.067251)
     Onormal=(-0.303452, -0.947991, -0.096072)}

Vertex 2384 -0.444633 -0.849667 -0.283491
    {normal=(-0.444633, -0.849667, -0.283491)
     Opos=(-0.311243, -0.594767, -0.198443)
     Onormal=(-0.444633, -0.849667, -0.283491)}

Vertex 2385 -0.470994 -0.850501 -0.234122
    {normal=(-0.470994, -0.850501, -0.234122)
     Opos=(-0.329696, -0.595351, -0.163886)
     Onormal=(-0.470994, -0.850501, -0.234122)}

Vertex 2386 -0.502440 -0.806990 -0.310356
    {normal=(-0.502440, -0.806990, -0.310356)
     Opos=(-0.351708, -0.564893, -0.217249)
     Onormal=(-0.502440, -0.806990, -0.310356)}

Vertex 2387 -0.368823 -0.880831 -0.296827
    {normal=(-0.368823, -0.880831, -0.296827)
     Opos=(-0.258176, -0.616582, -0.207779)
     Onormal=(-0.368823, -0.880831, -0.296827)}

Vertex 2388 -0.389705 -0.825059 -0.409155
    {normal=(-0.389705, -0.825059, -0.409155)
     Opos=(-0.272794, -0.577541, -0.286409)
     Onormal=(-0.389705, -0.825059, -0.409155)}

Vertex 2389 -0.360295 -0.864755 -0.349838
    {normal=(-0.360295, -0.864755, -0.349838)
     Opos=(-0.252206, -0.605328, -0.244887)
     Onormal=(-0.360295, -0.864755, -0.349838)}

Vertex 2390 -0.313501 -0.938315 -0.145882
    {normal=(-0.313501, -0.938315, -0.145882)
     Opos=(-0.219450, -0.656821, -0.102117)
     Onormal=(-0.313501, -0.938315, -0.145882)}

Vertex 2391 -0.270755 -0.943326 -0.191906
    {normal=(-0.270755, -0.943326, -0.191906)
     Opos=(-0.189528, -0.660328, -0.134334)
     Onormal=(-0.270755, -0.943326, -0.191906)}

Vertex 2392 -0.219959 -0.956256 -0.192852
    {normal=(-0.219959, -0.956256, -0.192852)
     Opos=(-0.153971, -0.669379, -0.134996)
     Onormal=(-0.219959, -0.956256, -0.192852)}

Vertex 2393 -0.466178 -0.868615 -0.167889
    {normal=(-0.466178, -0.868615, -0.167889)
     Opos=(-0.326324, -0.608030, -0.117522)
     Onormal=(-0.466178, -0.868615, -0.167889)}

Vertex 2394 -0.381619 -0.890651 -0.247199
    {normal=(-0.381619, -0.890651, -0.247199)
     Opos=(-0.267133, -0.623456, -0.173039)
     Onormal=(-0.381619, -0.890651, -0.247199)}

Vertex 2395 -0.235381 -0.940375 -0.245541
    {normal=(-0.235381, -0.940375, -0.245541)
     Opos=(-0.164767, -0.658263, -0.171879)
     Onormal=(-0.235381, -0.940375, -0.245541)}

Vertex 2396 -0.298281 -0.923893 -0.239688
    {normal=(-0.298281, -0.923893, -0.239688)
     Opos=(-0.208796, -0.646725, -0.167782)
     Onormal=(-0.298281, -0.923893, -0.239688)}

Vertex 2397 -0.297295 -0.909171 -0.291589
    {normal=(-0.297295, -0.909171, -0.291589)
     Opos=(-0.208106, -0.636420, -0.204112)
     Onormal=(-0.297295, -0.909171, -0.291589)}

Vertex 2398 -0.190091 -0.971323 -0.142816
    {normal=(-0.190091, -0.971323, -0.142816)
     Opos=(-0.133063, -0.679926, -0.099971)
     Onormal=(-0.190091, -0.971323, -0.142816)}

Vertex 2399 -0.142421 -0.975083 -0.170088
    {normal=(-0.142421, -0.975083, -0.170088)
     Opos=(-0.099694, -0.682558, -0.119062)
     Onormal=(-0.142421, -0.975083, -0.170088)}

Vertex 2400 -0.098334 -0.981818 -0.162372
    {normal=(-0.098334, -0.981818, -0.162372)
     Opos=(-0.068833, -0.687272, -0.113661)
     Onormal=(-0.098334, -0.981818, -0.162372)}

Vertex 2401 -0.178249 -0.950331 -0.255146
    {normal=(-0.178249, -0.950331, -0.255146)
     Opos=(-0.124774, -0.665231, -0.178602)
     Onormal=(-0.178249, -0.950331, -0.255146)}

Vertex 2402 -0.214583 -0.908204 -0.359332
    {normal=(-0.214583, -0.908204, -0.359332)
     Opos=(-0.150208, -0.635743, -0.251533)
     Onormal=(-0.214583, -0.908204, -0.359332)}

Vertex 2403 -0.216173 -0.926798 -0.307106
    {normal=(-0.216173, -0.926798, -0.307106)
     Opos=(-0.151321, -0.648759, -0.214975)
     Onormal=(-0.216173, -0.926798, -0.307106)}

Vertex 2404 -0.121069 -0.938151 -0.324368
    {normal=(-0.121069, -0.938151, -0.324368)
     Opos=(-0.084749, -0.656706, -0.227058)
     Onormal=(-0.121069, -0.938151, -0.324368)}

Vertex 2405 -0.112596 -0.957024 -0.267260
    {normal=(-0.112596, -0.957024, -0.267260)
     Opos=(-0.078817, -0.669917, -0.187082)
     Onormal=(-0.112596, -0.957024, -0.267260)}

Vertex 2406 -0.234745 -0.972041 -0.005527
    {normal=(-0.234745, -0.972041, -0.005527)
     Opos=(-0.164322, -0.680429, -0.003869)
     Onormal=(-0.234745, -0.972041, -0.005527)}

Vertex 2407 -0.211661 -0.976525 0.039972
    {normal=(-0.211661, -0.976525, 0.039972)
     Opos=(-0.148162, -0.683568, 0.027981)
     Onormal=(-0.211661, -0.976525, 0.039972)}

Vertex 2408 -0.251209 -0.965409 0.069852
    {normal=(-0.251209, -0.965409, 0.069852)
     Opos=(-0.175846, -0.675786, 0.048896)
     Onormal=(-0.251209, -0.965409, 0.069852)}

Vertex 2409 -0.154704 -0.981569 -0.112198
    {normal=(-0.154704, -0.981569, -0.112198)
     Opos=(-0.108293, -0.687099, -0.078538)
     Onormal=(-0.154704, -0.981569, -0.112198)}

Vertex 2410 -0.144235 -0.987972 -0.055745
    {normal=(-0.144235, -0.987972, -0.055745)
     Opos=(-0.100964, -0.691580, -0.039022)
     Onormal=(-0.144235, -0.987972, -0.055745)}

Vertex 2411 -0.084302 -0.995872 -0.033651
    {normal=(-0.084302, -0.995872, -0.033651)
     Opos=(-0.059011, -0.697110, -0.023556)
     Onormal=(-0.084302, -0.995872, -0.033651)}

Vertex 2412 -0.034194 -0.993025 -0.112836
    {normal=(-0.034194, -0.993025, -0.112836)
     Opos=(-0.023935, -0.695118, -0.078985)
     Onormal=(-0.034194, -0.993025, -0.112836)}

Vertex 2413 -0.066526 -0.997732 0.010278
    {normal=(-0.066526, -0.997732, 0.010278)
     Opos=(-0.046569, -0.698412, 0.007195)
     Onormal=(-0.066526, -0.997732, 0.010278)}

Vertex 2414 -0.138607 -0.986724 0.084637
    {normal=(-0.138607, -0.986724, 0.084637)
     Opos=(-0.097025, -0.690707, 0.059246)
     Onormal=(-0.138607, -0.986724, 0.084637)}

Vertex 2415 -0.139164 -0.990231 -0.008686
    {normal=(-0.139164, -0.990231, -0.008686)
     Opos=(-0.097415, -0.693162, -0.006080)
     Onormal=(-0.139164, -0.990231, -0.008686)}

Vertex 2416 -0.949189 0.313583 0.026570
    {normal=(-0.949189, 0.313583, 0.026570)
     Opos=(-0.664432, 0.219508, 0.018599)
     Onormal=(-0.949189, 0.313583, 0.026570)}

Vertex 2417 -0.640960 0.754097 0.143206
    {normal=(-0.640960, 0.754097, 0.143206)
     Opos=(-0.448672, 0.527868, 0.100244)
     Onormal=(-0.640960, 0.754097, 0.143206)}

Vertex 2418 -0.709452 0.701721 0.065309
    {normal=(-0.709452, 0.701721, 0.065309)
     Opos=(-0.496617, 0.491205, 0.045716)
     Onormal=(-0.709452, 0.701721, 0.065309)}

Vertex 2419 -0.816420 0.577394 -0.008677
    {normal=(-0.816420, 0.577394, -0.008677)
     Opos=(-0.571494, 0.404176, -0.006074)
     Onormal=(-0.816420, 0.577394, -0.008677)}

Vertex 2420 -0.794980 0.592521 0.130100
    {normal=(-0.794980, 0.592521, 0.130100)
     Opos=(-0.556486, 0.414764, 0.091070)
     Onormal=(-0.794980, 0.592521, 0.130100)}

Vertex 2421 -0.759564 0.634926 0.141180
    {normal=(-0.759564, 0.634926, 0.141180)
     Opos=(-0.531695, 0.444448, 0.098826)
     Onormal=(-0.759564, 0.634926, 0.141180)}

Vertex 2422 -0.742832 0.669113 -0.022091
    {normal=(-0.742832, 0.669113, -0.022091)
     Opos=(-0.519983, 0.468379, -0.015464)
     Onormal=(-0.742832, 0.669113, -0.022091)}

Vertex 2423 -0.768893 0.630374 -0.106917
    {normal=(-0.768893, 0.630374, -0.106917)
     Opos=(-0.538225, 0.441262, -0.074842)
     Onormal=(-0.768893, 0.630374, -0.106917)}

Vertex 2424 -0.899718 0.435669 -0.026481
    {normal=(-0.899718, 0.435669, -0.026481)
     Opos=(-0.629802, 0.304968, -0.018537)
     Onormal=(-0.899718, 0.435669, -0.026481)}

Vertex 2425 -0.934386 0.183007 -0.305665
    {normal=(-0.934386, 0.183007, -0.305665)
     Opos=(-0.654070, 0.128105, -0.213966)
     Onormal=(-0.934386, 0.183007, -0.305665)}

Vertex 2426 -0.886643 0.443481 -0.131101
    {normal=(-0.886643, 0.443481, -0.131101)
     Opos=(-0.620650, 0.310437, -0.091771)
     Onormal=(-0.886643, 0.443481, -0.131101)}

Vertex 2427 -0.829828 0.522262 -0.196538
    {normal=(-0.829828, 0.522262, -0.196538)
     Opos=(-0.580880, 0.365583, -0.137577)
     Onormal=(-0.829828, 0.522262, -0.196538)}

Vertex 2428 -0.847782 0.464889 -0.255233
    {normal=(-0.847782, 0.464889, -0.255233)
     Opos=(-0.593447, 0.325423, -0.178663)
     Onormal=(-0.847782, 0.464889, -0.255233)}

Vertex 2429 -0.829605 0.398339 -0.391257
    {normal=(-0.829605, 0.398339, -0.391257)
     Opos=(-0.580723, 0.278838, -0.273880)
     Onormal=(-0.829605, 0.398339, -0.391257)}

Vertex 2430 -0.847838 0.256607 -0.464031
    {normal=(-0.847838, 0.256607, -0.464031)
     Opos=(-0.593486, 0.179625, -0.324822)
     Onormal=(-0.847838, 0.256607, -0.464031)}

Vertex 2431 -0.873602 0.230901 -0.428374
    {normal=(-0.873602, 0.230901, -0.428374)
     Opos=(-0.611521, 0.161631, -0.299861)
     Onormal=(-0.873602, 0.230901, -0.428374)}

Vertex 2432 -0.308941 0.925187 0.220419
    {normal=(-0.308941, 0.925187, 0.220419)
     Opos=(-0.216258, 0.647631, 0.154293)
     Onormal=(-0.308941, 0.925187, 0.220419)}

Vertex 2433 -0.388293 0.905522 0.171053
    {normal=(-0.388293, 0.905522, 0.171053)
     Opos=(-0.271805, 0.633865, 0.119737)
     Onormal=(-0.388293, 0.905522, 0.171053)}

Vertex 2434 -0.474329 0.873693 0.108035
    {normal=(-0.474329, 0.873693, 0.108035)
     Opos=(-0.332031, 0.611585, 0.075624)
     Onormal=(-0.474329, 0.873693, 0.108035)}

Vertex 2435 -0.460084 0.866092 0.195466
    {normal=(-0.460084, 0.866092, 0.195466)
     Opos=(-0.322059, 0.606265, 0.136826)
     Onormal=(-0.460084, 0.866092, 0.195466)}

Vertex 2436 -0.468154 0.881812 0.056913
    {normal=(-0.468154, 0.881812, 0.056913)
     Opos=(-0.327708, 0.617269, 0.039839)
     Onormal=(-0.468154, 0.881812, 0.056913)}

Vertex 2437 -0.451966 0.891943 0.012850
    {normal=(-0.451966, 0.891943, 0.012850)
     Opos=(-0.316376, 0.624360, 0.008995)
     Onormal=(-0.451966, 0.891943, 0.012850)}

Vertex 2438 -0.432610 0.900710 0.039616
    {normal=(-0.432610, 0.900710, 0.039616)
     Opos=(-0.302827, 0.630497, 0.027731)
     Onormal=(-0.432610, 0.900710, 0.039616)}

Vertex 2439 -0.414686 0.909938 -0.006913
    {normal=(-0.414686, 0.909938, -0.006913)
     Opos=(-0.290280, 0.636957, -0.004839)
     Onormal=(-0.414686, 0.909938, -0.006913)}

Vertex 2440 -0.407820 0.911982 -0.044404
    {normal=(-0.407820, 0.911982, -0.044404)
     Opos=(-0.285474, 0.638388, -0.031083)
     Onormal=(-0.407820, 0.911982, -0.044404)}

Vertex 2441 -0.275775 0.929081 0.246490
    {normal=(-0.275775, 0.929081, 0.246490)
     Opos=(-0.193042, 0.650357, 0.172543)
     Onormal=(-0.275775, 0.929081, 0.246490)}

Vertex 2442 -0.209337 0.945192 0.250579
    {normal=(-0.209337, 0.945192, 0.250579)
     Opos=(-0.146536, 0.661634, 0.175405)
     Onormal=(-0.209337, 0.945192, 0.250579)}

Vertex 2443 -0.253464 0.922752 0.290320
    {normal=(-0.253464, 0.922752, 0.290320)
     Opos=(-0.177425, 0.645926, 0.203224)
     Onormal=(-0.253464, 0.922752, 0.290320)}

Vertex 2444 -0.237564 0.944813 0.225593
    {normal=(-0.237564, 0.944813, 0.225593)
     Opos=(-0.166295, 0.661369, 0.157915)
     Onormal=(-0.237564, 0.944813, 0.225593)}

Vertex 2445 -0.130079 0.966470 0.221392
    {normal=(-0.130079, 0.966470, 0.221392)
     Opos=(-0.091055, 0.676529, 0.154974)
     Onormal=(-0.130079, 0.966470, 0.221392)}

Vertex 2446 -0.052913 0.967194 0.248469
    {normal=(-0.052913, 0.967194, 0.248469)
     Opos=(-0.037039, 0.677036, 0.173928)
     Onormal=(-0.052913, 0.967194, 0.248469)}

Vertex 2447 -0.119100 0.987831 0.100022
    {normal=(-0.119100, 0.987831, 0.100022)
     Opos=(-0.083370, 0.691482, 0.070016)
     Onormal=(-0.119100, 0.987831, 0.100022)}

Vertex 2448 -0.078460 0.986079 0.146604
    {normal=(-0.078460, 0.986079, 0.146604)
     Opos=(-0.054922, 0.690255, 0.102623)
     Onormal=(-0.078460, 0.986079, 0.146604)}

Vertex 2449 -0.054558 0.994070 0.094061
    {normal=(-0.054558, 0.994070, 0.094061)
     Opos=(-0.038191, 0.695849, 0.065843)
     Onormal=(-0.054558, 0.994070, 0.094061)}

Vertex 2450 -0.371533 0.927251 -0.046575
    {normal=(-0.371533, 0.927251, -0.046575)
     Opos=(-0.260073, 0.649076, -0.032603)
     Onormal=(-0.371533, 0.927251, -0.046575)}

Vertex 2451 -0.335811 0.941646 0.023115
    {normal=(-0.335811, 0.941646, 0.023115)
     Opos=(-0.235068, 0.659152, 0.016181)
     Onormal=(-0.335811, 0.941646, 0.023115)}

Vertex 2452 -0.212187 0.977193 0.008435
    {normal=(-0.212187, 0.977193, 0.008435)
     Opos=(-0.148531, 0.684035, 0.005905)
     Onormal=(-0.212187, 0.977193, 0.008435)}

Vertex 2453 -0.188824 0.974748 0.119211
    {normal=(-0.188824, 0.974748, 0.119211)
     Opos=(-0.132177, 0.682324, 0.083448)
     Onormal=(-0.188824, 0.974748, 0.119211)}

Vertex 2454 -0.167689 0.984597 0.049483
    {normal=(-0.167689, 0.984597, 0.049483)
     Opos=(-0.117382, 0.689218, 0.034638)
     Onormal=(-0.167689, 0.984597, 0.049483)}

Vertex 2455 -0.242903 0.953136 -0.180358
    {normal=(-0.242903, 0.953136, -0.180358)
     Opos=(-0.170032, 0.667196, -0.126250)
     Onormal=(-0.242903, 0.953136, -0.180358)}

Vertex 2456 -0.170118 0.985423 0.001318
    {normal=(-0.170118, 0.985423, 0.001318)
     Opos=(-0.119083, 0.689796, 0.000923)
     Onormal=(-0.170118, 0.985423, 0.001318)}

Vertex 2457 -0.101342 0.994610 -0.021904
    {normal=(-0.101342, 0.994610, -0.021904)
     Opos=(-0.070939, 0.696227, -0.015333)
     Onormal=(-0.101342, 0.994610, -0.021904)}

Vertex 2458 -0.076335 0.992921 -0.091002
    {normal=(-0.076335, 0.992921, -0.091002)
     Opos=(-0.053434, 0.695045, -0.063701)
     Onormal=(-0.076335, 0.992921, -0.091002)}

Vertex 2459 -0.161729 0.981087 -0.106360
    {normal=(-0.161729, 0.981087, -0.106360)
     Opos=(-0.113210, 0.686761, -0.074452)
     Onormal=(-0.161729, 0.981087, -0.106360)}

Vertex 2460 -0.167547 0.953341 -0.251137
    {normal=(-0.167547, 0.953341, -0.251137)
     Opos=(-0.117283, 0.667338, -0.175796)
     Onormal=(-0.167547, 0.953341, -0.251137)}

Vertex 2461 -0.787611 0.391825 -0.475543
    {normal=(-0.787611, 0.391825, -0.475543)
     Opos=(-0.551328, 0.274277, -0.332880)
     Onormal=(-0.787611, 0.391825, -0.475543)}

Vertex 2462 -0.836300 0.349534 -0.422407
    {normal=(-0.836300, 0.349534, -0.422407)
     Opos=(-0.585410, 0.244674, -0.295685)
     Onormal=(-0.836300, 0.349534, -0.422407)}

Vertex 2463 -0.824601 0.430657 -0.366834
    {normal=(-0.824601, 0.430657, -0.366834)
     Opos=(-0.577221, 0.301460, -0.256784)
     Onormal=(-0.824601, 0.430657, -0.366834)}

Vertex 2464 -0.795754 0.460275 -0.393602
    {normal=(-0.795754, 0.460275, -0.393602)
     Opos=(-0.557028, 0.322192, -0.275521)
     Onormal=(-0.795754, 0.460275, -0.393602)}

Vertex 2465 -0.739261 0.443265 -0.506961
    {normal=(-0.739261, 0.443265, -0.506961)
     Opos=(-0.517483, 0.310286, -0.354873)
     Onormal=(-0.739261, 0.443265, -0.506961)}

Vertex 2466 -0.811747 0.397342 -0.428002
    {normal=(-0.811747, 0.397342, -0.428002)
     Opos=(-0.568223, 0.278139, -0.299601)
     Onormal=(-0.811747, 0.397342, -0.428002)}

Vertex 2467 -0.783493 0.427996 -0.450509
    {normal=(-0.783493, 0.427996, -0.450509)
     Opos=(-0.548445, 0.299597, -0.315356)
     Onormal=(-0.783493, 0.427996, -0.450509)}

Vertex 2468 -0.756168 0.627336 -0.186170
    {normal=(-0.756168, 0.627336, -0.186170)
     Opos=(-0.529318, 0.439135, -0.130319)
     Onormal=(-0.756168, 0.627336, -0.186170)}

Vertex 2469 -0.719159 0.664735 -0.202332
    {normal=(-0.719159, 0.664735, -0.202332)
     Opos=(-0.503411, 0.465315, -0.141632)
     Onormal=(-0.719159, 0.664735, -0.202332)}

Vertex 2470 -0.790202 0.510215 -0.339501
    {normal=(-0.790202, 0.510215, -0.339501)
     Opos=(-0.553142, 0.357151, -0.237651)
     Onormal=(-0.790202, 0.510215, -0.339501)}

Vertex 2471 -0.741945 0.563008 -0.364059
    {normal=(-0.741945, 0.563008, -0.364059)
     Opos=(-0.519362, 0.394106, -0.254841)
     Onormal=(-0.741945, 0.563008, -0.364059)}

Vertex 2472 -0.693068 0.633557 -0.343893
    {normal=(-0.693068, 0.633557, -0.343893)
     Opos=(-0.485148, 0.443490, -0.240725)
     Onormal=(-0.693068, 0.633557, -0.343893)}

Vertex 2473 -0.637183 0.537271 -0.552574
    {normal=(-0.637183, 0.537271, -0.552574)
     Opos=(-0.446028, 0.376090, -0.386802)
     Onormal=(-0.637183, 0.537271, -0.552574)}

Vertex 2474 -0.606889 0.607745 -0.512183
    {normal=(-0.606889, 0.607745, -0.512183)
     Opos=(-0.424822, 0.425422, -0.358528)
     Onormal=(-0.606889, 0.607745, -0.512183)}

Vertex 2475 -0.544604 0.646634 -0.534108
    {normal=(-0.544604, 0.646634, -0.534108)
     Opos=(-0.381223, 0.452644, -0.373875)
     Onormal=(-0.544604, 0.646634, -0.534108)}

Vertex 2476 -0.740186 0.665293 -0.097519
    {normal=(-0.740186, 0.665293, -0.097519)
     Opos=(-0.518130, 0.465705, -0.068264)
     Onormal=(-0.740186, 0.665293, -0.097519)}

Vertex 2477 -0.698726 0.707222 -0.107792
    {normal=(-0.698726, 0.707222, -0.107792)
     Opos=(-0.489108, 0.495055, -0.075455)
     Onormal=(-0.698726, 0.707222, -0.107792)}

Vertex 2478 -0.703582 0.710069 -0.027835
    {normal=(-0.703582, 0.710069, -0.027835)
     Opos=(-0.492507, 0.497048, -0.019485)
     Onormal=(-0.703582, 0.710069, -0.027835)}

Vertex 2479 -0.585089 0.801306 0.124818
    {normal=(-0.585089, 0.801306, 0.124818)
     Opos=(-0.409563, 0.560914, 0.087372)
     Onormal=(-0.585089, 0.801306, 0.124818)}

Vertex 2480 -0.560395 0.822982 0.093047
    {normal=(-0.560395, 0.822982, 0.093047)
     Opos=(-0.392276, 0.576088, 0.065133)
     Onormal=(-0.560395, 0.822982, 0.093047)}

Vertex 2481 -0.593177 0.802934 0.058635
    {normal=(-0.593177, 0.802934, 0.058635)
     Opos=(-0.415224, 0.562054, 0.041045)
     Onormal=(-0.593177, 0.802934, 0.058635)}

Vertex 2482 -0.494064 0.869390 -0.007851
    {normal=(-0.494064, 0.869390, -0.007851)
     Opos=(-0.345845, 0.608573, -0.005496)
     Onormal=(-0.494064, 0.869390, -0.007851)}

Vertex 2483 -0.469852 0.875702 -0.111291
    {normal=(-0.469852, 0.875702, -0.111291)
     Opos=(-0.328896, 0.612991, -0.077904)
     Onormal=(-0.469852, 0.875702, -0.111291)}

Vertex 2484 -0.517444 0.762205 -0.388966
    {normal=(-0.517444, 0.762205, -0.388966)
     Opos=(-0.362211, 0.533544, -0.272276)
     Onormal=(-0.517444, 0.762205, -0.388966)}

Vertex 2485 -0.656296 0.718276 -0.230987
    {normal=(-0.656296, 0.718276, -0.230987)
     Opos=(-0.459407, 0.502793, -0.161691)
     Onormal=(-0.656296, 0.718276, -0.230987)}

Vertex 2486 -0.724942 0.671984 -0.151320
    {normal=(-0.724942, 0.671984, -0.151320)
     Opos=(-0.507459, 0.470389, -0.105924)
     Onormal=(-0.724942, 0.671984, -0.151320)}

Vertex 2487 -0.687025 0.698480 -0.200308
    {normal=(-0.687025, 0.698480, -0.200308)
     Opos=(-0.480917, 0.488936, -0.140215)
     Onormal=(-0.687025, 0.698480, -0.200308)}

Vertex 2488 -0.545514 0.778734 -0.309819
    {normal=(-0.545514, 0.778734, -0.309819)
     Opos=(-0.381859, 0.545114, -0.216873)
     Onormal=(-0.545514, 0.778734, -0.309819)}

Vertex 2489 -0.550849 0.796402 -0.249618
    {normal=(-0.550849, 0.796402, -0.249618)
     Opos=(-0.385594, 0.557482, -0.174732)
     Onormal=(-0.550849, 0.796402, -0.249618)}

Vertex 2490 -0.480413 0.853606 -0.201395
    {normal=(-0.480413, 0.853606, -0.201395)
     Opos=(-0.336289, 0.597524, -0.140977)
     Onormal=(-0.480413, 0.853606, -0.201395)}

Vertex 2491 -0.417194 0.879433 -0.229230
    {normal=(-0.417194, 0.879433, -0.229230)
     Opos=(-0.292036, 0.615603, -0.160461)
     Onormal=(-0.417194, 0.879433, -0.229230)}

Vertex 2492 -0.439877 0.882397 -0.166986
    {normal=(-0.439877, 0.882397, -0.166986)
     Opos=(-0.307914, 0.617678, -0.116890)
     Onormal=(-0.439877, 0.882397, -0.166986)}

Vertex 2493 -0.453760 0.779277 -0.432236
    {normal=(-0.453760, 0.779277, -0.432236)
     Opos=(-0.317632, 0.545494, -0.302565)
     Onormal=(-0.453760, 0.779277, -0.432236)}

Vertex 2494 -0.378964 0.909786 -0.169341
    {normal=(-0.378964, 0.909786, -0.169341)
     Opos=(-0.265274, 0.636850, -0.118539)
     Onormal=(-0.378964, 0.909786, -0.169341)}

Vertex 2495 -0.125222 0.864078 -0.487534
    {normal=(-0.125222, 0.864078, -0.487534)
     Opos=(-0.087656, 0.604854, -0.341273)
     Onormal=(-0.125222, 0.864078, -0.487534)}

Vertex 2496 -0.765751 0.331780 -0.550951
    {normal=(-0.765751, 0.331780, -0.550951)
     Opos=(-0.536026, 0.232246, -0.385666)
     Onormal=(-0.765751, 0.331780, -0.550951)}

Vertex 2497 -0.655532 0.431998 -0.619399
    {normal=(-0.655532, 0.431998, -0.619399)
     Opos=(-0.458873, 0.302398, -0.433579)
     Onormal=(-0.655532, 0.431998, -0.619399)}

Vertex 2498 -0.607508 0.374830 -0.700312
    {normal=(-0.607508, 0.374830, -0.700312)
     Opos=(-0.425255, 0.262381, -0.490218)
     Onormal=(-0.607508, 0.374830, -0.700312)}

Vertex 2499 -0.320361 0.771692 -0.549419
    {normal=(-0.320361, 0.771692, -0.549419)
     Opos=(-0.224253, 0.540184, -0.384593)
     Onormal=(-0.320361, 0.771692, -0.549419)}

Vertex 2500 -0.075420 0.822855 -0.563224
    {normal=(-0.075420, 0.822855, -0.563224)
     Opos=(-0.052794, 0.575999, -0.394257)
     Onormal=(-0.075420, 0.822855, -0.563224)}

Vertex 2501 -0.214164 0.623724 -0.751733
    {normal=(-0.214164, 0.623724, -0.751733)
     Opos=(-0.149915, 0.436606, -0.526213)
     Onormal=(-0.214164, 0.623724, -0.751733)}

Vertex 2502 -0.151908 0.380455 -0.912238
    {normal=(-0.151908, 0.380455, -0.912238)
     Opos=(-0.106336, 0.266319, -0.638566)
     Onormal=(-0.151908, 0.380455, -0.912238)}

