v -0.08156878608555894 0.655275328056242 0.7509732202797333
v 0.10844462529947071 0.7039968599440967 -0.701874764065862
v -0.7191066579477937 0.6687036914223252 0.18899996712515676
v -0.8729937537989881 0.48726138222309007 -0.021406803170843338
v -0.6386908357295964 -0.5225607044403269 -0.5648046799822563
v 0.5385992718053836 0.35553709987123105 0.7638744628706111
v 0.6206374002010282 0.0249478439219885 0.783700722569115
v -0.9695117199699187 0.2446719731419024 0.013514821486721897
v 0.0789879726638662 0.22997005355783456 0.9699869456034236
v -0.7715778935526284 -0.5697373887952678 0.2829608842042282
v 0.9273689306953811 0.3715209167479582 -0.0442614369362586
v 0.8363059640724457 -0.5158423372456106 0.18573911155662076
v 0.8950876791031891 -0.4402596793501746 -0.07063612005304322
v -0.4285842186013732 -0.708212101569013 -0.5610269037729407
v -0.7142132796990632 0.17263294034426815 -0.6783046948161275
v 0.7347582571976942 -0.5226161557599194 -0.4324380385888029
v 0.7647472987887376 0.6434167298519724 0.03429986504234946
v -0.6331398836551925 0.7380533388107836 -0.23326199175035797
v -0.531040186204763 0.12672023127722606 0.8378175837380456
v 0.970701363860347 0.19552849790861151 0.13966914013218676
v -0.0639708945347353 -0.5814429705979869 0.8110683057515035
v -0.6310768955863092 -0.013735064491297253 0.7755986719048495
v -0.502531076259235 0.054730192686290924 0.8628250827382433
v 0.7722815382801488 -0.2592980973215937 0.5799532070409202
v -0.9378723767803443 -0.32183527940035933 0.12968214142926845
v -0.6098150205054728 -0.7923729749791918 -0.016453245531962195
v -0.3119387474486756 0.8021043431529588 0.5092375089634619
v 0.7914624180525195 0.187840481216328 0.5816383708343847
v 0.06137113988867333 0.8030727345089079 0.5927122120195855
v 0.7089336330523613 0.3768071650173733 0.5961790539080938
v 0.5974127747888753 0.1816867367874891 0.7810812417377402
v -0.4862949307674945 0.5859314363054753 0.6482295829864911
v 0.32387180948243455 0.2744042829372769 0.9054332336115416
v -0.9757544078132457 0.010514384990438497 0.21861560635347
v -0.9558558970776543 0.16302998077740932 0.24446007729195884
v -0.7593788212418866 0.15434106313443322 0.6320780348025199
v 0.37225064800805124 0.29913817679416926 0.8786044651843321
v 0.887672549190421 -0.15875997052654847 0.4322415032966974
v 0.28612923415584157 0.8139872820487597 0.5055242487005589
v -0.7279798950364231 -0.5271783483982911 0.438324379201988
v 0.8631969191626102 -0.2728448486122117 0.42479026275793746
v 0.35929085925174636 0.3835123272304282 0.8507810372360461
v 0.3985002815384267 0.10787476326768006 0.9108021525357395
v 0.5071374991420667 -0.7343053459606379 0.45122856276787066
v 0.5807977882857678 -0.42761040595995753 0.6926927672764606
v 0.5324446910477353 0.40892178025165804 0.741138063123799
v 0.5831140007487983 -0.7526007696480755 0.3058923726670131
v 0.23361045035900396 -0.9005122921380259 0.36674755512665924
v 0.949715034474789 0.29465637951417867 0.10591964550614191
v 0.9230954909534875 0.37986546562107865 0.05997451633669903
v 0.9846749330726496 -0.1334162958728401 -0.11231815602984038
v 0.8538877798976184 -0.5031278860154136 0.13318404429652
v 0.7763455565264363 -0.625347233943043 0.07892030069280542
v -0.06032644059385792 -0.13230716500666614 -0.9893712825088338
v 0.3110573060633412 -0.9364166053903177 0.16238008958579486
v -0.6156333471445188 -0.01603504510822609 -0.7878695699238636
v 0.4819918870072598 0.6483189488242163 -0.589377944492873
v 0.7396099819545011 0.3430631938721469 -0.5790377531763401
v 0.13055330357009784 -0.4701913846120049 -0.8728550262005597
v 0.7735918773298086 -0.48875210238430156 -0.4033323564311044
v -0.5534833737278725 -0.4711372804161117 -0.6867938686454055
v -0.3010588265260248 -0.3797964128510192 -0.874710390790158
v -0.4740995416538268 -0.09771138148247359 -0.875032633981395
v -0.6002176100948086 -0.03950237135041571 -0.7988606782097678
v -0.8726938916820587 -0.46433491211707395 0.15099159185217073
v 0.015020908550779368 -0.9994035810909839 -0.031094282574556265
v 0.6555630002867125 0.06829626194295113 -0.7520457255112242
v 0.9573871039876344 0.27873099111485217 0.07562385675369136
v 0.12201307989140259 0.9728527417843861 -0.19664778447268802
v 0.7966819573416705 0.2921827633944455 -0.5290813657854812
v 0.806096826965035 0.28507423822766015 0.5185948170352472
v 0.9554687001744083 -0.21473668226452114 0.20240484252372234
v -0.3668172420182788 0.7419870399400843 0.5611598199435303
v -0.6292733037951632 0.12353559331370709 -0.7673031124108325
v -0.0003142595239609464 -0.03790089188628908 -0.9992814536631686
v -0.32992902881851593 -0.3569244048398982 -0.8739289474394102
v 0.6984764828536008 0.7155474186677411 0.011067725077719956
v 0.4797932101039326 0.8593468737948639 0.17697860333147
v 0.7557533130345133 0.49341646476220324 -0.43055443574410707
v -0.019621115895059667 0.22285472836088538 -0.9746541857798737
v 0.12085967474302688 0.5636581063877 -0.8171183990857396
v 0.19293258268220917 0.9744854536842357 -0.11469576756533706
v -0.21528753062583791 0.5515520609559535 -0.8058793974362845
v -0.5412540424103678 0.7761454900015066 -0.32348452810723
v -0.9489858233240555 -0.022255804481265608 0.3145323294938952
v -0.8948074051448536 0.04658152809446052 0.44401561789909905
v -0.931317548441472 0.30594640111603616 0.1975966184151744
v -0.36659314000511917 -0.2207417959304997 0.9038155393832111
v 0.8773455755946372 0.44818372809426776 0.17145287065557746
v -0.6253404608240445 0.45033501318460323 0.6372971708366474
v -0.10584425795316034 0.6509162438774015 0.7517346849220675
v 0.9973341383460554 -0.058899618696374466 0.043074951038309064
v 0.7228461135556226 0.4526092596686957 0.5221478278990418
v 0.966664121313355 0.2551646936869883 -0.021247485994933146
v 0.8618119291839119 0.4856654390291331 -0.14631910349965732
v -0.9899469334632747 0.09239883929561364 0.10708652307121544
v -0.7842432812870589 0.5136026410020536 0.3481017134571772
v -0.9988059428934393 -0.02216241105947385 -0.04353752377867315
v -0.9856284712167017 -0.16550663725080791 -0.03382410017956105
v -0.8373715039341478 -0.1401143035229447 0.5283719772540398
v -0.5377939899489562 -0.043573034816260896 0.8419495323424574
v -0.6218857820774362 -0.7141417658901051 0.32134033712140453
v 0.1287737143849062 -0.6952311384950907 0.7071569801326539
v 0.6078835766032168 -0.3807528268296812 0.6967817751328518
v -0.9001384309585955 -0.3755555056570804 0.22070085473792964
v -0.8762701902907245 -0.3344771485117234 0.34680771434805774
v -0.5327914735762982 -0.6348722537762856 0.5595270029850358
v 0.9360784854126938 -0.12895608163910166 -0.3273032205093106
v -0.8108035565243386 0.10671909154082919 0.5755072790401385
v -0.4211074789814343 0.7361130573163032 -0.5299113680554002
v 0.5034262934255284 -0.04800199266551278 -0.8627037589972434
v -0.7037435527107513 0.14366714107669393 -0.6957763754202203
v -0.7662115400301978 0.0245963587125129 -0.642117508765053
v -0.41007561848868385 0.46319397094547815 -0.7856776262570311
v 0.23623681751492806 -0.012876143897381198 -0.9716101949695425
v 0.16720769359756954 0.0864923001997627 -0.9821204962772824
v -0.43232886015570254 -0.7201647212100039 0.5426366473073748
v 0.08513773948927227 -0.6963919001838188 0.7125937739505075
v 0.10028342263483349 -0.18498564009886287 -0.9776111436056043
v 0.26280171598412816 0.5381758871202889 -0.8008133194434816
v 0.47918981164172475 -0.3328871119005356 0.812135022732851
v 0.8210895676396631 -0.2571633487549762 0.5095870229611796
v 0.9035431073135816 -0.2379615958782432 0.356348329746608
v 0.8480323059997015 0.1974795858447243 0.4917753767274495
v 0.5732940051004162 0.7670499547286005 0.28804227236080454
v -0.10625956125919118 0.94253921776241 0.31674710514987875
v 0.31563693038272583 0.8787526668071055 0.35800429991547644
v 0.15667926202683416 0.873614983760419 0.4607043184082494
v -0.01666508210311952 0.7148888234477472 0.6990395161562699
v -0.9990685578007773 -0.033710413490861214 -0.02693742445279255
v 0.06057581353020719 0.22489495930623585 0.9724982406636015
v 0.33058981446175534 0.5123102382563043 0.7926213436136519
v 0.35414662178491707 0.53501016567639 0.767036044069151
v 0.09557252574268801 0.5467265166327869 0.8318389317252122
v -0.2521487740763569 0.6851970123082678 0.6833198738918793
v 0.38622088651455955 0.5061175227398949 0.7711539924007007
v 0.50866380062777 0.2040183061891936 0.83644346412092
v 0.19495127553538583 0.6864966847859403 0.7005114573974071
v 0.05779791983913336 0.7234076463060191 0.6879976582287579
v -0.48585618570675776 0.36980574793091125 0.7919516876727646
v 0.5606813252019324 0.2988544531701692 0.7722191835160301
v 0.18400861737013696 0.5073500430539675 0.8418650500802773
v -0.14309828036190933 0.3245658083324567 0.9349758917848969
v 0.1853362625499823 0.2974145437364167 0.9365869201297139
v -0.28800602362130173 0.6888566937554038 0.6652285215068731
v -0.9720998540142765 -0.086398929228092 0.21807590158855675
v -0.9176631458420482 0.15541012766426954 0.36570759218623144
v 0.6825709519470412 0.3105524868740484 0.6615542672029664
v 0.6732791744206882 0.4272211678913801 0.6034709827298426
v 0.6602464977774741 0.3856458051028178 0.6444779865745449
v 0.8013247205696801 0.14824782889122828 0.5795699038364236
v 0.857432628334762 -0.44835764641057907 -0.25255634771691654
v 0.8168150774304613 0.525847117216349 0.23727186642652082
v 0.9820720561345816 -0.1158198086217638 0.14872877492406478
v 0.9957740310714879 -0.08465813830109949 -0.035596048418768116
v 0.9685551031928115 0.24648099959313755 -0.03388405109679631
v 0.6884760003211607 -0.2176353360975922 0.6918349929451856
v 0.945999578737006 -0.21864190434836683 0.23933348009070288
v 0.7491527249870247 -0.36564841215593363 0.5523327197734711
v 0.5364956998675559 0.18346498246923268 0.8237189837749191
v 0.4859344461851935 0.49803985491453334 0.7182088950489265
v -0.6926786133167634 0.07350100570655345 0.7174914221185441
v -0.06445597030015889 0.07277526343657056 0.9952633766618777
v -0.25251593772472314 0.29760513563029767 0.9206882667013173
v -0.5046003620817381 0.32288674598225364 0.8007013324929404
v -0.7577019987434824 -0.09452912641685174 0.6457181469952651
v -0.1749654111629359 -0.8654997659773104 0.4693583492277576
v -0.0013271844033001664 -0.42891580614666086 0.9033434949226787
v 0.687687388628907 -0.5776640886208526 0.4397615902265618
v 0.8348627862786543 -0.41534988948001034 0.36123205477363884
v 0.42220378406197445 0.3581173659611732 0.8327640223501378
v 0.8274460702373736 -0.2586668184298281 0.4984219877695182
v -0.2520342080908066 0.15273601961536265 0.9555890676771557
v 0.8849735394607523 -0.2654885131304393 0.38254108779332063
v 0.5698395352021424 -0.08853937820108099 0.8169722655196884
v 0.281777936580375 -0.1742318292331707 0.9435276700439523
v 0.28603020027834436 0.021144284173548356 0.9579872878987062
v 0.6210153871001741 -0.5698575223850878 0.5381470924997647
v 0.6726619217285308 -0.6686658488002094 0.3168784020800022
v 0.8330721864110227 -0.27446736340429473 0.4802690898384499
v 0.7192941088114585 -0.09171881345095664 0.6886244580961952
v 0.34291860422306875 -0.72115867562653 0.6019443458047361
v 0.36130620669364266 0.40229507783812507 0.8411994385113839
v 0.5132936590276699 0.31760044403386756 0.7972826208763593
v 0.2400721245915861 -0.6429881684378911 0.7272768319168212
v -0.8285505241345856 -0.42092663300822675 0.3692218825864209
v -0.3799273945810722 -0.44166096323760184 0.8127673519518805
v 0.8123304538445281 -0.5684846855154412 0.13017064220150795
v 0.47618884588973276 -0.8672959420622083 0.14505837422441664
v 0.30573548313660814 -0.6095506975687429 0.7314190053893074
v 0.4397313706750087 -0.5470424066675703 0.7123067646398077
v 0.7431327307667943 -0.49679507359049757 0.44827268411012866
v 0.44345367602547 -0.7167776716027969 0.5381250846329044
v 0.5334050152105969 -0.8078065148971677 0.250853989878325
v -0.14152525664773927 -0.06869446620119618 0.9875483137771662
v -0.862038297290173 -0.3114422485266026 0.3998671027200824
v 0.3168744983791101 -0.6073698624404236 0.7284863776873858
v 0.4617260986412283 -0.4907767752335616 0.7388823767859787
v 0.018381251478050056 -0.8642135504635505 0.5027892886580666
v -0.33618887888459836 -0.8614130617686444 0.3807158713905771
v 0.9932240475461441 -0.09625279296915616 -0.0651259642668855
v 0.8520305134541111 0.47694466778723205 -0.2157957089759909
v 0.9006216037594243 0.28855272084353645 0.3249893138790793
v 0.8944785766200716 0.25773010332806484 0.36535362295485146
v 0.9646804349459924 -0.10207659998319207 -0.24284156598136605
v 0.948079900571812 -0.14272112693877162 -0.2842097501090879
v 0.9787071916947041 0.17956328364256655 -0.0994447589999849
v 0.7353137561109756 0.3883098992289484 -0.5554539604996731
v 0.8144320300436273 -0.5768201022839543 0.06307961667721605
v 0.8450706511287581 -0.5318828196923032 0.05437150648070786
v 0.4465700171275407 -0.7184263715355216 0.5333280120948202
v 0.5130832767345511 -0.5917447763873962 -0.62175853090534
v 0.6403660980818445 -0.7492653008096809 -0.16891645695435228
v 0.4855564798474929 -0.7719952055673713 -0.41019301244548684
v -0.3072312230809069 0.014492852067671279 -0.9515245308467642
v 0.5870052652318681 -0.7683202696771897 0.2551642251437976
v 0.5315380213407037 -0.7735445957668808 0.34510301393795834
v -0.12291678102215618 -0.9756993815948392 -0.18138958541933906
v 0.5064867674577472 -0.8621962861543478 0.009419051536740346
v -0.2336715638992636 -0.1268535922190002 -0.9640050655292264
v -0.31451257215771344 -0.08152396433066424 -0.945746099751171
v 0.31159808057309885 0.5327442801863984 -0.7868228314632442
v -0.773970981106 0.3335826802170086 -0.5382299841750297
v -0.5965050169982986 0.40477894757574884 -0.6930626005602443
v 0.8806762469356632 0.42610719683032966 -0.2069831029159471
v 0.27426927110559857 -0.33490901144533225 -0.9014501211824834
v 0.5647531135141436 -0.06155553983480525 -0.8229610174800058
v -0.05608700680808824 -0.7520858100373797 -0.6566743348172882
v 0.02643126342171837 -0.70624316694649 -0.7074757787057616
v -0.16370393590213575 -0.2634506992267443 -0.9506812033731861
v 0.8331371047811545 -0.5251123518017786 -0.17360755347069567
v 0.8274332670137211 -0.5570416465483703 -0.07112518997992526
v 0.9531750786733106 -0.29213818797817886 -0.07818278916075012
v 0.9367787445319503 -0.2220874093411443 -0.2704122157101673
v -0.2920924287565648 -0.4168970167005442 -0.8607432198566988
v -0.2367155642488104 -0.19376760597942924 -0.9520608470656526
v -0.5291033226929827 -0.4518250041632856 -0.7182644635008001
v -0.5751315166268645 -0.052969363234002066 -0.8163442810120416
v -0.9130053347512298 -0.08612709913003341 -0.3987522808853136
v -0.9108212860116692 0.05828698611201423 -0.4086651590214498
v -0.752717347517424 -0.2932146416109051 -0.58944191290688
v -0.5944337939403274 -0.26583599974352307 -0.7589332552089609
v -0.20002082941754032 0.5051135873374356 -0.8395546031594527
v -0.4729335318269045 0.6499690154452024 -0.5948732246747408
v -0.40743791854486683 0.6732185448924524 -0.6170665550365824
v -0.9523322531857471 -0.015751483398050388 -0.3046558227129744
v -0.6674264634978774 0.7357825445917145 -0.11474302983997782
v -0.35954784241246684 0.8419974107038294 0.4022010807849559
v 0.5419367343614182 -0.33718610878154115 -0.7698117328246202
v -0.7215024770403811 -0.5649187738487265 -0.40037601648680965
v 0.02972715687264656 -0.9995052951259755 0.01026942838748327
v 0.2817491443490532 -0.9377439770468524 -0.20310995340191657
v -0.23216277601969793 0.03674951909246787 -0.9719824680915289
v -0.2891337937879091 0.2255828974755338 -0.9303300520010914
v 0.447192404874883 0.6023875520800555 -0.6611718310100765
v 0.3804445595169449 0.5775538675408619 -0.722283508895607
v 0.5082389516921908 -0.5165144730866972 -0.6891342155740015
v 0.9656617220785436 0.2503649320135178 0.06938904330056912
v -0.30848799041660113 0.6980997424224927 0.6461361384401715
v -0.7627371706812796 0.12078858190860682 -0.63532836151208
v -0.10459439920533355 0.19498792285439395 -0.9752126545506904
v 0.093725860269949 0.07976966611693945 -0.9923972306915463
v 0.07281856341553955 -0.12286260962731074 -0.9897485721018566
v 0.6829113234867118 0.7172816652500931 0.13834426966694802
v 0.6980190034290099 -0.6474180523379695 -0.3059727706167369
v -0.047420752578556206 0.22104443414388544 -0.9741101736245715
v -0.04652390819742181 0.126323089458797 -0.9908975744422945
v 0.5276331766261579 0.050399824663431105 -0.8479758773675611
v 0.2646875338411155 0.5228561024982319 -0.8102851383984941
v 0.5899145424915763 0.5611962175107778 0.5805683749641812
v 0.20848967823807732 0.47519263644730875 0.854823965699628
v 0.025019752315166705 0.8131629587053221 0.5814980778847807
v 0.08814621604054529 0.7114520198566248 -0.6971845294035592
v -0.7656422448293883 0.3936794191356443 -0.5087322162804677
v 0.25005675707777336 0.9626534411792864 0.10377846802408337
v -0.3388486961459535 0.026610344382746915 0.9404644866724203
v -0.8665064876479858 0.3853535285825696 0.3172840444663326
v -0.7230231317808818 0.586965098971125 0.36429318343826134
v -0.8304069093030597 0.07610233620030003 0.5519355029408749
v -0.7832363470171168 0.4037543174008624 0.47278248264021633
v -0.9532188684164852 0.2634704013570725 -0.14817940647586128
v -0.8241359894511382 0.12488266109950623 0.5524528865415578
v -0.41914159313301375 -0.5695767040229954 0.707037978569907
v -0.5057014822040724 0.16769300657833006 0.8462535473729632
v 0.9837684264023371 -0.17894247995192455 -0.013389252500594296
v 0.32959567354597774 -0.287503644994713 0.899282128197001
v 0.9701568094683913 0.078493937957097 0.22942202759564892
v -0.39470622118500204 0.4191283048020201 0.8176420140083563
v -0.34772198163358414 0.349952785623488 0.8698404861370701
v -0.5092704524421672 0.2490712777836673 0.8237761254446268
v -0.43262935517025886 0.3739859239480886 0.82034527470673
v -0.5096721659055251 0.22935848960043423 0.8292339636974468
v -0.595575231549355 0.49072195923855033 0.6359890740303726
v -0.37030146424202737 0.7046052940505225 0.6053166156452237
v -0.6514383417520551 0.5433914716503161 0.5294844619373043
v -0.6197090233879059 0.5951125153037349 0.5116657311765853
v -0.18132893784791462 0.8122923238294516 0.5543473612697155
v 0.09890040810260708 0.381559926817068 0.9190379380224146
v -0.75946794649734 0.5519785339812618 0.34427915456357566
v -0.5455343930346619 0.6623090075703805 0.5135552594487185
v -0.4786191387120957 0.8702605476078794 0.11649162774948965
v -0.4562389670634859 0.6312992157435323 0.6271421729834827
v 0.6735545710021268 0.40813326418756685 0.6162397898105434
v 0.8723937699679257 0.3770271237214697 0.3110942913321709
v 0.984845896375372 0.17110709291637896 0.028300585617535307
v 0.4241517808046393 0.7738576541670045 0.47036113564727505
v 0.9747969136585025 0.10631607078233789 0.19613227734175454
v -0.8921596858007157 0.43834740601967564 0.10909925145384711
v -0.986895982475144 -0.01142565776620162 0.16095270770953116
v -0.8951931390957436 -0.26626683120980227 0.35739504517186516
v -0.8207801177732231 0.029512955240775417 0.5704813614318439
v -0.7815467027837204 -0.5287304216626412 0.3311025408787142
v -0.8480161049465731 -0.5017977665358466 0.17049248444104054
v -0.7840682902144667 -0.5528219030598926 0.28217877272644265
v -0.5828405611045828 -0.6809311849801147 0.4434293648969041
v -0.4653941848840007 -0.5219594542956025 0.7148192643931706
v -0.39755160051867977 -0.8447943270027414 0.3581553712971807
v -0.4839948227122406 -0.014584169295970478 0.8749493205858802
v 0.24265989467842927 -0.843911367092882 0.47846606985874823
v 0.5646936155006902 -0.13552781974851721 0.8140966347350738
v 0.23169546536194754 -0.5386889895551753 0.8100193725231112
v 0.016776948249640045 -0.7144748956454909 0.6994599041401827
v -0.6852359383999834 -0.6149604227330375 0.39022479059780124
v -0.15184588341579908 -0.8491619577491398 0.505832775926317
v 0.8521383406423948 -0.18542989254576914 0.48936285449315653
v 0.831220966655446 -0.23747052449506148 0.502672313329893
v -0.5363147683040066 0.7742891466488413 0.33592080417983744
v -0.16544217701932326 0.0722042283308438 0.9835727911416899
v -0.7115225579067751 0.024476808273598792 0.7022368086668038
v -0.5100326927185193 0.07100601135982369 0.8572192244164063
v -0.6578164565435323 -0.7531309725705453 0.008440832628118962
v -0.6007704142092505 -0.07583455882999754 0.7958165800596926
v -0.6913790649564605 -0.5538902624760883 0.4638971498878824
v -0.5248405337167189 -0.5356994497394091 0.6614896172403947
v 0.9623490267185186 0.021889190066997452 0.27093396636843164
v -0.23371379896641492 -0.6025212810014314 0.763115958497187
v 0.4808245970354279 -0.6441265885712676 0.5949022144699576
v 0.9986278520298819 0.03065648619552674 -0.04245695472272586
v 0.9321973770367127 0.34304711751749684 -0.1154414371393978
v 0.020703925919631137 0.48029231159894215 0.8768640960094439
v -0.21377686163360907 -0.45150240368079964 0.8662823055451064
v 0.24088887937140463 -0.3240981852160126 0.9148403763142923
v -0.42583405308503697 -0.015680835728248098 0.9046653915255263
v 0.7103651160825035 -0.19003075488708676 0.6776944105200626
v 0.9435840280109389 -0.2431855150332103 0.2247442710297283
v 0.9868566434954018 0.00535036121779572 -0.16150956263896157
v -0.6412133351894977 0.7571218606945397 0.1249477764251884
v 0.7690455327925043 0.6118474503637729 -0.18496395858448691
v -0.9811725024241762 0.16312250262095257 0.10340004654427107
v -0.9102072685771536 0.40085146339367567 -0.10411931868998095
v -0.9223714824789334 0.26319642185254305 0.28276932618944517
v -0.8086569153878292 -0.11406440567845688 -0.5771163700265844
v -0.9575953529125131 0.15906517530247735 0.2402278295417737
v -0.5997362212638216 0.6281445493058027 0.49573268006215065
v -0.9777723477779882 -0.08148456000949719 -0.19318773874337725
v -0.9058055935843295 -0.4170625944725496 -0.07466604933412727
v -0.9249100487109783 -0.38016604276616617 0.003896372796482589
v 0.4429180916445788 0.8812961371502676 -0.16474429500878374
v 0.07612516792952577 0.42060693655774783 -0.9040435629587814
v 0.9174990501298103 0.2428422650424178 -0.3149970274779814
v 0.35076488452770205 -0.578446795907999 -0.7364531893379495
v 0.8825077686454401 -0.10020147604240612 -0.45949940422090824
v 0.8624465060335017 0.21585344365016323 -0.4578136248463676
v -0.41937142012159095 0.7566258434373652 -0.5016422480492405
v 0.16559816032484737 -0.5883908392519297 -0.7914375967702293
v -0.877155711734161 -0.4793622353157527 -0.028455311019601144
v -0.9984621157226236 -0.02164407991299613 -0.05103858610328228
v -0.9603674004756824 -0.25630572245768846 0.10955287645252694
v -0.7768695217029156 -0.07206282251333505 -0.6255243367451779
v -0.793906171889681 -0.23274302764742802 -0.5617327418950945
v -0.783692262158591 -0.13938005441821977 -0.6053095395441281
v -0.200388369139292 0.24240174157768715 -0.9492554435945043
v -0.07920815220330453 -0.23708072454936358 -0.9682555440955073
v 0.3149458138191384 -0.4713526342025252 -0.8237935594480822
v 0.3787452260993471 -0.03042405971940821 -0.9250007731332685
v 0.5113100320863705 -0.0946547154763667 -0.854167744606364
v -0.7758708480249875 -0.629161846268104 0.046688311015683395
v -0.7934062658402592 -0.6054118607418641 0.06311082473307977
v -0.5047668068903401 -0.8444255472326123 0.17932084609055762
v 0.2689852072688624 -0.07668875971420981 -0.960086346327258
v -0.3661387239766845 -0.3318149474100867 -0.8693913247094007
v 0.7549581714179444 0.40157742452455447 -0.5184339220397326
v 0.1373398058919872 0.5212576191856348 -0.842275650935295
v -0.5589035182920316 -0.8208382480599953 -0.11769208878504224
v -0.7147562367650624 -0.41949799273694666 -0.5595935633074408
v -0.4253772292306793 -0.9001101451371548 -0.09410600126028315
v -0.4922280020069224 -0.8593396211235034 0.13873359221034723
v -0.30797461182631086 -0.6727324094556573 -0.6727427024787552
v 0.28091539378317965 -0.8742405523179221 -0.39596716810677074
v 0.03372983690158209 -0.702789322580353 0.7105979638091015
v -0.9632869685951664 0.11356766117033162 0.24327063626963996
v -0.9844153815618074 -0.15307187944886855 -0.08657572561932159
v -0.829665281872359 0.48608109624776236 0.27455543689068124
v -0.8228448638669876 0.5645913880676717 0.06452049695668971
v -0.5748596052321343 0.5353806203279349 -0.6187923930120912
v 0.3629581861683602 0.9073403382552286 0.21211993227478973
v 0.8780094165232264 0.22275871136524192 0.4236484639502902
v -0.865776037107363 0.4943276035327512 0.07792351350033737
v -0.7636972151529217 0.6308332465854293 0.13717134748247956
v -0.30025235583990867 0.9322332270795939 -0.20196468290607478
v -0.6019388915946657 0.7687286814903698 -0.21616147908418548
v 0.37163791118215633 0.9141617289641982 0.16184435816348863
v -0.36654933959703506 0.6695054508452358 -0.6460681333493358
v 0.3559800984133303 0.8056725907981027 -0.4734657812031494
v 0.4388357679962644 0.8439529832402927 0.3084907305040774
v -0.8934601889596793 0.0002298266321913327 0.44914233592910524
v -0.41195910924335455 0.8259238203860113 0.38488899078876965
v -0.6516620175528071 0.5775095014984061 -0.49175135033680134
v -0.2938056649784088 0.10882947643656334 -0.949649607110506
v -0.24053614476264057 0.30574967265720987 -0.9212271710781956
v -0.5038656154435037 0.16973672508850696 -0.8469408986050725
v -0.19388352053807986 0.006933798700874655 -0.9810000524461431
v -0.11937604503656285 -0.18711433174268385 -0.9750577350741428
v 0.2144399290234788 0.253287257783368 -0.9433244838786847
v 0.3164427776947292 -0.056624428865898545 -0.9469200824253624
v 0.7526757937289515 0.4111032455906881 -0.5142696481412209
v 0.27365054146028267 -0.2686775094353024 -0.9235408908554819
v 0.665749494559724 0.31859952486835547 -0.6747384332073654
v 0.9215423861965812 0.29512144215386876 0.25231520926042417
v 0.26749484002039975 0.8545255500213541 0.4452331916234044
v 0.9224513832075951 0.09755074929104805 0.37358706740350317
v 0.8004594299547743 0.274160399471362 0.5330110471258367
v 0.5105697813537726 0.5802711908324166 0.6345107118546461
v 0.7510561458919671 -0.2911111139067605 0.592595127450327
v 0.7785144335664183 -0.10462901664456163 0.6188441206028793
v 0.8647812388762426 0.4608092384565044 0.1995200607478044
v 0.8325050095504754 -0.09037584968884099 0.5465963911940719
v 0.6106132252739888 -0.5999674019159942 0.5169048324001905
v 0.6762580300270358 0.7121230698736006 0.18856248348426013
v 0.9555248080007479 0.27730402407727744 0.1003734004887879
v 0.8602096449153653 0.37678667112374575 0.3436148589017465
v 0.8602413892015079 0.5095383202654695 -0.018853447581366117
v 0.642102059326873 0.4907243958365383 0.5889775146294239
v 0.5817808923891896 0.6050520618134195 0.5435466822142955
v 0.26338104819288277 0.8762420085811258 0.40352244776534124
v 0.6865230905763843 0.4507633994873999 0.5705246741272567
v 0.5417426884460977 0.7684381916290832 0.3406135716042722
v 0.29202528096611435 0.8586785060753479 0.4211798410190957
v 0.9055919768348449 0.1409520187733627 -0.40004462238114313
v 0.6987663750734591 0.42063622245136645 0.5786110277453606
v 0.28623967439506365 0.6738335539342283 0.681186604679346
v 0.5564918669989368 0.1946496647741811 0.8077303448350424
v 0.5231208552102119 0.3340500873329914 0.7840632053584439
v 0.8294373487999742 0.021024597687521955 0.5582039508170359
v 0.32444289368925183 0.3926828157733003 0.8605446036847231
v 0.8406202944968494 0.09348018144574487 0.5334969317221054
v 0.6685788872977422 0.535622564603658 0.5158592247378281
v 0.0661771480983915 0.8792822495736745 0.47168136559993773
v -0.10910698178133371 0.7303397026852666 0.6743141591336816
v 0.6928786052647536 0.7081184497286629 0.1359687446446606
v 0.20488410750850447 0.8684600125888035 0.4514418113386251
v 0.23629723992730267 0.7918963722576186 0.5630841411440765
v 0.20344955483752294 0.7239978464343868 0.6591171345024979
v 0.677859807029161 0.5437473403796668 0.49481805933537554
v 0.4704536760707419 0.6952168769892625 0.5434582160762889
v 0.04223246077045558 0.49075327968951415 0.8702744611507667
v -0.8740007049877978 0.4698122445043742 0.1240936041647379
v -0.18833599448525537 0.9751690415926789 0.11651134494316762
v -0.9995360199012194 0.01871171288807701 -0.02403365808243588
v -0.8558181626393612 0.47456970640373275 0.20581269703413063
v -0.42627496882894034 0.8907090713390712 -0.1578828717251341
v -0.7309918709012043 0.46360785537955834 0.5007181254026296
v 0.29774099597699566 0.7265749665621131 0.6192246097175814
v -0.5538746011614156 0.49021046373559257 0.672990807836495
v -0.2865147724369253 0.8779397119081728 0.38357678166178366
v -0.8212350134241444 0.31925820922749587 0.472913574099008
v 0.20111718367071257 0.69785324829135 0.6874247029904964
v -0.5797919880135459 0.5175451973241071 0.6292759485011733
v -0.7505778261163256 0.36766453439681174 0.549049831153117
v 0.29348376199828574 0.5483243313983892 0.7830758003155525
v 0.6805260318492508 0.42598689556764346 0.5961706842676466
v 0.216859416796475 0.5579915683657429 0.8010102389978739
v 0.37821926083542573 0.7320833011490605 0.5665723527598201
v 0.58761851458852 0.47921933405891143 0.6519611270443313
v 0.5969288491755372 0.6035173384440081 0.5286234682828876
v 0.5272635142097366 0.2064180415635657 0.8242480080050304
v 0.427808312757409 0.507964038895967 0.7476313147027454
v 0.6825757490661392 0.6692860249095217 0.2935073485410716
v 0.5085223957334603 0.6611210398832407 0.5516556386562226
v 0.19979507446340677 0.6241959354255464 0.7552889264502617
v 0.6112079875668034 0.5020685201233183 0.6118431147244526
v 0.5015383881290587 0.3665868770026001 0.7836282963512652
v 0.7753137634490805 0.2708321652353322 0.570559818494402
v -0.020776024503825763 0.6920964455751036 0.7215059714431502
v 0.4961932227457548 0.14796362899186832 0.8555109877708985
v 0.6346500416171316 0.4879769918290875 0.5992476784442373
v -0.17409609991198274 0.5271440377497595 0.8317509912589929
v -0.3478258408266238 0.018217857276384218 0.9373821494617387
v 0.051107112237313845 0.35319274357648345 0.9341536003054738
v 0.3162275337805862 0.830213890256237 0.4590697586474773
v -0.1704148385473068 0.6600366529887003 0.7316490958884384
v -0.961949631500722 0.15560294385259754 0.22458991589123206
v -0.9533694449876076 0.11460071598003962 0.2792013203064832
v -0.9832796704876422 0.17609072428191333 -0.04640200887445323
v 0.5850908608362779 0.2582902533091216 0.7687358646579285
v 0.5446431409563945 0.22208059680089026 0.8087299039442732
v 0.11004963927374126 0.3503644710183771 0.9301256981417793
v 0.5677880556607414 0.6700331738728822 0.47819689434251494
v 0.16850053144002286 0.13076806593795806 0.976988886239386
v -0.6523976201022568 -0.07996883314830895 0.7536460250076354
v -0.6037250860039297 0.1810603071294314 0.7763589284034438
v -0.9830123787069025 0.16814475264201545 0.07357992571314893
v -0.18772923869394034 0.22471037124070334 0.9561710003949393
v -0.9016104299005544 0.04755090000511435 0.4299273713119938
v -0.9610655006568679 -0.2718929953553526 -0.04926766204984856
v -0.9662445515346544 -0.0824513589658004 0.2440762996160981
v -0.985088741020879 -0.16861145675403805 0.03421036341784204
v -0.9817396126492658 0.11053761800858054 0.1548185000581608
v -0.9669034479868782 0.04063208521489698 0.25188639487311615
v 0.9393983281017207 0.09574835042800042 0.3291854105971412
v 0.8618759955953611 0.07635334783567928 0.501338143861794
v 0.9744024776001519 0.008478942280916682 0.22465066032505254
v 0.7096243119264473 0.15582217458161893 0.6871337466836946
v 0.7993802938292568 -0.020277438652982503 0.6004831149325728
v 0.6200342216618455 0.520253290246178 0.5872768324701867
v 0.5348004222405036 0.6028458444320427 0.5920856325079983
v 0.6646185604503827 -0.4886705442676536 0.5652285097816776
v 0.6911269534750467 0.274063777412853 0.6687544991179488
v 0.6193061329854724 0.1788892894852334 0.7644988788442065
v 0.9586985335814425 -0.23567313920933808 0.1592334549144989
v 0.7977166157385776 0.5643427845243855 0.21252158132729393
v 0.8978521411975032 -0.2939237312440844 0.32782674198212347
v 0.8425106893514424 0.22401385111639863 0.48989134799112066
v 0.39296710325839185 0.8274964176649784 0.40103183727521674
v 0.9593874821530731 0.04596452157228854 0.278321615841489
v 0.9967251375125397 -0.07379577150316852 0.033063338592177256
v 0.9669245489362917 0.05015271724372237 0.2500832293805811
v 0.9669141393956006 -0.06047146945229513 0.24783108848396132
v 0.9742667727029883 0.18903043580391052 0.12276705562441152
v 0.9927818948296969 -0.05359321501576059 0.10729341360321767
v 0.07710627118512496 -0.23892598504865906 0.9679715887423834
v 0.4760326849229439 -0.4502961116942416 0.7553981034382469
v 0.9575702828914531 -0.2632064168168468 0.11739478467810621
v 0.7167316628865622 -0.3502247724723451 0.6030243213690119
v 0.8010971672718054 -0.5829358511723497 0.13575390236400997
v 0.9475294254743257 -0.1823306227282276 0.2625710034939709
v 0.9010069024872249 -0.396117860023516 -0.1768536192470102
v 0.3324957126350736 0.006400662958309657 0.9430830464985512
v -0.2307189599363975 0.34381968705400284 0.9102509457945949
v 0.32823320126403244 0.143229997729165 0.9336745328745282
v 0.29089209890841755 0.24857433169449483 0.9239007459761523
v 0.08880566289853517 0.5214946633996665 0.8486205690901089
v 0.4468810565272796 0.5731379901077582 0.686884390281437
v 0.45703991464153193 0.30872676753403067 0.8341476484606606
v -0.9566379725963503 0.2892290183407384 0.034501657009446
v -0.6906029423352301 -0.011067832512837106 0.7231494168713619
v -0.6176294644433193 0.060560954660322776 0.7841340544971177
v -0.9499617028866868 -0.019657038069422948 0.3117472756945338
v -0.9923655550220543 -0.08862305854575252 -0.08577038358178311
v -0.8687021404116039 -0.42869211636077176 -0.24815249467700398
v 0.4359447262586507 -0.6311334720200543 0.6415783164534018
v -0.9947375923048696 0.06715824637905424 0.07737501146236477
v -0.9459115006535763 -0.22174930914076219 -0.23680936811472234
v -0.8759223545551279 -0.4725353939233236 0.09731562197473682
v -0.9772101078492129 -0.19610381801251042 0.08126313849615759
v 0.7182054801861752 -0.2888277924279646 0.6330556014693606
v -0.9585702672984497 -0.08935256292342277 0.27047950412257604
v -0.3066785811492518 0.0018004250931818021 0.9518114342314689
v 0.4709434391775337 0.465557093961408 0.7493122642515905
v 0.7520755720897522 -0.5975956522024546 0.2779600157119635
v 0.685161974445528 -0.5661837725812622 0.45824557219852674
v 0.6644418251099067 -0.6490529649535809 0.3704690401768842
v 0.23988235350383777 0.7076999389396547 0.6645428901901432
v 0.8824025297756379 -0.28115142950371375 0.3772527655744524
v 0.46135119335401903 -0.4673173199797177 0.7541681502409104
v 0.09973131626881661 -0.09847993106821705 0.9901289652020532
v 0.4115119048179223 -0.14540621927124642 0.899730506090778
v 0.15555006089186607 -0.16782116388480825 0.9734681481737784
v 0.007435250836698116 -0.598713029187795 0.8009291015600382
v 0.5305166232501972 -0.18752899016379798 0.8266710290698195
v 0.4974600924573104 -0.026344580243353302 0.867086742779617
v 0.362371308509632 0.16749075609574124 0.9168608844265819
v 0.5293104033186317 -0.028272484801694624 0.847957052887589
v 0.550808501043537 -0.2124289484479936 0.8071455488568662
v 0.16989360065497694 0.011628863539258613 0.985393796402876
v 0.49312270998833824 0.3199453274727467 0.8089900990260104
v 0.5548887377131192 -0.2028800092108849 0.8068074061520087
v 0.2681340551905674 -0.7823452034477745 0.5621744489829844
v 0.23917909232564266 -0.12075800662555833 0.9634370065707997
v 0.8208256323266759 0.13414144878107556 0.5552038842032959
v 0.6104422594004019 -0.751698972610765 0.2496175124346309
v 0.7020463131518491 -0.17157660746183487 0.6911529801438923
v 0.07431226927636536 -0.8282264111189883 0.555444595400799
v 0.45888877426675967 -0.8171253544951622 0.34889432195595627
v 0.9168390355163469 0.08734153543181448 0.38958649763803144
v 0.3694305051275047 0.5240454325656891 0.7673965640321023
v 0.25633260973986904 0.6109939424758339 0.7489859781342941
v 0.41200441457739845 -0.7249721421683493 0.5519671688140247
v 0.2737503572707709 -0.6650480769461397 0.6948178158656891
v 0.7408309547795905 -0.2506235438129189 0.6231832280533665
v 0.5834238994270844 -0.7148100754564027 0.3855685537012935
v -0.09277375372537584 -0.5393708158133932 0.8369421447558356
v 0.3849109462388058 -0.36404580326485103 0.8481239394043752
v -0.6352153799810919 -0.6616377688465886 0.398417976340407
v 0.35544031916770075 -0.1282236913025622 0.925862227601228
v -0.3047497774150716 -0.2506015276825651 0.9188723782379297
v -0.42154287167667365 -0.4359891351477554 0.7951195390453536
v -0.03202909559146045 -0.3002502227003579 0.9533225796150947
v -0.7556228346152698 -0.5662674998684549 0.3292039647402718
v -0.8377353058335713 -0.06212551373855064 0.5425310847340032
v 0.8007110144042708 -0.5867280214317996 0.12088052067396621
v 0.8731670828986319 -0.4355090429384821 0.21888608649501015
v 0.729550629180604 -0.59597340704578 0.3355168811795168
v 0.4984572324628859 -0.608199753395336 0.6177648803349806
v 0.46194874936234837 -0.45074547734215503 0.7638271189334371
v 0.4524611652970025 -0.665101490135228 0.5940697784923735
v 0.4134838570858587 -0.5628403877487462 0.7157106942391195
v 0.6168594806621048 -0.7486332691388011 0.2429662722598127
v 0.769162660589084 -0.6100813087724246 0.1902356387274666
v 0.3484118934433255 -0.8842541894685491 0.3109721545646109
v 0.13824803028027038 -0.948615941265315 0.28463182903699624
v -0.5046941515118105 -0.40219109916828144 0.7638888225256235
v -0.043437307150344516 -0.6150421659835221 0.7872968527879585
v 0.08255729915784675 -0.8980879265208325 0.4319981117936439
v 0.5524083985379706 -0.25366822276914536 0.79403866025645
v 0.3520065963696003 -0.33438061765934457 0.8742316390099621
v 0.20138215341106977 -0.39221966282831305 0.897557220670841
v -0.44431445284711385 -0.7051010754368501 0.5526455829995995
v -0.13912260274119514 -0.34767547076043015 0.9272360370682478
v -0.4321086008058526 -0.49478280093088567 0.7539709125772664
v 0.49614353113112997 -0.8666226365479508 -0.05297926329623484
v -0.11769567145856095 -0.937331567922448 0.3279592363327548
v -0.1278457222085308 -0.8542637085227842 0.5038739798936622
v 0.3441044325974956 -0.6257054353251952 0.7000606028561124
v 0.04796393127391347 -0.8979911076386583 0.43739162303209117
v 0.2439419468661033 -0.938975009777104 0.24252475661932477
v 0.9941001094414749 -0.050048122643804024 -0.09622971385325003
v 0.9717007230362537 0.23203789547265916 -0.04422804444513814
v 0.9819309805314634 0.06355133844609069 -0.17824919874779066
v 0.9919474480316008 0.10053565113631031 -0.07702495176365118
v 0.9482525793796363 -0.2851006038889535 -0.13976656024250056
v 0.9451898625481269 -0.31676746342248485 0.07921172800247228
v 0.9719094383464487 -0.22519740303986757 -0.06839717331286409
v 0.8502417746073776 -0.4851014297112229 -0.20436616061526597
v 0.9438679152763837 -0.3282265823562596 0.03715735656021372
v 0.7855346735707103 -0.6077140194028645 0.11670024524126976
v 0.979237193578969 0.16860633079578063 0.11254520837054181
v 0.9606216754578389 0.24278563163152206 0.13513376230186544
v 0.985425989569557 -0.169656459881723 0.012341179087130984
v 0.932930246069078 -0.35829472544521634 -0.03558153576824204
v 0.8868244654574361 0.44701869083871304 0.11711813483391835
v 0.9684352318766781 -0.040603830901191414 -0.24593602943877912
v 0.9968416228181657 0.07743104874788899 -0.01764119347005581
v 0.9512541070777065 0.3035573759029211 -0.05448433997698439
v 0.9966833591001041 0.016824346968131364 -0.07961923788902213
v 0.6488497577334502 0.516868152818297 -0.5584275284147842
v 0.8378127625396404 0.5401033287578562 -0.07973812883670643
v 0.9542047473441961 0.2626992439906944 -0.143116761256382
v 0.9788582221836278 -0.05266904614481646 -0.19764248642865884
v 0.9924489403557741 0.10769441473687262 0.05871127507713943
v 0.9799133232980132 -0.053529660654170974 -0.19210532073134504
v 0.9265378969059207 0.3693602550453922 0.07141797805844409
v 0.9949118529855382 0.03595170655778329 -0.0941163088123717
v 0.6750754545152664 0.6839413655565747 -0.2765815235904497
v 0.7306459461132242 0.5086147741094749 -0.45548601843072983
v 0.7292864476492612 0.5915076234451643 0.3438895297641021
v 0.7815494450744114 -0.6113129326597276 0.12440644383167122
v 0.31419035143935403 -0.8526056671481649 0.4175499962989435
v 0.8102901401573093 -0.5781080060813759 0.09602615304417841
v 0.7777081499523214 -0.6039293263921375 0.17446891477073118
v 0.6217623969028008 -0.7832047508496264 -0.0013564823105013237
v 0.7698241803737341 -0.6370864845358499 -0.03862049370037523
v 0.9207180151527833 -0.3901817624161046 -0.006043910239370588
v 0.8243922509127002 -0.5637078422562976 0.05109682195441139
v 0.7450977255398282 -0.6307125234136184 0.21686653085388863
v 0.8024225642338729 -0.5961339896182857 0.02724508818340779
v 0.7842983424847242 -0.4683395357049926 -0.4068589304308633
v 0.274672370536244 -0.7843704909175583 0.5561636646183827
v 0.5218989854078975 -0.7236389311794043 0.45162832762320904
v -0.3953572189971015 -0.7982417335468013 0.4544257961549666
v 0.3478792375303754 -0.8450979557554944 0.40594270688505923
v 0.6129290326383108 -0.7813558776156758 -0.11747762963433228
v 0.6590560265035754 -0.7131572316736567 -0.2388554308381639
v -0.3935794531805316 -0.2569814157831224 -0.8826413575038367
v 0.7255356871118946 -0.6420485586972213 0.24773295098127715
v 0.6959763497098811 -0.6420051397329812 0.32163072179277974
v 0.35878682653106747 -0.9280718382537847 -0.09977312337501691
v 0.5884015583354744 -0.8083625201644887 0.018265873691176517
v 0.4972772029942543 -0.8592104748789465 0.12030271501718622
v -0.07094942895168388 -0.8510896236655486 -0.5202044127266366
v 0.4368544920112396 -0.8540101121375635 -0.2825329736090778
v -0.3593393625832545 0.15152000764010104 -0.9208240384476309
v -0.2506370245528842 0.049245698413727605 -0.9668277732414502
v -0.5270162868270745 0.11824624159577656 -0.8415887711747799
v -0.4826462565668215 0.2694461055792352 -0.8333374989823856
v -0.4184196983586033 0.20746851077635997 -0.8842407890737312
v -0.4060950094432928 0.44456401567922965 -0.7984044584472269
v -0.7448200004897245 0.3989911771547762 -0.5348356826382593
v -0.2800059564639168 0.57291317103096 -0.7703032927386311
v 0.380283558458393 0.6352745494311985 -0.672168626172934
v 0.8103674187112642 0.3179318576972841 -0.4921625550084001
v 0.5623339305744726 0.06809689234679442 -0.8241015494326979
v 0.35633214040413186 0.4222891067541802 -0.8334862422570433
v 0.9474337692296668 0.19787825546286075 -0.2514228488786199
v 0.9793661563770691 0.19719846052198184 0.044211977008119255
v 0.9810530672304483 -0.18451144252270069 -0.05907966533352813
v 0.638753794075507 0.021574780743654976 -0.7691086525257715
v 0.9767429370744474 0.21426545552481166 0.007971790509484673
v 0.007154559538187197 -0.6269310776577309 -0.7790418705979357
v -0.24579222597541134 -0.593272316767731 -0.7665599388222043
v 0.8619236160611566 0.22341171374512162 -0.45516468034935187
v 0.38930363049070565 -0.4227009447689754 -0.8183926897145231
v -0.1586520041875197 -0.686548395454591 -0.7095638394577404
v -0.17056044261735434 -0.6065548231304424 -0.7765309922671275
v -0.002026450642977187 -0.49370039936312277 -0.8696296965757808
v -0.3048960923428071 -0.19986358502138185 -0.9311782430106963
v -0.46276894399153073 -0.4796407325104371 -0.7455130261731278
v 0.995288695228638 -0.09654387625398084 -0.008927099637137512
v 0.9703908692313231 -0.1663329914829437 -0.1751425044265725
v 0.9859633571255456 -0.16695175378431643 -0.0018358415140924947
v 0.920688158948595 -0.2019682082759672 0.3339792760301786
v 0.6827380889279383 -0.6775352300831438 0.27352278501654675
v 0.8396417462700315 -0.5318116507650884 0.11035445632652773
v 0.9676631770102039 -0.189634327021664 0.16633339374148273
v 0.8678822579757137 -0.4543346418943347 0.20089902803578533
v 0.9463039037925445 -0.3093242542655683 -0.09395438994555184
v 0.8374843172110857 -0.5430947943146106 -0.06056453429072287
v 0.6721178713724236 -0.7404235342163991 0.005527835046278216
v 0.8871458829423552 -0.42856526179718757 -0.1711841077878933
v -0.13459780708713637 0.502308433856805 -0.8541485044204302
v -0.47767818840826787 -0.4029174831124781 -0.7806926732852699
v -0.488685336970268 -0.3345018754103771 -0.8057885186431959
v 0.9736094607401246 -0.22780631706758903 0.013744084597567761
v 0.9793659311688147 -0.09646062292903414 -0.1775886288307418
v -0.35824893804656033 -0.15743718189796307 -0.9202560687898447
v -0.26134057257630494 0.2929188966179528 -0.9197280169319678
v -0.040500271075980525 -0.3663618822397535 -0.9295906084317532
v 0.7521644909493784 -0.5400341744517421 -0.37763960197400886
v -0.5331985188924656 -0.24631595655113908 -0.8093378707308699
v -0.33048431468003253 -0.16564280130247627 -0.929162300207632
v 0.6247844005652494 -0.5149369533690271 -0.5869279230581438
v -0.3113257539753172 -0.1245863920234019 -0.9421011123198463
v -0.11619471484819932 -0.25410534077110886 -0.9601714763691662
v -0.7462050332013004 -0.43445365123930757 -0.5044086372673253
v -0.646901922279869 -0.28522040111204955 -0.7072250177560829
v -0.6435446353870177 -0.5000975584808482 -0.5794417436344096
v -0.49868171246223203 -0.0901633156044527 -0.8620830158255919
v -0.5445822628350475 -0.0654726282483387 -0.8361480095986082
v -0.5122808882790074 -0.20494843604429397 -0.8340050539817304
v -0.7510861234967728 -0.019228340057605403 -0.6599241668776947
v -0.7254194532824535 0.047879407106261096 -0.6866397739532275
v -0.877488227795 -0.08822516615709994 -0.47141354471179797
v -0.07186223668065747 0.2985133668728909 -0.9516961640867657
v -0.009491549443860553 0.9636563258228609 -0.26697639631761255
v -0.19686235176814632 0.688011929299378 -0.6984875085483364
v -0.45204563645541923 0.5900029747537348 -0.6689926997683596
v -0.460904157374935 0.5609111339319308 -0.6877107368259542
v -0.4991505769326045 0.8652379021794525 -0.047032692671672295
v -0.3600319967863234 0.8868851189387967 0.28950258564470427
v 0.16494722133048167 -0.6989078298370035 -0.6959312175552145
v -0.16977169040752743 -0.5279171163711227 -0.8321544876875742
v -0.6151977211778578 -0.2973219027448434 -0.7301585101919698
v -0.7077750197966566 -0.2382788606046144 -0.6650396273462275
v -0.7534946225853622 -0.15673992789033078 -0.6384970232819231
v -0.6688634914244092 -0.7231379692559474 -0.1723168803685057
v -0.7678936461449278 0.6339371850896846 0.09199453011356373
v -0.8277885298083523 -0.5383846100002759 -0.1578231973842161
v -0.9853860179849342 -0.08849246261866685 0.14554545550953735
v -0.8902743780722753 0.44372075622088597 -0.10258373285657123
v -0.12447798903613731 -0.8382133593023673 -0.5309459431359843
v -0.9561314059370912 0.17719717125497494 0.23326786551086742
v -0.7070398995115048 -0.5687926548130258 -0.4202017328968447
v -0.9183136064673583 -0.2500247014881057 -0.3069002587530635
v 0.7629143037730508 -0.066967332018975 -0.6430218826297761
v -0.040339723734770884 -0.9990614396573406 0.015778037862938472
v 0.003676300009742132 -0.9999606065309237 0.008078997743869576
v 0.6293712502590538 -0.3623165951298881 -0.6874725552637285
v 0.016211378230172904 -0.999484447260363 -0.02771337042882121
v 0.4976978679213371 0.3903284528573187 -0.7745582813168852
v 0.07517488722247914 0.1464095209111486 -0.9863635174303921
v -0.7951344178600993 -0.004085866048101704 -0.6064194614562746
v -0.884301522135925 -0.4574874128222868 -0.09335997567082321
v -0.5608297358299218 0.1591706053090083 -0.8124867542394177
v 0.8092577442237915 0.29444423622246674 -0.5083350225679798
v -0.027493254117265786 0.9813469832646466 0.19026880830924572
v 0.8163234000207924 0.5286342067837014 0.2327272695595857
v 0.7256297052809918 0.6349096038930113 -0.265238243279962
v 0.8393506623224358 0.4288709814446639 0.33400620792670777
v 0.7409976484107768 0.6532337215144995 0.15558981369619365
v 0.5738225273896677 0.7925385603218159 -0.20642271547278296
v -0.015258939798307062 0.700928315669198 0.7130684827205398
v -0.6138494100085561 0.3200954193319215 0.7216147340200785
v 0.5037855818124035 0.7099603659960132 0.4920938592105626
v 0.5587931119828616 0.6953057720075536 -0.4519957316319358
v 0.7028715245037437 -0.48044066402018926 -0.5245458877902132
v 0.9265382392165991 0.3217253442702852 0.1949863947140179
v 0.8376573319884983 0.5453985462751844 -0.02950626860221605
v 0.8260816190592483 0.15810209981285822 0.5409185564271355
v 0.9457284176529343 0.3076293783252399 0.10469921506345509
v 0.6663325844921697 0.7207028215019693 0.19128076203080643
v 0.5656794354636526 0.7581887645038865 0.32427854334444206
v -0.0868756652063322 0.8767047442527107 0.4731188119275606
v -0.1944375055276286 0.8654247718284739 0.46177269381138963
v 0.2918478562030838 0.9146425165052836 -0.27973897803228287
v 0.28972376635363156 0.11094062528515387 -0.950658885653106
v -0.3867933731134759 0.28893088601019956 -0.8757338805966459
v -0.6889622319974007 -0.27395779988008445 -0.6710276944851259
v -0.17257047614915227 0.03687979656825594 -0.9843065129149248
v 0.018972855489354297 -0.2357173359729148 -0.9716364383226949
v -0.21328521463717182 -0.14372575407425212 -0.9663603493692005
v -0.5273276543447557 -0.19320731489054083 -0.8274034556587524
v 0.07195027807994796 0.19792184729025938 -0.9775735777164957
v -0.14541464346952362 0.2053473662771957 -0.9678259350873226
v -0.02968553399693135 0.25485886079216097 -0.9665224933476919
v 0.8157785326614267 0.5676360161873227 0.11088164309638858
v 0.8183469366083419 0.5069858244397492 0.2706910880706828
v 0.9122102455038371 -0.04141098812514031 -0.40762433448008056
v 0.8958922627385872 0.4418450112900857 -0.04636851909645615
v 0.8222354808165515 0.5691203463587544 -0.005553867739292688
v 0.49715336650348735 0.26854863179413785 -0.8250576722482772
v 0.3734225526543497 0.6620437646906061 -0.6498104729868538
v 0.1289588667287806 0.4816394081092158 -0.8668293322495685
v -0.6501549036973976 0.29639285205361493 0.6996069456843259
v 0.1684904096647368 0.769993909888254 -0.6154026004056277
v -0.8223502261464919 0.30904886421479627 0.4777330897942469
v 0.8074532171981443 -0.324155670630872 -0.49289187783348193
v 0.8672785484707682 0.20610799701177923 -0.4531527479010026
v 0.08362775955157911 0.5307885633903552 -0.8433681869778977
v 0.4850646093840161 0.396003284988095 -0.7796753959192053
v 0.7359519090112763 -0.3533553226961669 -0.5775074056191365
v 0.5562285700297639 0.13430816477805127 -0.8201043194353971
v 0.7867748492565239 -0.020021875221371443 -0.6169152786971596
v -0.03424483714597661 0.07022155366390871 -0.9969434409884407
v -0.2655380268793449 -0.08175278641454956 -0.960627939524185
v -0.06572215162947342 -0.0313770634154775 -0.9973445135341217
v 0.6207507423312665 -0.3274124797460813 -0.712368994273125
v 0.769072298577248 0.12122198287001537 -0.6275611766434966
v 0.6135614062617077 -0.11566923425812389 -0.7811293292357514
v 0.03343603008150848 0.6484642895342612 -0.7605104187920204
v 0.06661873062717641 0.13124311608699682 -0.9891092908316041
v 0.35594340962775706 0.12253044273541311 -0.9264397334665814
v 0.19510902996421317 0.15448534177490242 -0.9685384585049349
v 0.28473284343048283 0.20922869866915186 -0.9354948206832604
v 0.09069089368807404 0.16459458560045 -0.9821831724241027
v 0.4761626535311665 0.22028023856869228 -0.8513200008682272
v 0.12476676452585864 0.42978699379300855 -0.8942686366166026
v 0.31767686728808553 0.22031686569964734 -0.9222482782192176
v 0.21882790341178812 0.026483266161821745 -0.9754040113213618
v 0.28711128813006564 0.20671483980623367 -0.935326725391816
v -0.05875336382853984 0.312371938928465 -0.9481412415926768
v -0.036496901831088724 0.10634106589161949 -0.9936596770835405
v 0.43426781505324374 0.19904388803541684 -0.8785174986559039
v 0.509555405564753 0.6344671691067221 0.5812096867615355
v -0.08551231733347481 0.9690220857764466 0.23169773598748056
v 0.16896586384403414 0.9737924894221682 -0.15224560552086772
v 0.4270357699784571 0.8043382938913382 0.41313479657235075
v 0.5720517944451566 0.8109045723673238 0.12324982347185674
v 0.26239716616117875 0.15220794625337175 -0.9528800912433386
v 0.2530367229258536 0.23561338257590725 -0.9383276351051821
v -0.1183607267059601 0.4448724200025305 -0.887738288176605
v -0.7958393688787696 0.4156999594765776 -0.44026496866524983
v 0.4699875567929308 0.7809262184289669 -0.41141941839204066
v -0.9796066859260654 0.06701503250528501 0.1894194454306816
v -0.8393667077598254 0.49179514122092827 0.23151904668065457
v 0.3241046294243597 0.9453071537522213 -0.03675015987139242
v 0.07585496784100683 0.9792509319428426 -0.1879192277094446
v 0.5559700160120883 0.7022304861446657 -0.44471303738989354
v 0.3210739566096645 0.9383455766275769 -0.12813700952681661
v -0.24361066651853094 0.9103859229612553 -0.3344417952833952
v 0.05985879561141749 0.9803928644114633 -0.18774119419838795
v -0.7045879932594821 0.709598748041876 -0.005037512479223302
v -0.9576111227884372 0.2795043676072995 -0.0697011190750357
v -0.9754650285667011 0.19271655440267205 -0.10643452307652265
v -0.9838400609101148 0.036168563090518184 -0.1753584032555861
v -0.7027861228313469 0.6965734206465851 0.14448922175857473
v -0.9273352693607019 0.29724553213243704 0.22736400732529954
v 0.2494676275116232 0.890920910879711 0.37950735616189085
v -0.4948195776477403 0.6457226173491737 0.5815461177071382
v -0.8515026761796055 0.2810132601553981 0.44269034332793455
v -0.9241888884794269 0.11537244498227024 0.36409352830004316
v -0.8012591670390636 0.5878164144939617 0.11160470459317111
v -0.8780293155588194 0.2876199548973887 0.38254317738542326
v -0.6520720927063389 0.2292252380203949 0.7226740455890671
v -0.5380625732699346 0.44180420193450404 0.71784240220201
v -0.7628074681686547 0.10474990372854752 0.6380848095472785
v -0.649687251105382 0.5873336199017042 0.4826444806317513
v -0.3908356195427437 0.11845701497548573 0.9128063617765474
v -0.21965194863300275 -0.12069426781167383 0.9680836302609029
v -0.5986614837427199 0.6368874928779362 0.4857764396289942
v -0.31454452320735243 0.902130137968802 0.29533532990255223
v -0.6191620143362327 0.7674866670994901 -0.16614034978780806
v -0.6681832513830644 0.5367720461435986 0.5151765843378086
v -0.9774850579257043 -0.19436031579719315 0.08214030177201712
v -0.5536748979296213 0.5878684083648886 0.5897922022620812
v -0.5860482052863651 -0.1951910432956663 0.7864146220015112
v -0.8885461711655297 0.3268932194974724 0.32191074035150574
v -0.8225918272573962 0.43558002950623953 0.3655307423797368
v -0.8785907127386687 0.1730887598796715 0.44510520182612495
v -0.6142288656960525 0.7467188830171053 0.25521326433284636
v -0.14734986581847778 0.12369218125112337 0.9813196529880648
v -0.568179999789568 0.3751307945479625 0.732426361364022
v -0.44320578321171844 0.274138929836724 0.8534731869693756
v -0.2792669502061011 -0.03041981131636241 0.9597315278774893
v 0.3937643873529981 -0.31476412631270023 0.8636394803615226
v -0.013288796149728286 0.4245172843143801 0.9053223090232753
v -0.25854826600767883 0.037284015001269336 0.9652785589506315
v 0.08934547671280471 0.4968489058063301 0.8632256660862292
v 0.8834667685552486 0.20957283436893562 0.41900560372519774
v 0.9302245604681829 -0.04086523156071338 -0.3647085136808095
v 0.8267280125379254 0.2993343109736222 0.4763609593145083
v -0.05361304247891484 0.22415241681744663 0.9730782783060424
v 0.0714351545862557 0.6633998998843184 0.7448473612242404
v 0.9427715959234575 0.17832418751186957 0.28174847305383677
v 0.9395242330975127 0.14941948815569384 0.30816883681161067
v 0.9416264735586591 -0.1466573964033737 -0.3030366188658847
v 0.7830228351005777 0.2877570240028745 0.5514264546139064
v 0.38964809955474844 0.024429371048986813 0.9206397581809748
v 0.927434772558799 0.14471521604901666 0.3448510531993416
v -0.34461746715203345 0.8601828188994022 0.37593126952143174
v -0.620569750821877 0.5296060516248754 0.5782824694275137
v -0.46560701191842907 0.7057120581195031 0.5340230345941336
v -0.15244562578507953 0.4945129501400411 0.8556969518017397
v -0.47563725281749086 0.6507538291082455 0.5918518882568394
v -0.4148695545725327 0.13695900725770457 0.8995140260272613
v -0.39586535920628324 0.33660871781338275 0.8543917066969404
v -0.7032734540256372 0.4695285010436551 0.5338065525736343
v -0.16310585499529867 0.501909529468282 0.8494017331599814
v -0.20896518690990498 0.28909834976475096 0.9342139448878968
v -0.40509919561028435 0.39397737392316384 0.8250311936845225
v -0.26012257165525104 0.33404580156553343 0.905952344316134
v -0.5384219778929804 0.6943279217774294 0.4775044615100962
v -0.7032061711838595 0.33329500774249676 0.6280250939435985
v -0.5761581019039755 0.5991067744386479 0.5559792392096374
v -0.061424501945482476 0.7957774567434401 0.6024659906581381
v -0.16311017888815108 0.6622326094832208 0.7313296387266959
v 0.7110684709971522 0.46674191461113923 0.5258646353377456
v 0.8575020962568499 0.3672530957400691 0.36029892948001363
v -0.560936202085501 0.6653805641697037 0.49256398773672116
v -0.2083147812439848 0.9471033761815204 0.24413141285143133
v -0.37633628759384846 0.7930960874028286 0.4789254584863963
v -0.6999687486615523 0.6417055520731182 0.313460899213467
v 0.26812748551967813 0.41458549147343116 0.8696128574076102
v -0.25552390372030825 0.6325893037526711 0.7311212672363222
v 0.018549174066081305 0.7618475039937869 0.6474907789304053
v -0.08795532580200925 0.933860661624868 0.34665274459122075
v -0.31483095976546316 0.7093775495150036 0.6306068180865523
v -0.2403650610544682 0.8406787247213242 0.48526685362304506
v -0.40907011934454685 0.8859649209305777 0.21846692275928956
v -0.12583295015096493 0.3457882673516574 0.9298368366644997
v 0.9914327524137997 0.0494525349235104 -0.12089476510931557
v 0.9767977981405116 0.21155124201852615 0.033348666364149106
v 0.31740701513751407 0.6170669328230997 0.7200563777634265
v 0.8271254841699771 0.5023612946045327 0.2519852438533634
v 0.9937460121554863 -0.00035531752223161127 0.1116634992937552
v 0.9796393953583269 0.1518727939316407 0.1313061671261837
v -0.8233194197839585 0.4776303608107441 0.30661763067117376
v -0.8464542814138851 -0.10109873633246229 0.5227754728256507
v -0.9884303527320458 0.06324967419743503 -0.13785832043051258
v -0.9621014730951136 0.14507671027565286 0.2308971710606403
v -0.9603608689623743 -0.25990621387858187 -0.10077579745719913
v -0.954882422675325 -0.1936320909747695 0.22518031044130093
v -0.9387268309660185 -0.18102732203161884 0.2932934460613751
v -0.7601328041853856 0.2786432381476084 0.5869889827210366
v -0.7689166301096626 -0.23714319539080514 0.5937426385401664
v -0.7505042011065236 0.027472730505072325 0.6602943988858716
v -0.5618832762118322 0.3679791256567212 0.740863379439403
v -0.6798625749585583 0.010098207547643543 0.733270008506446
v -0.9253341125317849 -0.05922854908892839 0.37449800955123214
v -0.6743833417638356 0.2254570288384443 0.7031189348174195
v -0.5372220402545791 0.6486692915945041 0.5390924128635012
v -0.5333220753149608 0.6144876814268228 0.5813539828335496
v -0.6911578347509725 -0.1284641749683496 0.7111946310343243
v -0.8524879094881825 -0.12968094982496886 0.5064061763337431
v -0.49249858243316297 0.12894073320115726 0.8607086810430535
v -0.6645990399948686 -0.6538200994669534 0.3617006961161703
v -0.746276294068694 -0.6075688904037349 0.2719039100944862
v -0.6893602197122362 -0.7234433597347604 -0.03757915291726919
v -0.5703793109831694 -0.7802622793230616 0.25662855855875744
v -0.7910782875362413 -0.5779957387481679 0.200289962248954
v -0.686019448512549 -0.47746989872817946 0.5489989180964203
v -0.18703457771359466 -0.8492051434749175 0.49383062990790905
v -0.5044616659438623 -0.71470244830743 0.4844779024646104
v -0.6017325477423199 -0.6719726474661465 0.4317067315260152
v -0.44653694161716684 -0.7062940407108104 0.5493209333600741
v -0.5560656369425336 -0.5670364309330788 0.607668242881237
v -0.5767444276606987 -0.5577545960356142 0.5968883277158986
v -0.492729931568407 -0.5982493325688317 0.631913720865072
v -0.5234525638065263 -0.5208308950280985 0.6743386332018984
v -0.16999729270727204 0.011435189724251133 0.9853781796387459
v -0.23186003037671718 -0.8216973029435847 0.5206289164548459
v -0.31524089382098197 -0.8611453431680438 0.3988130850447871
v -0.05224444285563452 -0.9000499917287378 0.43264365311397224
v 0.35377616639437715 -0.5721056837982431 0.7399577762663506
v -0.14101683470896226 -0.7789915557323368 0.6109716920008479
v 0.26822134782518836 -0.7736646179735548 0.5740212256238203
v -0.257500465247644 -0.8191096781604325 0.5125942308894627
v -0.22484491995034853 -0.629939290280336 0.7433849961719889
v 0.6028417937097128 -0.503028091242589 0.6193097053798639
v 0.5430575305050446 -0.34580932635085315 0.7651826111266068
v 0.160887273955809 -0.7563500922325874 0.634073988631315
v -0.4251940474104772 0.7431272457153862 0.5166932539932769
v -0.9051170623234039 0.36627433448319036 0.21588472708820183
v -0.5943692997896893 0.3946953302150439 0.7006716290631096
v -0.4999194905604309 0.12424393924031499 0.8571137302131195
v -0.3921519230881355 0.15623187964009083 0.9065365238104868
v -0.4148815621402713 0.15611926194268266 0.8963816516677034
v -0.29887507712263445 -0.060330598721728704 0.9523832774323671
v -0.5355779644769065 0.18231694854637537 0.8245706605497868
v -0.7084913089384293 -0.0024276640676341122 0.7057153616054321
v -0.7893433360997021 -0.21219201620665135 0.5761177362424704
v -0.396066018084366 0.46939854823620947 0.7891747032391077
v 0.20104402967106397 -0.15908240361539058 0.9665785467273574
v -0.25724312964276613 -0.0548848573174091 0.9647868286252889
v -0.8007405432804272 -0.4464216839397006 0.3994023816346222
v -0.9202957520688263 -0.16286299285270575 0.35571248823049856
v -0.8282602008391087 -0.36935303842877165 0.4213826915161487
v -0.7032931429986523 -0.5552236484807307 0.4439656013463467
v -0.9344803929169536 -0.1099819660598361 0.3386005942041286
v -0.42966550043502166 -0.04533719298021131 0.9018492649376599
v -0.5961961561416943 -0.0632354251418379 0.8003445660520221
v -0.2155828191123123 -0.6652211251550941 0.7148460692701462
v -0.4116559591960187 -0.2347510427411529 0.880585781846577
v -0.17198740536080312 -0.692656001264579 0.7004627015833337
v -0.2256528570236412 -0.6499995630552449 0.7256592562250266
v -0.7630979226165415 -0.4091457201696701 0.5002812610573787
v -0.5919315709223123 -0.697232398779154 0.40433154395633075
v -0.7065631751590766 -0.6978986761580417 -0.1170722739421112
v -0.7151797922897871 -0.6024781167369461 0.35431339736656803
v -0.9165705211680346 -0.008354292146610102 0.39978579955832166
v -0.608731354600539 0.27205951140891943 0.7452716016179155
v -0.6974927677185558 -0.0313224341763872 0.7159069381543768
v -0.720595328910797 0.11535954106321829 0.683691851814561
v -0.3824739078938291 -0.25713074919626955 0.887466893804038
v -0.3327094981784078 -0.22775915392802715 0.9151121011241526
v -0.390365267101156 0.4259504808158288 0.8161992073837168
v -0.1461924389979395 -0.41323652740836503 0.8988121846054987
v -0.3258610392120164 -0.7430633239140162 0.5845267143403442
v -0.4959553145600091 -0.6802588849304768 0.5397000791484348
v 0.029714277196321276 -0.20577345820543963 0.9781484271974649
v 0.3800511146166373 -0.7934602562757379 0.4753756114794823
v 0.8829290496573295 -0.4295803794977325 0.18946501213097108
v 0.9433642547661708 0.2062069519486441 -0.25988954537941095
v 0.821818837544946 -0.38835864691505184 0.41688290876765816
v 0.9873280589812201 0.10304884654644356 0.12068238965907153
v 0.6623236410765153 0.5036735463635887 0.5546533630698305
v -0.5843027503897721 0.016775483042827524 0.8113623598957665
v -0.13441235625373 -0.17060887209650769 0.9761280301519252
v -0.10859418350287717 -0.07223812230852134 0.9914579955775649
v -0.7595476976451092 0.34221004042659453 0.55315421288574
v -0.11016040297586907 -0.06166598312778033 0.9919989879738177
v 0.07367656446816052 -0.1837937670898049 0.9801997832213124
v 0.17285669380070498 0.2929810909989182 0.9403630382598908
v 0.6302281179895177 0.22151212420261068 0.7441403752832109
v 0.7470197073409521 0.34624743576035466 0.5675158764947614
v 0.9623591769819235 -0.23258128286735685 -0.14060853935109788
v 0.9210439251100425 -0.0048608157214199066 -0.38942837658343377
v 0.7975624594653926 0.26052622388845353 0.5440773933163713
v 0.9761205951399528 -0.1569502025006591 0.15018394614147912
v 0.8514068555821448 0.34270662303921046 -0.3970623840063238
v 0.908798582810321 -0.15510533298169368 -0.3873337986318647
v 0.8328627029463649 0.5532928342198832 -0.014379069573661347
v 0.9819694108062139 0.1731712001886956 0.0758143236209628
v 0.9394896804277089 -0.06027046433702134 0.3372337638766929
v 0.6646425227664979 0.22657968710453366 0.7119775012752839
v 0.4062427842246194 0.3467502586735997 0.8454176827907144
v 0.7953846490519079 0.6041904354326002 0.04813707286840771
v -0.8864630706143225 0.35662854624199153 -0.2949564449920535
v -0.8755319443325749 0.47929460480416536 0.06099587083434347
v -0.8106953360143684 0.05255886255376258 -0.5831043115357704
v -0.45450261297231664 0.6904483463879928 0.5627685632401856
v -0.9277962398620065 0.27351067445341526 -0.2537440605373059
v 0.18197763176219026 0.9739665999760008 0.1351784142140064
v -0.8488164708967185 0.4185577795534435 -0.32298604290236976
v -0.8044831687486723 0.42964387710247726 -0.4101377452374345
v -0.8701084868713579 0.47538834985966744 0.13006589826752543
v -0.9807514090386387 -0.13045512379077875 -0.14528638733707105
v -0.760611138142261 0.3306868394098189 -0.5586742438801694
v -0.790211462252697 0.2321028615465586 -0.5671808411665133
v -0.8743673474305808 0.19915645283866376 0.4425137840112227
v -0.9014077566605161 0.3638173661271349 0.2347359800639221
v -0.9964786106443678 0.010624792072938996 -0.08317146338545099
v -0.9630707588286402 0.05577173408785213 0.26340885931581925
v -0.9587558629466479 0.27426703261795254 -0.07459752063152976
v -0.9919866655934015 0.12604355116287946 -0.008687836044462
v -0.9720817982418559 -0.2345033278443674 -0.008072592941361503
v -0.8988499189828271 0.037929602332077844 0.43661214872183235
v -0.929057525304695 0.011865250281832187 -0.3697449533265674
v -0.9534134176864295 0.17639409133580972 0.24472020659785323
v -0.9977805623337375 -0.0561540685974892 0.03578645007428028
v -0.9246826304757713 -0.3287990031465329 -0.19197199906823542
v 0.4924379452100059 0.7030195362296958 0.5130968736961184
v 0.011520774580304621 0.7466637995028342 0.6651018284932474
v -0.16469758340833765 0.9738542059273297 -0.15646945905544588
v -0.13091967684515216 0.9728746943742681 -0.19072196323689472
v -0.40660754157918094 0.8842941373317259 -0.22955214181460706
v 0.6202148817361101 0.5443352337593017 -0.564829756441062
v -0.09682202322835891 0.3318220008611582 -0.9383600884321884
v -0.4490190044427023 0.356702526649794 -0.8192345458603034
v 0.09255072228418929 0.42874273744598657 -0.8986734829135646
v -0.1435863830573892 0.15016875820591613 -0.9781780485470883
v 0.6532680155074837 0.739738261052888 0.16133259140472314
v 0.6833690579889341 0.3221151084089872 -0.655170655263179
v 0.525200198006964 0.46173981088749255 -0.7148154300622143
v 0.6770359024856984 0.6298119456940122 -0.3807352095702453
v 0.9124219683251706 0.36919095319300343 -0.17659046349693672
v 0.2139761744228268 0.46924684426099433 -0.8567506031106545
v 0.3634793982689171 0.39411166804882314 -0.8441319329002075
v 0.845407882060559 0.30717787893565596 -0.43695224412110695
v 0.7648478346303832 -0.16524506513000828 -0.6226570952871198
v 0.1281464589993995 -0.8073973300776093 -0.575923637672099
v -0.4100765181875451 -0.6267039200697464 -0.6626307009189909
v -0.11517848538436193 -0.6890220061327347 -0.7155295881858319
v -0.3021602142751597 -0.8080999827444842 -0.5056417929696415
v 0.768869791019598 -0.589274159944926 -0.24818382074317732
v 0.46272017098660573 -0.477774939209811 -0.746740350339519
v 0.2994479867738857 0.2680216900562712 -0.915693877273648
v 0.8508982437249212 0.034394797946888524 -0.5242033734153542
v 0.521068304850801 0.8124116370500074 -0.2616775757791249
v -0.036439047471156616 0.7690590311372386 -0.6381382314558866
v 0.09328433518664453 0.9877827044176031 0.1248333355407607
v -0.028329570438174353 0.9395429235938265 -0.3412572785502948
v 0.36840498106291925 -0.44581571161602107 -0.8157978433437606
v 0.8270909209402816 -0.5189442826215813 -0.21591072236581743
v -0.11894271618821903 0.6322307118787818 -0.7655958184466642
v 0.3159628557933953 -0.709550451496142 -0.6298457196333902
v 0.5924543316490776 -0.5947376145685713 -0.5434013569430336
v -0.04596845331854615 -0.905225645096663 -0.4224374897648537
v -0.06175427616370737 -0.9937902152515928 -0.09256034488748055
v 0.09260980161336511 -0.9928358122458688 -0.07550148718547903
v 0.6299539478662399 -0.6896440959005218 -0.35714009094092247
v 0.25375823300032607 -0.9564839779389751 -0.14403179902572238
v 0.8073479322683882 -0.2878517580895397 -0.5151025933022656
v 0.7970315248543642 -0.4574017851289053 -0.39436576340906876
v -0.900014969797486 -0.4050240534117981 0.16102350852688435
v -0.990510742034847 -0.10671172099711476 0.08660876696623027
v -0.9535362578798702 -0.2925376548892074 0.07204391286136859
v -0.9576282075247626 -0.23255067467654955 0.16990703299272708
v -0.9385818529739448 -0.3244956636968061 0.11733145149517868
v -0.5820534654303675 -0.6535949016892967 -0.4837638554772964
v -0.45394288476021954 -0.4192180757455759 -0.7862519076884625
v -0.9919871993675989 -0.06511405930103306 0.10826613308033609
v -0.9534910449506291 0.17073781206479607 -0.248401744620049
v -0.925445255067212 -0.2571178220160763 -0.27828313904240104
v -0.5885256508468798 -0.33141155059419075 -0.7374306356722716
v -0.3245748189180376 -0.6600836320057732 -0.6774516851277218
v -0.904137101499916 0.41413334835691407 -0.10502224273943807
v -0.8638012914704065 0.031800052719037214 -0.5028280874226541
v -0.6611118027634248 -0.2917472797964675 -0.6912414259708805
v -0.84068418838434 -0.11832117175241341 -0.5284412888067123
v -0.8373550456593539 -0.04014054765384685 -0.5451836974294723
v -0.9143563628686981 -0.09268667684765532 -0.39415938605653433
v 0.42757569498684606 -0.5410558494481894 -0.7241806355008492
v 0.011920030997319036 -0.9333303966368006 -0.3588206844300025
v -0.12259876387045968 -0.09967936064786923 -0.9874378806579517
v -0.058718629180634155 -0.32905042591969275 -0.9424849812008763
v 0.11116507944279365 -0.23426171919320213 -0.9657969621163253
v -0.6010554775514599 0.16006431929348586 -0.7830145123779633
v -0.49636354507330743 0.09121554223373718 -0.8633093049291569
v -0.7920166244886248 -0.09279776147102829 -0.603405536931516
v -0.41566793387100415 -0.21708345212470576 -0.8832298362063133
v -0.365071734951342 -0.18497683251653316 -0.9124177769924081
v -0.4217965623050018 0.005787925762708598 -0.9066720244625661
v -0.3300646898416096 -0.20811896693756485 -0.9207300343317811
v -0.4574556826330581 0.3566284555004549 -0.8145860563219105
v -0.23124730771633878 -0.623109364462062 -0.7471675866856311
v 0.1769206731952173 -0.4021156118995772 -0.8983329616922557
v -0.523173505787901 -0.4897602789357151 -0.6974412892985384
v -0.28752026488148485 -0.19415447173420147 -0.9378891930223389
v -0.0475984445112305 -0.13988425282442257 -0.9890231462872162
v 0.13290854403569047 -0.017538045843309844 -0.9909731257053901
v 0.316974958253074 -0.35105169714004236 -0.8810729718789233
v 0.37317225207515164 -0.26873675730898766 -0.8879881899846471
v 0.4469082859630901 -0.490588557327375 -0.7480613954462413
v 0.47856300498857063 -0.4817887974221385 -0.7340688012269959
v 0.5789235187718567 -0.3858002768204201 -0.718335371409552
v 0.61072027300973 -0.22886637000269905 -0.7580507455419515
v -0.8080775770604528 -0.4056927645753002 0.42711123869942613
v -0.6985907162832645 -0.7144713692763268 0.03875143361536471
v -0.9306526711947497 -0.34038632954887516 0.13424884451764102
v -0.7371600098842418 -0.43147334672798665 -0.5200248752615735
v -0.7490949076944039 -0.4821606594094331 -0.454288364130288
v -0.9648592703934326 -0.2627451751669525 0.003400185633258876
v -0.8364596118076525 -0.4439317043455179 -0.32134087771628905
v -0.8418995668748461 -0.5354670096327347 0.0669343027970205
v -0.7397039093426192 -0.6531054566908671 0.16214619620533816
v -0.775376232637864 -0.5720590115453734 0.2674699705949121
v -0.6116361778956153 -0.7888417701924358 0.06024821564915643
v -0.4276048458736434 -0.88148466025895 0.20034692289511558
v 0.12229342019881778 -0.16483442938726353 -0.9787103403278473
v 0.08887646330926832 -0.05012423810277806 -0.9947806466876264
v 0.17250199096431412 -0.05675838840896131 -0.9833725379827144
v 0.09061035734243807 0.17940554319337015 -0.9795934943708883
v 0.05732168759963026 0.21196050356745808 -0.975595699589825
v 0.8116106231214715 0.2960079901572949 -0.5036541136528279
v 0.1259221311530985 0.33813217361046977 -0.9326361831150027
v 0.3090071847988289 0.19291731613478783 -0.9312880697604007
v 0.2736550995649941 0.37727009726261057 -0.8847486423801584
v 0.3709137892056434 0.4448506446300113 -0.8151876256110459
v 0.2827605040200821 0.5101678190142948 -0.8122655315895824
v 0.04151975226139779 -0.05609806124423437 -0.9975615859167746
v 0.23896311557807837 -0.3232722547706698 -0.9156373073923457
v -0.3094378380676348 -0.8728453824050307 0.37734488572954566
v -0.7496906529913799 -0.6541843168688071 0.10003401611577109
v -0.4663270389659248 -0.8385793048477355 0.28164488671083937
v -0.5572369627017486 -0.579251477383426 -0.5949409158463119
v -0.3900224286118162 -0.357806960857337 -0.8484436834238186
v -0.06999868907826957 -0.21733667515012164 -0.9735835624958005
v -0.34132000275035373 -0.9316244520174698 0.12480599394919935
v -0.5952879829571559 -0.7787809615984244 0.19781918814572647
v -0.5259602020893753 -0.8488962914611665 0.05235410357920082
v -0.3419559155735123 -0.8844828419524017 -0.3174212565284242
v 0.18193642453126102 -0.6259442182865823 -0.7583488465227466
v -0.14388944017602714 -0.9285152839169466 -0.3422794129632418
v 0.6786008256846418 -0.7043515040545488 -0.20830237184491526
v 0.5310401064920122 -0.739451378042453 -0.4137729628770705
v -0.3694368862399046 -0.8870604415908534 0.276839592634442
v 0.3351636428177951 -0.9413388309925794 0.039326044787512254
v 0.15703200810223977 -0.8390722188566838 0.5208634753697933
v -0.22454656112171514 -0.8826809906710928 0.4128596742191104
v 0.2329219825928417 -0.7241561982291114 0.6491110464253245
v 0.6650898867579429 -0.5959020994579916 0.4500623627830533
v 0.6019660924153946 -0.7107192078711171 0.3640261407443047
v -0.9606909730453301 0.1729481478123254 -0.21716765983337075
v -0.913218345794666 0.40746779804224414 -0.0014988204225232936
v -0.9918286996363698 0.10316285174424075 -0.07505502380003398
v -0.9981920054079515 0.057616615392803786 0.017118585523632462
v -0.9221245943863763 -0.3065084728108849 -0.236090636245701
v -0.9567420722319175 0.28367972387181506 -0.06457880058801907
v -0.8312950857333504 0.5503191850931611 -0.07808504949079932
v -0.9629533280138485 -0.15895474872434986 -0.21784002369865915
v -0.8187022145465147 -0.5680315607249304 -0.08406443907522583
v -0.5368159775191497 -0.7962282919926083 -0.2790145396044689
v -0.7226042492712006 0.37468613103579207 -0.5809073954983134
v -0.2700076896602366 0.9428808436611444 0.19511935368176542
v -0.6101965462384129 0.18883312740183336 -0.7694168083388584
v -0.3068262821914813 0.4800655887927583 -0.8218239854212188
v -0.5017825589354389 0.32363545247634423 -0.8021685343172186
v 0.8999504428761586 0.22717863879849384 0.37212775553654887
v 0.7988418020785911 0.42435914490108684 0.4263462107145406
v 0.909755614198372 0.22657923963389273 0.3478599870658739
v -0.46439171254249945 0.8715246071339795 0.1574331492469335
v -0.7550384044008086 0.3214860441489787 0.5714575498646614
v -0.7260579674408285 0.6855911814007782 0.05295809570951322
v -0.526431670194404 0.8342955503376616 0.16377005618582627
v -0.2423418231062718 0.8232924256445628 0.5132835694329406
v -0.6786270280359532 0.7113039516183708 -0.18306295428398392
v -0.697075041899052 0.6155792925248665 -0.36762551676402927
v -0.266172482344571 0.8490881737924589 0.45629100667043193
v -0.5120802091148765 0.7836554513120367 0.3516503847030346
v -0.848647463612487 0.5231604766765283 -0.0781063259133356
v -0.8925092166221118 0.40117764404198897 -0.20611597746294058
v -0.4185421263279615 0.9064800742274796 0.05582439894357981
v -0.5686326248736806 0.8206466356834932 -0.05653350573449276
v 0.9984548822263828 0.021821587474677058 -0.05110446632521532
v 0.9614574249068599 0.18875483237906102 -0.1999280704278979
v 0.7090660711353335 0.6044584395969044 0.36311885322133514
v 0.9713337717748756 0.23028887274236637 -0.058972357089096324
v -0.08203848265103633 0.9524116872121888 0.29356713955405017
v -0.6282556145930578 0.7774872275410597 -0.028434024386563617
v -0.31605139699361123 0.9456084729840898 -0.0770462866015265
v -0.15850281918898504 0.9736079249094497 -0.16420860167073886
v 0.06122256178147496 0.940085261667913 -0.3353975234310547
v -0.2266410000677066 0.9386324778485159 0.260005631893359
v 0.14806908430664006 0.975174559125565 0.16465152749626413
v 0.7186743833783905 0.6786766827053614 -0.15134427979853218
v 0.8556734222248977 0.5173250602590018 -0.014063304233081433
v -0.03924509056426098 0.9991648654410553 -0.011375171856315607
v 0.6959793617849847 0.7102926164068841 0.10534290221570965
v 0.9567277604592672 0.2785345328765787 0.08420514450923487
v -0.31371967158024877 0.3574156094473129 -0.8796783786060601
v -0.27344117345563385 0.9171182932963909 -0.2900413087136401
v 0.31284925308590594 0.5298376166784106 -0.7882876662717313
v -0.5163788887188089 0.11709231624425061 -0.8483172948620606
v -0.38474690595373323 0.5762629067048658 -0.7210345905121948
v 0.903653993879198 0.3315396169540806 -0.271092127764928
v 0.3296694309538677 0.9391073265040658 0.09693036470032976
v 0.5256983511786094 0.31556456021420104 -0.7899748425772237
v 0.4143795887765621 0.4441124026869669 -0.7943889036139519
v 0.2797753356369228 0.3282812171804681 -0.9021957681211753
v 0.011715915670700348 0.9520548940110769 0.30570282319526265
v -0.9640147899704509 0.15765247286174802 -0.21405882957449585
v -0.5925882406711621 0.020996027817465963 -0.8052318571903033
v -0.11869058615567592 -0.8037424729164484 -0.5830185091300054
v -0.6727662345611466 -0.6366865694258337 -0.37684984535910204
v -0.018880034884865036 -0.9123454039681556 -0.4089858287776353
v -0.21037825802383794 -0.8529141682863288 -0.47778489939228463
v -0.8760098902611244 -0.054689120786888035 -0.4791823997521716
v -0.9571015620104889 -0.28198956086712756 -0.06662197504612752
v -0.7758781057328882 -0.28481484588498773 -0.5629330942553085
v -0.6306100561191315 0.38711115411061336 -0.6726632972628838
v -0.3711394790248667 0.48704355229788565 -0.7905972838773272
v -0.9361197051933258 0.2207496254430985 0.2737690640220199
v -0.903605999005458 0.1565416363151842 -0.3987366482543495
v -0.9302431438318715 0.36564707510924765 -0.03082060703244327
v -0.6884850016897073 0.5929308928941716 -0.41763783197891
v -0.8722930728877022 0.4390805572996684 0.21520469138367415
v -0.9053038134330287 0.26139344805868414 0.3348110970317562
v -0.8771535227975376 0.3646377340380536 -0.31247563162503333
v -0.964533289685497 0.18964803695518737 0.18360053150118374
v -0.9382147062691961 0.336937539928953 0.07890664817891661
v -0.8285976332205167 0.4809807791201081 0.2865020983140815
v -0.7032118631635075 0.4975178827730319 -0.5079065187878062
v -0.7942803380733758 0.5831167349366558 -0.1705685140547866
v -0.8151925959897098 0.3165624443378998 -0.48502499964266976
v -0.3979173167350603 0.2152258425852859 -0.8918181685331509
v -0.4365419749773568 0.4147342749477442 -0.7983899957204109
v -0.11943137791339524 0.5742466613591961 -0.8099240198237884
v -0.3194827626934842 0.24645177427406925 -0.9149821240324327
v -0.2218538571210177 0.6426426750750862 -0.7333425245087485
v -0.2619933700404935 0.5189400600323502 -0.8136711179269214
v -0.37157580788771927 0.42357626473828675 -0.826144398360813
v -0.35201110921994316 -0.20591804150361948 -0.9130640389200853
v -0.8144093073335757 0.48076872498404216 -0.3249598639919457
v -0.5232627145632355 0.5468128739191301 -0.6535991221415579
v -0.5668606536764188 0.28237193598736154 -0.7739089669207176
v -0.17490687261237314 0.25859682345243484 -0.9500185623519517
v -0.13079248912565242 0.13496840648627714 -0.9821796444840786
v -0.1454845199553226 0.39279353046491833 -0.9080459772931515
v -0.17984601620464682 0.11402260712692909 -0.977064100005366
v -0.03820810476944348 0.006445549316037171 -0.9992490158233541
v -0.5196573501124692 0.09287077961472212 -0.849312225726111
v -0.5272934850820449 0.05956572308647894 -0.8475927708653586
v -0.36235445288690554 0.25081315491811357 -0.8976591846536488
v -0.495178234053184 0.4020821533696867 -0.7701483353624585
v -0.4903378849566011 0.055330277565296467 -0.8697742919636301
v -0.3876841904211338 0.07631056069588138 -0.9186281439319124
v -0.35886780368936055 0.10951999018045477 -0.9269408132270623
v -0.0021150365063885962 0.15895451826333595 -0.9872836409787451
v 0.15908323474389244 0.6571762866176538 0.7367576621460078
v -0.052627449666435545 0.20151613024513393 -0.9780703455235891
v -0.3062778528245814 0.3188829015514097 -0.8969434608532012
v -0.11650420746813044 0.18820227557233024 -0.9751957101585402
v 0.17833586215016128 0.13694392432075475 -0.9743934943660032
v 0.23090546397058886 0.002345152271085285 -0.9729733639567696
v 0.31489820607324115 -0.2099396156012036 -0.9256157289140421
v 0.05376882872863314 0.05483509399970456 -0.997046651628295
v 0.07959278370376381 0.25244707576887465 -0.9643316144968129
v 0.32699364128677044 0.041430108624078435 -0.9441179506064992
v 0.6247957467478206 -0.15309251948496855 -0.7656323891552509
v 0.597423429381227 0.05401253871865183 -0.8001049254238723
v 0.41246938733435745 0.8482497156485965 0.3321767969231067
v 0.8034228652856907 0.5433877837043833 0.2433955958043796
v 0.8517150670333462 0.07839254194896472 0.5181081488986276
v 0.6554373359486761 0.7200654593186468 0.22783246682755434
v 0.6940582820551411 0.3744373133300337 -0.6148819394785087
v 0.6251372330042076 0.32340693480626614 0.7103600456325361
v 0.6595249297184295 0.13666523482452986 0.7391545715682591
v 0.8604984635461143 0.5072325763206198 0.047513237670395635
v 0.6059299094049327 0.7925425349141318 0.06874063747458334
v 0.7320371701591062 0.3190927685557792 0.6019147668572815
v 0.5783276654685758 0.4487432702560222 0.6812977240190938
v 0.736553286645481 0.539670704299135 0.4077312679363891
v 0.9123442613834081 0.06503205412547665 0.4042261503873602
v 0.8370355487187388 -0.22908966936211408 0.4968796771580393
v 0.7837891548729089 0.22205183073823656 0.5799720210229186
v 0.7034314085745637 0.0826319631598249 0.7059434907236972
v 0.5376882419379794 0.7997407673553236 0.26703194473988134
v 0.7734417460416653 0.5854604942818882 0.24294829720586086
v 0.4318339852810118 0.893411608286388 0.12383500044595099
v 0.21603944300644598 0.7734416357104154 0.5959152584177231
v 0.5750672536504351 0.6126576667763703 0.5421699338021982
v 0.29183488548362857 0.6374362142728246 0.7130970988219536
v -0.1605650238034058 0.9691614387715911 0.1869357609693524
v -0.9913530345856962 -0.1309749480214153 -0.008045110845649664
v -0.9898472195890728 -0.1219238892020197 -0.07305509642479027
v -0.958754679314757 0.23332173432260447 0.16232816510005094
v 0.06175080640441787 0.5283687147750242 0.8467664017634339
v -0.9361221701458815 0.27453782035763213 0.2197823190219038
v -0.9779915914753281 -0.17598180865306143 -0.1120841203148428
v -0.08132377567053117 0.5440099178689277 0.8351285247019955
v 0.7580348587016713 0.6396145584489838 0.12757887604634596
v -0.8761627855173417 0.28346872640566745 0.3898515799947993
v -0.9754049733903021 0.07624407284060274 0.20681387584526578
v 0.8466494888030888 0.24518785379764158 0.4723002852630674
v -0.9780873883943131 -0.13190836815595489 0.16107527145538234
v -0.99815406850525 0.048892091292563715 0.036028029858097145
v 0.08810411037888805 0.7046007388187653 0.7041132469925522
v 0.5056495928232587 0.28702603605591426 0.8135935987356965
v 0.41862503481626084 0.46796342608076447 0.778307980221093
v 0.25661982594093347 0.4101375389619314 0.8751762474315075
v 0.337372784858194 0.5976872603470289 0.7272891741638189
v 0.46244725080334703 0.6311125220432557 0.622767633025856
v 0.3006005861921218 0.31261418260443047 0.9010614076829152
v 0.15613479223671825 0.4763058903556781 0.8653060877317815
v 0.6213464521000617 0.5760552583571529 0.5311204437618079
v 0.03104098549509646 0.07100003456986076 0.9969932057494533
v 0.7375347889847694 0.6002485889322939 0.3094253811858063
v 0.7981411562801032 0.5173647948162885 0.3087140484923869
v 0.767661642762052 0.5476951628366792 0.3327545804901434
v 0.347555091819203 0.4986152775554155 0.794095877799955
v 0.45524108535378965 0.28392759993642375 0.8438842765452178
v 0.16927421896575798 0.6772918288975078 0.7159762686725039
v -0.8739008826607982 0.10030510457368776 0.4756428631664089
v 0.49385620160192273 0.42870904635825385 0.7565147756058158
v -0.9950593742217071 -0.02102176428919873 0.0970305477655059
v -0.9553458518412997 0.20428303388262997 0.21350116027162397
v 0.21091431260134375 0.4183359204509036 0.8834648891723982
v -0.2658828288457178 0.7006403124566578 0.6621249684807511
v 0.5103021280604918 0.46758992922246007 0.7217696281963296
v 0.08653759574024825 0.48534884134340717 0.8700274402167494
v -0.38583798740810543 -0.0009786259032744536 0.9225660354490642
v -0.4660992289334666 0.3958101117530527 0.7912558778433586
v -0.9605509478147156 -0.05240052962092308 0.2731227949983268
v -0.6982392795494101 0.201067272482096 0.6870472039321106
v 0.43492051255695413 0.19464292952491924 0.8791804580079983
v -0.9857589055563196 0.16617854319615694 -0.025769592499887577
v -0.9825726797261863 0.18149515190918694 -0.040130273973178046
v 0.34290146756686424 -0.025714799185599397 0.9390193462561541
v -0.9437189432405393 -0.047841175072045036 0.32727019133536406
v -0.7541804147014697 0.49005589091475005 0.4371008188741697
v -0.9303859951504042 -0.031025333304211564 0.3652661067240631
v -0.7063444917260405 -0.019689995749429992 0.7075943492394982
v 0.3302093913222177 0.2555388303051977 0.908659267321289
v 0.9314582785777833 0.2172476455902723 0.2918714370307518
v 0.9341396637909375 0.12445513733743756 0.3345056162800169
v 0.7761676674583045 -0.4316096023170226 0.45964867364115897
v 0.8495299159673313 0.060850930007187935 0.5240191658649513
v 0.7452936427247708 0.31162555282811055 0.5894293010519721
v 0.9618990484417931 0.22279421662468532 -0.15847068386728758
v 0.7855210572578145 0.40792585876782267 0.46535272896277274
v 0.7710152806650723 0.32015984127159747 0.5504844348552512
v 0.7709950197381109 0.097138687932608 0.6293891918723752
v 0.47821843032685596 0.8462832024773883 0.2347591832076728
v 0.7580944056956062 0.6006622619657327 0.2539640114331857
v 0.8022362073955057 0.3261747949187894 0.5000270699705772
v 0.3460025630881767 0.6708530506862436 0.655925613710406
v 0.20958380567087645 0.46126649497149 0.8621530310897415
v -0.19278506604220044 0.06815029365924404 0.9788715215927284
v 0.9887929596656683 0.027008309993104 0.14682994962515147
v 0.8186616265091936 0.33973304254999814 0.4630060486441216
v 0.7599564345990704 0.11792218274110443 0.6391874344267434
v 0.6831167305845853 -0.43570556369175256 0.5860991333925338
v -0.16106646086430412 -0.4701443910924629 0.8677683139576743
v -0.3008995225690748 -0.45261854388334727 0.8394021271420637
v 0.0005703000696064263 -0.13032321110904402 0.9914713991861078
v 0.15563449973126015 -0.026888592594924775 0.9874486852903621
v 0.9617955051535051 -0.05858864581753114 0.2674262082290773
v 0.8510030069265967 -0.5238777165570199 0.03668814927049085
v 0.9027565899116865 -0.313128269179684 0.2949257981451578
v 0.7752743511306818 -0.6263275996903536 0.08162976384273407
v 0.8152183961075782 -0.5790792822147934 0.009281786325242139
v 0.042950558300227974 0.09510798677428703 0.9945399541463584
v -0.7582442954575837 0.4517929564108164 0.47005181942378077
v -0.3692496877561607 0.28305906199353426 0.8851735623680355
v 0.6741601975857298 -0.259145953465522 0.6916295271267815
v 0.3144384830876971 -0.07932515869192354 0.9459576943775071
v 0.40334300488500346 0.439872329538136 0.8023881567651842
v 0.3422217535253065 0.13882376593404092 0.9293073944750225
v -0.9377932864558335 0.3421851179096262 -0.058763057779037196
v -0.20484284811512624 0.07322538282935553 0.9760519714060198
v -0.9449854678722603 -0.03130527596400408 0.3256108800501955
v -0.9348945150077814 0.24982666493784 0.25210887190735964
v -0.9876209400207759 -0.13949714450755793 0.07173162138636327
v -0.9541337120755609 0.2879396701979094 -0.08197320176271099
v -0.9876558835572132 -0.13922442962288822 -0.07178031673795954
v -0.959418665759993 -0.28198402218963353 0.0009137948735313685
v -0.9703610666941399 -0.21091111629411846 0.11796567834662786
v -0.9145003468997356 -0.37127219666924494 0.16076713439212856
v -0.6571041673381606 0.07626054571673044 0.7499322918996149
v -0.9075304846205058 0.3667320987234024 0.20468509288758352
v -0.10287882300692325 0.0770687373621495 0.991703764991398
v -0.7552781129850553 0.3054040964129949 0.5798993963955266
v 0.7363140878528311 -0.5619772349400641 0.37685959114579154
v 0.638064842467365 -0.7206426441085683 0.271196305836396
v 0.6546417772707231 -0.6760945809246213 0.3381423680880428
v 0.7720787773499433 0.18919489407103293 0.6067121670308477
v 0.8666747797891562 0.15024073543609615 0.47571267325249883
v 0.4226258328412253 0.49058339150711744 0.7620468104996142
v -0.033730930059623576 0.3476260403625048 0.937026339234495
v 0.5276028038472168 -0.6619341031770553 0.532427013236315
v 0.4718438988699345 -0.3364124831621196 0.8149785127670027
v 0.7396256168344053 -0.4653368967280459 0.4862257906218442
v 0.5038216647531935 -0.09307778673518728 0.8587783507645029
v -0.11593467810881807 0.25384494862278056 0.9602717805238801
v 0.5192286089583521 -0.3042711754465331 0.7986367781611111
v -0.35854517113287987 -0.24692149866099045 0.9002639245000904
v 0.6675010240432943 0.09409979424004203 0.7386390266057808
v 0.7989226035443325 -0.5944381763512019 0.09146544725852913
v 0.9694027659814368 -0.17961541088141667 0.1673217902170525
v 0.746101740968392 -0.656749901981722 0.10959816773529003
v 0.5278140407957337 0.5189385628345335 0.67239505228854
v 0.2988094088481868 0.6675513058403526 0.6819737467488299
v 0.13270232110431776 0.20734446293940914 0.9692256536338142
v 0.44770750075292 -0.5332017435541432 0.7178118795620451
v 0.5121303328805936 -0.1651642940463165 0.8428779734432467
v 0.7281633771632091 -0.30759869258152395 0.6125039922158934
v 0.8333963452944243 0.20086138788645622 0.5148837096920267
v 0.3442065632827129 -0.9272381282559629 0.14748320345545157
v 0.2965257288035344 -0.7570041392920231 0.5822518572338572
v 0.5478054704097607 0.3212317962202974 0.7724760835690786
v 0.5914365580232178 -0.43589422568978475 0.6783797032959873
v 0.505738638856302 0.6649716424244203 0.5495826998179106
v 0.39267939064010754 0.7759102664362428 0.49372680158702414
v 0.6285378270780313 -0.25105486500287516 0.7361464899667829
v 0.6745867536533057 -0.37682194737086744 0.6347739217824891
v 0.6248559460504639 -0.3988726423119113 0.6711599376456359
v 0.7847448691510465 0.30000701309909883 0.5423755916636223
v -0.31662554327979914 -0.08477068935783828 0.9447550981966538
v -0.0038254982743312483 -0.7702224858224075 0.6377638182717049
v -0.45512300569058994 -0.5750749402812682 0.6798175216568481
v 0.06688495211751752 -0.22829540340672747 0.9712917234093972
v 0.2886286247014977 -0.5193934357388492 0.8043158433813895
v -0.5068094319814095 -0.3361731271100207 0.793808432975961
v -0.9362045598857028 -0.33592910324182507 0.10330856520328098
v -0.9024159183535657 -0.28751832835025504 0.3209029778060115
v -0.9845155050703158 0.10383109272254454 0.1412385374470557
v -0.692455585205505 0.20734026400721714 0.6910248023328246
v 0.8125752361140142 -0.43221281034970516 0.39104165024184306
v 0.7350238862965535 -0.5438582925756222 0.404917330044344
v 0.671976639671938 -0.5951423277763591 0.44074142694344864
v 0.5988862147046986 -0.43435733044019265 0.6728068157573518
v 0.8060298083605278 -0.4476704615489309 0.38717839026843653
v 0.4022738986346137 -0.6841373898695069 0.6083845348624888
v 0.6763568843726226 -0.4965969478105721 0.5439970922596761
v 0.7944727813959845 -0.5372982730177142 0.2830610630819967
v -0.1265379512425888 -0.6094301046162918 0.78267687744222
v 0.47572738291535005 -0.8728454445210977 0.10873953799460088
v 0.46672160624178893 -0.7939665506464232 0.3895998700227008
v -0.13537950894370396 -0.7734806134683198 0.6191931275029087
v 0.39822413654527766 -0.7367885534564039 0.5464065927204648
v 0.6395886074326852 -0.7638175905592417 0.08665507252661567
v 0.4360671867759399 -0.8361130299560204 0.3328068655467919
v 0.183185173661561 -0.8540691062374991 0.4868358593214589
v 0.457130469764942 -0.8035657739644535 0.3812004466489937
v 0.11213691639975694 -0.9658482069790929 0.23358628610349802
v 0.18752777483526614 -0.808945647504559 0.5571716728700082
v -0.20955495646970917 -0.5644740114630236 0.7984082981794594
v -0.5157133481480739 -0.332209437159933 0.7897320003670764
v -0.6081875411601371 -0.450975113233392 0.6532452541134268
v -0.23164757446526196 -0.5689479726640151 0.7890738911191194
v -0.5321146167877056 -0.40362744840853315 0.7442707286277556
v -0.6728529302583461 -0.19202213656398676 0.7144203477730453
v -0.3356897685590429 -0.5878458680041573 0.7360364221661962
v -0.7298461051229658 -0.13742876744705193 0.6696551326726473
v -0.4620406037441534 -0.8177546509107354 0.3432139440722063
v 0.1326162419801545 -0.8880734319250279 0.44015737171148683
v 0.7066910665250625 -0.16777463408362084 0.6873422791097437
v -0.08271771076674586 -0.9782105583423887 0.19042553366862633
v -0.18987519636016328 -0.6802521606125358 0.707957913854465
v -0.17913310304896118 -0.9625841133333284 0.20333016537233292
v -0.40102918619905525 -0.7231697043098766 0.5623176776386184
v 0.12947327247166074 -0.5711999518326608 0.8105351853817605
v 0.043551118280953295 -0.8365568129014156 0.5461464994712537
v 0.07246488240545951 -0.9768648595966221 0.20120608068156112
v 0.26438511629108163 -0.8491166735331815 0.4572760490247608
v 0.020435041143254045 -0.9192098032588872 0.39323751942843804
v -0.0633530390117708 -0.780205951618904 0.6223062473625133
v -0.2424924730318213 -0.8620721894484968 0.4450044277334623
v 0.34661233244220685 -0.4949964655779067 0.7967674629804816
v -0.41645938838288316 -0.31826482540716894 0.8516273121126983
v 0.9878909512602441 -0.11141659005631073 0.10797134748790553
v 0.6699732555200418 -0.7416531834053061 0.0329604677250208
v 0.6540667783125677 -0.7280417869908312 0.20530904973482217
v 0.9205443303255268 0.25535160271935803 0.2956242461202779
v 0.9917984100863159 -0.10300641311866685 -0.07566764570595846
v 0.9858842702439308 -0.1674053408122472 0.0027672284197887654
v 0.9675981496374918 0.11750938437887036 -0.2234845976818106
v 0.9801739159896112 -0.15846944360339305 -0.11893918554295527
v 0.9892566224472418 -0.06636972486715753 -0.13025511339418885
v 0.9940962971669529 0.08013797190083617 0.07314682097380718
v 0.9873887551919374 -0.05329678011681523 -0.1490734696372773
v 0.9060071497301856 0.16599568026271336 -0.3893539248189289
v 0.9716129388760223 0.194254959555496 0.1350307657417071
v 0.9617924285003276 0.2724362078612293 -0.02708942830026553
v 0.8937094425359103 0.44457882671365073 0.0602751952304277
v 0.9138914662183439 0.3200225409794446 0.24977582196510775
v 0.9973686434847889 0.019054208466890307 -0.06994802451115124
v 0.8114249063156198 0.298693677813737 -0.5023661097693505
v 0.7989773990884397 0.35384344586190897 -0.486240610774586
v 0.9284512367739267 0.36900096857935094 0.04262142794964621
v 0.9941948576205151 0.10676803087816104 -0.013310622198978392
v 0.9261022414067384 0.20420389397691668 -0.3172308436235033
v 0.8912424468880188 0.3715023153778922 -0.2601402132195679
v 0.8743934875327077 0.35135220840410164 0.334645565651107
v 0.8821212053018571 0.44032937220677476 0.16724898543425173
v 0.9564315104793331 0.2783765339943476 -0.08800722176909843
v 0.93416063461291 0.3248742525699016 -0.1476503598260203
v 0.8876651857568435 0.4580750651308964 -0.04709302178235562
v 0.9339369795085962 0.35612461941489154 0.030610027000293465
v 0.8054056548351836 0.301098913938941 -0.5105498753151347
v 0.5613907710678047 0.559150961584483 -0.6100742613150008
v 0.7273699246739226 0.5414239980196325 -0.42165512809438127
v 0.9099863860398609 0.4086446853339399 -0.07024456114489269
v 0.916522014830199 -0.39775166303983633 0.042202024603529086
v 0.8521921120377323 -0.5210285691745826 0.04793573077106864
v 0.5525439556708975 -0.7093510433561091 0.4376257240395688
v 0.5878675699767385 -0.7660165489617721 0.26005839130153396
v 0.6225420360951757 -0.7530970072781079 0.21280580566147728
v 0.6389962660724811 -0.755992157827067 0.14198460919903222
v 0.5991353459047293 -0.7294161765075203 0.33013463728722936
v 0.7383971003436665 -0.6430512053135402 0.2031129477627371
v 0.884249336198885 -0.44948697848471597 0.12674607530220355
v 0.5943572477507004 -0.7803334068693341 0.19447168475104767
v 0.6862675374463754 -0.7253127454784526 0.05439014886720924
v 0.9209682988444556 -0.3744812151253235 0.10761603989094932
v 0.8263588381429405 -0.5569257199151874 -0.08345545590313333
v 0.7243693668579807 -0.6806462991027674 0.10958848422838166
v 0.7465077081041618 -0.6615642615331416 0.07112643392705967
v 0.9103758858432482 -0.4112828383800528 -0.045411158641551014
v 0.8629147682258549 -0.49895195048988766 -0.08015643380325618
v 0.6704744878754242 -0.6936408623122036 -0.26329890854116816
v 0.3300732936813676 -0.4155456979571322 -0.8475691085142577
v 0.20918312915121234 -0.7593227207937112 0.6161748324663568
v -0.24721899492501337 -0.8110500124934986 0.5301703931591826
v -0.1443881107414975 -0.7809365396975698 0.60769251636143
v -0.38526452258780747 -0.8277648358517067 0.4078929077130247
v -0.4856302820408592 -0.8451056230768365 0.22351669961957585
v 0.07770299697240875 -0.9755079407352171 0.20578265676203591
v 0.8181472218798989 -0.541839788609483 0.19247017122098223
v 0.399061514662665 -0.9154695185456604 0.05162817185332517
v 0.2622203088833343 -0.3417787349653623 -0.9024565396375637
v 0.526828999077304 -0.6721991798745095 -0.5201917610912755
v 0.16496487090364528 -0.015275348326121081 -0.9861811472043356
v 0.7948316926552467 -0.5981902597937068 0.10203427580344265
v 0.5771579188411015 -0.7842233145908005 -0.22777736843511626
v -0.21383119807176357 -0.1796179743889585 -0.9602153935485526
v 0.4807409564848155 -0.559142485786494 -0.6754611856698837
v 0.5863104408056458 -0.7247305593214864 -0.36194707263335457
v 0.3383604930098797 -0.5878141547281331 -0.7348378707384108
v 0.5597850577919379 -0.791433020492055 -0.24550858059892552
v 0.08503945694502453 -0.630510113083557 -0.7715084497669845
v 0.346469480790253 -0.8751206151536999 -0.33782067404755234
v 0.124373271452123 -0.927418722292609 -0.352740418565042
v 0.05905228053683094 -0.7737771659428014 -0.6306993940292998
v -0.28864046906345886 -0.49569727932214946 -0.8191281260532113
v 0.5056139188914454 -0.67105625802567 0.5422527672477296
v -0.13124784554895255 -0.9607509713914597 0.24440043782514972
v 0.14218699971888188 -0.8953154987558041 0.42212914469222385
v -0.28939028967549973 -0.8007667585851492 -0.5244290787004124
v -0.5559708111825894 -0.77337903601039 -0.30460026883214236
v 0.26090701765534874 -0.9376519841455436 -0.22964382152828944
v -0.47805510282131247 -0.8378855655016005 -0.2634598599228494
v -0.2847020303010705 -0.9223730644416309 -0.2610989925966838
v -0.010677273789348317 -0.9837197396196204 -0.17939194437636655
v 0.26346016984831855 -0.9637656148059989 -0.04176815319248095
v -0.49360197973809805 -0.8662351105951297 -0.07741975698020387
v -0.18257964098899968 -0.9805411908809877 -0.0721363131995408
v -0.5057495750340381 -0.8505759233152582 0.1440068263287742
v -0.29489829847163385 -0.9125385852152916 -0.28338723339594696
v -0.421192459855231 -0.8747469583823804 -0.2396135859292491
v -0.5132992903788017 -0.8487255740572339 0.1272349733282373
v -0.428058052982786 -0.8990129655442616 -0.09242289250991098
v -0.06525241317681002 0.08394676810179139 -0.9943314652065814
v -0.21758572290716302 0.20175164701194556 -0.9549621595199124
v -0.35268510347790333 0.02212923214061813 -0.9354803658386677
v -0.31383201936442673 0.18675859123943975 -0.9309300146734478
v -0.2850485527706879 0.20143748948910659 -0.9371073899994932
v -0.381320967745311 0.2867783889477118 -0.8788358636231992
v -0.47439467849009503 0.2938612163759303 -0.8298164101356023
v -0.5967639979062509 0.17767239034887197 -0.7824993626263643
v -0.4520375260640231 -0.5237678220974559 -0.7220314006781184
v -0.5960480592056382 0.19426854381370565 -0.7790933474248735
v -0.4351351006054628 0.29698938923602664 -0.8499733801139221
v -0.39273288094684417 0.514076116872172 -0.7625527065618616
v -0.894951365494559 0.12162263058074389 -0.4292668041323999
v -0.9064042380358094 0.17466233797069305 -0.38460944471676095
v -0.009225468751902029 0.6449161322184533 -0.7641976662688117
v 0.4922773890164555 0.5716632232867693 -0.6564024157515894
v -0.06111709699299635 0.6579942672387963 -0.750538636404568
v -0.6258879383200677 0.48916115414799954 -0.6074418934664055
v -0.9264202324052375 0.1627180917296726 -0.3395119668201397
v 0.5472398145662638 0.24270553390377383 -0.8010134887540693
v -0.2764600783766878 -0.06950485734998378 -0.9585086853381738
v 0.6807280032655676 0.6869070627022866 0.2544957225176692
v 0.9663567106617881 0.23494292657654292 0.10467343985261184
v 0.8826822843952391 0.3851682977865702 0.2692904884970841
v 0.9023010392113116 0.2900094187413554 -0.3189786382808235
v 0.8442920788109299 0.4758608046375116 -0.2464292601678185
v 0.9300386271091998 0.35746573285958144 -0.08512580053072813
v 0.8650867874785456 0.30271785551519437 -0.3999834372600086
v 0.8257496625179147 0.29600871503539194 -0.48012116749279643
v 0.8417346635100228 0.27378893395482723 -0.4653196491548018
v 0.9526834547219313 0.24122387392909794 -0.1849466889287956
v 0.8485426631932487 0.2038147569350358 -0.4882979557569549
v 0.7949580941434737 0.33465410299583487 -0.5060121143844573
v 0.7331919848183797 0.03305363592885431 -0.6792179109460879
v 0.7482762157085977 -0.02596093204547622 -0.66287912549133
v 0.31284160545212636 -0.35669068491145783 -0.8802851158548184
v 0.40856125509999147 -0.3262051646611836 -0.8524481751869082
v 0.24441949259049223 -0.43147588865566405 -0.8683822137461197
v 0.005494617168075534 -0.5817000349547935 -0.8133848280585078
v 0.7762213295799254 0.11613094643745574 -0.6196725351221511
v 0.9818180753200553 0.09327216051676825 -0.16532867581686114
v 0.9275369241763358 0.18937458837107699 -0.32219950274447584
v 0.8585108033080191 -0.033847294190927794 -0.5116772041818676
v 0.6486945713715176 0.10598756170898045 -0.7536325297093459
v 0.012666898314376781 0.1907532382293856 -0.9815562906894828
v 0.023712793542896547 -0.7465216621818836 -0.6649384267100147
v -0.23851307468057706 -0.7449305312435351 -0.6230489682421775
v 0.44668945458273923 -0.32562074493531257 -0.833330463641134
v -0.08865503329266489 -0.6245293692257421 -0.7759531893396491
v 0.8720360626301907 0.01587925260788719 -0.48918396826659094
v 0.7945331149273568 -0.10203533471703072 -0.5985866017152532
v 0.6035239307359906 -0.21764765364981878 -0.7670647716390759
v 0.19978671410421026 -0.5600805859624325 -0.8039869439831848
v 0.22533396668800285 -0.0225886526974227 -0.9740196898553772
v -0.9127313361972221 -0.1369527934245531 -0.38492264196438875
v 0.9589901958480943 -0.2830615408173744 -0.01462765795770671
v 0.9561478673621313 -0.2928676978832012 0.0031252640596001777
v 0.96576594438231 -0.2344153301465539 -0.11111072704121287
v 0.9991500327327111 -0.034392163650402825 0.022724241894203488
v 0.9503836145047247 -0.23126270852809633 -0.2080589938579521
v 0.920077148676192 -0.3872862784420418 0.058884454777149584
v 0.7514636647446854 -0.6563765633502345 0.06687426749522339
v 0.9732726073503182 -0.2033866561826891 0.1066503627201432
v 0.8393090266655828 -0.4824674129937011 -0.2505704554747774
v 0.8359618386134152 -0.5369638034598087 0.11330347812867152
v 0.9643340938435322 -0.2525199656494183 0.07933109352196238
v 0.8991853206467882 -0.2687717651666705 0.34529334975137416
v 0.8622702502467525 -0.4982483140211266 0.09076691640960118
v 0.9613254183119465 -0.2752484539570126 0.00957751020023107
v 0.8430284162307807 -0.4291669392005122 0.32422033823417906
v 0.7686764070288817 -0.5918678656175003 0.24254692520531687
v 0.716671234247335 -0.6519220663978891 -0.24774979585442164
v 0.7322333138186631 -0.6371271993141625 0.2406310579044828
v 0.9045326668246515 -0.42503081247448654 0.03419741356245869
v -0.40117092264143256 -0.4544424773303338 -0.7953263013536586
v -0.11102314367925874 -0.10211500207742136 -0.9885577312015231
v -0.21966142262598407 -0.09556584368833777 -0.9708841480475746
v 0.6606272864460291 0.05952390616817807 -0.7483505147973362
v 0.9023028795349765 -0.22527428369347294 -0.36756089385200136
v 0.885329609261299 -0.19029741988568308 -0.4242385825807075
v 0.9458112209034804 -0.22539962141593148 -0.23374375944316175
v -0.5098662309726724 -0.2517815380577059 -0.8225828126134276
v -0.24273085251775853 -0.24453852576789817 -0.9387665538627082
v 0.2451083558407988 0.26291150126719787 -0.9331663497996746
v 0.012332338621206406 -0.09161640267546572 -0.995718006357693
v 0.5031397602540246 -0.40304652850763584 -0.7644631302485857
v 0.558381287512006 -0.16166360957527878 -0.8136800446708314
v 0.7646580116538617 -0.23451472907256402 -0.6002507534868945
v 0.21992135631292944 -0.5592515498596766 -0.7992948773869573
v 0.5667527351939664 -0.6254336587624595 -0.5363059533859018
v 0.8261292569536804 -0.3561857104651064 -0.4366259159344844
v 0.5938369879922315 -0.6510975015818921 -0.472683483026573
v -0.3596250609324609 -0.3537666661891618 -0.8634343990383577
v -0.010318552637750498 -0.31074322701228496 -0.950437885575619
v 0.7168694158838732 -0.5426815315636269 -0.43771565641415056
v 0.5095381005257256 -0.5131383537821632 -0.6906952685449403
v -0.32943345205419117 -0.2779761694465103 -0.9023318956390182
v 0.41381683855921986 -0.44058979642573065 -0.7966406061772058
v -0.05806818961556565 -0.4133750437645849 -0.9087074108575313
v -0.7553788725138305 -0.1504851092681274 -0.6377750315340776
v -0.6362700187949771 -0.1965064104510033 -0.7460199017682445
v -0.6914103170472493 -0.20478865375636637 -0.6928299797015695
v -0.34375186664179574 -0.14160281050442453 -0.9283228416006627
v -0.43359934857060156 -0.03811064788502399 -0.9002994965215374
v -0.7230176502951263 -0.15524996300892477 -0.6731589161167235
v -0.6462478318339158 -0.10877320767586314 -0.7553357724494892
v -0.6285107386891181 -0.17109830644827398 -0.758748720514896
v -0.6427792391787888 -0.00410756373518683 -0.7660404542848237
v -0.9203790344581871 -0.08898957501257321 -0.38076671134553847
v -0.9366503504302641 -0.1103888508652897 -0.33241603848717066
v -0.8442243758569913 -0.06473539110467781 -0.532066285670684
v -0.05350712076875768 -0.45076187196768847 -0.8910391252954174
v 0.5438283344017828 0.7622942267850006 0.3509391037089496
v 0.16968589147891275 0.9841860687494813 0.05083778429915932
v 0.6317566817110043 0.4986341115772019 -0.5935044379658126
v 0.6445656220264115 0.6434669043497223 -0.41289890034763993
v 0.21927393249839927 0.8140419320516968 -0.5378240189766798
v 0.1862301670976199 0.9824446234568349 -0.010994848955330521
v 0.3959171511727951 0.9121638362848371 -0.1058619156323309
v 0.07260675598329203 0.9968012003431731 0.03340098770982988
v 0.2913044470301157 0.9430886814153163 -0.16039157748085908
v 0.07886814153798034 0.062478505382598845 -0.9949252497627658
v -0.061915261104745545 0.44738747043468097 -0.8921944584788613
v 0.029554766940171243 -0.2898430831326023 -0.9566177412693639
v -0.22247728497406427 -0.08506609121406576 -0.9712196547620571
v -0.23905301746643964 0.4170199977938092 -0.8768967877009479
v -0.43384793108486625 0.6193202673321276 -0.6543839692145911
v -0.5158791977442719 0.24868407898776448 -0.8197712377198494
v -0.08059183351451286 0.9883538967638645 -0.12907955346395292
v 0.2283493433498042 0.5360162684701812 -0.8127380496365455
v -0.49959950156110206 0.608033887285052 -0.6170049675269456
v -0.41478155438616926 0.5792342167445684 -0.7017435317074889
v -0.24478934972073121 -0.5616005038648708 -0.7903689317793461
v -0.3568081738714183 -0.5802263337617408 -0.7321375066665774
v -0.7989346296234126 -0.4082777399746152 -0.4416024735321586
v -0.2102792653142289 -0.6308265483711256 -0.7468872046360683
v -0.7861137465784567 -0.5317260380103105 -0.31510728005274596
v -0.493250933984029 0.5806724439680676 -0.6477059741426154
v -0.7297525139418053 0.005017617369807758 -0.6836929807388294
v -0.7811081689072882 0.3651436748685621 -0.5064979024337466
v -0.6961656569921243 -0.007569836112026409 -0.7178412607296691
v -0.13310813625876936 -0.5834753721454514 -0.8011483721268139
v -0.7749396312855562 -0.22551183480557246 -0.5904345689622437
v -0.6005516624973236 -0.23979993141943312 -0.7627802393631704
v -0.6138522984841199 0.7307181655353842 0.2987244854416289
v -0.889277296835672 -0.16459869626284326 -0.4267237496568622
v -0.8549897480557573 0.5124553631262658 0.07988761808114891
v -0.7229014555205624 -0.006710479447861686 -0.6909185589284979
v -0.952248784661848 0.30109934092301155 -0.0506106609891778
v -0.8139054598770491 -0.08801101739911463 -0.5742925763047108
v -0.26513525585548364 -0.3244318962926735 -0.9079907713024331
v -0.39025663270794864 -0.22893893848829286 -0.8917884968260732
v -0.28624242788693083 -0.8087285916580402 -0.5138320129304887
v -0.341248455303959 -0.9391719478452448 -0.038801341899870584
v 0.022760439115387384 -0.9995354841100211 0.020267669235023975
v 0.315452699445017 0.565972962019093 0.761685105982903
v -0.13461383696995202 -0.9705220089883762 -0.19991534449709783
v -0.12590463934958707 -0.9895406402597098 -0.07040840194645935
v 0.05394083344793875 -0.9983978435342962 0.017091884419477184
v 0.0007899398365169993 -0.9999503870114214 0.009929728634931634
v 0.34568792438468576 -0.01680283647269397 -0.9381990852804536
v 0.2150037035997935 -0.955149635967927 -0.20362362424018635
v 0.3284188905630543 -0.5481418988784135 -0.7692083534487258
v 0.03697415920372972 -0.8841459306615278 -0.46574551511081475
v 0.1757100821430167 -0.9812882595258429 0.07873575267968437
v 0.016681692322256688 -0.3240198836655497 -0.9459031853898311
v 0.2973776336677766 0.3408127684744083 -0.8918594058700974
v -0.037656481329171376 -0.8519897833061839 -0.5222024497795732
v -0.09999307600809702 -0.36312607684785797 -0.9263589137389042
v -0.1909859635123149 -0.023890241939963985 -0.981302001466074
v -0.5355632097585795 -0.8443086383772024 0.017747436849372564
v -0.5498782656058199 -0.8320766759418464 0.07267942190127022
v -0.6481325771233859 -0.4012832381252001 -0.6472216971572818
v 0.06042825501251901 0.6945587469722608 -0.7168936971409813
v 0.29811025643816225 0.4867772391491932 -0.8210835490086636
v 0.2456909029970197 0.9222706859054977 -0.2984170941885065
v 0.5833369051792598 0.670311997392842 -0.45869366815675766
v 0.12858879231941792 0.9232716849265846 -0.3619866272428571
v 0.3278981187911509 0.7084031748906627 -0.6250182121330974
v -0.44269286690873183 0.8026505847769061 -0.39971873154184134
v -0.07516888932934392 0.9026852029299719 -0.42368509826080514
v -0.07350686770410349 0.9969397696809909 -0.02660518800430039
v 0.9673843486232143 0.24499999383788482 -0.06436245068574961
v 0.9603130199704162 0.2567275288538857 0.10904072452013672
v 0.8827048728460929 0.3327390068794224 -0.3318386064861329
v 0.6410454465157471 0.11530682340274666 -0.7587918502317974
v 0.817770260605073 0.3539598322097859 -0.4538328305135397
v 0.574696772747741 0.5920988090977561 0.5649270923387816
v 0.3297924113494779 0.9383987737954413 -0.10317318816198659
v -0.42495490019249993 0.8485025008882747 0.31536778337161486
v 0.5682798359379947 0.79355408408607 -0.21755446144955212
v 0.27920005366308637 0.7992970810160367 -0.5321386156949832
v 0.49644717918487474 0.8259736593466035 0.2670350395453038
v 0.9167064995878602 0.35660025282067126 -0.1802372139753768
v 0.83976110343698 0.45693364811754733 -0.29327961124547236
v 0.901154410593672 -0.37534903688211024 -0.21687284011430233
v 0.8896841511969524 -0.14424540769270305 0.4331920745679963
v 0.9411976541240853 -0.07140563393317985 0.33022448624219203
v 0.9068871200548538 0.23567192535807477 0.34930573295700634
v 0.623120404355149 0.6971157820352467 0.3546132373638382
v -0.22250572763350313 0.9709224552014307 0.08832206494365409
v -0.4020922914370393 0.7737612910069328 0.48950511101131067
v -0.42250053243931707 0.7441746335524271 0.5173948345950165
v -0.2148669331654551 0.7521478953289147 0.6229813356629199
v -0.34372414851465993 0.7666879085075303 0.5422576515607876
v -0.49085273961094744 0.8411110705212027 -0.2271469899934922
v 0.4633509105540636 0.8851701837178421 0.04218624830014959
v 0.5916623396902924 0.8015406450690672 -0.08641915351629398
v -0.2754138824927181 0.807910122053962 -0.5209879346136911
v -0.26530965144072544 0.9639988414148347 0.01780512856615544
v -0.1837380011000014 0.09947365888007337 -0.977929106909487
v 0.6999872508310317 0.368424650534565 -0.6117851955976851
v 0.41498343538179094 -0.10183062191023946 -0.9041124226555572
v -0.6670382938973438 0.3241510224937271 -0.6708099798682128
v -0.34857524531447104 -0.30984270116291934 -0.8845862303303291
v -0.5398863602852954 -0.27226319988413716 -0.7964894650695304
v -0.1281233768668822 0.058057722449477905 -0.9900574231650437
v -0.01569374352176212 0.19420749811166876 -0.98083492703486
v -0.3595853294257076 -0.08150017530158594 -0.9295461862046533
v 0.03306263552476742 -0.45953579589564825 -0.8875436408553157
v -0.1316108716645212 -0.048503511389410156 -0.9901141286955774
v -0.18948406042583518 0.08589878623106334 -0.9781192102032188
v -0.03432773512084004 0.07372095439026291 -0.9966879288349298
v 0.7040533822207367 0.5793200772475956 0.41072750465653185
v 0.6805204887849663 0.5662083061115575 0.46508065798757015
v 0.7196591723982088 0.6607402723956082 0.21333768541376583
v 0.9184639075304257 0.22255556599309537 -0.32694505747821684
v 0.4430766153786933 -0.543441790978943 -0.712989574062735
v 0.9229221866083981 0.37651859961514506 0.0803018157317972
v 0.41693651262879583 0.8984581073111645 0.13761167771587632
v 0.6025827137019512 0.7979353248637576 0.013902894740368434
v 0.9355273753552104 0.35165658986037596 -0.03355849771313947
v 0.4950144279912999 0.8687997693691223 -0.012152235374853696
v 0.7841644882013891 0.6204765735599881 -0.009740488032448851
v 0.6169480738571504 0.6374998963668809 -0.46148559706253933
v 0.7702757688961156 0.62707369798769 -0.11599059075434176
v 0.7369188886997826 0.5619656578784807 -0.3756928943201933
v 0.4269902838527529 0.43364418516974756 -0.7934935526920248
v 0.6759345586891671 0.5669213515746733 -0.470863731347432
v 0.6782437509065952 0.72810900280334 -0.09921035426243782
v 0.4361634288878213 0.6803159976344881 -0.5890090038899317
v 0.18297531068422732 -0.7286195805211139 -0.660025410542084
v 0.4346011307453954 -0.4895308831005827 -0.7559638692725911
v 0.5137450781989737 -0.03344939474027824 -0.8572905765362403
v 0.6455673335707597 0.27207433255101326 -0.7135953863312599
v 0.508539311355994 -0.8531248780422286 -0.11647193340459402
v 0.00017513094909679132 0.4454343797687455 -0.8953145718959251
v 0.031148830806655325 0.9940784672140641 0.10410452132695847
v -0.3813937117843993 0.526775417522457 0.7596357654200857
v -0.7773417939924022 0.3409076717687261 0.5286981129547375
v 0.8404417702676554 0.3051893234349049 -0.4477913662083208
v 0.8969006659718879 -0.007308247162418123 -0.4421716690411058
v 0.1779815352593341 0.36502386593296066 -0.9138271994234394
v -0.0781069244630526 0.2692445144281942 -0.9598993175334843
v 0.5680861154265385 -0.12794028697845333 -0.812963374591658
v 0.8468944487242904 -0.015452320405670275 -0.5315364695992747
v 0.496260898021238 -0.4823988047210237 -0.7218147368257883
v 0.7059100532500463 -0.09148780513690122 -0.7023681215941889
v 0.469673948346039 -0.8572150803155246 -0.2111603379536292
v 0.7831398763565725 -0.43815928540406723 -0.441257719110283
v 0.5449481982660135 -0.6227062456985409 -0.561487660393934
v 0.14634219496613957 0.01992623897481455 -0.98903331944521
v 0.39462988541428495 0.14120633411404818 -0.9079251206701906
v 0.1148533288911093 0.6026390331562435 -0.7897055834671164
v 0.38961454709893517 0.2711423798306898 -0.8801603913768453
v 0.09493770011956908 0.2639457223889669 -0.9598538892605339
v 0.23975001373172927 0.15508521264679018 -0.9583676266099224
v 0.3011158821214142 0.24469476389678588 -0.9216581242823929
v 0.2580558270065865 0.7572259322697238 0.6000133978889092
v 0.8296109702834551 0.5424916318573184 0.13209264684352426
v 0.7130584020493609 0.6917751581378327 0.11399493782703064
v 0.7191895531807203 0.6923019044968024 0.0590293115817575
v 0.32407975770269815 0.6273323951845204 0.7081146634545942
v 0.1424841153462649 0.9838423612768155 -0.10840887893181368
v 0.39024380000041575 0.9144150398610429 -0.1074937739460426
v -0.29911590102684066 0.9279461898112606 0.2223635459504661
v 0.13539611920502667 0.6108664649189822 -0.7800705435674418
v 0.011116928815011546 0.9998276045943596 -0.014871952959409903
v 0.6011661172792668 0.7425811728558942 -0.29524989611401237
v 0.5376216395586224 0.8427944749892056 0.025699136288371626
v 0.5156742200934126 0.7058574848331381 0.48563907362987896
v 0.6817966422492583 0.7006903842997624 0.2102054327734854
v -0.14042770672775795 0.9755178523685526 0.16924827589499813
v 0.09788853971928364 0.9837004636610842 0.1508351138979056
v 0.6850654455772057 0.7282862578589695 0.016865998039935673
v 0.4806950556536572 0.8763451541420305 -0.030845328364409296
v -0.04231799863474719 0.8889780593759218 0.4559903474195146
v 0.2331710278968148 0.29346453087922075 -0.9270975357886471
v 0.2102587437813478 0.327506135570443 -0.9211574196776597
v 0.219078527819151 0.7877639567480726 -0.5757017866024164
v -0.1304392980392824 0.396733609112558 -0.9086187500418113
v -0.012883159666616614 0.36120267140044054 -0.9323983346028617
v -0.4075056555379271 0.07637750781409032 -0.9100030862610922
v -0.994010583067679 0.08376156388233937 -0.07019231557255863
v -0.962728530326743 0.26436054613965476 0.05716011318789384
v -0.45206118261276584 0.7918160307561934 0.41069217257242013
v -0.05253183763241025 0.7983551521182932 0.5998912044038809
v -0.20981539041588954 0.8949817871838569 0.39368147347038995
v -0.9672292491019823 0.21786694976195495 -0.13039007586099888
v 0.4106688419856595 0.8507403493169585 -0.32801213432770576
v 0.07459907825142471 0.9272248455636243 -0.36700008623098546
v -0.017390541202493177 0.9820382215144213 -0.18787895188518738
v 0.23773596033518002 0.8795302348462832 -0.41219919839168995
v 0.21874853819239895 0.921358590371705 -0.3213213733739996
v -0.7938600320941391 0.5098970808275731 0.3313475764314745
v -0.8108407286557617 0.5151055173054274 -0.27785539187588426
v -0.23569857349371937 0.9669621014950328 -0.09711064166885004
v -0.9709134468457418 0.23845082838464404 0.021639805378006027
v -0.9914020162910337 -0.11007182803896805 0.0707547508386025
v -0.6019760199223629 0.7836188474369894 -0.15351343061750414
v -0.9995356402465766 -0.018537553054621715 0.024183941027323984
v -0.6646487165252727 0.5114991262393302 0.5446198008498307
v -0.8329744620486569 0.43083263114304615 0.34718408592144673
v -0.552680064041113 0.323273491358729 0.7681399589894078
v -0.4555222121963344 -0.030261914242364844 0.8897099138158152
v -0.826767593984139 0.11140494323354061 0.5514021075048674
v -0.9244741384954076 0.36936377080194416 0.09443501507461449
v -0.9325192774425982 -0.1595939575217883 0.32394068271902515
v -0.5253009693863369 -0.3220226867218624 0.787629532710784
v -0.7851334777602005 -0.015009739195998763 0.6191446760083146
v -0.45244915572773475 0.5514106372972775 0.7008823514375793
v -0.9877277915591581 0.14702757749351092 -0.05269441372724429
v -0.9906845510306881 0.09852883870441041 0.09400100155149649
v -0.7727020686685776 0.22876484511577413 0.5921132988832937
v -0.9336072567696544 0.050195592186725944 0.3547645594363458
v -0.9268611506997392 0.20525899816647683 0.31432014093158206
v -0.6013516102292175 0.6261564652538927 0.49629056196494187
v -0.9852625089705552 0.14571430570792038 0.08958308729389285
v -0.4579446393877503 0.8413912034790323 0.28696262816633256
v -0.5522396362340798 0.5362908783360142 0.6382973272587295
v 0.08161669287343769 -0.3101141125416655 0.9471895019724925
v 0.5263172218713271 0.27525194695127186 0.8045039140123449
v -0.546435348733868 0.5505502427250887 0.6311123829314729
v -0.32854272737987744 0.41254267355553864 0.8496282827104097
v -0.7314667018981108 0.2947096680590811 0.6149005411989866
v -0.2757173246940054 0.07334778650905098 0.958436257180311
v 0.334810392523315 0.47209067364486557 0.8154951850967121
v 0.9847435622980251 -0.046192782248831846 -0.16776871991139464
v 0.9934360941939993 0.09827792876234877 -0.0585335414164759
v 0.9640104574023193 0.2541564215451998 -0.07802788864444472
v 0.9810963421097594 0.032304066610538695 0.19080465083239437
v 0.9804541859664425 -0.03895733239420364 0.19285205592268917
v 0.9651034354575793 0.258923526185964 0.039165883820035344
v 0.9296595016794907 -0.01539121587809834 0.3680982496709742
v 0.9342263528972947 0.3178843216108014 0.16177354427179974
v -0.7895711451743649 0.4942532125595327 0.36371852933638615
v -0.3925074593304207 0.27820745181574047 0.8766632809261321
v -0.586827034689839 0.6375441457130507 0.49917080606155917
v -0.5476729474665537 0.21218180969727563 0.8093412273243509
v -0.2505593580519792 0.4305530881648832 0.8670894108246637
v -0.3435716565890506 0.6391389828396927 0.6880842080757982
v -0.6281164301613071 0.45859260292295223 0.6286195786847298
v -0.5966416378335292 0.4852021872939787 0.6392163901594379
v -0.6654076880301592 0.5110029072894536 0.544158650994436
v -0.667928187170895 -0.17029130923264116 0.7244810603338329
v -0.06977785136112348 0.2559820092127392 0.9641598738896128
v -0.5284579584741315 0.4087400240411747 0.7440858679427887
v -0.4749663019303818 0.7488094994027169 0.46226761257396126
v -0.3163711686262084 0.8591664790348504 0.4021719097164113
v -0.022007946260932346 0.7302102627944482 0.6828679392174148
v -0.13984707948646716 0.5816506769785237 0.8013272017905861
v -0.5637344905390275 0.638716114918102 0.5236842070567235
v 0.262719329263146 0.3065334689430285 0.9148856685123427
v 0.14789371964494516 0.5515801677651156 0.820906064186268
v 0.9487211226311345 0.30883160563465173 0.06746310721159139
v 0.10882330801138006 0.7850356365443811 0.6098168060891883
v 0.6897399405146206 0.4469716987719747 0.5696271718903363
v 0.9956624432968008 -0.08192057940484392 -0.044105755613292705
v -0.48125560094979436 0.8140354197548488 0.32517592459928424
v -0.709933048641209 0.43729114047280926 0.5520611604804204
v -0.5305775398752448 0.48581650897851264 0.6946004562220384
v -0.4204771382004743 0.8286532784796096 0.36950334276665747
v -0.2116641742635252 0.7696686265935659 0.6023358552924722
v -0.056367747192226744 0.6886497335332386 0.7228998696784172
v -0.7040323285349245 0.6620793310995619 0.25688409781154026
v -0.6143764845716425 0.4868476140268592 0.6209033225243241
v -0.558289032618321 0.5463393380886438 0.6243610203359607
v 0.9806344570815415 -0.19363591082223075 -0.0293461347443795
v 0.997123214185262 0.030810180779792175 0.06925336448988587
v 0.037653163182077815 0.8821271261067746 0.4695039645082738
v -0.34079656477556874 0.8401051603432798 0.4219964703664754
v 0.14319960379211252 0.7488135230116267 0.6471260937627982
v 0.9895661593418217 0.13932438090861568 -0.03670876148697254
v 0.6786796496750324 0.6996275785708871 -0.22341706385147125
v -0.8712936390684993 0.406888883300451 0.27438810317738555
v -0.9748380134885265 0.21073887965001264 0.07266341625330505
v -0.8577513146482307 0.2056844451716598 0.4711226923357211
v -0.9748707368383368 -0.20659585015278148 0.08333787347855592
v -0.929556917803937 -0.2660584628881248 0.25521918205427435
v -0.8943268597500208 -0.32146656856849404 0.3111891920077952
v -0.8813667142962592 -0.37104125547649697 0.2924399112040643
v -0.9940357120675416 0.09835854837539627 -0.047102007344278066
v -0.9715790760637073 0.09914146837669677 0.21495364198660455
v -0.6631944646394847 0.23722090174591928 0.7098586801937413
v -0.8429972699372154 0.2933599559778618 0.4508830658907793
v -0.4114716093052796 0.295678661560066 0.8621283221387472
v -0.6562147533753827 0.2712466194521332 0.7041359732951266
v -0.8858796781233127 0.46391436421234644 -0.0008115205420911921
v -0.8647701995197231 0.3012262582723868 0.40179004884371605
v -0.8845115456999684 0.07695212171103549 0.460127913180262
v -0.7432799723430799 0.030504616889063255 0.6682846332679826
v -0.9537307061951155 -0.11553633378873027 0.27757718860746744
v -0.8455313539739648 0.048971201299213944 0.5316752306533244
v -0.6898617418755275 -0.24382102241074516 0.681646599145805
v -0.8749323568069596 0.002098238965156606 0.48424061003334323
v -0.9388722975184008 -0.3295859415660299 0.09945811216061143
v -0.5700503170687424 -0.8200877427238784 0.04998730082610864
v -0.6564360894912722 -0.7462810264040337 0.11025556694674515
v -0.6953053690847012 -0.7187009717998828 0.004399642700439279
v -0.7942947315854079 -0.5174664370732256 0.31831488478927034
v -0.5701833390827212 -0.7008366355321314 0.42862450948176184
v -0.45359778664194705 -0.8264641859223043 0.3334756323051345
v -0.32397563288609454 -0.7975390292931034 0.5088922145703044
v -0.4989079740898236 -0.56733420897713 0.6551509205624931
v -0.277055174502525 -0.8445372770451235 0.45825453403385313
v -0.8945763985536659 -0.33366144766995526 0.2973265973463231
v -0.8492097031118514 -0.42570109445583243 0.3124443283527282
v -0.6750784528151229 -0.6212753570634189 0.3978517478288378
v -0.7119452593515126 -0.6631000445657748 0.23115423116130687
v -0.5765562467378607 -0.6318852326652035 0.517980643544904
v -0.5858753706627695 -0.6466141334027977 0.4885081499161619
v -0.19116102273072239 -0.7869059419932637 0.5867167134522747
v -0.23874698032996647 -0.9192640082307023 0.3129753385730987
v 0.10646019251092656 -0.9168641902954373 0.3847418406729745
v -0.06559468368978233 -0.8334193816356025 0.5487344273742694
v 0.09497858030573926 -0.822633747740749 0.5605825419696157
v 0.34581294898487264 -0.716126027304549 0.6062812196756471
v 0.535724432251022 -0.6513747595740179 0.5373176483973054
v -0.31395112878572873 -0.31741249162178664 0.8948094763113632
v -0.24573785950213078 -0.5482791536305979 0.7993765533848401
v -0.13970276063087103 -0.7070601271994822 0.6932164995127896
v 0.08501653709143499 -0.7407657062870158 0.6663620313388806
v -0.14450252483987808 -0.5211874833693426 0.8411198651167571
v -0.32944281477137033 -0.758228157702356 0.562634421860952
v -0.26221807320646806 -0.8317369908801795 0.48934165987116973
v -0.22589386329549074 -0.8681169618058042 0.441978396701126
v -0.3993869127868902 -0.8195585025815088 0.41086975398648173
v -0.16480251996069 -0.6867831799139062 0.7079329016241226
v -0.10238245836788423 -0.7434837507732933 0.6608704446066747
v -0.0991225037737167 -0.7541631065811673 0.6491631057888861
v 0.0746783651781511 -0.7957908123159455 0.6009493529473564
v 0.3545927470477069 -0.9301119062393284 0.09568607847019142
v -0.23625185976811866 -0.8103302125661862 0.5362368929480185
v 0.24973171830756014 -0.2467799462858779 0.9363406041512312
v 0.3754694334620531 -0.6581586092527685 0.6525717965114234
v 0.48662648128776576 -0.675028108194372 0.5545554263164459
v -0.038915060490639905 -0.760899279024604 0.6477020188688991
v 0.7266121998867734 -0.6585054953974486 0.19597250701836805
v 0.6309771304279326 -0.02172152478273306 0.7754972831919172
v 0.886591525574516 -0.0832724759295464 0.4549957818837617
v 0.5892457558146087 -0.50875840287685 0.6276578102411116
v 0.9621048115920053 0.0521590826332159 0.2676448423010863
v -0.3498555030991845 0.5896205395971207 0.7279757868476235
v -0.6944866255592992 -0.7005261065208788 0.16416912316862817
v -0.7974565273422044 0.3433967285862288 0.49612677189967075
v -0.5254829753655649 0.16657259546780984 0.8343387879273446
v -0.5368382615922442 0.05820366918223016 0.841675123657782
v -0.7935142743000078 0.43916409919674515 0.4212718723803471
v -0.7499223992291779 0.33377079168463036 0.5711509903279242
v -0.6175089732060949 -0.2733043338804317 0.7375550210608885
v -0.5489569232355128 0.4501596195517975 0.7042745298225545
v -0.0757930477039562 0.20273203677877227 0.976296643025713
v -0.19071637408783282 0.26863192035884303 0.9441737954524633
v -0.49500328130984933 0.16895252324097443 0.8523067501686175
v -0.6336059522789023 -0.6128526449026604 0.4721812500222334
v -0.6196736474457231 -0.4388697325766424 0.6506903476227539
v -0.5752375051120816 0.41203985181857644 0.706629303967613
v -0.2277959043026144 0.46660603909133413 0.8546273048916999
v -0.14302413709549527 -0.0884151918341141 0.9857620656431377
v -0.8273527163442969 -0.4609904038966581 0.32089769440260796
v -0.0737632590821628 0.1032194440779136 0.9919197185124531
v -0.5111611927947148 -0.1892456552118796 0.8383915057800326
v 0.36051689453560054 -0.36647342585495735 0.8577440159491277
v -0.5419233870513647 -0.3166223299870101 0.7785045553626349
v -0.5717482171605078 -0.5445884006694209 0.6136183260220501
v -0.2240210173198786 0.34518309585308016 0.911407271276815
v -0.5140249787576947 -0.126899258552556 0.8483365484240103
v -0.4571559956304879 -0.04544910580295765 0.8882245067778803
v -0.38953305188507287 -0.3949312801091093 0.832041636867099
v -0.3941378419604113 -0.18991930731463683 0.8992141114572871
v -0.4332309838168905 -0.7578501141673475 0.4878259106664873
v -0.40160076989491356 -0.5012368716306077 0.7664714085585804
v -0.8585396227086144 0.24482923211107213 0.45052010315107216
v -0.46014446597180936 -0.4119134044901269 0.7865077352683008
v -0.4128007426515615 -0.752917520331112 0.512553172309731
v -0.2645395889323255 -0.3024842045862327 0.9157085299719286
v -0.21269347714804285 0.12294221847929698 0.9693537515757927
v -0.3716044698052936 -0.023660729476450516 0.9280895904498493
v -0.5458856477359594 -0.042668245702179225 0.8367725380320452
v -0.06027164730279616 -0.5578715777169913 0.8277358463344223
v 0.3858752026908954 -0.1362835258961938 0.9124292457596708
v -0.24031009194294997 0.036331082274420806 0.9700160370690477
v 0.022844631063245312 -0.5481419847042908 0.8360732548264088
v 0.5961371590420325 -0.33892799682227936 0.7278381005273986
v -0.3348879601560431 -0.30888331881529485 0.8901916363908241
v -0.11435854111182787 -0.5733519020393976 0.8112889254159577
v 0.06338049649575217 -0.8023147474676325 0.5935267126759344
v -0.6477345647653835 0.5811131402721516 0.49269407527515263
v -0.8367488438711382 0.5106616523510551 0.19767662759770954
v -0.4747232186048865 0.3808110025176459 0.7934865128525642
v -0.4858178646517712 0.6115891632079228 0.6244515175991056
v -0.587155255057509 0.00534203328981887 0.8094567123315997
v -0.7478276509972192 -0.06434687975539359 0.6607671930943048
v -0.6837753594145086 0.20951304491133446 0.6989674826982588
v -0.47895457492322363 0.22807511303896735 0.8476934929397396
v -0.4611436713174849 0.7924456082908183 0.3992198295481156
v -0.2530734549860951 -0.24269554978942845 0.9365109163772776
v -0.4318313550455484 0.5548266693324658 0.7111181672527908
v -0.3740963084584628 0.34687439875167764 0.8600756382367848
v 0.16223359161959583 0.7291548258301195 0.6648409597180774
v -0.16826825633294154 0.5867517344114183 0.7920910276450959
v 0.9119818655258127 -0.3369358946134144 0.2340155547674475
v 0.8390898590012136 0.21438718002697615 0.4999663444287071
v 0.39159589024585856 -0.03608950712759195 0.9194292828803318
v 0.9480745614158531 0.2623301772168988 0.17982631653205847
v 0.8264312342212814 -0.4434994933656823 0.3468711785200271
v 0.9826414997195723 0.0777012832764478 0.16845828446847955
v 0.6759433687188021 -0.30691832077125464 0.6700012736256781
v 0.34770641006506287 0.664426424779405 0.6615419702895079
v 0.8119875517034406 -0.20584267797947522 0.5461730566412906
v 0.9664331797413651 0.05041620474556791 0.2519228361900666
v 0.42763260255096797 0.050672995331756156 0.9025312209445131
v 0.006553136330383861 -0.02028272943460943 0.9997728078373196
v 0.6328332484978189 0.2586916491052522 0.7297949782499896
v -0.9689449074177834 0.24026294299515522 -0.058476359432251636
v -0.9117413642523841 0.40708270953246267 0.054875789843155054
v -0.8364137606261747 0.5191178865258337 -0.17586540570598827
v -0.9924082672264535 0.118878415819319 -0.031523854346780546
v -0.8749039747161459 -0.11683866797869095 0.4699912346957704
v -0.9382131079307722 0.34280471330214385 0.04734018002412352
v -0.400775232838361 0.8834215652856612 0.2427870481133412
v -0.9249209624495892 0.3795665593108315 -0.021223578262457077
v -0.934972993578559 0.3108906265214516 -0.17079964759872024
v -0.8288864373844158 0.5061490441641504 0.23824445221638976
v -0.8242775491443136 0.424329134450921 0.37484837952534356
v -0.9071643149252869 0.3372683725713083 0.2516007762095257
v -0.8970954095828351 0.4401534155486944 -0.038533062248198975
v -0.9721396151670304 0.22328573963380832 -0.0713305481479083
v -0.9702862341991288 0.021780725411772964 -0.24097764154421125
v -0.9697415608770658 0.24390828943597662 0.010490541078888133
v -0.9020051823928088 -0.31347406852643406 0.2968512410248612
v -0.842176253050262 -0.36159063936817665 -0.39998921025389456
v -0.9215009341630248 0.1901710018714596 -0.3386310948272148
v -0.9910692085170457 0.06893198276974166 -0.11414992632861742
v -0.7174591060694175 -0.3149168334726241 -0.6213532160644604
v -0.8513231950517669 0.40837966336870324 0.32935523088865
v -0.872186009635466 0.31849445538973786 0.37128539761503854
v -0.6720456218524383 0.5313177154611477 0.5158063274002331
v -0.8941102534464557 0.43590585637236856 -0.10272749905544643
v -0.9534715933716922 0.05786957009829832 -0.2958767200877497
v -0.9293873574255831 0.2525321376296334 -0.2691963211518678
v -0.9725183851265387 0.09712651649588198 0.2115996937243642
v -0.9404585249870313 -0.10445188720206366 -0.3234618463422614
v -0.7670572286070624 0.4305594361742047 0.47564879897147205
v -0.8297594367908169 0.5370730114103518 0.15182838163927892
v -0.9857299686910099 0.10428176752547509 0.13214288397860616
v -0.9226377316862528 0.18736555663386253 -0.3370960757056199
v -0.963967456602803 -0.23614384322804854 0.12248603151465821
v -0.9444722992975725 -0.314484308934093 -0.09524544762771052
v -0.7359771116243057 0.243165032696192 0.6318294532854608
v -0.8762346890951838 0.39627730655827714 0.2741843648590926
v -0.9181168353902623 -0.3344922680951828 -0.21254740449487997
v -0.9962565436780684 -0.009227651641975096 0.08595201931196016
v -0.9322619181918639 -0.10554080704015512 0.34604747353295207
v -0.9626196803415147 -0.11940554397229944 0.24311657098577102
v 0.10998708977007343 0.43595791944241946 0.893220875572972
v 0.23897390000233237 0.5514931617811223 0.7992163459454117
v -0.26483009322779166 0.9554560918288169 -0.13026387952215474
v 0.5090188285721062 0.7427715388687725 0.43496008231284433
v 0.3318733755161778 0.9407950861969991 0.06902657757037488
v 0.5508031926488384 0.5722931251342858 -0.6075330623858092
v 0.6428413456159792 0.5132371556512594 -0.5686322418098028
v -0.26660133236584627 0.9190362954806113 -0.2903377639406044
v 0.30772060076977475 0.8096319427795362 0.49980411072031267
v 0.24866026985294043 0.8197560399495608 -0.5159148235541182
v 0.15366743173169664 0.6419304080008659 -0.7512068102119591
v -0.14115806508120296 0.532253953042055 -0.8347335683519842
v 0.5719772253602177 0.6252691401841123 -0.5309242469530353
v -0.4689988183326032 -0.021186818376614607 -0.8829446342380127
v -0.07958650064802363 0.320061197265603 -0.9440481020157346
v -0.4690997239352203 -0.2960677997846941 -0.832039246030228
v 0.6394334858158497 0.7688311586712 0.004844241291617414
v 0.7720441105578824 0.44551521730564153 -0.4532814605760922
v -0.19520192283637047 -0.3182202013445415 -0.927702599315763
v 0.11002015001522306 0.019668563839733033 -0.9937347302912938
v 0.16781088277581188 -0.3953718764302851 -0.9030617846803164
v 0.5875105231338602 0.4395625450351345 -0.6794233983380418
v 0.4003885414154752 -0.12429098715379529 -0.9078770656953085
v 0.7851254882729193 -0.08807762381943096 -0.613041841839962
v 0.27548109025018314 0.9595403678346195 -0.058244754359286825
v 0.30689312302839433 0.5453773251313002 -0.7799872975058676
v 0.7680517473507138 0.1654512171146649 -0.6186456240423843
v 0.8615160226096127 0.019432193514018602 -0.5073583867860538
v -0.07379733037004979 -0.706037635112909 -0.7043186862737808
v -0.09835028057433083 -0.7589896676677326 -0.6436318098762482
v 0.2234150853756254 -0.6702286403589659 -0.7077282453521082
v 0.2619180928943732 -0.6096583163470876 -0.7481414638445117
v 0.5884898834793778 -0.6485357773022643 -0.4827846337668343
v 0.7330231094510298 -0.5664830849621224 -0.37652893044564373
v -0.004931050794195578 -0.7079616545782413 -0.7062336584905196
v 0.3498715657085905 0.2982957743208007 -0.8880368902984681
v 0.6338382351830045 -0.0838641543649676 -0.7689056478091073
v 0.6205435415444952 -0.567293615563174 -0.541390493810777
v 0.9217418998494097 -0.05598538704224305 -0.3837414578850334
v -0.6696297602931359 0.5111663650034088 -0.5387995280426284
v -0.7389702005898073 0.6621296864016538 -0.12452839445647576
v -0.29700165697036884 0.7324159450733857 -0.6126637733366602
v -0.4477078423299094 0.2001185091468849 -0.8714988641490735
v 0.0029166970118524333 0.9621645005703474 -0.2724536047123531
v -0.012321565275443898 -0.0105005223663711 -0.9998689504426049
v 0.588202770806296 -0.4127188881426152 -0.6954715089679229
v -0.5279255560231129 0.042023824719447815 -0.8482503200433446
v -0.26279370747294034 -0.09050337477105713 -0.960598046254351
v -0.09923085022210315 -0.6703817429366385 -0.7353513154278254
v -0.20917920127187134 -0.16564867946770953 -0.9637450787142137
v -0.03702591039581891 -0.9940395932922733 -0.10253959687209961
v -0.7054449740482575 -0.31567902252686764 -0.6345818649524542
v -0.563643858391525 -0.5024337232944257 -0.6556416357996303
v -0.3231575149340237 -0.9201651405183894 -0.2210550490634382
v -0.010307008337683844 -0.9998746262629861 0.012020704412842084
v -0.02433108056366683 -0.9996410783144719 0.011212183769647102
v 0.9038027467347803 -0.25890758820485565 -0.34074544129688883
v 0.39392940611881866 -0.9157503680273913 -0.07887259633467254
v 0.34530945727471063 -0.6496686070199303 -0.6772681003630896
v 0.8163337507976041 -0.13137546042545037 -0.5624408375169039
v -0.8059334644357188 -0.5843665326233953 0.09479982306075459
v -0.9782329114375065 -0.2074272126681301 -0.005858534392652637
v -0.8750943963002369 -0.483836210536175 0.010598062932355122
v -0.9228067205352037 -0.3767654645533853 0.0804707478213938
v -0.9825900940858037 -0.1809577870284299 -0.04208308826862433
v -0.9424751291362211 -0.33419394190498186 -0.007418905153231387
v -0.9443838004529095 -0.09584224053194551 -0.314568756191609
v -0.9420301643649734 -0.3153252886041162 0.11466966378790826
v -0.8976573958852591 -0.44013921845156734 -0.022105836182754402
v -0.9311867784141737 -0.3610075505566931 0.050643184612434514
v -0.9655404755940368 -0.2582468368899561 -0.0322515305989297
v -0.6849744179316205 -0.6599688654547127 -0.3086278396542624
v -0.7388957005771637 -0.519970810618239 -0.42855979719707016
v -0.6293111933431212 -0.17454895082931413 -0.7572978843872749
v -0.659659868930496 -0.4531537458966893 -0.5995836387881173
v -0.8696729763337738 -0.4801084137472199 -0.11473807251250039
v -0.4700081944209239 -0.568586078541281 -0.6751312231457165
v -0.7334207081535593 -0.5133171936022264 -0.44564506460171416
v -0.6388784414705379 -0.5792534803154139 -0.5062605481040933
v -0.7653106570648462 -0.4857673148624124 -0.42229102997143464
v -0.8870176617199594 0.45815719682629497 -0.057372909923823795
v -0.7947580705828007 0.3256376304755076 -0.512171595133702
v -0.9194478425932351 -0.2649712462543839 -0.29052694093499143
v -0.7064784596023846 -0.4392730608585634 -0.5549120327779807
v -0.511052169244422 -0.6024584701014606 -0.6130819456757621
v -0.9489055586840802 0.25298041165845725 -0.1886243675021106
v -0.8706651109683303 0.4817626224041061 -0.09923225381308108
v -0.43463067327788185 0.8923635369939807 -0.12158739938664476
v -0.40738346568129363 0.8639534218403625 -0.29601215647305257
v -0.88627147373782 0.39806311434828273 -0.2367881581370541
v -0.8549283624123193 -0.03417414520341707 -0.5176191871855271
v -0.7506077938583118 -0.08624548872145217 -0.6550951499395763
v -0.8937337320911557 -0.04663149632695924 -0.44616759146392854
v -0.7918529690037733 0.4267429816407497 -0.4368744706437673
v -0.8339945717219139 -0.0063298557909378505 -0.5517363385386604
v -0.783022705985571 -0.3950855120138677 -0.4803986678871768
v -0.6617178294627309 -0.3501386362560099 -0.6629724350015721
v 0.07063151493900845 -0.7024052272432874 -0.7082641356434239
v -0.6905286792106125 -0.019235739742883114 -0.7230491888552197
v -0.430681166293533 -0.5671611976733261 -0.7020270000888857
v -0.5305581763742601 -0.19030039275783178 -0.8260107638515579
v -0.26414852586182547 -0.6156069372467861 -0.7424645817132667
v 0.3254146893832986 -0.7761373449567869 -0.5401074908728823
v -0.05434184258420913 -0.748722261638535 -0.6606526614427815
v -0.16874351907955698 -0.6474205000102802 -0.7432175461700875
v -0.4575816259721524 -0.5989800689566556 -0.6571468120331722
v -0.7658544331277862 -0.2571970349429037 -0.5893357892365744
v -0.7052962508248003 -0.3245641986503982 -0.6302501721752287
v -0.427688658987129 -0.0261586847574248 -0.9035475273529074
v 0.13156751104871994 -0.42040689737602727 -0.8977460836311721
v -0.14548395661301514 -0.5522582614160824 -0.8208807654378973
v -0.06798310916972983 -0.22398613414555835 -0.972218344086422
v 0.3528223486513562 -0.2735941667861165 -0.8947975313962101
v -0.6564790096994603 -0.13407552087658064 -0.7423335264728985
v -0.9586543466122905 -0.18156327911255515 -0.21912694813568454
v -0.3247482295430036 -0.5056431616548002 -0.7992894222247798
v 0.3611255407014097 -0.3165380621804808 -0.877149929626709
v -0.42761774821391024 0.4395423370353619 -0.7899022695029791
v -0.2330068514059683 -0.14873374218510232 -0.9610338605551275
v -0.22392551441762323 0.02825718590499656 -0.9741965384035879
v -0.03389596962970233 -0.24317323589786508 -0.969390447954705
v -0.04434977237844668 -0.36453580847240563 -0.9301326475462247
v 0.22843669088735083 -0.34735944099828464 -0.9094823236357021
v 0.19459462948789216 -0.10510855720312104 -0.9752359311352039
v 0.2770293653771911 -0.1452784173592595 -0.9498151989562494
v 0.44748196493466896 -0.11345861994719246 -0.8870665322386401
v 0.3952714297472202 -0.12828092653881512 -0.9095628074585786
v 0.47408552582628805 -0.025845677972356814 -0.8800993779864641
v 0.4862575230733666 -0.45008898906210665 -0.7489816574386887
v 0.614366592580431 0.038325843456218096 -0.7880893475009544
v 0.6240588884590781 -0.04514384204316029 -0.7800721359341084
v 0.49475925878790866 -0.21567196409009218 -0.8418425504505942
v 0.487752781549423 -0.3213192173349057 -0.8116964855548436
v 0.7627756008489578 -0.03175129141959605 -0.6458833007925654
v 0.7684384314607954 0.1257182804908745 -0.6274530189619697
v 0.8460226200136891 -0.008948292800468133 -0.5330719036688484
v 0.889519669563572 0.09075684936089862 -0.4477923087253699
v 0.9193122429053832 0.028499390582462012 -0.3924955856830774
v 0.8983082881169802 0.13446901056129934 -0.4182825656168398
v -0.6363553219509333 -0.6642989396397567 0.39212092907446144
v -0.7884613042167561 -0.5518396197553499 0.27166487778342413
v -0.7196685453320479 -0.6210827240098294 0.31037627937099915
v -0.8330494677465491 -0.27572307490725206 0.4795887511721694
v -0.8230424096692585 -0.5650589695577433 0.05752871290200964
v -0.728029028953279 -0.4382808990332446 -0.52714664614693
v -0.7255100447819659 -0.6752018919417906 0.13318250650403096
v -0.8774543745100689 -0.47803377816872034 0.03946552397830648
v -0.765576327770216 -0.607853412617941 -0.21072995782895731
v -0.854863999564858 -0.5006804575264128 0.13611253321835076
v -0.7979004638349739 -0.6021764511725348 0.027172991465522926
v -0.8179509947671457 -0.44330420188517866 0.36665727150894145
v -0.7928074795755681 -0.6090814321014572 -0.021819931216052062
v -0.9348742322183976 -0.34805791888682525 0.06975568101763195
v -0.8477901170667941 -0.47078485860923 0.2441588300843509
v -0.6331890485453119 -0.732679059482424 0.24950556025514417
v -0.6714262587405986 -0.3463306774007683 0.6551655065437496
v -0.7273875193933319 -0.6208845097889154 0.29224958876787704
v -0.819509998892842 -0.45725229028496195 0.34543263416158415
v -0.5067569838997372 -0.8150220948344921 0.28095612504524226
v -0.469909290507222 -0.8769271184743601 0.10091624041379622
v 0.27093047644503 0.08632774638990234 -0.9587200827856428
v 0.20293060318873946 -0.17028348750063102 -0.9642731481142036
v 0.0454464550126269 0.1143626768317626 -0.9923990114236608
v 0.051709865526262264 0.2909036121090757 -0.9553539544426182
v 0.6075570255825845 0.24657219565023988 -0.7550341800193304
v 0.844863909699444 0.1991111456669953 -0.4965478081298377
v 0.7548211517821134 0.3769527759861886 -0.5367975721802681
v 0.6163934690071567 0.4240818364995342 -0.6634860113947434
v 0.40647067722414804 0.5066538785503466 -0.7603179834166972
v 0.0624353274840249 0.24764799389986508 -0.9668362327712667
v 0.1327210236484433 0.23622560219069166 -0.9625916033039943
v 0.40674878350820337 0.12520832033533094 -0.9049189486541885
v 0.5142004451712172 0.21460268732919702 -0.8303876135738111
v -0.03375727662909351 -0.07286298621170942 -0.9967705009253129
v 0.28652790007525697 0.17053098215232326 -0.9427730090560651
v 0.490182545075461 -0.3767053362480238 -0.7860115534428275
v 0.49304318499064104 -0.0041364013115025985 -0.869995004536506
v 0.48449554284004576 -0.6433369806079907 -0.5927744919868964
v -0.3960654663454679 -0.8559653069980376 0.33234852126089276
v -0.6604285164582545 -0.7343002673604268 0.15696270895711179
v -0.4767647219938362 -0.8261319846678569 0.3003353854791144
v -0.6693269284454306 -0.7010421222707338 0.24605163210178255
v -0.4094927295433713 -0.8485871309057377 0.33498594852961805
v -0.40682637938506433 -0.8186024757505872 0.4054408510886006
v -0.6011384159496265 -0.7771831997313972 0.186061492321332
v -0.5734252884632678 -0.8109441240462355 0.116417637090357
v -0.6361149326999103 -0.725177276435647 -0.26358245415346915
v -0.6188763950094333 -0.771574304124857 -0.14719069574660873
v -0.6870951153416254 -0.5388694025217864 -0.48736030767748345
v -0.5064127115157386 -0.7929123832774211 -0.3388747822730357
v -0.1759862748555977 -0.047563397618398534 -0.983242876541419
v -0.4211664008358734 -0.5287809654457889 -0.7368918193257243
v -0.5736124492757392 -0.8159329841393993 0.07226426107878188
v -0.3587095069344506 -0.9257421705072421 -0.11970348106627324
v -0.339017225354 -0.9137499516670249 -0.22389360585283552
v -0.5378792094283757 -0.8418690190637764 0.04407392432380567
v -0.5306243378582518 -0.8321271030279387 -0.16125227588726274
v -0.2594332981808375 -0.9450089615033053 -0.19912917032282637
v -0.4098557090392294 -0.8883842427014914 -0.20686163271048552
v -0.42972639321514033 -0.8551843653760782 -0.28981878508927045
v -0.27503120900105393 -0.9546322114986335 -0.11417169020666516
v 0.046537725261509226 -0.9862806679008433 -0.15838145173141543
v 0.380227659633922 -0.9000254207052163 -0.2130285636568691
v -0.055192360224670535 -0.9259196124950105 -0.37366652856513655
v -0.09322729977578681 -0.4215617163997302 -0.9019946728460366
v -0.11680646310957166 -0.89836771099202 -0.42342851347398724
v 0.31351787140620985 -0.782713788741636 -0.5376482764992676
v 0.2637515192899863 -0.859969231999301 -0.43690737701114235
v -0.44257274659957724 -0.8327091551143518 0.33275340262129344
v -0.21965613896123348 -0.8093658976087242 0.5446815807466481
v -0.3624548960909113 -0.7095153287655847 0.6043297498439002
v -0.03611059400865969 -0.9979434733197505 0.05296082570026813
v -0.01103359642176859 -0.9760493666157182 0.21726917332897702
v 0.49347445680275803 -0.8153436150594207 0.302816363271634
v 0.7839732506092696 -0.6184242650375296 0.05419751601251427
v 0.5564146532028217 -0.6678100079810912 0.49440118015785384
v 0.06562160247820038 -0.7307700288630266 0.6794622654744884
v 0.14877914934876815 -0.8239024275628335 0.5468542352173265
v -0.973380573684071 0.22238487951872624 0.05545470346066597
v -0.7369373402923847 0.6544942492255258 0.16899891778795914
v -0.8674381821101408 0.46447191659127335 0.17837275272721345
v -0.9124416673953717 -0.384634563174945 0.1396655161876875
v -0.8535456718072183 0.42458680600003906 0.30196991623313985
v -0.5478343656646004 0.7816837746045496 0.2980737900534839
v -0.761576757111829 0.5690900929798559 -0.3100601701270403
v -0.9435886054584679 0.11743045261438337 -0.30959753301298293
v -0.8803563944667021 0.4027497321468883 -0.25052998219214817
v -0.7042183781094542 0.5512549807248909 0.44743091328035184
v -0.6847370655800706 0.5718950158819878 -0.45174245077271097
v -0.5845750678288266 -0.41882572267123547 -0.6948791291309879
v -0.40352062236387 0.2619219928406537 -0.8766800881698269
v -0.1717132392616466 0.8555059797132056 -0.48849163978232113
v 0.29445438838456367 0.7420008512554718 0.6022718239277244
v -0.494797382208983 0.7249171250151074 0.4792397233316212
v -0.3628823270027464 0.7537447581432449 0.5478916465147584
v -0.787172812025235 0.5743744376789505 0.22461738434340678
v -0.3987743385795873 0.8860363100607611 0.23647131780476743
v -0.5531474593658458 0.8317855440494916 -0.046483297079719266
v -0.44094010753309004 0.6862199168954312 0.5785101963014434
v -0.509799478919541 0.7625587364860065 0.3982570334623481
v -0.034063013430127825 0.8600627795225032 0.5090498270268689
v -0.052941005413509656 0.9790153571454556 0.19678968575401232
v -0.2833892597299037 0.8824380446827118 -0.37549117801393106
v -0.022324002263303156 0.8299054290311544 0.557457278890108
v 0.9752842768046385 0.2177584298757892 -0.03744122908885705
v 0.4410991623963316 0.8352980496525295 0.32819003211544234
v 0.7233584611309707 0.6878767893609368 0.05981688197092459
v 0.936897944058961 0.23286755706850643 -0.26075840021567487
v 0.9423923053774786 0.30377288597864543 0.14006704290990782
v 0.968122418566949 0.22154139200371764 0.11686913320948428
v 0.9124361941426959 0.3737230303134512 0.16670719310132892
v 0.6194838801370517 0.7735387454343606 0.13370688674177708
v -0.10385533631476104 0.9181877005698212 -0.38228970119694844
v -0.5717323542478079 0.8105247820048088 0.12716797105527863
v 0.7535022390102807 0.6051189817753757 -0.2570318923823005
v 0.9575078093886061 0.2845028792636792 0.04729594750619997
v 0.9723264349842257 0.23126351226791414 0.03314350199321955
v -0.3425672019016342 0.1607010057925113 -0.9256472864534094
v 0.952497404635409 0.30098060019124895 0.04646904853045398
v 0.9870824238547672 0.15700036717738358 0.031924492527902276
v 0.9563101403405484 0.2251791723832769 -0.18645443359336591
v 0.832542828703093 0.3787148675820888 -0.40428639285453716
v 0.022695664267156666 0.1793710668641217 -0.9835196628413176
v -0.4986032729564918 0.866815438912409 0.005076520477835963
v 0.45000589030227267 0.8929087971901384 0.014442250299703115
v -0.7386435312513404 0.3418714663873509 -0.5809730064389502
v -0.9249423681685999 0.2335394706756052 -0.29990153584671814
v -0.8178486457198243 0.454946553518865 -0.35234532228419846
v -0.5691444425602499 0.8156992856359994 -0.10348564594040516
v -0.8742320654660799 0.45457226824958197 -0.17053547621929505
v -0.5851786640806041 -0.6816422785785734 -0.43923767502236183
v -0.5367138534662247 -0.44551393726027466 -0.7165581422357045
v -0.8938582498916392 0.1237781885868187 -0.43092503887662625
v -0.9619898929905364 -0.25250216444095525 -0.10401010881971527
v -0.7616006576806991 -0.5360050167061529 -0.3642294061249906
v -0.5978490905937315 -0.1921593340347797 -0.7782359894142381
v -0.5179926999329653 -0.19372073432554024 -0.8331601526168485
v 0.05353147435458166 0.3749785612946426 -0.9254866070467065
v -0.931190202020806 0.3524369142526693 0.0931290992789418
v -0.9528280435532758 0.057912238911518664 0.2979343753290177
v -0.9742354293341193 0.2109106868447651 0.07988748590883045
v -0.5466552464242297 0.743910694119678 0.3844020300821052
v -0.4155858571457242 0.7231667901912494 0.5516504227361193
v -0.5283844356727828 0.6281263868409845 0.57119797819394
v -0.5576510910263978 0.7945297740486938 0.24030750888642582
v -0.31683453030344844 0.16115809631808053 -0.9346892255710052
v -0.2717233718148644 0.43765857343279924 -0.8571005672091976
v -0.25610635788434233 0.05323765695570043 -0.9651814779268635
v -0.9779156587519829 -0.03780551440324622 -0.20555220127349952
v -0.5766555007762522 0.07147060865433967 -0.8138552607946135
v -0.14328945033630097 0.3815537378874795 -0.9131729729500394
v 0.060852429834639114 0.28016007866921305 -0.9580226052151801
v -0.12101383420343312 0.0737682651280311 -0.9899060031090754
v -0.3618273828782002 -0.009755807471346443 -0.9321940619957275
v -0.26728836256088423 0.04067313691778978 -0.9627578237401075
v -0.35006832790611425 0.4113542221662507 -0.8415698840280683
v -0.36154025016153596 0.06694767610396858 -0.9299498137950307
v 0.11291298339308105 -0.13702086905648986 -0.9841117515934245
v 0.7447242145321262 0.4128917961260492 0.5243149902313615
v -0.3238111908174363 0.9457871539101341 0.02515893876860035
v 0.27241504828946556 0.7604298670137751 0.589522229283053
v 0.08425867904303574 0.18535165826537617 -0.9790532354188908
v 0.09481898960815142 -0.037335101067197424 -0.9947941744089536
v 0.567876794535128 0.04661966562501733 -0.8217922809357115
v 0.669887749397849 0.32920411906813385 -0.6654885808150719
f 1404 1816 421
f 1404 50 1816
f 1331 783 438
f 1331 438 437
f 437 1332 1331
f 419 1332 437
f 421 1816 419
f 419 1816 1332
f 422 421 419
f 422 419 437
f 420 422 437
f 422 420 434
f 422 28 421
f 28 422 1333
f 1333 422 434
f 71 424 426
f 425 426 424
f 426 423 71
f 423 426 1334
f 439 1334 426
f 439 426 1335
f 439 1335 432
f 424 72 427
f 427 1832 429
f 428 427 121
f 429 791 478
f 1336 429 447
f 1336 427 429
f 1336 121 427
f 430 121 1337
f 121 1336 1337
f 1336 447 1337
f 430 1337 1338
f 426 425 430
f 430 425 428
f 428 425 424
f 428 424 427
f 1335 426 430
f 430 432 1335
f 432 430 1339
f 430 428 121
f 1338 1339 430
f 439 432 431
f 1341 431 432
f 1339 1338 1377
f 1340 1339 1377
f 1340 432 1339
f 1340 1341 432
f 443 1341 1340
f 443 1340 476
f 433 1333 434
f 434 420 1342
f 435 433 434
f 435 434 1342
f 420 437 438
f 1342 420 1334
f 438 783 423
f 1334 420 438
f 1334 438 423
f 1342 1334 439
f 436 435 1342
f 122 436 1342
f 1343 122 1342
f 1343 1342 439
f 436 122 1344
f 440 122 1343
f 1344 122 440
f 1343 439 431
f 431 1341 1343
f 1341 440 1343
f 443 440 1341
f 1333 433 442
f 433 435 441
f 435 436 441
f 442 433 441
f 513 442 445
f 442 441 445
f 473 440 443
f 440 473 471
f 444 1344 471
f 471 1344 440
f 446 444 471
f 515 445 1345
f 1345 445 444
f 444 441 436
f 444 436 1344
f 444 445 441
f 1345 444 123
f 123 444 446
f 124 515 1345
f 515 124 516
f 1368 123 446
f 1346 123 1368
f 124 1345 123
f 1346 124 123
f 516 124 1346
f 478 1901 1349
f 447 478 1349
f 447 1349 479
f 1347 1348 1351
f 448 1347 1351
f 479 1349 448
f 1349 1901 1347
f 448 1349 1347
f 479 448 449
f 449 448 453
f 1912 450 125
f 125 450 1350
f 1352 125 1350
f 1352 1350 452
f 451 1350 126
f 452 1350 451
f 452 451 463
f 128 452 463
f 128 463 1360
f 448 1351 453
f 454 453 1351
f 1348 1912 125
f 1351 1348 125
f 1352 1351 125
f 455 1351 127
f 127 1351 1352
f 127 1352 452
f 128 127 452
f 480 453 454
f 454 1351 455
f 127 128 129
f 455 127 129
f 129 128 1360
f 456 129 1357
f 481 454 456
f 456 454 455
f 456 455 129
f 135 456 1
f 456 1357 1
f 1353 1942 457
f 457 863 1355
f 457 1355 1358
f 1355 1943 1354
f 1354 1943 1356
f 130 1355 1354
f 1358 1355 130
f 1356 868 458
f 461 1356 458
f 130 1354 459
f 459 1354 1356
f 1356 461 459
f 459 461 460
f 1361 460 461
f 467 1 1357
f 467 1357 29
f 1357 129 1360
f 1360 29 1357
f 29 1360 462
f 463 451 465
f 463 465 464
f 465 451 1353
f 465 1353 457
f 1358 465 457
f 1358 464 465
f 464 1358 130
f 1359 462 466
f 464 1360 463
f 466 462 1360
f 466 1360 464
f 466 464 130
f 1359 466 130
f 1363 1359 460
f 1359 130 459
f 460 1359 459
f 1363 460 942
f 942 460 1361
f 29 462 468
f 468 462 1365
f 468 467 29
f 467 468 1362
f 1362 468 1365
f 1362 1365 1366
f 494 1362 1366
f 462 1359 1365
f 1365 1359 1363
f 942 469 1363
f 1364 469 942
f 469 1366 1365
f 469 1365 1363
f 1366 469 1386
f 1367 469 1364
f 1386 469 1367
f 472 1368 446
f 1369 496 1346
f 1368 1369 1346
f 1369 1368 470
f 1369 470 6
f 1370 1369 6
f 446 471 472
f 1371 472 471
f 1371 471 473
f 1371 473 1381
f 1371 1381 137
f 1371 137 474
f 470 1368 472
f 1372 470 472
f 1372 472 1371
f 475 6 1372
f 1372 6 470
f 1372 1371 474
f 1373 6 475
f 1374 1373 475
f 475 1372 474
f 1375 475 474
f 1374 475 1375
f 482 1374 1375
f 143 1374 1376
f 1374 482 1376
f 1376 482 489
f 443 476 1381
f 1381 476 131
f 1377 1338 1378
f 477 1377 1378
f 476 1340 1377
f 477 476 1377
f 477 131 476
f 1381 131 132
f 131 477 132
f 1338 1337 1378
f 1378 1337 30
f 447 429 478
f 30 1337 447
f 30 447 479
f 449 133 479
f 479 133 30
f 132 477 134
f 1380 132 134
f 134 477 1378
f 134 1378 30
f 1380 134 480
f 134 133 480
f 133 134 30
f 480 133 449
f 453 480 449
f 1379 132 1380
f 1379 1380 481
f 1382 1379 481
f 481 480 454
f 481 1380 480
f 1382 481 135
f 481 456 135
f 488 1376 489
f 1375 474 31
f 136 489 482
f 31 482 1375
f 482 31 136
f 136 484 490
f 137 1381 483
f 473 443 1381
f 483 1381 132
f 31 474 137
f 485 31 137
f 485 137 483
f 484 136 485
f 485 136 31
f 486 484 485
f 486 485 483
f 486 483 132
f 490 484 138
f 138 484 487
f 486 132 1379
f 1382 484 486
f 1382 486 1379
f 1382 487 484
f 487 1382 135
f 487 135 1
f 140 488 489
f 488 140 1383
f 489 136 139
f 489 139 140
f 136 490 139
f 140 139 32
f 492 1383 140
f 492 140 32
f 138 487 1384
f 490 138 1384
f 467 487 1
f 1384 487 467
f 490 1384 491
f 491 1384 467
f 491 467 1362
f 493 491 1362
f 493 1385 492
f 490 32 139
f 32 490 491
f 493 492 32
f 491 493 32
f 494 493 1362
f 1385 493 1386
f 503 1385 1386
f 493 494 1386
f 1386 494 1366
f 1367 503 1386
f 516 1346 495
f 495 1346 496
f 33 495 496
f 496 1369 497
f 1370 6 499
f 497 1369 1370
f 497 1370 499
f 497 499 142
f 33 496 497
f 33 497 141
f 497 142 141
f 6 1373 499
f 1373 1374 1387
f 499 1373 1387
f 143 1376 488
f 1387 1374 143
f 1387 143 1388
f 1392 1388 1400
f 7 141 144
f 144 141 498
f 498 141 142
f 498 142 1389
f 144 498 1390
f 1390 498 1389
f 1389 142 499
f 1390 1389 1387
f 1389 499 1387
f 1392 1390 1388
f 1390 1387 1388
f 144 1391 501
f 144 1390 1391
f 500 1392 1399
f 500 1390 1392
f 500 1399 1393
f 1391 1390 500
f 1393 501 500
f 500 501 1391
f 488 1383 1394
f 502 492 1385
f 502 1385 1397
f 502 1383 492
f 502 1394 1383
f 504 503 1395
f 35 502 1396
f 1396 502 1397
f 1396 1397 145
f 34 1396 145
f 1397 1385 503
f 504 1397 503
f 504 145 1397
f 145 504 1395
f 35 1396 34
f 1398 34 145
f 508 1393 505
f 505 1393 1399
f 505 1399 507
f 146 508 505
f 146 505 507
f 1388 143 1394
f 35 1388 1394
f 35 1400 1388
f 1394 143 488
f 35 1394 502
f 146 507 506
f 1399 1392 1400
f 507 1399 1400
f 507 1400 35
f 35 506 507
f 146 506 1401
f 506 35 34
f 1401 506 1398
f 1398 506 34
f 147 508 146
f 508 147 509
f 545 508 509
f 509 147 36
f 1401 1398 1402
f 1402 1398 286
f 1402 286 1403
f 162 509 36
f 147 146 1401
f 36 147 1401
f 36 1401 1402
f 36 1402 1403
f 162 36 898
f 36 1403 898
f 1404 421 1405
f 1404 1405 510
f 49 1404 510
f 1405 421 511
f 511 421 28
f 28 1333 523
f 523 511 28
f 511 523 522
f 511 510 1405
f 1406 510 511
f 522 1406 511
f 510 1406 512
f 512 1406 1408
f 1407 1406 522
f 1408 1406 1407
f 1408 1407 1413
f 153 512 1408
f 512 153 1409
f 523 1333 148
f 1333 442 513
f 148 1333 513
f 513 445 515
f 148 513 149
f 149 513 150
f 514 149 151
f 1410 516 1471
f 1410 515 516
f 515 1410 1411
f 1410 1471 1412
f 1412 1411 1410
f 151 149 150
f 150 513 515
f 1411 150 515
f 151 150 518
f 518 150 1411
f 151 518 520
f 151 520 517
f 518 1411 519
f 519 1411 1412
f 520 518 519
f 520 519 1469
f 152 520 1469
f 1422 517 520
f 1422 520 152
f 526 1409 153
f 153 1408 1413
f 153 1413 1414
f 154 153 1414
f 1413 1407 521
f 1407 522 521
f 1414 1413 521
f 524 1414 521
f 1414 524 1420
f 522 523 525
f 148 525 523
f 514 525 148
f 514 148 149
f 1416 524 1415
f 1416 1420 524
f 37 1416 1415
f 521 522 525
f 1415 524 521
f 1415 521 525
f 37 1415 514
f 514 1415 525
f 1420 1416 1421
f 1421 1416 1417
f 1416 37 1417
f 517 37 514
f 517 514 151
f 1418 1417 37
f 1422 37 517
f 1422 1418 37
f 154 1414 528
f 526 153 154
f 155 526 154
f 1414 1420 528
f 528 1420 527
f 1419 528 527
f 1419 154 528
f 529 155 1419
f 155 154 1419
f 156 155 529
f 156 529 530
f 1420 1421 527
f 1421 1417 531
f 527 1421 38
f 1421 531 532
f 38 1421 532
f 1424 1422 157
f 1424 1418 1422
f 1424 157 1425
f 1423 532 531
f 531 1417 1418
f 531 1418 1424
f 1423 531 1424
f 1423 1424 1426
f 1426 1424 1425
f 532 1423 1426
f 534 532 1426
f 533 530 158
f 158 529 1427
f 158 530 529
f 1427 529 1419
f 1427 1419 527
f 1427 527 38
f 534 158 1427
f 38 534 1427
f 1429 158 534
f 1429 534 159
f 534 38 532
f 159 534 1426
f 159 1426 1456
f 1546 530 533
f 158 1429 1430
f 535 158 1430
f 535 533 158
f 533 535 1428
f 1428 535 1431
f 159 1456 561
f 159 561 170
f 1431 535 1430
f 1431 1430 170
f 1430 1429 159
f 1430 159 170
f 537 1431 536
f 1431 170 536
f 1472 495 33
f 1472 33 1473
f 33 141 538
f 1473 33 538
f 1432 1473 538
f 144 501 539
f 7 144 539
f 7 539 1436
f 1393 508 1439
f 1433 501 1393
f 1433 1393 1439
f 1436 539 1434
f 1434 539 501
f 1434 501 1433
f 1432 538 540
f 540 538 1435
f 538 141 7
f 1435 538 7
f 160 540 1435
f 160 1435 1436
f 1435 7 1436
f 1434 160 1436
f 160 1434 542
f 1432 540 541
f 540 160 541
f 160 542 1437
f 1437 542 164
f 544 543 541
f 544 541 160
f 544 160 1437
f 544 1437 164
f 161 543 544
f 161 544 1438
f 1439 508 545
f 1444 1439 545
f 1444 545 547
f 509 162 347
f 347 162 39
f 347 39 348
f 547 545 347
f 545 509 347
f 1438 544 1440
f 1440 544 163
f 544 164 163
f 546 1440 163
f 164 542 165
f 164 165 1441
f 546 163 164
f 1441 546 164
f 548 546 1441
f 549 1441 1445
f 542 1434 165
f 1434 1433 1442
f 1442 165 1434
f 1442 1433 1439
f 1442 1439 1444
f 1445 1441 1443
f 1442 1441 165
f 1443 1441 1442
f 1443 1442 1444
f 547 1443 1444
f 1445 1443 547
f 1445 547 554
f 551 547 2150
f 1440 546 166
f 546 548 166
f 596 1440 166
f 596 166 40
f 548 1441 549
f 1446 166 548
f 1446 548 549
f 40 166 1446
f 1446 549 550
f 1447 1446 550
f 1447 550 8
f 167 554 551
f 554 547 551
f 167 551 2148
f 168 167 2148
f 168 2148 556
f 552 8 550
f 550 553 552
f 553 549 1445
f 553 1445 554
f 552 553 1448
f 553 550 549
f 1448 553 554
f 552 1448 1449
f 1448 554 167
f 168 1449 1448
f 168 1448 167
f 1496 8 1450
f 1450 8 552
f 555 1450 557
f 1449 168 1451
f 1452 1449 1451
f 1451 168 556
f 1451 556 2146
f 1450 552 1452
f 1452 552 1449
f 558 557 1452
f 557 1450 1452
f 558 1452 1451
f 558 1451 2146
f 1497 557 558
f 558 2146 1047
f 559 1497 558
f 559 558 1047
f 537 536 560
f 601 537 560
f 536 170 560
f 560 170 1453
f 560 1453 1499
f 169 561 1462
f 169 170 561
f 170 169 41
f 41 169 564
f 41 1453 170
f 1499 1453 1454
f 1453 41 1454
f 1455 41 172
f 1455 172 1460
f 1454 41 1455
f 1454 1455 562
f 1456 1426 563
f 1456 563 42
f 1426 1425 1458
f 563 1426 1458
f 1458 1425 157
f 1458 157 1457
f 171 42 563
f 171 563 1458
f 1457 171 1458
f 1459 42 171
f 171 1457 585
f 1465 171 585
f 562 1455 1460
f 1504 562 1460
f 1461 1504 1460
f 1461 1460 172
f 1461 172 1463
f 1462 561 1456
f 1462 1456 42
f 564 169 1462
f 1463 564 1462
f 1463 1462 42
f 172 41 564
f 1463 172 564
f 1459 1463 42
f 1461 1463 1464
f 566 1464 1465
f 1465 1464 1459
f 1464 1463 1459
f 1465 1459 171
f 1504 1461 568
f 565 1504 568
f 565 568 1466
f 1506 565 1466
f 1506 1466 569
f 1464 566 173
f 566 1465 581
f 173 566 567
f 567 566 581
f 568 1461 1464
f 173 568 1464
f 173 1466 568
f 1466 173 569
f 569 173 1467
f 569 1467 174
f 173 567 1467
f 174 1467 1477
f 1468 1422 152
f 1469 519 175
f 1468 152 1470
f 1470 152 1469
f 1470 1469 175
f 1470 175 44
f 519 1412 570
f 570 1412 574
f 570 574 43
f 43 175 519
f 43 519 570
f 175 43 571
f 44 175 571
f 1412 1471 572
f 574 1412 572
f 1472 516 495
f 1471 516 1472
f 572 1471 1472
f 1473 572 1472
f 575 572 1473
f 1432 575 1473
f 577 571 573
f 571 43 573
f 574 572 575
f 576 573 177
f 177 573 176
f 573 43 574
f 176 573 574
f 575 176 574
f 177 176 575
f 177 575 1432
f 577 573 576
f 1474 577 576
f 177 1432 541
f 543 576 541
f 541 576 177
f 1474 576 1475
f 1475 576 161
f 161 576 543
f 1474 1475 578
f 578 1475 1486
f 1486 1475 161
f 1486 161 1438
f 1476 174 1477
f 1476 1477 579
f 579 1477 1487
f 1467 567 178
f 580 1467 178
f 1487 1477 580
f 1477 1467 580
f 178 567 581
f 178 581 1478
f 1478 581 180
f 1478 180 45
f 583 1478 45
f 1487 580 582
f 1479 580 178
f 582 580 1479
f 583 1479 1478
f 1478 1479 178
f 582 1479 584
f 582 584 179
f 1479 583 584
f 583 45 1480
f 584 583 1481
f 583 1480 1481
f 179 584 1481
f 179 1481 593
f 593 1481 9
f 581 1465 180
f 1465 585 180
f 585 1457 181
f 586 180 585
f 586 585 181
f 586 181 183
f 1457 157 1468
f 157 1422 1468
f 44 1468 1470
f 181 1457 1468
f 181 1468 44
f 182 44 571
f 182 181 44
f 182 571 577
f 9 1481 587
f 587 1481 1480
f 46 587 1480
f 46 1480 1483
f 1482 45 180
f 1482 180 183
f 183 180 586
f 1484 46 1483
f 1484 1483 183
f 1483 1480 1482
f 1482 1480 45
f 1483 1482 183
f 182 183 181
f 1484 183 182
f 184 9 587
f 184 587 46
f 184 46 590
f 46 1484 588
f 46 588 589
f 1484 182 588
f 588 182 577
f 588 577 1474
f 589 588 1474
f 589 1474 578
f 591 590 589
f 589 590 46
f 591 589 578
f 590 591 1485
f 1485 591 1486
f 591 578 1486
f 595 1486 1438
f 1516 1476 579
f 1516 579 592
f 579 1487 582
f 579 582 185
f 1488 579 185
f 592 579 1488
f 179 593 598
f 185 582 179
f 185 179 1489
f 179 598 1489
f 1518 1488 185
f 1518 185 1489
f 1518 1489 594
f 594 1489 1490
f 1518 594 186
f 9 184 1491
f 1491 184 1492
f 1491 1492 1493
f 1485 1486 595
f 595 1438 1440
f 596 595 1440
f 596 1485 595
f 1485 596 597
f 1493 1492 597
f 184 590 1485
f 1492 184 1485
f 597 1492 1485
f 40 597 596
f 1493 597 1447
f 1495 1493 1447
f 1447 597 40
f 1447 40 1446
f 594 1490 599
f 186 594 599
f 1494 186 599
f 1494 599 1495
f 1490 1489 598
f 1490 598 187
f 598 593 9
f 598 9 1491
f 187 598 1491
f 187 1491 1493
f 187 599 1490
f 187 1495 599
f 1495 187 1493
f 1494 1495 1496
f 1496 1495 1447
f 1496 1447 8
f 1494 1496 555
f 555 1496 1450
f 186 1494 600
f 600 1494 555
f 555 1497 600
f 557 1497 555
f 1035 600 1497
f 1035 1497 559
f 633 537 601
f 633 601 602
f 1500 560 1499
f 601 560 1500
f 602 601 1500
f 602 1500 1498
f 209 602 1498
f 1454 562 603
f 1499 1454 603
f 1499 603 1501
f 1498 1500 1499
f 1498 1499 1502
f 1502 1499 1501
f 209 1498 188
f 188 1498 1502
f 1502 1501 1503
f 608 188 1502
f 608 1502 1503
f 1505 1504 604
f 604 565 1506
f 604 1506 1509
f 604 1504 565
f 1505 604 1512
f 1512 604 1509
f 1512 1509 1508
f 174 1476 1507
f 189 174 1507
f 190 569 189
f 569 174 189
f 190 189 198
f 605 1509 190
f 1509 1506 569
f 190 1509 569
f 1508 1509 605
f 190 198 615
f 605 190 615
f 191 605 615
f 191 614 613
f 1503 1501 606
f 1510 1503 606
f 1513 1503 1510
f 1501 603 606
f 606 603 1511
f 603 562 1505
f 562 1504 1505
f 1511 603 1505
f 1512 1511 1505
f 1508 1511 1512
f 192 1510 1508
f 1508 1510 606
f 1508 606 1511
f 47 1510 192
f 192 1508 605
f 607 192 191
f 191 192 605
f 607 191 613
f 608 1503 1513
f 608 1513 1514
f 1513 1510 47
f 1513 47 193
f 1514 1513 193
f 47 192 609
f 194 609 610
f 609 192 607
f 610 609 607
f 193 47 194
f 194 47 609
f 1576 193 194
f 1576 194 658
f 194 610 1515
f 658 194 1535
f 1535 194 1515
f 1507 1476 1516
f 592 1488 1517
f 611 1516 592
f 611 592 1517
f 1518 186 1522
f 1519 1518 1524
f 1520 611 1517
f 1517 1488 1518
f 1519 1517 1518
f 1520 1517 1519
f 1520 1519 1524
f 1521 1520 196
f 617 1520 1521
f 1522 186 195
f 195 600 1035
f 195 1035 2084
f 195 186 600
f 1523 195 2083
f 1521 196 10
f 196 1520 1523
f 196 1523 1525
f 1524 1518 1522
f 1524 1522 195
f 1523 1524 195
f 1523 1520 1524
f 104 1525 1523
f 1527 1525 104
f 612 196 1525
f 1526 10 612
f 10 196 612
f 612 1525 1527
f 1526 612 325
f 612 1527 325
f 1526 325 2080
f 1536 1535 1515
f 610 607 1532
f 1532 607 613
f 1515 610 1532
f 1528 1536 1515
f 1528 1515 1532
f 1536 1528 622
f 1528 1532 1529
f 1528 1529 1531
f 1531 622 1528
f 613 614 1533
f 191 615 614
f 1533 614 197
f 614 615 197
f 48 1533 197
f 189 1507 611
f 611 1507 1516
f 198 189 611
f 48 197 616
f 197 615 198
f 616 197 198
f 616 198 611
f 1520 616 611
f 48 616 617
f 1530 48 617
f 617 616 1520
f 1521 1530 617
f 1540 1531 618
f 1531 1529 619
f 618 1531 619
f 619 1532 1533
f 1532 613 1533
f 1534 1533 48
f 619 1529 1532
f 618 619 1534
f 1534 619 1533
f 1530 1534 48
f 10 618 1530
f 1530 618 1534
f 10 1530 1521
f 1540 618 620
f 618 10 1526
f 620 618 1526
f 199 1536 1537
f 199 1535 1536
f 1536 622 1537
f 622 623 1537
f 1538 199 1537
f 1538 1537 625
f 199 1538 200
f 200 1538 625
f 1531 1540 623
f 624 623 1540
f 620 1526 1539
f 1526 621 1539
f 1539 1540 620
f 624 1540 1539
f 626 200 625
f 625 1537 623
f 622 1531 623
f 625 623 624
f 2059 625 624
f 1212 625 2059
f 626 625 1212
f 1404 49 50
f 50 49 11
f 1541 510 512
f 627 512 1409
f 627 1541 512
f 1541 627 201
f 628 11 49
f 1541 49 510
f 628 49 1541
f 628 1541 201
f 11 628 201
f 11 201 629
f 11 629 202
f 526 155 631
f 1409 526 631
f 631 155 630
f 51 631 630
f 630 155 156
f 630 156 638
f 630 638 203
f 51 630 203
f 51 203 204
f 1546 533 1428
f 1546 1428 632
f 1431 537 634
f 634 537 633
f 635 634 633
f 632 1428 1542
f 636 632 1542
f 1542 1428 1431
f 1542 1431 634
f 1542 634 635
f 1543 1542 635
f 636 1542 1543
f 636 1543 712
f 640 636 1693
f 1693 636 712
f 204 203 1544
f 637 204 1544
f 1544 203 638
f 1544 638 639
f 637 1544 1545
f 1545 1544 639
f 156 530 1546
f 632 638 1546
f 1546 638 156
f 639 638 632
f 1545 639 1548
f 1548 639 640
f 640 632 636
f 640 639 632
f 1548 640 1693
f 204 637 641
f 641 637 1547
f 637 205 1547
f 205 637 1545
f 1548 1693 1689
f 1547 205 642
f 205 1545 1548
f 642 205 1548
f 642 1548 643
f 1547 642 1549
f 1549 642 1550
f 642 643 1550
f 1550 643 708
f 1549 1550 650
f 1550 708 650
f 1552 202 629
f 1551 629 201
f 629 1551 206
f 206 1552 629
f 1552 206 1558
f 1558 206 1554
f 1554 206 1553
f 1551 627 644
f 51 1409 631
f 644 627 1409
f 51 644 1409
f 644 51 204
f 644 204 641
f 1554 1553 1556
f 206 1551 1553
f 1551 201 627
f 1555 1556 1553
f 1555 1553 1551
f 641 1555 644
f 1555 1551 644
f 1554 1556 1560
f 1560 1556 645
f 1556 1557 645
f 1555 1547 1557
f 1547 1555 641
f 1557 1556 1555
f 1549 1557 1547
f 645 1557 649
f 1557 1549 649
f 649 1549 650
f 202 1552 1558
f 202 1558 646
f 1558 1554 647
f 1558 647 648
f 648 647 1565
f 646 1558 1559
f 1559 1558 648
f 778 1559 648
f 647 1554 1560
f 647 1560 652
f 1560 645 651
f 1560 651 652
f 645 649 651
f 651 649 1561
f 1561 649 650
f 653 651 1561
f 653 1561 698
f 652 651 653
f 652 653 1566
f 653 698 207
f 1566 653 1562
f 1562 653 207
f 1562 207 1563
f 778 648 1564
f 648 1565 1564
f 1566 1564 652
f 1564 1565 647
f 1564 647 652
f 1569 1564 1566
f 1564 1569 1568
f 654 1568 1569
f 1568 654 1572
f 778 1564 1568
f 1567 778 1568
f 1572 1567 1568
f 1569 1566 1570
f 1569 1570 654
f 1566 1562 1570
f 208 1570 1562
f 654 1570 1571
f 1570 208 1571
f 1571 208 1659
f 1573 1571 1659
f 655 1567 1572
f 1573 1572 1571
f 1572 654 1571
f 655 1572 1573
f 655 1573 656
f 780 655 656
f 1574 633 602
f 1574 602 209
f 209 188 210
f 188 608 657
f 657 210 188
f 714 1574 1575
f 1575 1574 209
f 210 1575 209
f 52 1575 210
f 1697 1575 13
f 13 1575 52
f 1583 608 1514
f 1514 193 1576
f 1514 1576 1577
f 1583 1514 1577
f 1583 1577 1578
f 658 1535 211
f 1580 1576 658
f 1580 658 211
f 1580 1577 1576
f 1578 1577 1580
f 1581 1578 1580
f 1584 1578 1581
f 1584 1581 12
f 13 52 1582
f 663 13 1582
f 1582 52 660
f 53 1582 660
f 663 1582 53
f 52 210 660
f 660 210 659
f 210 657 659
f 657 608 1583
f 1583 659 657
f 53 660 1579
f 1579 660 1578
f 660 659 1583
f 1578 660 1583
f 53 1579 661
f 661 1579 1584
f 1584 1579 1578
f 13 663 1585
f 1585 663 1706
f 663 53 662
f 663 662 1586
f 1706 663 1586
f 1706 1586 664
f 1706 664 1589
f 53 661 662
f 662 661 1588
f 1588 661 665
f 661 1584 665
f 1584 12 665
f 1588 665 1587
f 666 1587 672
f 1590 1589 664
f 1586 662 1588
f 1590 664 666
f 664 1586 1588
f 666 664 1588
f 666 1588 1587
f 1590 666 1591
f 666 672 1591
f 1591 667 1590
f 667 1591 212
f 667 212 1592
f 1592 212 1601
f 1535 199 1593
f 1593 199 1594
f 668 1593 1595
f 199 200 1594
f 1595 1593 1594
f 670 1594 200
f 1595 1594 670
f 1596 1595 670
f 1596 670 1597
f 1617 1596 1628
f 1596 1597 1628
f 200 626 669
f 1597 670 671
f 671 200 669
f 671 670 200
f 1628 1597 1631
f 1631 1597 1598
f 1597 671 1598
f 1631 1598 1600
f 1598 671 1599
f 1600 1598 1599
f 1601 212 1602
f 212 1591 1602
f 1591 672 1610
f 1602 1591 1610
f 1602 1610 1608
f 1603 1601 1607
f 1607 1601 1602
f 1607 1602 1608
f 54 1603 1607
f 1587 665 1604
f 213 1587 1604
f 672 1587 213
f 1604 665 12
f 673 213 1605
f 213 1604 1605
f 54 1607 1609
f 1606 54 1609
f 1609 1607 1608
f 1609 1608 214
f 1610 672 213
f 214 1608 673
f 673 1608 1610
f 673 1610 213
f 1605 214 673
f 1609 214 1611
f 1606 1609 1611
f 214 1612 1614
f 214 1605 1612
f 1614 1612 1613
f 215 1606 1615
f 1606 1611 1614
f 1615 1606 1614
f 1611 214 1614
f 215 1615 674
f 1615 1614 1619
f 1615 1619 14
f 674 1615 14
f 12 1581 675
f 675 1581 676
f 1581 1580 676
f 675 676 216
f 679 675 216
f 679 216 55
f 1580 211 1616
f 211 1535 1593
f 1616 211 1593
f 1616 1593 668
f 55 216 217
f 216 676 217
f 676 1580 217
f 1616 217 1580
f 217 1616 668
f 217 668 1618
f 1618 668 1595
f 1618 1595 1596
f 55 217 1618
f 1617 55 1618
f 1617 1618 1596
f 1620 14 1619
f 1612 1605 1621
f 1613 1612 1621
f 1613 1621 1623
f 1620 1619 1623
f 1619 1614 1613
f 1623 1619 1613
f 1620 1623 1622
f 1622 1623 1630
f 1605 1604 678
f 677 1605 678
f 678 1604 675
f 1604 12 675
f 679 678 675
f 677 678 679
f 1630 1623 1624
f 1621 1605 677
f 1624 1623 1621
f 677 1624 1621
f 1625 1624 677
f 1625 677 679
f 1625 679 55
f 1630 1624 1627
f 1624 1625 1627
f 1626 1630 1627
f 1627 1625 55
f 1617 1627 55
f 1626 1627 1628
f 1627 1617 1628
f 14 1620 1629
f 14 1629 680
f 1641 14 680
f 1620 1622 1629
f 1629 1622 218
f 680 1629 218
f 1630 1626 1632
f 1626 1628 1631
f 1632 1626 1631
f 1632 1631 1600
f 218 1622 1630
f 218 1630 1632
f 1600 218 1632
f 680 218 681
f 681 218 219
f 219 218 1600
f 733 1601 1633
f 1601 1603 1633
f 1603 54 1634
f 1634 54 682
f 683 1634 682
f 220 1633 683
f 1633 1603 1634
f 683 1633 1634
f 1635 683 684
f 1635 684 56
f 1606 215 1636
f 1637 215 674
f 1637 674 1643
f 1638 1636 1637
f 1637 1636 215
f 1638 1637 687
f 1638 687 1639
f 682 54 1606
f 682 1606 1636
f 682 1636 1638
f 684 683 682
f 685 684 682
f 685 682 1638
f 1639 685 1638
f 56 684 1640
f 684 685 1640
f 686 685 1639
f 238 1640 686
f 686 1640 685
f 238 686 15
f 674 14 1641
f 674 1641 221
f 1641 680 221
f 1644 383 222
f 1642 686 1639
f 1642 1639 224
f 1642 224 223
f 15 686 1642
f 223 15 1642
f 1639 687 224
f 1643 674 221
f 224 687 1643
f 687 1637 1643
f 224 1643 221
f 224 221 383
f 688 223 1647
f 1647 223 1644
f 1644 223 224
f 383 1644 224
f 222 1647 1644
f 1647 222 2366
f 741 15 1645
f 688 15 223
f 1645 15 688
f 1645 688 1646
f 1647 2366 1648
f 1649 1647 57
f 57 1647 1648
f 1650 1646 688
f 1649 1650 688
f 1649 688 1647
f 1651 1646 1650
f 1651 1650 1743
f 1743 1650 689
f 1650 1649 690
f 690 1649 57
f 689 1650 690
f 1652 689 690
f 1743 689 1653
f 1653 689 1652
f 1653 1652 1744
f 1744 1652 764
f 1656 1573 1655
f 1654 656 1656
f 1658 1654 1656
f 1656 656 1573
f 1658 1656 1657
f 1657 1656 1655
f 691 1658 1657
f 691 1657 1661
f 208 1562 1563
f 208 1563 225
f 1663 1659 225
f 225 1659 208
f 1663 225 1682
f 58 691 1661
f 58 1661 1665
f 1661 1657 1660
f 1661 1660 1662
f 1665 1661 1662
f 1655 1573 1659
f 1663 1655 1659
f 1662 1660 1663
f 1660 1657 1655
f 1663 1660 1655
f 1662 1663 1664
f 1664 1663 1682
f 58 1665 693
f 1665 1662 1666
f 1665 1666 692
f 693 1665 692
f 1662 1664 1667
f 1666 1662 1667
f 1664 1682 1667
f 1666 1667 1668
f 226 692 1669
f 226 1669 1670
f 1669 692 1666
f 1669 1666 1668
f 1670 1669 1668
f 1756 226 1670
f 1756 1670 1671
f 1670 1668 699
f 1671 1670 699
f 1671 699 1678
f 701 1563 694
f 694 1563 207
f 701 694 1672
f 698 1561 695
f 1561 650 695
f 695 650 723
f 698 695 1673
f 1673 695 696
f 1673 696 1711
f 1672 694 1674
f 697 1672 1676
f 1676 1672 1674
f 694 207 698
f 1674 694 698
f 1673 1674 698
f 1676 1674 1675
f 1675 1674 1673
f 1675 1673 1711
f 697 1676 227
f 1684 697 227
f 1676 1675 227
f 227 1675 1711
f 1684 227 1677
f 1678 699 1679
f 1668 1667 1680
f 1679 699 1681
f 1681 699 1668
f 1681 1668 1680
f 700 1679 1681
f 700 1681 703
f 1682 225 701
f 1682 701 1683
f 701 225 1563
f 1683 701 1672
f 1683 1672 697
f 1681 1680 702
f 703 1681 702
f 703 702 704
f 1680 1667 1682
f 702 1680 1682
f 702 1682 1683
f 704 702 1684
f 1684 702 1683
f 1684 1683 697
f 228 703 704
f 1677 704 1684
f 228 704 706
f 706 704 1677
f 1678 1679 229
f 1679 700 229
f 705 229 700
f 750 229 705
f 59 703 228
f 59 228 1685
f 1685 228 706
f 59 1685 1686
f 1768 750 705
f 700 703 59
f 705 700 59
f 705 59 230
f 1768 705 230
f 1768 230 707
f 1687 1768 707
f 1687 707 760
f 708 643 709
f 1690 1688 708
f 1688 650 708
f 710 1688 1690
f 643 1548 709
f 709 1548 1689
f 1689 1693 1694
f 709 1689 1701
f 1701 1689 1694
f 1691 710 1690
f 1690 708 709
f 1691 1690 1701
f 1690 709 1701
f 710 1691 1692
f 1701 1699 1698
f 1691 1701 1698
f 1692 1691 1698
f 1693 712 1694
f 1694 712 713
f 711 712 1543
f 713 712 711
f 714 635 633
f 714 633 1574
f 716 713 1695
f 1695 713 711
f 711 1543 635
f 714 1695 711
f 714 711 635
f 1696 716 1695
f 1695 714 1697
f 1697 714 1575
f 1696 1695 1697
f 1696 1697 13
f 717 1696 13
f 16 1692 231
f 231 1692 1698
f 231 1698 1700
f 1700 1698 1699
f 1699 1701 715
f 715 1701 1694
f 715 1694 713
f 715 713 716
f 1703 1700 1702
f 1702 1700 1699
f 1702 1699 715
f 1702 715 716
f 1703 1702 1705
f 1702 716 717
f 717 716 1696
f 717 1705 1702
f 1705 717 1585
f 1585 717 13
f 231 1700 1704
f 1704 1700 718
f 1727 16 1704
f 1704 16 231
f 1727 1704 60
f 718 1703 1705
f 718 1705 232
f 232 1705 1706
f 1706 1705 1585
f 60 1704 719
f 1704 718 232
f 1700 1703 718
f 232 719 1704
f 719 232 1589
f 1589 232 1706
f 719 1589 1590
f 667 719 1590
f 1730 60 667
f 667 60 719
f 1592 1730 667
f 707 230 1707
f 61 707 1707
f 1708 59 1686
f 1685 706 1686
f 1686 706 720
f 1708 1686 720
f 1708 720 1709
f 1709 720 725
f 1707 230 1708
f 1708 230 59
f 1707 1708 721
f 721 1708 1709
f 721 1709 725
f 61 1707 722
f 721 725 1714
f 722 1707 721
f 722 721 1714
f 1677 227 1710
f 1716 1677 1710
f 227 1711 1710
f 1710 1711 1712
f 1716 1710 1719
f 1719 1710 1712
f 1719 1712 1720
f 696 695 723
f 696 723 233
f 1688 723 650
f 233 723 710
f 710 723 1688
f 233 1711 696
f 1713 1712 1711
f 233 1713 1711
f 1713 233 724
f 724 233 710
f 1720 1712 1723
f 1712 1713 234
f 1723 1712 234
f 724 710 1692
f 234 1713 724
f 234 724 1692
f 728 234 1692
f 728 1692 16
f 722 1714 729
f 729 1714 1725
f 1714 725 235
f 1725 1714 235
f 1725 235 1715
f 1715 235 62
f 725 720 726
f 725 726 236
f 720 706 1677
f 726 720 1677
f 726 1677 1716
f 1717 236 726
f 1717 726 1716
f 1717 1716 1719
f 235 725 236
f 1721 62 727
f 727 62 235
f 727 235 236
f 1721 727 1718
f 727 236 1717
f 727 1717 1719
f 1719 1718 727
f 1718 1719 1720
f 1726 62 1721
f 1726 1721 731
f 731 1721 1724
f 1721 1718 1722
f 1722 1718 1723
f 1723 1718 1720
f 728 1724 1722
f 1724 1721 1722
f 728 1722 1723
f 728 1723 234
f 730 1725 1715
f 63 729 730
f 729 1725 730
f 1724 728 1727
f 1727 728 16
f 731 1724 1727
f 1728 731 1727
f 1728 1727 60
f 63 730 732
f 730 1715 732
f 732 1715 1726
f 1726 1715 62
f 1726 1731 732
f 1731 1726 1728
f 1726 731 1728
f 63 732 1735
f 1735 732 1729
f 1729 732 1731
f 1731 1728 1730
f 1730 1728 60
f 1729 1731 733
f 733 1731 1730
f 733 1730 1592
f 733 1592 1601
f 707 61 734
f 734 760 707
f 760 734 736
f 61 722 735
f 734 61 735
f 735 722 739
f 1732 734 735
f 1732 735 1733
f 237 736 1732
f 1732 736 734
f 1733 237 1732
f 237 1733 1734
f 762 237 1734
f 722 729 739
f 729 63 737
f 739 729 737
f 737 63 1736
f 739 737 738
f 739 738 64
f 1729 733 220
f 220 733 1633
f 1735 1729 220
f 1735 220 683
f 1635 1735 683
f 738 737 1736
f 1735 1736 63
f 56 738 1736
f 1635 1736 1735
f 56 1736 1635
f 64 738 238
f 738 56 238
f 238 56 1640
f 741 238 15
f 1734 1733 1738
f 1737 1734 1738
f 1733 735 1739
f 1733 1739 64
f 739 1739 735
f 1739 739 64
f 1737 1738 740
f 740 1738 1740
f 1740 1738 64
f 64 1738 1733
f 1740 64 238
f 740 1740 741
f 741 1740 238
f 762 1734 239
f 1734 1737 239
f 1737 740 742
f 239 1737 742
f 763 239 1741
f 1741 239 1742
f 240 742 740
f 240 740 741
f 240 741 1645
f 240 1645 1646
f 1782 1741 1742
f 1742 239 742
f 1742 742 240
f 1651 1742 240
f 1651 240 1646
f 1782 1742 241
f 1742 1651 1743
f 241 1742 1743
f 241 1743 1744
f 1744 1743 1653
f 780 656 1745
f 1745 656 1654
f 1746 1745 1654
f 1654 1658 1751
f 1658 691 1748
f 1751 1658 1748
f 691 58 1747
f 1748 691 1747
f 1751 1748 1750
f 1748 1747 1749
f 1750 1748 1749
f 1750 1749 744
f 1746 1654 1751
f 1746 1751 1752
f 1752 1751 1750
f 1752 1750 744
f 1752 744 1753
f 1753 1746 1752
f 1746 1753 792
f 58 693 1762
f 692 226 1754
f 693 692 1754
f 693 1754 743
f 1762 693 1755
f 1755 693 743
f 1755 743 243
f 1671 1678 751
f 1757 1756 751
f 751 1756 1671
f 1757 751 242
f 243 743 1758
f 1754 226 1756
f 743 1754 1756
f 743 1756 1757
f 1758 743 1757
f 243 1758 1759
f 1758 1757 1760
f 1760 1757 242
f 1759 1758 1760
f 1759 1760 1763
f 792 1753 1761
f 1761 1753 744
f 1761 744 244
f 244 744 746
f 1762 1747 58
f 745 1749 1762
f 1749 1747 1762
f 745 1762 243
f 243 1762 1755
f 745 744 1749
f 746 744 745
f 746 745 243
f 244 746 747
f 746 243 1759
f 747 746 1759
f 747 1759 1763
f 792 1761 1835
f 1761 244 748
f 1835 1761 748
f 244 747 1764
f 1764 747 245
f 748 244 1764
f 748 1764 245
f 1837 748 749
f 748 245 749
f 1837 749 248
f 1678 229 750
f 1678 750 1774
f 750 1768 1766
f 1765 750 1766
f 1765 1774 750
f 1774 1765 752
f 752 1765 1766
f 752 1766 1767
f 1687 246 65
f 1767 1766 1769
f 1767 1769 65
f 1769 1766 1768
f 1687 1769 1768
f 1769 1687 65
f 1767 65 755
f 755 65 1804
f 1804 65 246
f 248 749 247
f 749 245 247
f 245 747 1770
f 1770 747 1763
f 1771 1770 1763
f 247 245 1770
f 1772 247 1770
f 1772 1770 1771
f 1772 1771 1780
f 1780 1771 753
f 1763 1760 1773
f 1773 1760 242
f 1773 242 1775
f 751 1678 1774
f 1775 242 752
f 242 751 1774
f 752 242 1774
f 1776 1780 753
f 1776 753 754
f 1771 1763 1773
f 1775 1771 1773
f 753 1771 1775
f 754 753 1775
f 754 1775 752
f 754 752 1767
f 755 754 1767
f 755 1776 754
f 757 1776 755
f 248 247 756
f 247 1772 756
f 756 1772 1780
f 756 1780 1781
f 248 756 1777
f 1780 1776 1778
f 1778 1776 757
f 757 755 1803
f 1778 757 758
f 758 757 772
f 1841 1777 1779
f 1777 756 1779
f 1781 1780 1778
f 1779 756 1781
f 758 1779 1781
f 1781 1778 758
f 1779 758 771
f 1687 760 759
f 736 237 760
f 1789 237 762
f 760 237 1789
f 759 760 761
f 1806 759 1788
f 759 761 1788
f 762 239 763
f 763 1741 1782
f 762 763 1786
f 250 1782 1784
f 241 1744 1783
f 1744 764 249
f 1783 1744 249
f 1782 241 1783
f 1784 1782 1783
f 250 1784 1785
f 1785 1784 2256
f 1783 249 2256
f 1784 1783 2256
f 1786 763 250
f 763 1782 250
f 765 1786 250
f 765 250 1785
f 765 1785 2256
f 1790 1786 1787
f 1787 1786 765
f 766 1790 1787
f 1788 761 760
f 1797 760 1789
f 1790 762 1786
f 1790 1789 762
f 1791 1789 251
f 251 1789 1790
f 251 1790 766
f 1788 760 1806
f 760 1797 252
f 1806 760 767
f 767 760 252
f 774 1806 767
f 774 767 67
f 251 766 1792
f 1791 251 1792
f 768 1791 1792
f 768 1792 66
f 1793 67 767
f 767 252 1794
f 1793 767 1795
f 1795 767 1794
f 1795 1794 1796
f 1797 1789 1791
f 768 1797 1791
f 1796 1794 768
f 1794 252 1797
f 1794 1797 768
f 1796 768 1800
f 1800 768 66
f 67 1793 769
f 1795 1796 1798
f 1793 1795 1798
f 769 1793 1799
f 1798 1796 1800
f 1800 66 1117
f 1800 1117 1801
f 1798 1800 1801
f 1799 1793 770
f 770 1793 1798
f 1801 770 1798
f 1799 770 2
f 770 1801 1802
f 2 770 1114
f 74 1779 771
f 771 758 772
f 757 1803 772
f 772 1803 253
f 773 771 772
f 253 773 772
f 773 253 1813
f 253 1804 1805
f 1805 1804 246
f 246 1687 1806
f 1806 1687 759
f 1807 1805 246
f 1807 246 1806
f 1803 755 1804
f 253 1803 1804
f 253 1805 1807
f 1813 253 1808
f 253 1807 1809
f 1809 1807 774
f 774 1807 1806
f 1809 1808 253
f 769 1809 774
f 769 774 67
f 1814 1808 1810
f 1808 1809 1811
f 1809 769 1811
f 1811 769 1799
f 1810 1808 1811
f 1810 1811 2
f 2 1811 1799
f 773 1813 1812
f 1813 1808 1814
f 1813 1814 1812
f 773 1812 254
f 1810 2 1111
f 1814 1810 1111
f 1110 1814 1111
f 775 1814 1110
f 775 1812 1814
f 1812 775 1109
f 254 1812 1109
f 254 1109 1106
f 1846 771 254
f 254 771 773
f 120 1846 254
f 120 254 2233
f 11 202 1826
f 68 11 1815
f 1815 11 1826
f 1816 50 68
f 68 50 11
f 776 1816 68
f 776 68 1815
f 1332 1816 776
f 776 1815 777
f 1332 776 1331
f 783 1331 776
f 1826 202 1817
f 1817 202 646
f 69 1559 778
f 1559 69 1818
f 1819 1559 1818
f 1817 646 1559
f 1819 1817 1559
f 1567 655 779
f 1820 1567 779
f 778 1567 1820
f 1821 655 780
f 1821 780 1833
f 1821 1833 1881
f 69 1820 781
f 779 655 1821
f 781 1820 779
f 781 779 1821
f 781 1821 1881
f 255 69 1879
f 69 781 782
f 781 1881 782
f 69 782 1822
f 1819 1818 255
f 255 1823 1819
f 1823 255 1824
f 69 778 1820
f 1818 69 255
f 1823 1824 70
f 255 1879 1824
f 1824 1879 818
f 1824 818 256
f 256 70 1824
f 70 256 1876
f 257 70 1876
f 783 776 1825
f 777 1825 776
f 1825 777 258
f 258 777 784
f 1815 1826 1827
f 1827 1826 1817
f 1827 1817 1819
f 1823 1827 1819
f 258 784 70
f 784 777 1827
f 1827 777 1815
f 70 784 1823
f 1823 784 1827
f 1829 258 1828
f 258 70 1828
f 257 1828 70
f 785 1828 257
f 783 1825 258
f 783 258 71
f 423 783 71
f 71 258 788
f 424 71 1830
f 1829 1828 786
f 788 1829 786
f 1859 1828 785
f 1859 786 1828
f 787 786 1859
f 1831 786 787
f 1830 71 788
f 788 258 1829
f 1831 1830 788
f 72 1830 789
f 789 1830 1831
f 1831 788 786
f 789 1831 787
f 424 1830 72
f 427 72 1832
f 790 789 805
f 789 1832 72
f 1832 789 790
f 429 1832 791
f 1856 1832 790
f 791 1832 1856
f 780 1745 1833
f 1745 1746 1834
f 1833 1745 1834
f 1834 1746 792
f 1834 792 259
f 815 1834 259
f 792 1835 1836
f 1835 748 1837
f 1836 1835 1837
f 1837 248 1838
f 1836 1837 1838
f 794 1836 1838
f 1836 259 792
f 794 259 1836
f 73 259 1839
f 1839 259 794
f 1840 1839 1844
f 248 1777 1841
f 793 248 1841
f 793 1841 1842
f 1838 793 1842
f 1841 1779 74
f 1843 1842 1841
f 795 794 1838
f 1838 248 793
f 1843 1838 1842
f 799 1838 1843
f 1839 794 1844
f 1844 794 795
f 1838 799 795
f 822 795 1845
f 1845 795 75
f 74 771 1846
f 74 1846 260
f 796 1846 120
f 796 120 1330
f 796 1330 1847
f 797 74 260
f 260 1846 796
f 796 1847 260
f 74 797 801
f 1848 797 1847
f 797 260 1847
f 802 1845 75
f 261 802 75
f 75 795 799
f 75 799 798
f 798 799 800
f 261 75 798
f 261 798 1849
f 798 1851 1849
f 799 1843 1841
f 799 1841 800
f 800 1841 74
f 1851 798 800
f 801 1851 800
f 801 800 74
f 1851 801 1848
f 76 1851 1848
f 1848 801 797
f 1848 1847 417
f 76 1848 417
f 803 261 1849
f 836 261 803
f 803 1850 804
f 1849 1851 1853
f 1853 1851 76
f 1853 76 1852
f 1853 1852 2500
f 1854 1853 2500
f 262 804 1850
f 803 1849 1850
f 1850 1849 1853
f 262 1850 1853
f 1854 262 1853
f 1324 1854 2500
f 1855 263 1854
f 263 262 1854
f 1855 1854 1324
f 841 263 1855
f 478 791 1856
f 478 1856 270
f 1856 1857 1858
f 270 1856 1858
f 1857 790 805
f 805 789 787
f 806 805 1864
f 1857 805 806
f 1856 790 1857
f 1858 1857 806
f 1903 1858 17
f 1858 806 1862
f 806 809 1862
f 17 1858 1862
f 1861 1864 787
f 1888 785 1860
f 1861 1859 1888
f 1888 1859 785
f 1861 787 1859
f 807 1861 1888
f 808 1861 807
f 807 1888 1887
f 807 1887 826
f 827 807 826
f 808 807 827
f 808 827 1867
f 17 1862 1863
f 1862 809 1865
f 1865 1863 1862
f 1863 1865 77
f 809 806 1864
f 805 787 1864
f 77 1865 1866
f 1865 809 1866
f 1866 809 1864
f 1866 1864 1861
f 1866 1861 808
f 1867 1866 808
f 17 1863 1868
f 264 1863 77
f 264 1868 1863
f 77 1866 1869
f 1866 1867 1869
f 1869 1867 1870
f 77 1869 1871
f 1871 1869 810
f 78 264 1872
f 1872 264 77
f 1872 77 1871
f 811 1872 1871
f 78 1872 1873
f 1910 78 1873
f 811 1871 812
f 1873 1872 811
f 1873 811 1885
f 1873 1885 1909
f 785 257 1874
f 257 1876 1874
f 1889 1874 1891
f 1874 1875 1891
f 1876 256 1877
f 1877 256 818
f 1875 1874 1876
f 1875 1876 816
f 816 1876 1877
f 816 1877 817
f 1891 1875 816
f 1878 1891 816
f 1878 816 265
f 1878 265 1893
f 1879 69 814
f 1879 814 819
f 1822 782 813
f 1822 813 1880
f 814 69 1822
f 1880 814 1822
f 814 1880 79
f 819 814 79
f 1882 1881 1833
f 1882 1833 815
f 815 1833 1834
f 73 815 259
f 813 782 1881
f 813 1881 1882
f 813 1882 815
f 1880 813 73
f 73 813 815
f 1880 73 1840
f 1840 73 1839
f 79 1880 1840
f 79 1840 1844
f 265 816 817
f 265 817 1884
f 1877 818 819
f 818 1879 819
f 1883 817 1877
f 1883 1877 819
f 1883 819 79
f 1844 1883 79
f 1893 265 820
f 817 1883 1884
f 820 265 1884
f 822 1883 1844
f 822 1844 795
f 821 820 822
f 820 1884 822
f 1884 1883 822
f 1845 821 822
f 802 821 1845
f 830 1885 266
f 1885 811 812
f 1885 812 266
f 830 266 823
f 810 1869 1870
f 267 810 1870
f 1894 267 1870
f 266 812 267
f 812 1871 810
f 267 812 810
f 267 823 266
f 823 267 825
f 267 1894 824
f 825 267 824
f 825 824 1886
f 834 825 1886
f 1890 826 1887
f 1887 1888 1889
f 1860 785 1874
f 1889 1888 1860
f 1860 1874 1889
f 268 1890 1892
f 1890 1887 1889
f 1889 1892 1890
f 1891 1892 1889
f 1892 1891 1878
f 268 1892 1893
f 1893 1892 1878
f 1886 824 80
f 1894 1870 828
f 1870 1867 827
f 828 1870 827
f 828 827 826
f 1890 1894 828
f 1890 828 826
f 80 824 1894
f 268 80 1894
f 268 1894 1890
f 1895 80 268
f 1893 1895 268
f 834 1886 829
f 1886 80 1896
f 829 1886 1896
f 829 1896 81
f 80 1895 1896
f 820 1895 1893
f 1895 820 1897
f 81 1896 1897
f 1897 1896 1895
f 821 1897 820
f 81 1897 821
f 81 821 802
f 1909 1885 1898
f 1885 830 1898
f 1920 1898 832
f 832 1898 830
f 823 825 838
f 838 834 831
f 838 825 834
f 838 830 823
f 838 832 830
f 837 832 838
f 848 832 833
f 833 832 837
f 834 829 269
f 834 269 831
f 829 81 269
f 269 836 835
f 81 802 261
f 836 81 261
f 836 269 81
f 835 836 1899
f 836 803 804
f 1899 836 804
f 833 837 1900
f 1900 837 839
f 835 838 831
f 835 831 269
f 1899 1900 839
f 1899 839 835
f 837 838 835
f 835 839 837
f 840 833 1900
f 1900 1899 842
f 1923 1900 842
f 1923 842 841
f 1899 804 262
f 1899 262 263
f 842 1899 263
f 841 842 263
f 270 1901 478
f 270 1858 1903
f 1903 17 1902
f 1904 1903 1902
f 843 1903 1904
f 1901 270 271
f 271 270 1903
f 1905 271 843
f 843 271 1903
f 1901 271 1905
f 1347 1901 1905
f 1905 843 272
f 1347 1905 1348
f 1348 1905 1912
f 17 1868 1902
f 1902 1868 1907
f 264 78 1906
f 1906 1868 264
f 1907 1868 1906
f 82 1907 1906
f 1908 78 1910
f 1910 1873 1909
f 844 1908 1910
f 1908 844 845
f 845 844 857
f 1906 78 1908
f 82 1906 845
f 1906 1908 845
f 1911 845 857
f 82 845 1911
f 1917 82 1918
f 1918 82 1911
f 1918 1911 855
f 1912 1905 1913
f 450 1912 1913
f 1913 1905 272
f 843 1904 1914
f 272 843 1914
f 1914 1904 1902
f 1907 1914 1902
f 272 1914 1915
f 1915 1914 1907
f 1915 1907 82
f 1916 1913 272
f 1915 1916 272
f 1916 1915 82
f 1913 1916 847
f 847 1916 1917
f 1917 1916 82
f 847 1917 1918
f 846 450 1913
f 1350 450 846
f 847 1918 275
f 1919 846 847
f 847 275 1919
f 1350 846 126
f 846 1913 847
f 126 846 1919
f 126 1919 1928
f 126 1928 1353
f 451 126 1353
f 1909 1898 1933
f 1933 1898 1920
f 1933 1920 1922
f 848 833 849
f 1922 1920 1921
f 1920 832 848
f 1921 1920 848
f 1921 848 849
f 1922 1921 273
f 1922 273 1936
f 1921 849 273
f 273 849 850
f 273 850 274
f 859 273 274
f 840 1900 1923
f 840 1923 83
f 1923 841 1855
f 1923 1855 1924
f 1924 83 1923
f 862 859 274
f 850 849 1925
f 274 850 1925
f 851 274 1925
f 274 851 1926
f 849 833 840
f 1925 849 840
f 851 840 83
f 851 1925 840
f 852 851 83
f 862 274 1926
f 1926 851 1927
f 1927 862 1926
f 851 852 1266
f 1266 1927 851
f 853 1927 3
f 3 1927 1266
f 1353 1928 1942
f 1942 1928 863
f 1928 1919 1929
f 1929 1919 275
f 1929 275 1930
f 275 1918 855
f 1930 275 860
f 1930 860 84
f 1931 1928 854
f 1930 1928 1929
f 1930 854 1928
f 854 1930 84
f 863 1928 1931
f 854 84 1938
f 854 1938 1931
f 1931 1938 1941
f 1932 1911 857
f 855 1911 1932
f 856 855 1932
f 857 844 858
f 844 1910 1933
f 1933 1910 1909
f 858 844 1933
f 858 1933 1922
f 1934 856 1935
f 856 1932 1935
f 1935 1932 857
f 858 1935 857
f 1934 1935 1936
f 1935 858 1936
f 858 1922 1936
f 859 1934 1936
f 1936 273 859
f 85 1941 1937
f 275 855 860
f 856 860 855
f 1939 860 856
f 1941 1938 1937
f 1937 1938 1939
f 1938 84 860
f 1939 1938 860
f 85 1937 861
f 1937 1939 861
f 861 1939 1934
f 1939 856 1934
f 862 861 859
f 861 1934 859
f 1940 1941 86
f 1941 85 86
f 853 85 861
f 853 861 862
f 853 862 1927
f 3 86 853
f 86 85 853
f 457 1942 863
f 1355 863 1943
f 863 1931 864
f 1931 1941 864
f 1943 863 864
f 1941 1940 864
f 864 1940 865
f 865 1940 86
f 86 3 865
f 865 3 2449
f 1943 866 1356
f 866 864 865
f 866 1943 864
f 867 866 865
f 868 1356 866
f 868 866 867
f 2446 868 867
f 869 87 946
f 1945 869 879
f 879 869 1944
f 869 97 1944
f 391 87 1945
f 1945 87 869
f 1945 879 1953
f 391 1945 1953
f 391 1950 1216
f 97 870 871
f 278 872 1946
f 871 870 872
f 871 872 278
f 18 871 278
f 873 1946 276
f 874 1946 873
f 276 1947 1987
f 1987 1947 283
f 873 276 1987
f 874 873 279
f 873 1987 875
f 279 873 875
f 277 18 278
f 874 278 1946
f 279 277 874
f 874 277 278
f 18 277 281
f 281 277 1949
f 1955 281 1949
f 279 875 1948
f 277 279 1948
f 277 1948 1949
f 1949 1948 876
f 1951 1950 391
f 282 1950 1951
f 1951 391 1953
f 877 282 1951
f 878 877 1951
f 879 1944 880
f 1944 97 871
f 880 1944 871
f 880 871 18
f 881 880 18
f 885 878 1952
f 1953 879 880
f 1954 1952 280
f 1952 878 280
f 280 878 1953
f 878 1951 1953
f 880 280 1953
f 1954 280 281
f 281 280 881
f 881 280 880
f 281 881 18
f 885 1952 883
f 1952 1954 883
f 1955 1954 281
f 883 1954 1955
f 1216 1950 282
f 882 1216 282
f 882 282 877
f 882 877 884
f 1955 1956 1957
f 1958 885 1957
f 883 1955 1957
f 1957 885 883
f 1958 1957 1980
f 1958 1980 19
f 1959 882 884
f 877 878 885
f 885 884 877
f 886 884 1958
f 1958 884 885
f 1959 884 886
f 1959 886 888
f 886 1958 1960
f 887 1958 19
f 1960 1958 887
f 1960 888 886
f 888 1960 1978
f 888 1978 1961
f 889 888 1961
f 1947 1036 283
f 88 283 1036
f 88 1036 890
f 891 890 1036
f 891 896 890
f 2133 1037 284
f 284 341 893
f 284 893 1962
f 1041 1053 894
f 894 1963 1041
f 1964 1963 894
f 1962 893 895
f 893 341 1963
f 895 893 1963
f 895 1963 1964
f 1962 895 1966
f 895 1964 902
f 1966 895 902
f 892 890 896
f 891 2133 1965
f 1965 2133 284
f 1966 896 1965
f 1965 896 891
f 1965 284 1962
f 1966 1965 1962
f 1966 902 901
f 892 896 1968
f 1968 896 1966
f 1967 892 1968
f 1966 901 1968
f 1968 901 897
f 897 1989 1968
f 1989 897 1995
f 1053 346 1970
f 904 1053 1970
f 899 1970 346
f 905 1970 899
f 898 346 348
f 898 39 162
f 905 899 285
f 899 346 898
f 285 899 898
f 1403 285 898
f 905 285 1398
f 1398 285 286
f 286 285 1403
f 1995 897 900
f 900 897 1969
f 1969 906 89
f 1969 897 901
f 89 900 1969
f 900 89 1972
f 906 1964 903
f 906 902 1964
f 1964 894 904
f 1964 904 903
f 904 894 1053
f 1971 906 903
f 1971 903 1970
f 1970 903 904
f 1971 1970 905
f 287 900 1972
f 1969 901 906
f 906 901 902
f 1972 89 906
f 1971 1972 906
f 1972 1971 905
f 1398 287 1972
f 1398 1972 905
f 1995 900 907
f 1973 907 900
f 1973 900 1974
f 926 907 1973
f 1997 1973 1975
f 1976 287 1398
f 1976 1398 145
f 1973 1974 1975
f 1975 1974 908
f 1974 900 287
f 1974 287 1976
f 1976 908 1974
f 908 1976 145
f 503 1975 908
f 1977 1975 503
f 908 145 1395
f 503 908 1395
f 1977 503 1367
f 909 1961 1978
f 1978 1960 887
f 911 1978 887
f 887 19 1981
f 911 887 1981
f 909 1978 911
f 909 911 928
f 928 911 288
f 1979 19 1980
f 1980 1957 1956
f 1956 1955 916
f 1980 1956 910
f 913 1979 1980
f 913 1980 910
f 1990 913 910
f 288 911 912
f 1981 19 1979
f 912 1982 288
f 912 911 1981
f 913 912 1981
f 913 1981 1979
f 1982 912 913
f 2003 928 288
f 288 1982 914
f 2003 288 914
f 2003 914 289
f 1982 913 1983
f 1982 1983 914
f 1983 913 1991
f 289 914 915
f 914 1983 915
f 290 289 915
f 290 915 1984
f 1955 1949 916
f 916 1949 876
f 916 1986 922
f 1985 1948 875
f 1985 876 1948
f 1985 1986 916
f 1985 916 876
f 1986 1985 291
f 1986 291 918
f 1986 918 1993
f 292 875 1987
f 919 875 292
f 919 292 917
f 292 1987 88
f 88 1987 283
f 292 88 890
f 917 292 890
f 917 890 892
f 1988 918 291
f 291 1985 919
f 919 1985 875
f 1988 291 919
f 917 1988 919
f 293 1988 917
f 892 293 917
f 918 1988 920
f 920 1988 293
f 1993 918 920
f 293 892 1967
f 1989 920 293
f 1989 293 1967
f 1989 1967 1968
f 298 1989 1995
f 915 1983 294
f 1984 915 294
f 294 1983 1991
f 921 1984 294
f 921 294 295
f 296 921 295
f 1991 913 1990
f 1991 1990 297
f 910 1956 916
f 297 1990 90
f 90 1990 922
f 1990 910 922
f 922 910 916
f 90 922 1986
f 1993 90 1986
f 923 296 295
f 923 295 1992
f 1992 294 297
f 297 294 1991
f 295 294 1992
f 923 1992 1993
f 1992 297 1993
f 1993 297 90
f 296 923 91
f 91 923 1994
f 920 923 1993
f 1989 1994 923
f 1989 923 920
f 91 1994 298
f 1994 1989 298
f 939 1984 925
f 925 1984 921
f 921 296 924
f 925 921 924
f 1998 925 924
f 303 925 1998
f 296 91 924
f 924 91 1996
f 91 298 1995
f 1996 91 1995
f 907 1996 1995
f 1996 926 1997
f 926 1996 907
f 1997 926 1973
f 303 1998 927
f 1998 924 1996
f 1999 92 927
f 927 1998 1999
f 1999 1998 1996
f 92 1997 1975
f 1999 1996 1997
f 92 1999 1997
f 303 927 2000
f 927 92 2000
f 1977 92 1975
f 2011 2000 1977
f 1977 2000 92
f 2011 1977 1367
f 889 1961 1231
f 1231 1961 2001
f 1961 909 2001
f 2001 909 928
f 2001 928 299
f 1232 2001 2002
f 299 2002 2001
f 1232 2002 300
f 2002 299 931
f 300 2002 931
f 933 928 2003
f 2003 289 929
f 933 2003 929
f 289 290 2004
f 2004 290 930
f 933 929 934
f 934 929 301
f 2004 929 289
f 929 2004 301
f 934 301 2008
f 2005 931 302
f 299 928 933
f 2005 302 932
f 302 931 299
f 302 299 933
f 933 932 302
f 2005 932 2006
f 932 933 934
f 2006 932 934
f 2008 2006 934
f 2007 931 2005
f 935 2007 2005
f 935 2005 2006
f 2009 2008 936
f 2006 2008 2009
f 937 935 2006
f 938 937 2006
f 938 2006 2009
f 937 938 2443
f 939 925 303
f 93 939 303
f 303 2000 2010
f 2010 2000 2011
f 1364 2011 1367
f 2010 2011 1364
f 304 93 941
f 941 93 305
f 940 941 305
f 2010 305 303
f 305 93 303
f 2010 940 305
f 940 2010 1364
f 942 940 1364
f 941 940 942
f 2443 938 2012
f 938 2009 2012
f 2443 2012 943
f 2012 2009 936
f 943 2012 936
f 2015 943 94
f 936 2008 301
f 936 301 2013
f 301 2004 930
f 2013 301 930
f 290 1984 939
f 939 930 290
f 306 2013 2014
f 930 2014 2013
f 2014 930 939
f 93 2014 939
f 306 2014 304
f 304 2014 93
f 94 943 306
f 943 936 306
f 306 936 2013
f 94 306 304
f 2015 94 1361
f 94 304 941
f 1361 94 941
f 1361 941 942
f 2443 943 944
f 1244 944 307
f 944 943 2015
f 307 944 2015
f 95 2015 1361
f 461 95 1361
f 307 2015 95
f 945 307 95
f 2016 945 95
f 20 307 945
f 2016 95 461
f 2016 461 458
f 458 945 2016
f 1246 945 458
f 87 308 946
f 946 308 309
f 2161 947 96
f 309 2161 96
f 309 96 948
f 308 2161 309
f 946 2017 97
f 869 946 97
f 946 309 2017
f 309 948 2017
f 2017 948 2031
f 4 98 2018
f 2185 1077 2024
f 98 2185 2024
f 949 98 2024
f 949 2018 98
f 2030 2018 2019
f 2018 949 2019
f 2019 949 953
f 1077 950 2024
f 2021 2024 950
f 951 99 2020
f 2020 99 2038
f 951 2020 100
f 2021 951 2022
f 951 950 99
f 2021 950 951
f 2022 951 100
f 952 2021 2022
f 952 2022 2023
f 2022 310 2023
f 2027 953 949
f 2025 949 2024
f 2025 2024 2021
f 952 2027 2025
f 2025 2027 949
f 952 2025 2021
f 2026 2027 952
f 2026 952 2023
f 953 2027 2028
f 953 2028 2033
f 2026 2023 999
f 1001 2026 999
f 2033 2028 954
f 2028 2027 2026
f 2028 2026 1001
f 954 2028 1001
f 954 1001 955
f 954 955 2097
f 2034 954 2097
f 870 97 2029
f 97 2017 2029
f 2029 2017 2031
f 958 948 2030
f 96 947 4
f 2030 96 4
f 2030 4 2018
f 2030 948 96
f 958 2030 2019
f 956 2029 957
f 2029 2031 2032
f 948 2032 2031
f 958 2032 948
f 2032 957 2029
f 957 2032 958
f 957 958 2033
f 2033 958 2019
f 2033 2019 953
f 959 956 957
f 959 957 2033
f 2034 959 2033
f 960 959 2034
f 2033 954 2034
f 870 2029 311
f 2029 956 311
f 870 311 963
f 872 870 963
f 1946 872 963
f 311 956 959
f 959 961 962
f 2034 2097 2035
f 2035 960 2034
f 960 2035 327
f 961 959 960
f 961 960 327
f 992 962 961
f 962 992 2037
f 2037 992 2090
f 1946 963 101
f 101 963 2036
f 2036 963 311
f 2036 311 959
f 2036 959 962
f 2037 2036 962
f 276 1946 101
f 101 2036 964
f 2036 2037 964
f 964 2037 2090
f 276 101 964
f 276 964 1947
f 312 2040 965
f 965 2040 2041
f 1167 2340 313
f 966 1167 313
f 966 313 967
f 2042 965 2041
f 2040 2039 2041
f 2041 2039 966
f 2041 966 967
f 2042 2041 314
f 2042 314 2102
f 314 2041 968
f 2041 967 968
f 314 968 315
f 2102 314 315
f 2340 2355 2048
f 2048 2355 969
f 969 102 2043
f 2048 969 2043
f 2048 2043 970
f 102 2044 2045
f 2044 2376 2045
f 2046 970 2043
f 2043 102 2045
f 2046 2043 2047
f 2047 2043 2045
f 970 2046 974
f 974 2046 316
f 2046 2047 316
f 316 2047 971
f 974 316 972
f 2107 315 2053
f 2053 315 973
f 973 315 968
f 968 967 2051
f 2051 967 313
f 2051 313 2049
f 313 2340 2048
f 2049 313 2048
f 2049 2048 970
f 2050 2053 973
f 973 968 2051
f 2050 973 2051
f 2050 2051 2049
f 2050 2049 970
f 2053 2050 2052
f 2050 970 974
f 2052 2050 974
f 2052 974 317
f 317 974 972
f 2107 2053 977
f 975 2053 2052
f 975 2052 976
f 2052 317 976
f 978 977 975
f 975 977 2053
f 318 977 978
f 978 975 976
f 318 978 979
f 2054 980 982
f 981 2054 982
f 980 390 982
f 2057 982 390
f 981 982 2055
f 2069 981 2055
f 2055 982 2056
f 2055 2056 322
f 2059 2058 1212
f 983 322 2056
f 319 2056 982
f 319 983 2056
f 982 2057 2058
f 319 982 2058
f 624 983 319
f 2059 319 2058
f 624 319 2059
f 985 983 2060
f 2060 983 320
f 320 983 624
f 320 624 1539
f 2060 320 1539
f 2060 1539 621
f 979 978 2062
f 2061 979 2062
f 978 976 2062
f 2062 976 2063
f 2061 2062 103
f 103 2062 2063
f 976 317 984
f 2063 976 984
f 317 972 2066
f 984 317 2066
f 321 103 2063
f 321 2063 984
f 103 321 2064
f 321 984 2065
f 2065 984 2070
f 2065 2064 321
f 2075 2064 2065
f 2075 2065 21
f 2066 972 316
f 2066 316 971
f 2066 971 2067
f 2047 2045 2068
f 2045 2376 2054
f 2054 2068 2045
f 2068 2054 981
f 2067 971 2068
f 971 2047 2068
f 2069 2067 2068
f 2069 2068 981
f 2071 2067 2069
f 2071 2069 322
f 322 2069 2055
f 21 2065 2072
f 2065 2070 2072
f 2070 984 2066
f 2070 2066 2071
f 2071 2066 2067
f 2071 2072 2070
f 2072 2071 985
f 985 2071 322
f 21 2072 2073
f 2073 2072 985
f 985 322 983
f 2074 2073 985
f 2074 985 2060
f 621 2080 2074
f 621 2074 2060
f 979 2061 2124
f 323 2124 2061
f 323 2061 987
f 103 2064 986
f 324 986 2075
f 986 2064 2075
f 324 2075 990
f 2076 324 990
f 2061 103 986
f 2076 987 986
f 987 2061 986
f 2076 986 324
f 2077 2076 989
f 2077 987 2076
f 21 2073 2075
f 2075 2073 2079
f 2073 2074 2078
f 2079 2073 2078
f 2079 2078 988
f 990 2079 988
f 2078 2074 2080
f 2080 621 1526
f 2082 988 325
f 325 988 2078
f 2080 325 2078
f 2082 325 1527
f 2082 1527 104
f 990 2075 2079
f 2081 990 2082
f 2082 990 988
f 989 2076 2081
f 2081 2076 990
f 104 989 2081
f 2082 104 2081
f 2077 989 1030
f 1030 989 2083
f 989 104 2083
f 1030 2083 326
f 326 2083 2084
f 1034 326 2084
f 2083 104 1523
f 2084 2083 195
f 1947 964 2085
f 2085 964 2090
f 991 2085 2090
f 2130 1947 2085
f 991 2130 2085
f 2130 991 2093
f 2090 992 2087
f 992 961 327
f 992 327 2087
f 327 2035 993
f 2035 2086 105
f 105 993 2035
f 994 2087 993
f 327 993 2087
f 2088 993 105
f 994 993 2088
f 994 2088 995
f 994 995 2089
f 996 2093 2091
f 991 2090 2091
f 2091 2090 2087
f 2093 991 2091
f 2092 996 2091
f 997 996 2092
f 2091 2087 994
f 994 2092 2091
f 2092 994 2089
f 2093 996 2094
f 328 2093 2094
f 996 997 2094
f 328 2094 2095
f 2095 2094 997
f 2109 2092 2089
f 997 2092 2109
f 997 2109 2096
f 997 998 2095
f 998 997 2096
f 955 2098 2097
f 2097 2098 2086
f 1001 999 2099
f 2099 999 1000
f 2099 1000 1003
f 2111 2098 2100
f 2098 955 2100
f 2100 955 1001
f 2100 1001 2099
f 1003 2100 2099
f 2111 2100 1002
f 1002 2100 1003
f 22 1002 2101
f 2023 310 1004
f 2022 100 310
f 1004 310 1005
f 1005 310 106
f 312 2020 2038
f 312 2038 2040
f 1006 100 312
f 312 100 2020
f 312 965 2042
f 1006 106 310
f 1006 310 100
f 1006 312 2042
f 106 1006 2102
f 106 2102 1007
f 2102 1006 2042
f 1007 2102 315
f 1002 1003 2105
f 2105 2101 1002
f 2103 2101 2105
f 999 2023 1004
f 1000 999 1004
f 1005 1000 1004
f 2106 1000 1005
f 2103 2105 2106
f 2104 2103 2106
f 2105 1003 2106
f 2106 1003 1000
f 2104 2106 106
f 106 2106 1005
f 2103 2104 2108
f 1007 2104 106
f 2107 2104 1007
f 2107 1007 315
f 22 2101 2115
f 2115 2101 329
f 2115 329 1008
f 2101 2103 329
f 329 2103 2108
f 1008 329 1010
f 2108 2104 1009
f 1009 2104 2107
f 1009 2107 977
f 1010 329 2108
f 1010 2108 1009
f 1010 1009 318
f 1009 977 318
f 1023 1010 318
f 1023 318 979
f 2134 998 330
f 2116 2134 330
f 998 2096 330
f 2116 330 1013
f 2096 2109 2110
f 2109 2089 2110
f 330 2096 2110
f 2110 1013 330
f 1011 1013 2110
f 1011 2110 1014
f 1013 1012 2118
f 1012 1011 1014
f 1012 1013 1011
f 1015 2088 105
f 995 2088 1015
f 995 1015 1016
f 2086 2035 2097
f 1016 1015 1017
f 1017 1015 105
f 1017 105 2086
f 1017 2086 2098
f 2111 1017 2098
f 1016 1017 331
f 331 1017 1018
f 1018 1017 2111
f 1018 2111 1002
f 331 1018 1019
f 1019 1018 22
f 1018 1002 22
f 23 1012 1020
f 1020 1012 2112
f 2112 1012 1014
f 332 2112 1014
f 2114 1014 2110
f 2110 2089 995
f 2114 2110 995
f 1016 2114 995
f 332 1014 2113
f 1019 332 2113
f 2113 1014 2114
f 2113 2114 1016
f 2113 1016 331
f 1019 2113 331
f 2115 1019 22
f 1020 2112 332
f 1021 1020 332
f 1021 332 107
f 1022 332 1019
f 333 1022 1008
f 1022 1019 1008
f 1008 1019 2115
f 333 1008 1010
f 107 332 1022
f 333 107 1022
f 107 333 1023
f 1027 107 1023
f 1023 333 1010
f 2116 1013 2117
f 2116 2117 2122
f 1024 2116 2122
f 2118 1012 1025
f 1025 1012 23
f 1025 2119 2120
f 2120 2122 2117
f 2117 1013 2118
f 2120 2117 2121
f 2121 2117 2118
f 2121 2118 1025
f 2120 2121 1025
f 24 2122 2123
f 2123 2122 2120
f 23 1020 1021
f 1021 107 334
f 23 1021 334
f 1026 23 334
f 2127 23 1026
f 323 107 1027
f 1027 1023 2124
f 2124 1023 979
f 323 1027 2124
f 1026 334 1028
f 2125 1026 1028
f 1028 334 323
f 323 334 107
f 2125 1028 987
f 987 1028 323
f 2128 1026 2125
f 2129 2128 2125
f 2129 2125 987
f 2129 987 2077
f 335 24 2123
f 2123 2120 1029
f 2123 1029 2126
f 2126 335 2123
f 2127 1025 23
f 2119 1025 2127
f 2128 2127 1026
f 337 2126 1029
f 337 1029 336
f 1029 2120 2119
f 1029 2119 2127
f 336 1029 2127
f 336 2127 2128
f 2129 337 336
f 2129 336 2128
f 337 2129 1030
f 1030 2129 2077
f 1045 24 335
f 335 2126 1031
f 335 1031 338
f 1032 1045 335
f 1032 335 338
f 2126 337 1031
f 1031 337 1033
f 337 1030 1033
f 1033 1030 326
f 1034 1033 326
f 339 1032 338
f 339 338 1034
f 338 1031 1033
f 1034 338 1033
f 1035 1034 2084
f 339 1034 1035
f 339 1035 559
f 1947 2130 1036
f 2130 2093 2131
f 2131 2093 2132
f 2132 2093 1038
f 2131 1036 2130
f 2132 1036 2131
f 891 1036 2132
f 891 2132 2133
f 2132 1037 2133
f 2093 328 1038
f 1038 328 2141
f 328 2095 2136
f 2141 328 2136
f 2136 998 2135
f 2135 998 2134
f 2141 2136 1039
f 2136 2095 998
f 1039 2136 2135
f 2137 1039 2135
f 2141 1039 2138
f 340 1039 2137
f 2138 1039 340
f 2142 2138 340
f 1037 2132 1040
f 2139 1037 1040
f 2139 1040 2140
f 2141 2132 1038
f 1040 2132 2141
f 2140 1040 2141
f 2140 2141 2138
f 1037 2139 284
f 284 2139 341
f 2140 2138 2143
f 2143 2138 2142
f 2143 2142 2151
f 2143 2151 1041
f 341 2139 2143
f 2139 2140 2143
f 1041 341 2143
f 1963 341 1041
f 2134 2116 343
f 343 2116 1024
f 342 1024 2122
f 1042 343 1024
f 1042 1024 342
f 2122 24 344
f 344 24 2144
f 344 2144 2147
f 2154 1042 1044
f 1042 342 1043
f 1044 1042 1043
f 342 2122 344
f 1044 1043 344
f 1043 342 344
f 1044 344 2147
f 1051 1044 2147
f 2145 1044 1051
f 1046 1045 1032
f 1047 339 559
f 1046 1032 339
f 1046 339 1047
f 1047 1048 1046
f 1048 1047 2146
f 108 1046 1048
f 1048 2146 556
f 108 1048 556
f 1049 1051 2147
f 2147 2144 1050
f 2144 24 1045
f 1050 2144 1045
f 1050 1045 1046
f 108 1050 1046
f 108 1052 1049
f 1050 1049 2147
f 108 1049 1050
f 1052 108 2148
f 2148 108 556
f 1051 1049 1052
f 2149 1052 2150
f 1052 2148 551
f 2150 1052 551
f 1053 1041 2151
f 1053 2151 2152
f 1053 2152 345
f 2156 340 1055
f 2156 1054 2153
f 2137 2135 2155
f 2135 2134 343
f 2155 2135 343
f 2154 2155 343
f 2154 343 1042
f 1054 2156 1055
f 340 2137 2155
f 1055 340 2155
f 1054 1055 2155
f 2154 1054 2155
f 2153 1054 2145
f 1054 2154 2145
f 2145 2154 1044
f 2153 2145 1051
f 2152 2151 2156
f 2151 2142 2156
f 2156 2142 340
f 2153 2152 2156
f 2149 345 2153
f 2153 345 2152
f 1051 2149 2153
f 2149 1051 1052
f 2150 345 2149
f 1053 345 346
f 346 345 1056
f 345 2150 547
f 1056 348 346
f 547 1056 345
f 348 1056 347
f 347 1056 547
f 898 348 39
f 87 2157 308
f 308 2157 2158
f 2159 2158 1057
f 1058 308 2158
f 1058 2158 2159
f 2160 1058 2159
f 308 1058 2161
f 2161 1058 2160
f 2173 2161 2160
f 947 2161 2173
f 1059 395 2162
f 2162 395 2425
f 2425 1060 2169
f 109 2425 2169
f 2162 2425 109
f 2162 109 1069
f 1060 2431 1061
f 1061 2431 2165
f 2164 2163 1062
f 349 2165 2164
f 2165 2163 2164
f 2166 349 2164
f 1064 1061 350
f 350 1061 2165
f 350 2165 349
f 2166 350 349
f 1064 350 1065
f 350 2166 2167
f 2167 2166 2283
f 1065 350 2167
f 1065 2167 2168
f 2168 2167 2283
f 1069 109 351
f 351 109 2169
f 2169 1060 1061
f 2169 1061 1064
f 1063 351 2169
f 1064 1063 2169
f 1063 1064 1065
f 1063 1065 2170
f 2170 1065 2168
f 1069 351 2179
f 351 1063 2171
f 2179 351 2171
f 2179 2171 2182
f 1066 2170 1131
f 2182 2171 1066
f 2171 1063 2170
f 2170 1066 2171
f 2182 1066 2183
f 2183 1066 2172
f 2172 1066 1131
f 947 2173 2176
f 2174 2173 2160
f 2174 2160 352
f 2176 2173 2174
f 2175 2174 2177
f 2175 2176 2174
f 2176 2175 2187
f 2187 2175 354
f 2160 2159 352
f 352 2159 1068
f 2159 1057 1068
f 1067 1057 1059
f 1067 1059 2162
f 1068 1057 1067
f 1068 1067 2162
f 353 1068 1069
f 1069 1068 2162
f 354 2175 1070
f 2175 2177 1070
f 1070 2177 353
f 2174 352 2177
f 2177 352 1068
f 1068 353 2177
f 354 1070 2180
f 2178 354 2180
f 1070 353 2180
f 2179 353 1069
f 2180 353 2179
f 2181 2178 2180
f 2182 2181 2180
f 2182 2180 2179
f 1074 2178 2189
f 2178 2181 2189
f 2181 2182 2189
f 2189 2182 2183
f 4 947 2176
f 4 2176 1071
f 98 4 1071
f 2176 2187 2184
f 98 1071 2185
f 2185 1071 2184
f 1071 2176 2184
f 2185 2184 1072
f 354 2178 2186
f 2186 2178 1074
f 2187 354 2186
f 2188 2186 1074
f 2187 2186 2188
f 1074 2189 355
f 355 2189 1073
f 1073 2189 2183
f 2188 1074 1075
f 1075 1074 355
f 2188 1075 356
f 1075 355 2190
f 356 1075 2190
f 356 2190 2191
f 1077 2185 1078
f 1078 2185 1072
f 1072 2184 2192
f 1078 1072 2192
f 1078 2192 1076
f 2193 2184 2187
f 2193 2187 2188
f 2193 2192 2184
f 2195 2192 2193
f 2195 2193 2188
f 1076 2192 2195
f 1076 2195 2194
f 2196 1076 2194
f 2195 2188 356
f 2194 2195 356
f 2194 356 2191
f 950 1077 1079
f 1079 1077 1078
f 99 950 1079
f 2194 2191 1080
f 2196 2194 1080
f 1079 1078 2196
f 1078 1076 2196
f 2197 1079 2196
f 2197 2196 1080
f 2197 1080 357
f 1079 2197 99
f 2038 99 2197
f 2038 2197 357
f 1081 2198 1082
f 1082 2198 2199
f 1083 1082 2200
f 2285 1081 1083
f 1083 1081 1082
f 2285 1083 2286
f 1083 1085 1084
f 2286 1083 1084
f 2286 1084 110
f 2206 2199 2201
f 2206 2201 358
f 2201 2498 2202
f 358 2201 2203
f 2201 2199 2498
f 2203 2201 2202
f 2203 2202 1096
f 2204 2203 1096
f 110 1084 2205
f 2205 1084 1085
f 1082 2199 2206
f 2206 2200 1082
f 2200 2206 358
f 2205 1085 2207
f 2208 2205 2207
f 1085 1083 2200
f 2207 1085 2200
f 2207 2200 358
f 2208 2207 1086
f 2207 358 2203
f 2207 2203 2204
f 1086 2207 2204
f 2205 2208 2209
f 110 2205 2209
f 1088 110 2209
f 1088 2209 1087
f 1088 1087 2211
f 1089 2208 1086
f 1086 2204 2210
f 1089 1086 2210
f 1089 2210 359
f 2211 1087 2212
f 1087 2209 1089
f 2209 2208 1089
f 2212 1087 1089
f 2212 1089 359
f 2212 359 1090
f 2211 2212 1090
f 2213 2211 1090
f 2213 1090 2216
f 2213 2216 1101
f 2202 2222 1091
f 2214 2222 1093
f 1091 2222 2214
f 1091 2214 360
f 1092 1091 360
f 111 1092 360
f 2214 1093 2215
f 360 2214 2215
f 360 2215 2236
f 360 2236 1099
f 1090 359 2217
f 2226 2216 2218
f 2216 1090 2217
f 2218 2216 2217
f 359 2210 2219
f 2219 2210 1094
f 1094 2210 2204
f 2219 1094 1098
f 361 2218 2220
f 2218 2217 2220
f 2217 359 2219
f 2220 2217 2219
f 361 2220 2221
f 2220 2219 2221
f 2221 2219 1098
f 2221 1098 1095
f 2221 1095 2225
f 1097 2204 1096
f 1097 1096 2223
f 2202 2498 2222
f 2223 1096 2202
f 1092 2223 1091
f 1091 2223 2202
f 1097 2223 111
f 111 2223 1092
f 2224 1095 1098
f 1098 1094 1097
f 1094 2204 1097
f 2224 1098 111
f 1097 111 1098
f 2225 1095 2224
f 2225 2224 1099
f 2224 111 1099
f 111 360 1099
f 2225 1099 1104
f 1101 2216 2226
f 2218 361 1100
f 2226 2218 1100
f 1101 2226 2227
f 2226 1100 2227
f 361 2221 2228
f 2221 2225 1105
f 2228 2221 1105
f 2228 1105 2229
f 1100 361 2228
f 1102 2227 2228
f 2228 2227 1100
f 1103 2227 1102
f 1102 2228 2229
f 1103 1102 2303
f 2231 2225 1104
f 2230 2231 1113
f 2232 1102 2229
f 2232 2229 2230
f 1105 2225 2231
f 2231 2230 2229
f 2231 2229 1105
f 2303 1102 2232
f 2232 2230 1112
f 362 416 2234
f 2233 2502 120
f 2234 2502 2233
f 1106 2234 2233
f 1106 2233 254
f 1108 1107 1106
f 1106 1107 2234
f 775 1108 1109
f 1109 1108 1106
f 1110 1108 775
f 2241 1108 1110
f 1111 2241 1110
f 2320 1112 365
f 1112 2230 2242
f 365 1112 2242
f 2231 1104 1113
f 2235 1113 1104
f 2242 2230 1113
f 2235 2242 1113
f 1104 1099 363
f 363 1099 2236
f 1108 363 2236
f 2236 2215 362
f 362 2215 416
f 1108 2236 1107
f 1107 2236 362
f 1107 362 2234
f 2235 1104 363
f 2238 2235 363
f 2237 2242 2235
f 112 2242 2237
f 2237 2235 2238
f 363 364 2238
f 2238 364 2237
f 364 363 2241
f 2241 363 1108
f 112 2237 2244
f 2237 364 2239
f 2244 2237 2240
f 2240 2237 2239
f 1114 2240 2239
f 1114 2239 1111
f 2239 364 2241
f 1111 2239 2241
f 1114 1111 2
f 2243 365 1115
f 1116 2243 1115
f 2242 112 2249
f 365 2249 2251
f 365 2242 2249
f 1115 365 2248
f 365 2251 2248
f 2244 2240 2247
f 2244 2247 2245
f 2240 1114 1802
f 1802 1114 770
f 2246 2245 2247
f 2247 2240 1802
f 2246 2247 1801
f 1801 2247 1802
f 1117 2246 1801
f 2251 2249 2250
f 2249 112 2244
f 2250 2249 2244
f 2250 2244 2245
f 2250 2245 2246
f 1118 2248 2251
f 1118 2251 2246
f 2246 2251 2250
f 1118 2246 1117
f 1118 1117 66
f 2248 1118 2252
f 2252 1118 66
f 2252 66 1792
f 2253 2248 2252
f 1792 2253 2252
f 2253 1792 766
f 1119 2253 766
f 1116 1115 2248
f 1120 1116 1121
f 1121 1116 2248
f 1121 2248 2253
f 1119 1120 1121
f 1119 1121 2253
f 1122 1116 1120
f 1122 1120 2254
f 2255 1120 1119
f 1119 766 1787
f 2255 1119 1787
f 2255 1787 765
f 2256 2255 765
f 2254 1120 2255
f 2257 2254 1123
f 1123 2254 2255
f 1123 2255 2256
f 2257 1123 2256
f 2257 2256 249
f 2257 249 764
f 2258 2038 357
f 2258 357 366
f 1080 2191 2259
f 357 1080 2259
f 2259 366 357
f 2260 366 2259
f 366 2260 1124
f 1124 2260 2261
f 25 1124 2261
f 2190 355 1125
f 1127 2191 2190
f 2263 1127 2190
f 1125 355 1073
f 1125 1073 367
f 2262 367 2312
f 2263 2190 2262
f 2262 2190 1125
f 2262 1125 367
f 1126 2263 2262
f 2264 2262 2312
f 2264 2312 2311
f 1126 2262 2264
f 368 25 2261
f 2260 2259 2266
f 2261 2260 2266
f 368 2261 2265
f 1128 368 2265
f 2266 2259 1127
f 2259 2191 1127
f 2265 2261 2266
f 2267 2265 2266
f 1127 2267 2266
f 1128 2265 2267
f 1128 2268 2270
f 2267 1127 2263
f 2267 2263 1126
f 2268 1128 2267
f 2268 2267 1126
f 2268 1126 2264
f 2271 2268 2264
f 25 368 2341
f 2273 368 1128
f 2341 368 2273
f 2341 2273 2269
f 2270 2268 2271
f 2270 2271 2305
f 1129 2270 2272
f 2272 2270 2305
f 1129 2272 2274
f 2276 2269 1129
f 2273 1128 2270
f 1129 2273 2270
f 1129 2269 2273
f 2276 1129 2274
f 2275 2269 2276
f 2277 2275 2276
f 2276 2274 1130
f 2277 2276 1130
f 2277 1130 5
f 2278 2183 2172
f 2279 2278 2172
f 2279 2172 1133
f 1131 2170 1132
f 2170 2168 1132
f 2280 1131 1132
f 2280 1132 2296
f 1134 2279 1133
f 1133 2172 1131
f 1133 1131 2280
f 2281 1133 2280
f 2281 2280 2296
f 2281 2296 1138
f 2282 1134 2281
f 1134 1133 2281
f 2282 2281 1135
f 2313 2282 1135
f 1132 2168 2283
f 1132 2283 369
f 2283 2166 1136
f 369 2283 2288
f 369 2288 2289
f 369 2289 113
f 2166 2284 1136
f 2166 2164 2284
f 1136 2284 2287
f 2164 1062 2285
f 2285 1062 1081
f 2284 2164 2285
f 2286 2284 2285
f 2287 2284 2286
f 2287 2286 2291
f 2291 2286 110
f 2289 2288 1137
f 2289 1137 370
f 2288 2283 1137
f 1137 2283 1136
f 370 1137 2290
f 2290 1137 2287
f 2287 1137 1136
f 2292 2290 2291
f 2291 2290 2287
f 113 2289 370
f 113 370 371
f 370 2290 2292
f 2292 2291 110
f 2292 110 1088
f 2292 1088 2211
f 2293 371 370
f 2293 370 2292
f 2293 2292 2211
f 371 2293 2294
f 2294 2293 2211
f 2294 2211 2213
f 2294 2213 1101
f 1135 2281 1138
f 2295 1135 2297
f 2297 1135 1138
f 1138 1139 2297
f 2296 369 1140
f 2296 1132 369
f 1140 369 113
f 1141 2297 1139
f 1139 1138 2296
f 1140 1139 2296
f 1141 1139 1140
f 1141 1140 113
f 2300 2297 2301
f 2297 1141 2298
f 2301 2297 2298
f 2298 1141 113
f 2301 2298 2299
f 2298 113 371
f 2298 371 2294
f 2294 2299 2298
f 2299 2294 1101
f 1155 1135 2295
f 1155 2295 2319
f 2295 2297 2300
f 2295 2300 1142
f 2319 2295 1142
f 2319 1142 1144
f 2300 2301 1143
f 2299 1101 2227
f 2301 2299 2227
f 1143 2301 1103
f 2301 2227 1103
f 1144 1142 2302
f 1144 2302 2303
f 1142 2300 1143
f 2303 2302 1143
f 2302 1142 1143
f 2303 1143 1103
f 1158 1144 2303
f 1158 2303 1145
f 1145 2303 2232
f 1145 2232 1112
f 1159 5 1130
f 1159 1130 1146
f 1146 1130 2307
f 2272 2305 2274
f 2274 2305 2304
f 2304 2305 1147
f 2305 2271 1147
f 2304 1147 2306
f 2306 1147 1154
f 2306 1154 114
f 2309 2307 2308
f 2307 1130 2274
f 2308 2307 2274
f 2309 2308 2306
f 2306 2308 2274
f 2306 2274 2304
f 2307 2309 2310
f 2309 2306 114
f 2309 114 372
f 2310 2309 372
f 2271 2264 1148
f 1148 2264 2311
f 1152 1148 2311
f 1152 2311 1150
f 1152 1150 1153
f 1149 2312 367
f 367 1073 2278
f 1073 2183 2278
f 1149 367 2278
f 1149 2278 2279
f 1149 2279 1134
f 2311 2312 1149
f 1150 2311 1149
f 1134 1150 1149
f 1153 1150 2313
f 1150 1134 2313
f 2282 2313 1134
f 2314 2310 2316
f 2316 2310 372
f 372 114 2315
f 2315 2316 372
f 2316 2315 1151
f 1147 2271 1148
f 1152 1147 1148
f 1152 1154 1147
f 1151 2315 2317
f 2318 1151 2317
f 2315 114 1154
f 2317 2315 1154
f 2317 1154 1152
f 2317 1152 1153
f 1155 1151 2318
f 2317 1153 2318
f 2318 1153 2313
f 2318 2313 1155
f 1155 2313 1135
f 2314 2316 374
f 374 2316 1156
f 1156 2316 373
f 1151 1155 1157
f 2319 1157 1155
f 1157 2319 1158
f 1158 2319 1144
f 373 2316 1158
f 2316 1151 1157
f 1158 2316 1157
f 1156 373 1145
f 1145 373 1158
f 1156 1145 2320
f 2320 1145 1112
f 1146 2307 2321
f 1179 1159 1160
f 1160 1159 2321
f 1159 1146 2321
f 1160 2321 115
f 2307 2310 1161
f 2310 2314 1162
f 1161 2310 1162
f 115 2321 2322
f 2321 2307 1161
f 2322 2321 1161
f 1162 2322 1161
f 2323 2322 1162
f 375 115 2322
f 2324 2322 2323
f 375 2322 2324
f 375 2324 2325
f 2326 2314 374
f 2326 374 1164
f 1156 1163 1164
f 1156 2320 1163
f 1163 2320 365
f 1163 365 2243
f 1164 374 1156
f 2243 1164 1163
f 2326 1164 2243
f 2326 2243 1165
f 1165 2243 1116
f 2327 2325 376
f 2325 2324 2323
f 376 2325 2323
f 2327 376 2328
f 2323 1162 2329
f 2329 1162 2314
f 2326 2329 2314
f 2328 376 1166
f 1166 376 2330
f 2329 376 2323
f 2330 376 2329
f 2330 2329 2326
f 1165 2330 2326
f 1165 1166 2330
f 1122 1166 1165
f 1122 1165 1116
f 2327 2328 2331
f 2332 2327 2331
f 2332 2331 2334
f 2332 2334 2363
f 2328 1166 2333
f 2333 1166 1122
f 2333 1122 2254
f 2331 2328 2333
f 2335 2334 2333
f 2334 2331 2333
f 2335 2333 2254
f 2363 2334 2336
f 2363 2336 1184
f 2335 2254 2257
f 2336 2335 2257
f 2336 2334 2335
f 2336 2257 764
f 2038 2258 2040
f 2258 366 377
f 2337 2258 377
f 2337 2040 2258
f 2040 2337 2039
f 2039 2337 966
f 366 1124 377
f 377 1124 2338
f 25 1168 2348
f 2338 1124 2348
f 2348 1124 25
f 2338 2348 1174
f 966 2337 2339
f 2337 377 2339
f 2338 2339 377
f 1167 2339 2338
f 966 2339 1167
f 1167 2338 1174
f 2340 1167 2353
f 25 2341 1168
f 1168 2341 2343
f 2341 2269 2343
f 2349 2343 1169
f 2275 2277 2342
f 2275 2342 1173
f 2277 5 2342
f 2342 5 1170
f 1173 2342 1171
f 1171 2342 1170
f 1169 2343 2344
f 1172 1169 2344
f 2343 2269 2275
f 1173 2343 2275
f 2344 2343 1173
f 1171 2344 1173
f 2344 1171 2345
f 378 1172 2345
f 2345 1172 2344
f 378 2345 26
f 2352 378 26
f 2353 1167 2346
f 2346 1167 1174
f 1175 2353 2346
f 2346 1174 2347
f 1175 2346 2347
f 2349 1174 1168
f 1174 2348 1168
f 2349 1168 2343
f 1176 2347 2350
f 2350 2347 1174
f 2350 1174 2349
f 2350 2349 1169
f 1176 2350 2351
f 2350 1169 1172
f 2351 2350 1172
f 2351 1172 378
f 2356 1176 2352
f 2352 1176 2351
f 2352 2351 378
f 2340 2353 2355
f 1175 2347 1177
f 2354 1175 1177
f 2355 2353 1175
f 2355 1175 2354
f 969 2355 102
f 102 2355 2354
f 1177 1176 2356
f 2352 26 2378
f 2356 2352 2378
f 2356 2378 1178
f 1177 2356 1178
f 102 2354 379
f 1177 2347 1176
f 379 2354 1177
f 379 1177 2357
f 2357 1177 1178
f 102 379 2044
f 2044 379 2357
f 2376 2044 2357
f 2376 2357 1192
f 5 1159 381
f 381 1159 1179
f 1160 115 380
f 1179 1160 380
f 2359 1179 380
f 381 1179 1180
f 1180 1179 2359
f 115 375 380
f 380 375 2358
f 2325 2327 2369
f 375 2325 2369
f 2358 375 2369
f 116 2358 1186
f 1180 2359 1182
f 2359 380 1181
f 1182 2359 1181
f 1181 380 2358
f 2360 1181 116
f 116 1181 2358
f 2388 1180 1182
f 1182 1181 2360
f 2388 1182 2361
f 2360 116 2368
f 1183 2360 2368
f 2361 1182 1183
f 1183 1182 2360
f 2362 2332 2364
f 2362 2327 2332
f 2370 2362 2365
f 2363 1184 382
f 1184 2336 764
f 1184 764 1652
f 1184 1652 690
f 382 1184 690
f 382 690 57
f 2365 2362 2364
f 2364 2332 2363
f 2364 2363 382
f 2365 2364 382
f 57 2365 382
f 1648 2365 57
f 2366 2365 1648
f 2367 2371 1183
f 2367 1183 1185
f 1185 1183 2368
f 1187 1185 2368
f 2367 1185 1187
f 2367 1187 1189
f 2358 2369 1186
f 2369 2327 2362
f 2370 1186 2369
f 2370 2369 2362
f 2368 116 1186
f 1187 2368 1186
f 1187 1186 2370
f 1188 1187 2370
f 1189 1187 1188
f 1188 2370 2365
f 1188 2365 2366
f 222 1189 2366
f 2366 1189 1188
f 2371 2367 1190
f 2367 1189 2372
f 1190 2367 2372
f 1191 1190 2372
f 2402 1190 1202
f 1202 1190 1191
f 1202 1191 2404
f 383 1189 222
f 2404 1191 2373
f 2404 2373 2375
f 2373 1191 2372
f 2373 2372 2374
f 2375 2373 2374
f 2372 1189 383
f 2374 2372 383
f 2375 2374 221
f 2374 383 221
f 2375 221 680
f 1205 2375 681
f 681 2375 680
f 1192 2357 2377
f 117 1192 2381
f 2378 26 2393
f 2380 2378 2393
f 2380 1178 2378
f 2379 1178 2380
f 2379 2380 1193
f 1193 2380 1199
f 2381 1192 2377
f 2382 2381 2377
f 2377 2357 1178
f 2377 1178 2379
f 1193 2382 2377
f 1193 2377 2379
f 2382 1193 2383
f 1193 1199 2383
f 2381 2382 2383
f 1194 2381 2383
f 1206 1194 1198
f 2345 1171 2386
f 2384 2345 2386
f 384 2393 2385
f 2393 26 2385
f 2385 26 2345
f 2385 2345 2384
f 384 2385 2384
f 2394 384 2384
f 2386 1171 1170
f 2386 1170 385
f 1170 5 381
f 381 385 1170
f 385 381 1196
f 1180 1196 381
f 2394 2384 2387
f 2387 2384 1195
f 1195 2384 2386
f 1196 1195 2386
f 1196 2386 385
f 2388 1195 1196
f 2388 1196 1180
f 2387 1195 2389
f 2387 2389 388
f 2389 1195 2388
f 1197 2389 2388
f 1197 2388 2361
f 388 2389 1197
f 1197 2361 1183
f 2371 1197 1183
f 1198 1194 2383
f 1198 2383 386
f 2390 2383 1199
f 2390 386 2383
f 386 2390 2391
f 2392 386 2391
f 2392 2391 2395
f 1199 2380 387
f 387 2380 2393
f 387 2393 384
f 2394 387 384
f 2395 2391 2396
f 2391 2390 1200
f 2396 2391 1200
f 1200 2390 1199
f 1200 1199 387
f 2394 2396 1200
f 2394 1200 387
f 2395 2396 1201
f 1201 2396 2397
f 1201 2397 388
f 2396 2394 2397
f 2397 2394 2387
f 2397 2387 388
f 388 1197 2371
f 1198 386 2398
f 2398 386 2392
f 2398 2392 1203
f 2409 2398 2399
f 2398 1203 2399
f 1201 388 2403
f 2395 1201 2403
f 2395 2403 2401
f 2403 388 2402
f 388 2371 2402
f 2402 2371 1190
f 1202 2403 2402
f 2401 2403 2404
f 2404 2403 1202
f 2400 2399 389
f 389 2399 1203
f 1203 2392 2401
f 2401 2392 2395
f 2405 389 2401
f 2401 389 1203
f 2405 2401 2404
f 2400 389 1204
f 1204 389 1205
f 389 2405 1205
f 2405 2404 1205
f 1205 2404 2375
f 681 1204 1205
f 2054 2376 1192
f 2054 1192 980
f 980 1192 117
f 2381 1194 2406
f 2406 1194 1206
f 2406 1206 1209
f 2408 2381 2407
f 2407 2381 2406
f 2406 1209 2407
f 390 980 2408
f 980 117 2408
f 2408 117 2381
f 390 2408 2407
f 390 2407 118
f 1198 2398 2409
f 1206 1198 2410
f 1198 2409 2410
f 2409 2399 1207
f 2399 2400 1207
f 1207 2410 2409
f 2410 1207 2411
f 1204 681 219
f 1204 219 1600
f 2412 1204 1600
f 2412 1600 1599
f 1207 2400 1204
f 1207 1204 2412
f 1599 2411 2412
f 2412 2411 1207
f 2413 2411 1599
f 2413 1599 671
f 1208 2057 2414
f 390 118 2414
f 2057 390 2414
f 1208 2414 1210
f 118 2407 1209
f 118 1209 2415
f 1209 1206 2410
f 2415 1209 2410
f 2415 2410 2411
f 1210 2414 118
f 2415 1210 118
f 2413 1210 2415
f 2411 2413 2415
f 1211 1210 2413
f 671 1211 2413
f 2058 2057 1208
f 2058 1208 1212
f 1208 1210 1211
f 1211 671 669
f 1211 1212 1208
f 1212 1211 669
f 1212 669 626
f 2157 87 2416
f 2416 391 1214
f 1214 391 1213
f 2416 87 391
f 2157 2416 2158
f 2158 2416 1215
f 2416 1214 1219
f 2158 1215 1057
f 1057 1215 1059
f 1216 882 2420
f 392 1217 1216
f 392 1216 2420
f 392 2420 394
f 1217 392 2419
f 882 1959 2421
f 1959 888 393
f 2421 1959 393
f 888 889 2417
f 393 888 2417
f 393 2417 1286
f 393 1286 2418
f 2419 392 394
f 2420 882 2421
f 2421 394 2420
f 394 2421 393
f 2422 394 2418
f 394 393 2418
f 2419 394 1218
f 1221 2419 1218
f 1218 394 2422
f 2422 2418 1289
f 2422 1289 2478
f 2422 2478 1282
f 1218 2422 2423
f 1221 1218 2423
f 2476 2422 1282
f 2476 2423 2422
f 1223 1059 1215
f 1215 2416 1219
f 1219 1214 2424
f 1223 1215 1219
f 1219 2424 2426
f 1223 1219 2426
f 2424 1214 1213
f 1213 391 1216
f 1217 1213 1216
f 1220 1213 1217
f 2426 2424 1220
f 1220 2424 1213
f 2427 2426 1220
f 1220 1217 2419
f 1221 1220 2419
f 1222 2427 1221
f 2427 1220 1221
f 1222 1221 2423
f 395 1059 1223
f 2425 395 1224
f 2425 1224 1060
f 1227 2426 2427
f 1222 2423 2468
f 2427 1222 1275
f 1227 2427 2428
f 1224 395 396
f 1060 1224 396
f 395 1223 1227
f 1223 2426 1227
f 396 395 1226
f 1226 395 1227
f 1226 1227 2428
f 1226 2428 1225
f 2431 2430 2165
f 396 1226 2429
f 396 2429 2462
f 2431 1060 396
f 2430 2431 396
f 2430 396 1228
f 1228 396 2462
f 2165 2430 2163
f 1229 2430 1228
f 1229 1228 397
f 2163 2430 1229
f 2163 1229 1062
f 1062 1229 1230
f 1231 2001 1232
f 398 1231 1232
f 2479 1231 398
f 300 931 2435
f 1233 300 2435
f 1233 2435 1234
f 398 1232 1233
f 1233 1232 300
f 2479 398 1234
f 2479 1234 2480
f 398 1233 1234
f 2435 2007 399
f 935 937 1235
f 399 2007 935
f 1235 937 2432
f 937 2443 2441
f 2432 937 2441
f 399 935 1235
f 2433 399 1235
f 2433 1235 1253
f 1253 1235 2432
f 1253 2432 1254
f 1236 2433 1253
f 1237 1236 1253
f 27 1234 1238
f 1238 1234 2434
f 2436 2434 1239
f 2435 931 2007
f 399 1240 2435
f 1239 2434 1240
f 1241 1239 1240
f 2434 1234 2435
f 2434 2435 1240
f 2433 1240 399
f 1240 2433 1241
f 1241 2433 1236
f 1237 1241 1236
f 1238 2434 2436
f 1238 2436 2482
f 2482 2436 2437
f 1239 1241 1242
f 1242 1241 1237
f 1242 1237 1249
f 1248 1242 1249
f 2437 2436 2438
f 2436 1239 2438
f 2438 1239 1242
f 2439 2437 2438
f 1248 2438 1242
f 2439 2438 1248
f 2482 2437 1243
f 1243 2437 2439
f 1243 2439 2440
f 1296 1243 2440
f 1296 2440 1260
f 2441 2443 2444
f 2443 944 2442
f 2442 944 1244
f 2442 2444 2443
f 2444 2442 1245
f 1244 307 20
f 1244 20 2445
f 1245 2442 1244
f 2445 1245 1244
f 1245 2445 1247
f 20 945 2446
f 1246 458 868
f 2446 945 1246
f 2446 1246 868
f 2445 20 2446
f 1247 2445 2446
f 867 1247 2446
f 2453 1247 2447
f 2447 1247 2448
f 2447 2448 2449
f 2448 1247 867
f 2449 2448 867
f 2449 867 865
f 1260 2440 2450
f 1260 2450 403
f 2440 2439 2450
f 2450 2439 400
f 400 2439 1248
f 403 2450 400
f 403 400 1261
f 1237 1250 401
f 2451 1249 401
f 401 1249 1237
f 400 1248 2451
f 2451 1248 1249
f 1251 400 2451
f 1251 2451 401
f 404 400 1252
f 1252 400 1251
f 404 1252 2452
f 1250 1237 1253
f 1253 1254 402
f 1250 1253 402
f 2432 2441 1254
f 2444 1254 2441
f 1255 402 1254
f 1245 1255 2444
f 1255 1254 2444
f 2453 1245 1247
f 2456 2452 1256
f 2452 1252 1256
f 1256 1252 1251
f 1251 401 1257
f 1257 401 1250
f 1257 1250 402
f 2453 1256 1258
f 1256 1251 1258
f 1258 1251 1257
f 2453 1258 402
f 402 1258 1257
f 2453 402 1255
f 2453 1255 1245
f 2456 1256 2454
f 2454 1256 2453
f 2454 1259 2456
f 1259 2454 2447
f 2454 2453 2447
f 1259 2447 2449
f 1266 1259 2449
f 2494 1260 1263
f 1263 1260 403
f 400 404 1261
f 1264 1261 404
f 1264 404 1262
f 1264 403 1261
f 2455 1263 1264
f 1263 403 1264
f 1264 1262 2455
f 1315 1263 2455
f 404 2452 2456
f 404 2456 1265
f 2456 1259 2457
f 2457 1265 2456
f 1266 2449 3
f 2458 1265 2457
f 2458 2457 1266
f 2457 1259 1266
f 852 2458 1266
f 1315 2455 2460
f 2460 2455 1267
f 1267 2455 1262
f 2459 1262 404
f 1265 2459 404
f 1268 1267 852
f 1267 1262 2459
f 852 1267 2459
f 852 2459 2458
f 2459 1265 2458
f 2460 1267 1268
f 2460 1268 1269
f 1268 852 83
f 1924 1268 83
f 1269 1268 1924
f 1269 1924 1855
f 1230 1229 397
f 1230 397 2496
f 397 1228 405
f 1228 2462 405
f 2496 397 1270
f 1270 397 405
f 1270 405 2461
f 2466 2462 2429
f 1226 1225 2463
f 2463 1225 2464
f 2466 2429 2463
f 2464 2466 2463
f 2463 2429 1226
f 2465 1270 2461
f 2465 2461 2467
f 2461 405 2466
f 2466 405 2462
f 2467 2461 2466
f 2467 2466 2464
f 1271 2467 2464
f 2465 2467 1271
f 1277 2465 1271
f 1225 2428 1272
f 2428 2427 1272
f 1272 2427 1273
f 1274 1272 1273
f 1275 1222 2468
f 2468 2423 2486
f 1274 1273 1276
f 1273 2427 1275
f 1276 1273 1275
f 1276 1275 2468
f 1276 2468 2469
f 2472 1274 1276
f 2472 1276 1302
f 1278 1277 1271
f 1271 2464 2470
f 2470 1225 1272
f 2470 2464 1225
f 2470 1272 1274
f 2471 1278 1271
f 2471 1271 2470
f 2471 2470 1274
f 1279 1278 2472
f 1278 2471 2472
f 2472 2471 1274
f 1279 1277 1278
f 2473 1277 1279
f 2474 2473 1279
f 1279 2472 1280
f 2474 1279 1281
f 1281 1279 1280
f 2474 1281 2475
f 2475 1281 1297
f 2423 2476 2486
f 2486 2476 2477
f 2476 1282 2477
f 2477 1282 406
f 1282 2478 406
f 406 2478 1289
f 406 1289 1284
f 1283 2477 1303
f 1303 2477 406
f 1303 406 1284
f 1303 1284 1292
f 1285 1303 1292
f 1285 1292 1304
f 1289 2418 1286
f 1287 1289 1286
f 1287 1286 2481
f 1231 2417 889
f 2417 1231 2479
f 2481 1286 2479
f 2479 1286 2417
f 2481 2479 2480
f 2481 2480 27
f 27 2480 1234
f 1292 1284 1288
f 1290 1284 1289
f 1287 1290 1289
f 1293 1288 1290
f 1293 1290 1291
f 1288 1284 1290
f 1287 1291 1290
f 1291 1287 2481
f 407 1293 1291
f 407 1291 2481
f 27 407 2481
f 1292 1288 1294
f 1294 1288 1293
f 1294 1293 408
f 1295 1292 1294
f 1294 408 1295
f 1293 407 2482
f 407 27 1238
f 2482 407 1238
f 2483 1295 408
f 408 1293 2482
f 1243 408 2482
f 2483 408 1296
f 408 1243 1296
f 1297 1281 1299
f 1281 1280 1299
f 2472 1302 1298
f 1280 2472 1298
f 1299 1280 1298
f 1299 1298 2488
f 2493 1297 2484
f 2484 1297 1299
f 2488 2484 1299
f 2493 2484 1300
f 1300 2484 2488
f 1302 1276 2469
f 1302 2469 2487
f 1298 1302 2485
f 2485 1302 2487
f 2469 2468 2486
f 2487 2469 2486
f 2487 2486 1283
f 1283 2486 2477
f 1307 2485 1305
f 1305 2485 2487
f 1305 2487 1303
f 1303 2487 1283
f 1304 1307 1305
f 1305 1303 1285
f 1304 1305 1285
f 1301 1300 1306
f 1306 1300 2488
f 2489 1306 2488
f 2485 1307 1298
f 1308 2489 1307
f 2489 2488 1307
f 1307 2488 1298
f 1304 1308 1307
f 1308 1304 1292
f 1306 2489 2490
f 2490 2489 1308
f 1306 2490 2491
f 1308 1292 1295
f 1309 1308 1295
f 2492 2491 2490
f 1309 2490 1308
f 2490 1309 2492
f 2492 1309 2483
f 1309 1295 2483
f 409 2492 2483
f 409 2483 1296
f 409 1296 1260
f 1321 1297 2493
f 1321 2493 410
f 1300 1301 1314
f 2493 1300 1314
f 1314 410 2493
f 410 1314 1313
f 410 1313 412
f 1310 410 412
f 1311 1301 1306
f 1306 2491 1311
f 1311 2491 1312
f 2492 409 2494
f 2491 2492 2494
f 2494 409 1260
f 2494 1312 2491
f 1312 2494 1263
f 411 1312 1315
f 1315 1312 1263
f 411 1314 1311
f 1311 1314 1301
f 411 1311 1312
f 1316 1313 411
f 411 1313 1314
f 1316 411 1317
f 1315 1317 411
f 412 1313 1316
f 2495 412 1316
f 2495 1316 1318
f 1317 1315 2460
f 1269 1317 2460
f 1318 1316 1317
f 1318 1317 1269
f 1318 1269 1855
f 1062 1230 1081
f 1230 2496 1081
f 2496 1270 1319
f 1081 2496 1319
f 1081 1319 2198
f 2198 1319 2497
f 2497 1270 2465
f 2497 1319 1270
f 2199 2198 2497
f 2199 2497 2498
f 2497 2473 1320
f 2474 2475 413
f 2475 1297 1327
f 1327 413 2475
f 2473 2474 413
f 1320 2473 413
f 1320 413 1327
f 2222 2498 2497
f 2465 1277 2473
f 2497 2465 2473
f 414 2222 1320
f 2222 2497 1320
f 2222 414 1093
f 2215 1093 416
f 1297 1321 1327
f 1322 1327 1321
f 1323 1327 1322
f 2499 410 1310
f 1323 1322 2499
f 1322 1321 2499
f 2499 1321 410
f 1323 2499 415
f 415 2499 1310
f 1310 412 2495
f 1318 1855 2495
f 2495 1855 1324
f 2500 2495 1324
f 119 415 1310
f 2500 119 1310
f 2500 1310 2495
f 415 119 1852
f 415 1852 1325
f 119 2500 1852
f 76 1325 1852
f 1325 76 417
f 1326 1320 1327
f 1326 414 1320
f 1328 414 1326
f 1328 1326 1323
f 1326 1327 1323
f 1328 1323 415
f 418 1093 1329
f 1328 1093 414
f 1329 1093 1328
f 1329 1328 2501
f 2501 1328 415
f 1325 2501 415
f 417 1329 2501
f 417 2501 1325
f 1093 418 416
f 2502 416 418
f 2234 416 2502
f 418 1329 1330
f 1330 1329 417
f 1330 417 1847
f 120 2502 1330
f 1330 2502 418
