v -0.5002664633820104 0.8320747538521974 -0.23955180988057848
v -0.1560960833056089 -0.9801979187245711 -0.12184437986492243
v -0.9591573586086443 0.25161329956098477 -0.12925907670613643
v 0.07389781521055698 -0.009404471690760075 0.9972214743071491
v 0.45579910818040276 -0.5706717516179748 0.6830672916244942
v 0.07968396014915048 0.8707633122958868 -0.4852027622081767
v 0.31480042054999663 0.9151397748431438 -0.25183305525999816
v 0.5883453194366532 0.8011725268384018 -0.10941831353275733
v 0.759949883261063 0.612544534229702 -0.2174059992659221
v 0.9452213245417317 0.3157123336246134 0.08296005080082375
v -0.13475805562433393 0.1118467119708137 -0.9845458747390428
v 0.8606811099096471 -0.3444657655821518 -0.37492847769487975
v 0.8024159490329899 -0.10696675705150413 -0.5871002960511695
v 0.8102753470158249 -0.5608247548375326 -0.17008661434635552
v 0.5322945540466942 -0.8437630660787367 -0.06874878947036386
v 0.5536034137342254 -0.4406714333564858 -0.7066342392817889
v -0.7421343373958704 0.2908652320784532 -0.603849353751364
v -0.39977445202012557 0.5303167140103778 0.7476259561794544
v -0.6137259300934522 0.511709539119594 0.601243569865774
v -0.9020725846331611 0.4315495317355624 0.005482126600633101
v 0.8215172488444751 0.4153250211562578 0.39065910542640486
v 0.39304532245716944 0.42079563286268423 0.8175857201897749
v 0.5178865973175877 0.6643621674905404 0.538902943697733
v 0.4871578854102678 0.8088964668860539 0.32918642217116967
v 0.3723076496668917 -0.28898461933022446 0.8819721672423004
v 0.6735231620228749 -0.4036877220797078 0.6191952626278765
v -0.8815441239430677 0.20896165230821098 0.42333790924753195
v 0.03264526123647238 0.49351678366554 -0.8691233923668279
v -0.577427386969351 0.804691253913662 -0.13802028348255715
v -0.3669059277119462 0.7437204855464952 -0.5588021828771982
v -0.145287715543551 0.9147028538899028 -0.3771076355601983
v -0.3328677743916012 0.9161090348009913 -0.22347993450772766
v 0.24945514137894878 0.8159428635622863 -0.5215451810163573
v -0.11820730793610001 0.9891081233133963 0.08770491859611643
v -0.1163019675087082 0.9878293675802546 -0.1032811352551736
v 0.02695318382718902 0.998320881353179 0.05127322630564281
v 0.48524188268833734 0.5362541574456292 -0.6906314457852005
v 0.5784729708814504 0.38122739421741636 -0.7211343119404231
v 0.12272713215999044 0.9907613479744088 0.05770617290824907
v 0.6203494863028419 0.758013439046543 -0.20145009572753464
v 0.7832699258107897 0.21143401924599434 -0.5846228517821078
v 0.6915511807008481 0.3752103546856704 -0.6172310379492564
v 0.5104861574328864 0.6733113322514784 -0.5348417830827594
v 0.532404948403821 0.6230914120597242 -0.5729764943979322
v 0.7250125700396949 0.5797400795267933 -0.37183089365288596
v 0.6948260334793588 0.6642109750458679 -0.2757545354621723
v 0.9397440004204402 0.12009747972954624 -0.3200903138746921
v 0.9440664099181146 0.32827915538180824 -0.031167447860370224
v -0.013220679018325028 0.22968323760787918 -0.9731756388279851
v -0.012511401240385406 0.34503835439757796 -0.9385051938234616
v 0.29928996817454456 0.029049521453400697 -0.9537198961190904
v 0.853938738569419 -0.11327937557511378 -0.5078940970712118
v 0.8144651879266133 -0.20623663781788956 -0.5423217742975467
v 0.7392630377270921 -0.5676544300494313 -0.36229630014087555
v 0.9350119075585429 -0.3094287305635513 -0.17322411329131987
v 0.559651884466995 -0.72285688708135 -0.40529950531872305
v 0.5563113354948991 -0.8143988660506337 0.16514292287386634
v -0.20994243691394382 -0.5688222723369993 -0.7952140565130922
v 0.10542893628651631 -0.7567346819525455 -0.6451645995586502
v 0.5814100236202353 -0.5122982633421724 -0.6320703076482169
v 0.28240464802077886 -0.8727572446564442 -0.39817383976845033
v 0.4920926728867218 -0.5714833942102533 -0.6566974428404073
v 0.5600562786816232 -0.6862321034136349 -0.464136256883461
v 0.4124152473070319 -0.8606777459345747 -0.2985757549461432
v -0.10517040485212419 -0.8754717228453789 -0.4716868118162564
v -0.018501064369427653 -0.992795392258479 -0.11838504858102215
v -0.011924356435059279 -0.9630394284907805 -0.26909639331615065
v -0.29398000574626787 0.22935144894675186 -0.9278866682345693
v -0.3547517119107622 -0.2500553243368133 -0.9009015249555273
v -0.5138215028857005 0.0417520368896614 -0.8568805229364502
v -0.4649427516288882 0.30818374565584267 -0.8299704914159857
v -0.5563582528188168 0.37877548730502864 -0.7395908495494191
v -0.4559283535539118 -0.3672195873400292 -0.8107275196386501
v -0.6225648053105783 -0.692709073327497 -0.3640977930698869
v -0.6647584835621636 -0.47709129269647366 -0.5748739487621092
v -0.8278158888114248 -0.4993858575172621 -0.25560637617848986
v -0.8110355025856237 0.1323411159401619 -0.5698308894552815
v -0.8310675169095112 0.2375680034902137 -0.5028799320469381
v -0.4769318827940767 -0.34417753546074165 -0.8087507670838199
v -0.7159701561726225 -0.2314205616550974 -0.6586586818021833
v -0.7995646419396573 -0.29279769571060443 -0.5243719030864142
v -0.7900326708406797 0.39327984191839077 -0.4702970815824694
v -0.9817755684217266 -0.04164137522115825 -0.18542580489210836
v -0.8726528980501125 0.39606503358650186 -0.28567360517706747
v -0.9400145102625126 0.27813864959843015 -0.19751357445879542
v -0.9292360858654221 0.31987619016514 -0.18493112147755245
v -0.3198100923996966 0.1235190775708711 0.9393958389706326
v -0.1305180669091969 0.784474868879825 0.6062707434028692
v -0.19889598056523683 0.954749406012208 0.2211197879754975
v -0.5378174772791894 0.6860638537755576 0.48996811087628844
v -0.41982794273097107 0.8437917645104569 0.3343051848933995
v -0.40568868615466 0.9115659457725581 0.06681479202906632
v -0.7419830164184019 0.6630435578381922 0.09916876401327779
v -0.7700649252698029 0.6320558859858965 0.08663352618817018
v -0.8423324182474761 0.5380551756490614 0.03118854159169424
v -0.025473820983383196 0.09643972318663627 0.9950127960163082
v -0.1985664749993748 0.3053446607644838 0.9313087528574747
v 0.08447218619990485 -0.011989343225630994 0.9963537049700908
v 0.3176179820821411 0.05036301401507371 0.9468803431677025
v 0.37487374839630627 0.07916099709638424 0.9236899963201989
v -0.019435007622838132 0.48717801632584196 0.8730863994402376
v 0.7414219256861649 -0.044555252423273094 0.6695583302396567
v 0.7280445195982905 0.3615616693371889 0.5824296839524917
v 0.8500285709732596 0.49725203617231445 0.17375799564810052
v 0.28454056019189816 0.5124467736806592 0.8102067475342106
v 0.3705909944681821 0.2650167934921253 0.8901844831192217
v 0.5633463422402176 0.49110673374428215 0.6644208566530632
v 0.42070043748195496 0.8963836213492032 0.1396694142587414
v -0.3335677768016876 -0.39604269212831333 0.8555014461070989
v -0.38299820985599425 -0.755654618232445 0.5313176725755334
v -0.46645998745346884 -0.8414124683184263 0.27283720102508574
v -0.20390901372928355 -0.963688599318468 0.17241054974554243
v -0.2790540491107194 -0.7775466583202022 0.5635157777826623
v 0.13455721535509116 -0.6943157995472732 0.7069794383819903
v 0.3976352299170306 -0.7335486123892596 0.5511738901568378
v 0.5751675645463047 -0.678942883040915 0.45631001990090364
v 0.9106478219762574 -0.1825237121484612 0.37068266594682353
v 0.9785809510549578 -0.12591943230843836 0.16286073436987414
v -0.9195244044067381 -0.3636791675647165 -0.1490380246107292
v -0.5365871113337664 -0.8194144646237638 -0.2015792824568906
v -0.46809814758869017 0.5926106521486868 -0.6555125774414593
v -0.1999057731028575 0.6753730021966691 -0.7098654730186607
v 0.15848971356506525 0.7571298187211382 -0.6337471485516601
v 0.25089070294692367 0.6867847510609619 -0.6821880685594925
v -0.7039155746241111 0.6154234474528265 -0.3546221145485506
v -0.7948221007800733 0.5346177543677263 -0.2871266006944676
v -0.6872530685124871 0.6492942520908188 -0.32573024732436945
v -0.6361001373526789 0.7372118733659725 -0.2278053314304483
v -0.6299562990209537 0.7156360705591949 -0.3016953361230793
v -0.7690878452582567 0.6187106572170721 -0.1603153421292883
v -0.35372464289686345 0.7416640686140449 -0.5699239303050433
v -0.3538021504445902 0.7575268346580778 -0.5486138287663707
v -0.46086447870138686 0.7302224136841924 -0.5043601479345202
v -0.37987822639827284 0.7490183860537745 -0.5428296145770803
v -0.5155175702875022 0.7844743810865732 -0.34473407163161013
v -0.22822736541633878 0.9007334060162666 -0.3695830095681519
v -0.19092990537215768 0.7931355221103116 -0.5783440280675355
v -0.3914138184565121 0.8823072141867734 -0.26139855109634375
v -0.24412230190132886 0.9278793085428563 -0.2818586356534555
v -0.24860099423773566 0.9438185986580556 -0.21772459321618587
v 0.1954038800954018 0.8983298958742117 -0.39347264431252377
v 0.15234330316546077 0.9226538189722363 -0.35426183581721615
v -0.09529149237616628 0.9623916058773652 -0.25440504794030594
v 0.20467834796474513 0.9391084059400254 -0.2760111877573212
v -0.2587406912724554 0.9658323767734821 -0.014868579486232282
v 0.0038656808445775505 0.9954507078895766 -0.09519949933559871
v -0.016693317450748535 0.9998100887551501 -0.010055822985090723
v 0.23731819619268912 0.558017615593004 -0.7951706825856615
v 0.30317744610463193 0.6013137413424359 -0.7392599141345587
v 0.31652043077669784 0.5986547845814797 -0.73581741335649
v 0.3544545495371688 0.6121785709689478 -0.7068234359150946
v 0.5082104562864767 0.576036681105383 -0.6402373576590062
v 0.28309334924755614 0.2828685156887505 -0.9164297891512718
v 0.3534227531957413 0.28399633406532615 -0.8913127620319357
v 0.5046737444236885 0.15137579268056972 -0.8499351628681465
v 0.5609794543557954 0.1319945726357378 -0.817238939714318
v 0.5844316676875378 0.4434491589145702 -0.6795531393952379
v 0.6114233845963352 0.2740548727716578 -0.7423310390108125
v 0.702729365042477 0.3108787604076914 -0.6399420566226087
v 0.493894551621466 0.833246698939236 -0.24853191059801016
v 0.6318185361708063 0.6896478897470736 -0.35382357965289396
v 0.1495201919206944 0.987988233304725 0.039025159313027385
v 0.5408909635407332 0.8124788180736345 -0.2175204260331594
v 0.5094165228832509 0.8354454449690539 -0.20621763914369148
v 0.4988468191182763 0.8476571750308695 -0.1806354468930824
v 0.562028711381921 0.7951034338372731 -0.22789088854658987
v 0.4371626839209536 0.8980929536278887 0.048143892976820216
v 0.4951281385476047 0.8649946801316305 0.08143911690558955
v 0.7684936652207962 0.22289444065849334 -0.5997795885481967
v 0.7534741627892882 0.22153391251094315 -0.6190310263763642
v 0.6847429313032831 0.43697475117002865 -0.5832496762708737
v 0.7851020379424318 0.38764862268176575 -0.483056244501166
v 0.8290715027616418 0.41471444971985055 -0.3750364895608353
v 0.8601449963273181 0.41826609933731174 -0.2918973371550827
v 0.5091040663582633 0.6455792039913395 -0.5692455893473303
v 0.5291506398559822 0.6941565385663286 -0.48800235686481847
v 0.565494189571012 0.7148085888916647 -0.41141828205383807
v 0.8048107998577122 0.48209875904452043 -0.3462085541405975
v 0.8039559196138983 0.5653205889403418 -0.18457386336617743
v 0.7138826386350241 0.532327840107191 -0.4549710418282775
v 0.6151860492981013 0.5570979441566676 -0.5578422764235503
v 0.6216556520458013 0.6192591274944999 -0.47964818700195316
v 0.6950866142047674 0.5697590849703985 -0.43843948709833064
v 0.7178823233872428 0.6627234822840821 -0.21317259626273266
v 0.8231233574430022 0.5387605824928323 -0.17945744114899068
v 0.7976305011500483 0.6004053238552294 -0.05743718935863684
v 0.7429240622207341 0.6575166894417759 -0.1254417828276139
v 0.8812080960388081 0.02151339235525815 -0.47223878009437914
v 0.8633442006210114 0.4101389271965345 -0.2939776380137488
v 0.8844803118106147 0.3578895387240896 -0.29934871987576017
v 0.9379742275156515 0.2783292962737583 -0.2067296576502052
v 0.9390744128870624 0.2200726506868821 -0.26402135421300416
v 0.9406821905867795 0.0011821823914084527 -0.3392869268888082
v 0.9569904106104344 -0.001921953064166239 -0.2901131849745738
v 0.7898420863503819 0.6127767749396603 0.025575432043756355
v 0.8769512474738819 0.47078209052836617 0.09654394228403809
v 0.9064887876148676 0.38046595425040647 -0.18309488137262325
v 0.8955843583006733 0.42655143958487135 -0.12642201768380884
v 0.9935131471166851 -0.10527679738700234 -0.042993283641005714
v 0.9955220036974562 -0.09145660285552953 0.02390878391570445
v -0.04471177567598175 0.16009996364593504 -0.9860876526741783
v -0.19853718718309496 -0.09216309842979795 -0.9757504540574112
v 0.4819240362286137 0.06001221593183769 -0.8741554537060742
v 0.30415673521303166 -8.810750062032409e-05 -0.9526219988335448
v 0.4324712386013295 -0.09004125834009245 -0.8971405684613558
v -0.08725706844518155 -0.15272321972837283 -0.9844093773233532
v -0.07199734447632952 -0.40108697370358426 -0.9132062318631302
v -0.1486321828799906 -0.4942560429712772 -0.8565158715392869
v 0.808214742522252 0.06302254229624746 -0.5855058403912019
v 0.8670682005830395 -0.10889971761256198 -0.4861415298466017
v 0.9826713707600914 -0.12339328617795374 -0.13831512576247265
v 0.6919881429243533 -0.5454698408015787 -0.4728795436768283
v 0.7866315787493524 -0.45302291840299286 -0.4195008876223465
v 0.774817310705167 -0.5366868664072854 -0.33410378994788636
v 0.794127677538283 -0.5862893025862558 -0.16008149624667642
v 0.9158369801253408 -0.3333160758238302 -0.2239263705602779
v 0.9368447652505464 -0.2608230242756303 -0.23300908958742902
v 0.9001936287962345 -0.4286513522760615 -0.07687293975496759
v 0.9090398345109869 -0.4131377200861282 -0.05444082580447805
v 0.6577493572438639 -0.6117008034086764 -0.4395314666260697
v 0.7948119974383998 -0.6057246358713378 0.03703450048962969
v 0.7070683512669762 -0.6916928944958682 0.14702138055578098
v 0.5714171517464879 -0.8057704973419877 0.15561601557415977
v 0.7230546711311692 -0.685736380368735 0.08341198471552023
v -0.12523861841275746 -0.533021253814007 -0.8367817107469592
v -0.18346728279605734 -0.5961115098974921 -0.7816590202327124
v 0.2592113325778706 -0.5386727030120025 -0.8016490529483257
v 0.14509084829394553 -0.740174340641207 -0.6565748938222491
v -0.07817743752401263 -0.7225190698084244 -0.6869166485282974
v 0.0694943953165262 -0.8250810842576839 -0.5607242935879942
v 0.5412597778287086 -0.3776421157540145 -0.7512817616005653
v 0.657651159283228 -0.39886118436657914 -0.6390654960949745
v 0.2829067180116783 -0.461465870657789 -0.8408406740411107
v 0.3431669787097364 -0.5512531015795712 -0.7604974968546144
v 0.3925560305805967 -0.6181719544532758 -0.681001613494581
v 0.3750211657934861 -0.625644853842216 -0.6840523679278121
v 0.16983737805795557 -0.9460260825063765 -0.2760252094139911
v 0.36461492065016543 -0.9104383606983502 -0.19534060255915675
v 0.23250696049399222 -0.9695667247063782 -0.07668689369110887
v 0.35989286598580755 -0.924035484031241 -0.12897887138470315
v 0.2980263683157862 -0.9541688472714277 0.02724141489016597
v -0.1959901801097077 -0.708343810243627 -0.6781127456331322
v -0.23012147923331766 -0.6177609137432934 -0.7519411933432832
v -0.3632546235508259 -0.6041651240910338 -0.709246488395264
v -0.4293269246774022 -0.612116866797602 -0.6640717831145447
v -0.11093136793570291 -0.9003780537242296 -0.4207298325287641
v -0.46058832235540026 -0.6448837138889874 -0.6099044128964672
v -0.562608818357643 -0.6282867273352796 -0.5373333283545147
v 0.3426422302667155 -0.9372162969154018 0.06497626362013056
v 0.18332102764130914 -0.9826715921173991 0.027385084808896763
v 0.07250536298277245 -0.9970404195502475 -0.02556118388891597
v 0.08644691475974718 -0.9690671822650558 -0.2311616905661188
v -0.21081291906043043 -0.9132026452298253 -0.34873893086730395
v -0.4812209862861428 -0.8479768801054446 -0.22217464563812953
v -0.39243918453121657 -0.13992278192232396 -0.909072660211268
v -0.5314632428953815 0.03746349955109233 -0.846252508210469
v -0.5537566672777527 0.04508861992627835 -0.8314568959354297
v -0.4686392525391257 0.1918048374713324 -0.8623155775597268
v -0.47163086398948706 -0.4752897928125789 -0.7427408302905568
v -0.6826089458149676 -0.6919354294106055 -0.23509655169682872
v -0.7833125927290142 -0.39820107692956824 -0.477343989596896
v -0.9357864791443397 -0.23603499090874636 -0.2618991189701644
v -0.9563512960226862 -0.14746756383120788 -0.2522806298815208
v -0.8189192334721662 0.24077467016432091 -0.5209595447408772
v -0.6411450779420629 -0.24872315311298562 -0.7259957177120264
v -0.8390968004140028 0.0846623517896938 -0.5373535574688433
v -0.8121174843686898 -0.023209010994499683 -0.5830321889838744
v -0.7081235538452766 -0.13892992610082466 -0.6922857127827753
v -0.8415786006258076 -0.194416959469571 -0.5039320438703165
v -0.6730068744978125 0.4449452828853591 -0.5908345302339341
v -0.6996029482381667 0.4704402684886632 -0.5378119267929818
v -0.7520346835776198 0.4750753306852674 -0.4568886788601716
v -0.9256508291364074 0.23613449703258418 -0.2956535841660811
v -0.9367948135610724 0.19857917601004124 -0.2880655969397401
v -0.8350319604867655 0.4424445728761166 -0.32705416202534326
v -0.10742980484864242 0.5868867241414122 0.8025103177260369
v -0.3839486062920373 0.5546952952241069 0.7381711164646331
v -0.31119879481544377 0.5246690414718108 0.7923873465840218
v -0.2752718758658822 0.6357283514944959 0.721162157536964
v -0.4490934926712841 0.4194058549137442 0.7889320399783359
v -0.4294079633066001 0.5322172414522947 0.7296256635767328
v -0.6061681601797753 0.21254126136826 0.766411360693626
v -0.08187542811486151 0.7974753414674745 0.5977704358885132
v -0.06744214718420144 0.8872710119153021 0.4562912536943705
v -0.08484760709403197 0.9938602845968727 0.07101139536328041
v -0.05462917624274732 0.996427577361592 0.06440292055759193
v -0.18899069247805678 0.978641952795851 0.08088539042736868
v -0.6774516263300739 0.5485014709474568 0.49010757018354045
v -0.7347577763228673 0.5902153934896286 0.33433037466099047
v -0.7063178118403649 0.6595412439239899 0.25713906012162935
v -0.37402975590478565 0.7055416012544462 0.6019242399148904
v -0.21180942364247018 0.7894581142514088 0.5761012531654954
v -0.2793931518840144 0.7899154709839553 0.5458690459995988
v -0.6557067692970618 0.6915256338627912 0.30305268586282896
v -0.5794462603228796 0.7465324435825202 0.32700358113718114
v -0.5828623532488517 0.7958727051498465 0.16388445430447665
v -0.5472605056105062 0.7166502803840804 0.4323405077301365
v -0.3991903163602472 0.838108430127176 0.3717813210396214
v -0.8445988940155699 0.4306068492807965 0.3181673295298266
v -0.8665058995522583 0.327334037442175 0.3768553488713361
v -0.8077530342765313 0.5635200695428402 0.17314781788832695
v -0.8597178071261489 0.413911118268098 0.2992705770440166
v -0.6297830985626078 0.7743038144938782 0.061861552074859785
v -0.7612089493803427 0.6378278644445922 0.11720303204834691
v -0.6355424790985977 0.7708195825308817 0.043851208057771124
v -0.8015813016701843 0.5858423974715017 0.11939892016922224
v -0.8632617110175657 0.5039640623489523 0.028274408071017595
v -0.2741797162841738 0.010575543855135401 0.9616203206310161
v -0.2252384027341751 0.023308047113223193 0.9740248440740746
v 0.35939339704070866 0.19118934812089342 0.913390945503976
v 0.023784779165658 0.42061234917243084 0.90692862784438
v 0.35536278868377996 0.027632037555129267 0.9343199446225255
v 0.5943467957969267 0.0607910602823785 0.8019079331916292
v 0.47413599603605033 0.11878527972372402 0.8724019226158658
v 0.5006266331391832 0.1389692412313861 0.8544357928968676
v 0.7611851894683441 0.16103018794532784 0.6282247893105888
v 0.7167101952035762 0.2634861452742242 0.6456791365219897
v 0.6420373563687022 0.3902618357529145 0.6599119127443096
v 0.9617305881318418 0.07644717113724954 0.2631161452223975
v 0.9684758277587665 0.1503428267219916 0.1986242822522294
v 0.7438918202552074 0.36544300985324435 0.5595322745890497
v 0.9185175166114609 0.07447789226294253 0.38830222152594535
v 0.6249335982127953 0.5292555198583593 0.5738872646472184
v 0.7912240643747915 0.4437658607679937 0.42075686657626554
v 0.9045999372335455 0.3792375430925123 0.19462229950912704
v 0.7251764396004117 0.6453066515145464 0.24020503108709865
v 0.21602430889136218 0.5013519903069175 0.8378422761971981
v 0.09530467026016635 0.8460981414909998 0.5244377511126339
v 0.5399252505394315 0.3349299396814496 0.7722063579995393
v 0.37084601137424883 0.7782667248758975 0.5067288631988065
v 0.3880370331951307 0.5457569866331525 0.7426820129841722
v 0.49903656518358597 0.5265898234200679 0.6882337280896588
v 0.5828182294664522 0.45147877533561787 0.675640308761282
v 0.5595703242672013 0.6017589238291757 0.5698835405514459
v 0.5845599560466628 0.7262484108585322 0.3617359582792128
v 0.5591374010338519 0.6837606374380607 0.4688675265524435
v 0.6125010661923427 0.6612415912384925 0.43313046756102236
v 0.6743438042987713 0.6821468846533549 0.2827296612695295
v 0.6195591567560812 0.7576074792540972 0.20537127028371388
v 0.18705149288139672 0.8767528843455759 0.4430757483800643
v -0.046850949552530774 0.9056923731582496 0.42133871615246093
v 0.364222749856006 0.8486429614912047 0.38359733106314375
v 0.2906416448160508 0.8527872900709519 0.433913899514711
v 0.38710517577841813 0.8440516612638511 0.37111504416190577
v 0.2033904367533645 0.9658161999649685 0.16072149241001876
v 0.06786330558694302 0.992381072445911 0.10283179861267046
v 0.19133753640424733 0.9799703357214588 0.055209494371210595
v 0.10156536952835461 0.9916717831864741 0.07919311929913798
v -0.4294781285660064 -0.6514992610659375 0.6253776858139234
v -0.4065151583790353 -0.5938723836015787 0.6943061414127397
v -0.3139400542543027 -0.4489255213145839 0.8366047565291718
v -0.23385914536350727 -0.19065666144717247 0.9533939047296601
v -0.18250885209429685 -0.27126889724270375 0.9450416415671584
v -0.08381581776044256 -0.2555240731139821 0.9631626844684072
v -0.05551809856627642 -0.3897696181328833 0.9192373934474878
v 0.010794652229335885 -0.31593093063520894 0.9487207821857907
v 0.2775293912327669 -0.09882306078619206 0.9556209707090036
v -0.4888843725422855 -0.7353070066099394 0.4693779674359099
v -0.32948059433392607 -0.8132654840361433 0.47962671989039635
v -0.5023173331864929 -0.8376304107642965 0.2145986760053425
v -0.30869679365022357 -0.881047562340862 0.358415237515505
v -0.4968452155991056 -0.8647953384278999 -0.07262130795883723
v -0.35873532986303375 -0.9224411301474484 0.1428682068213862
v -0.36156271731104805 -0.928812657749443 0.08111379817926986
v -0.01729521430497106 -0.9872438624766817 0.15827328127093315
v 0.2971783339479669 -0.1433859477885398 0.9439944426789243
v -0.03348182819936795 -0.5422995571007985 0.8395178125261584
v 0.2734934249540812 -0.4421694734689474 0.8542174800594285
v -0.37179355594997626 -0.719198948827415 0.5869603255413549
v -0.3457423835135464 -0.7660624041080765 0.541858466072577
v -0.24607429875296638 -0.7981983518332803 0.5498425507578245
v 0.10218577078622622 -0.82919232087863 0.5495435953996151
v -0.04353023714958777 -0.9426983419244904 0.33079442949740995
v 0.06086149031337533 -0.8937468821601272 0.44442366006535555
v 0.4063274993274169 -0.7571280333870554 0.5115223400300107
v 0.3125957437775084 -0.8874257115325597 0.3387617267093737
v 0.3912412221655761 -0.06845488943318188 0.9177386524447344
v 0.6466793731912533 -0.38027415725652464 0.6612090090219639
v 0.7491678718537411 -0.12849599328223055 0.6497971064051834
v 0.45018296573500355 -0.6747937676852482 0.5847979723418882
v 0.5150942361418844 -0.5511860743631332 0.6564082870603991
v 0.49521148941806853 -0.8549274746528932 0.1544816941645992
v 0.7621122735718578 -0.6372220109065139 0.11459926390423544
v 0.7900557799636969 -0.387829429930093 0.4747633071605825
v 0.6023225241243747 -0.5246401837371563 0.6016313277586907
v 0.9193708519130188 -0.29251523724699446 0.2630438606602793
v 0.8532128614951149 -0.38147595550021074 0.3556738792131342
v 0.7689819253423368 -0.568226562566664 0.2928913998233228
v 0.8983440103383028 -0.40871172561276525 0.16103653137077623
v 0.9389316204495597 -0.09939100934757941 0.329437155434589
v -0.5075540676020889 0.1000996044376794 0.8557855675646758
v -0.7411995322306566 0.13673412351596828 0.6572115586988528
v -0.7681105109869166 0.23793470192197427 0.5944689399226163
v -0.7490632797400882 0.14713777031638398 0.6459525365623586
v -0.42469373916621833 -0.28119230275189566 0.8605615124940822
v -0.48407178493302705 -0.396824181636492 0.779875038644193
v -0.5327781248076889 -0.5973890531715295 0.5993945185578745
v -0.8442169923143991 0.2645051581007801 0.4661916893571907
v -0.9129070420292513 0.3237139158207496 0.24861623703491187
v -0.9990653853766693 0.03788276692592141 0.02081469942621113
v -0.9922847288023718 0.10866855479472413 0.0596838519570357
v -0.9561671348629055 0.27724995649916256 0.09421715252158087
v -0.9990933837230102 -0.018177499267973487 0.03849661181544216
v -0.9989468855378894 0.04566318072459673 -0.004471442749703422
v -0.5661747305410334 -0.47772027379008003 0.6717361941318326
v -0.8375335675006659 0.019878940727987217 0.5460241304421817
v -0.9078876182585854 0.14889939016045653 0.3918788642203065
v -0.9693721930838529 0.04124020790106763 0.2421090591615233
v -0.9910423219631912 -0.04632242735053874 0.12525713074376535
v -0.9355511127900736 -0.35293200098594807 -0.013532111339697504
v -0.9753361056611881 -0.2207233149653548 0.0008361963719929465
v -0.9603592656075939 -0.27235015654196615 -0.059459845216832154
v -0.7483519141531928 -0.5306453637556734 0.3979760175033936
v -0.6366985980531781 -0.7178734458397957 0.2815539220029008
v -0.8934753245213083 -0.4339769792856828 -0.11561066525894921
v -0.5090727041063484 -0.8559683379487503 -0.09035035341991929
v -0.7435791336128484 -0.6392039351353402 -0.19623557619112117
v -0.6025739659055032 -0.7870003820279178 -0.1324198410391163
v 0.0013392043757325057 0.5187699406949575 -0.8549128348334645
v -0.04324614064040467 0.5404681837406974 -0.8402522916860995
v 0.009379193528039037 0.4521095804171954 -0.8919130888285871
v -0.005702940068661974 0.565366979146018 -0.824819771444574
v -0.3093492015856587 0.4463489364755326 -0.839687857709921
v -0.5054142109933354 0.4112139913904249 -0.758590488083485
v -0.3696314575755021 0.5402544275697188 -0.7559746947232594
v -0.3725275335379067 0.5229461002142898 -0.7666489503200468
v -0.5040106630317162 0.46881920566831936 -0.7253839010805628
v -0.4613103928583978 0.489067472744273 -0.74027409014794
v -0.5343516970123806 0.4689049026932871 -0.7032755193593674
v -0.4280733542942418 0.6096654005030103 -0.6671291499947972
v -0.3438396866851985 0.5976017870909461 -0.7243247710288059
v -0.3766521535434141 0.6118063479942748 -0.6955761265203232
v 0.14018598157188725 0.6530049183547609 -0.744266395301587
v 0.02027106040337903 0.5968011648341536 -0.8021330648731044
v 0.028951536883749865 0.6403116371840051 -0.7675694208335868
v 0.025660607932546573 0.7169475702209503 -0.696654659608911
v -0.027998782043632472 0.5097015819283679 -0.8598955550436298
v -0.25352197954222216 0.46561131188406846 -0.8478989987814527
v -0.29100032846636065 0.5580833446303719 -0.7770854452881277
v -0.22201352113638817 0.6864097077464483 -0.6924967216847008
v 0.08907925148196634 0.6875924099359545 -0.7206119376987027
v 0.0901690387430967 0.6712790284910514 -0.7356996740248402
v -0.31240697595330996 0.6837227268339406 -0.6594885246814146
v 0.05388043394833362 0.7259034128052726 -0.6856829691010251
v 0.1723319978608071 0.6791917114735758 -0.7134425706242218
v 0.1107275057514848 0.7783563341237872 -0.617981259100496
v -0.5693141179827773 0.53885187691287 -0.620902641170876
v -0.6133501406955881 0.6565188315123328 -0.4390724641541341
v -0.48859554415165213 0.7065376439081458 -0.5119364725977993
v -0.7466351334413573 0.5915216534276146 -0.30436509497192266
v -0.7451479633199465 0.6182114311000863 -0.25013824021392456
v -0.7332212864128311 0.6156898414932027 -0.2886391592164651
v -0.5482146251007105 0.7389864964659242 -0.3916116480222546
v -0.571595752119318 0.7290954490561365 -0.37642811043382746
v -0.6169242232016142 0.6973024948538639 -0.36492976515716274
v -0.5991753319357005 0.7255108571379778 -0.33856006523903553
v -0.8023832656040298 0.5571962648196925 -0.21380696328603543
v -0.8939555706045953 0.4426938005635771 -0.06975411620534139
v -0.7172976641614467 0.6938489351632964 -0.06370020534733167
v -0.6997043479597589 0.7130100821490143 -0.04506049489369332
v -0.8088132527603499 0.5880613712251991 -0.0022239226517698886
v -0.6179203554596402 0.777514351215198 -0.11681552963130137
v -0.6847046528438683 0.6926392451551755 -0.22678274723802588
v -0.7368031177400634 0.6568884737890975 -0.16005842274479823
v -0.7526350999565652 0.6251796393450021 -0.2066175812021433
v -0.6722000100869314 0.7329293838024942 -0.10469796940736464
v -0.4641043603071531 0.8617636019555862 -0.2048673646250721
v -0.5561412241936413 0.8197726012466617 -0.13667414165700748
v -0.585054756037854 0.8101451593266248 -0.03709114796181154
v 0.12753048337575995 0.8233193416492691 -0.5530653103171081
v 0.01893606474627153 0.7337328613209674 -0.6791741409017801
v 0.019780573511916057 0.7788025286481075 -0.6269572156717341
v -0.23702644710854082 0.705616902111137 -0.6677748503995821
v -0.10192666738855577 0.8907115675411045 -0.4429941962639366
v -0.026854224645480856 0.9084754210845722 -0.41707464548195605
v -0.35180893760812165 0.7230770987781047 -0.5944661307775945
v -0.3736349561005103 0.7415737157662113 -0.5571941705226862
v -0.5998622486371358 0.5486082520751222 -0.5824038705357978
v -0.49483158758053036 0.6706014902918782 -0.552662049674884
v -0.4528761661094359 0.771751839259264 -0.44643283567627706
v -0.4485006842583761 0.7950175040305195 -0.40840458433378446
v -0.10014352976901823 0.9372587134726528 -0.3339421768285485
v -0.2616131164123163 0.7802663994556084 -0.5681046762715625
v -0.32207856224924664 0.8341366491089521 -0.4477515498049639
v -0.2482358458621859 0.8710017037377968 -0.4239516445479841
v -0.2915061586747306 0.8209071938980078 -0.491055535007194
v -0.40628091485875034 0.85492346355475 -0.32255494056840445
v -0.17840714693193133 0.9636748041238946 -0.19875050143428977
v -0.1955597711825899 0.9372026242780526 -0.28880376891817855
v -0.32120047460937545 0.9032746864004675 -0.28447336609751167
v -0.3984926212749093 0.8985162507502179 -0.18404395650828417
v -0.3246111822965043 0.9239888799360083 -0.2021685684834969
v -0.41287968907316003 0.897930595943557 -0.1524828095861937
v -0.4629444362191191 0.8728080311008805 -0.1545593407710011
v 0.2783121469934353 0.753229925269205 -0.5959756945671967
v 0.2206295629672684 0.8262475677451201 -0.5183025687184515
v 0.16849237639002201 0.8500979673198291 -0.4989426470619024
v 0.17655008760492494 0.9322562599774832 -0.3157979295364182
v 0.10331634666331906 0.9156041047542776 -0.3885805654806513
v 0.1471566846256692 0.9690062608107044 -0.19842322615973743
v 0.18359718707046513 0.9494593904197631 -0.2545956379114623
v -0.24504924014942805 0.9570716740009425 -0.15480529941581941
v -0.34618987075783386 0.9381291307458925 -0.008142937469396672
v -0.2712946582100888 0.9623982556956754 -0.013740664488762048
v 0.08019011154931757 0.9881062181918201 -0.13120841276521533
v -0.10154371583158087 0.9938355492110555 0.044494661471628026
v -0.018204580689328585 0.9960708624991758 -0.08666850709498672
v 0.08616048327653421 0.9941993599069671 -0.06437393791070169
v 0.1907853399466276 0.9814875985857711 0.016824026978875993
v 0.00623567933839867 0.32323234977802867 -0.9462990882169142
v 0.02916276076889029 0.4035068119507098 -0.9145117747157283
v 0.15717229241383465 0.13039086940482572 -0.9789254780999592
v 0.273061617833792 0.6063611978107311 -0.7468356249239371
v 0.33445728365207045 0.592122778864948 -0.7331636516913058
v 0.2511609635457222 0.6645663570354179 -0.7037540248463648
v 0.28943307620044306 0.7372596873950547 -0.6104724791039271
v 0.38069569387547375 0.6214795485448503 -0.684714509416268
v 0.3648496226405846 0.6373237119386667 -0.6787512350336775
v 0.383388392081469 0.6564566822960134 -0.6496752766468005
v 0.38410371395106 0.644030734227027 -0.6615804941955279
v 0.32178008868668445 0.46166569671690866 -0.8266331465648356
v 0.2509593509874528 0.4429955483876573 -0.8606824898071735
v 0.1678599847395547 0.47149317764643756 -0.8657466193731868
v 0.3369101003488501 0.468869225765466 -0.8164883547320319
v 0.3162536779851897 0.533536203962381 -0.7844250953547142
v 0.29123178935157557 0.2860512327207773 -0.9128848433017185
v 0.5550547806328072 0.3643330532151694 -0.7477804603167822
v 0.4579511359673149 0.3877844341012057 -0.7999399913337585
v 0.5856579724922639 0.23630934636192838 -0.7753467818197537
v 0.591090429452593 0.19368695653377366 -0.7830054068001275
v 0.5426960138022269 0.42840795784016683 -0.7224594509468272
v 0.5664534625308258 0.39943776172938505 -0.7208189434882086
v 0.6138677745133609 0.2017970154986833 -0.7631803980382605
v 0.59171604797636 0.3594114760692992 -0.7215923429727658
v 0.6066811595041108 0.25460639396864554 -0.753069422333048
v 0.7352994067823602 0.12388603199941874 -0.6663235201168785
v 0.77607384759365 0.08128831214733959 -0.6253811584861065
v 0.34086243830352597 0.8569557201398147 -0.3865743031726584
v 0.2605945438594043 0.9348613762054708 -0.24109062816692411
v 0.4616493134147229 0.8274571345590643 -0.3196789043571961
v 0.5454034621477094 0.7645291496888965 -0.34355529795546036
v 0.5145921192539352 0.8317599714041388 -0.20825537393193436
v 0.5633539775071853 0.765821379006152 -0.31008049194354287
v 0.5513436520260782 0.7897645938943526 -0.2688718348980328
v 0.26698803853728276 0.9633925634869286 0.024334253555400268
v 0.5309870202772097 0.8231259648449688 -0.2012869352321936
v 0.2979521162715795 0.9541312296832938 0.02929390640274891
v 0.5297607847701864 0.8251507367155838 -0.1961626177879098
v 0.5125840911866566 0.843968042088429 -0.15803636732022464
v 0.570995129489647 0.8080873333409982 -0.14477369855376157
v 0.3479348569333994 0.9351571278674361 0.06650174080024407
v 0.5885143407888018 0.8084544972178169 -0.0072247224312666615
v 0.5225258419813916 0.8524815358513483 -0.015555561518761894
v 0.42337661180925 0.9052743285540092 0.035080402420829174
v 0.7101920602282265 0.7028434315408209 0.04047651576792045
v 0.5103150245931202 0.8514671286135013 0.12075721330505437
v 0.6800849498318036 0.7242082714660768 0.1140475363714204
v 0.6367299932361066 0.759529598641165 0.13300264847565402
v 0.6481215260178129 0.7440488459614968 0.16226460592410868
v 0.772164948781795 0.14071677077925263 -0.6196451260957898
v 0.7137678163580664 0.3510157696800675 -0.6060721357786938
v 0.8170472854426681 0.258447552162148 -0.5154013932190724
v 0.6743912945113173 0.39079834241660677 -0.626476685481417
v 0.7818529799268935 0.3301993684819988 -0.5288424102069783
v 0.8377471991476576 0.36569103787026136 -0.4055239760379476
v 0.7551805624665734 0.45598791787609405 -0.4709324121609112
v 0.7911629510448573 0.463201252370936 -0.39938175308342394
v 0.8217426580511983 0.3788487519857833 -0.42569076459064253
v 0.8594734327139548 0.39586137373561914 -0.32341798225058455
v 0.37295329050568676 0.7208429253099795 -0.5842014379745503
v 0.5229746649182442 0.6328524097661823 -0.5709600049975362
v 0.3672328127044135 0.754523061288283 -0.5439071715443392
v 0.5902409859738458 0.6889877015808029 -0.420608518157948
v 0.4910982498603802 0.6879235457087428 -0.5344003220840935
v 0.44164294501298 0.7529890575091712 -0.48781040209461735
v 0.6081560551215521 0.6930134724906438 -0.38714149811851917
v 0.6229873880536966 0.6482607217829365 -0.4377724876228511
v 0.6441439646125254 0.7045014731629868 -0.29791983345262374
v 0.8268144255392906 0.5240652124635486 -0.20428793113071644
v 0.8054185065342384 0.5335851203917772 -0.2580464078972026
v 0.7248641839871263 0.48441384205824173 -0.4898113355109806
v 0.8069088996774182 0.5482351192856694 -0.21985513776849958
v 0.7547437225785839 0.5908896973452508 -0.28497592670164207
v 0.7790915669805432 0.577993774983712 -0.24277464105602153
v 0.6695217580211061 0.4600437651719394 -0.5831812322621097
v 0.6435859172319187 0.5327160922485722 -0.5495550310934844
v 0.7216473177754601 0.6417110339033424 -0.25967691024461054
v 0.6670217512765898 0.6433294460144247 -0.3757781356261758
v 0.6842992736394142 0.6678976562138801 -0.29265547136620507
v 0.6847916297032861 0.6785514277244794 -0.26576001170489894
v 0.6772194843907411 0.6889327268911316 -0.2583514423801193
v 0.849151420964301 0.5055414074113963 -0.15287167712435495
v 0.7771458499112165 0.5948136394016489 -0.20552630573125705
v 0.8093372537790656 0.5753508223449082 -0.11808742893465934
v 0.6229710331563574 0.7338184882716816 -0.270956672032199
v 0.6307180500533112 0.7425525328883771 -0.22541179480675927
v 0.6640899263713255 0.7208499797224515 -0.1983932368460898
v 0.7791508541749068 0.5976960016937556 -0.18890059819336508
v 0.7411753270207747 0.6645916516933251 -0.0947474069048107
v 0.7338845137791564 0.6786811230871728 0.02838051444680104
v 0.7747990431586652 0.06937276705118618 -0.6283898964115183
v 0.7708549998236609 0.09274824162713835 -0.6302224471739625
v 0.8119983236171684 0.17727631673990177 -0.5560861713494074
v 0.8524603229744756 0.3366066361978942 -0.4000092126711472
v 0.8794705986394808 0.3493250693297911 -0.3232699523099074
v 0.8915008969906344 0.21789462634553425 -0.3971751282175588
v 0.9450562767277763 0.21223673251996583 -0.24864473287540453
v 0.8967373344025904 0.0355271358076309 -0.4411348724708158
v 0.9576624200534123 0.09551592559759779 -0.2715868133298741
v 0.9596296780090872 0.18410934462517026 -0.21263732105598487
v 0.8823931198234688 0.4619413248495125 -0.08940131142484743
v 0.9105931692443271 0.3787286528449792 0.16548319443314968
v 0.9380495907341355 0.28265126839712473 -0.20042760737238124
v 0.9064418536626427 0.36165893332610105 -0.21809626744641658
v 0.9052279385148503 0.34902549226848356 -0.24237075953773227
v 0.9125191669971331 0.4017493775707523 -0.07685185413749855
v 0.9489958340977321 0.31455782967592066 -0.021454105777786003
v 0.9693097856441805 0.23622927422595968 0.06807546880565221
v 0.9778418592255949 0.2022601767792802 -0.054001104020623705
v 0.9615332746076951 0.20237939392217869 0.1857319109304974
v 0.9496511177191489 0.25579293336626724 0.1809218888212574
v 0.9952574537599354 0.09721189706235085 0.0035281446723412083
v 0.984417558726118 0.1106512757062516 0.13666881596139321
v 0.9737590142060684 0.1315791350298453 0.18568875431006515
v 0.9930109930460312 0.032582435940964376 0.11343523508102653
v 0.9961445647907453 -0.035694481090865246 0.08013682085976706
v 0.19099279323258136 -0.037758448564118544 -0.9808649512013604
v -0.014630539769728989 0.17872607989568745 -0.9837900871990766
v -0.09272290889119683 0.003437234414856523 -0.9956860185752997
v 0.474119432746922 0.12948662272729225 -0.870886891637724
v 0.41118065061211984 0.11713597863907313 -0.9039964795675149
v 0.5774513493145141 0.03445351623792038 -0.8156977959965874
v 0.7565151066924367 0.0666194060851069 -0.6505741680077674
v 0.6745640819577919 0.09023704251925752 -0.7326804047398967
v 0.654051657582881 0.06183172558051519 -0.753918607626063
v 0.5707179745071229 -0.01413492717634268 -0.8210244803951989
v 0.38771061851027244 -0.0803462767295849 -0.9182728091967414
v 0.5202217274510262 0.036861532585270224 -0.8532353612593275
v 0.5004262088983387 -0.007650359486730711 -0.8657453906590321
v 0.5370113457867072 -0.033947721611127316 -0.8428916696075262
v 0.32093128428751383 -0.16984662176971793 -0.9317484831428391
v 0.328994096606448 -0.2546749156045596 -0.9093423842315488
v 0.44127667548310356 -0.2820491179107988 -0.8518938846830162
v 0.20847609703676678 -0.0657113722010738 -0.9758174688576591
v -0.006512937662751989 -0.2856814094544414 -0.9583025169199573
v -0.2774353236613393 -0.14930207329703146 -0.9490724588218414
v -0.11136350626493047 -0.30815320329295515 -0.944796154084399
v -0.18273640324773138 -0.26521357888912284 -0.9467149330716748
v 0.15072464512871175 -0.26708440939383976 -0.9518130066402579
v 0.2801893045907433 -0.32567435160356323 -0.9030117221279879
v -0.009892019716490208 -0.3004767343126281 -0.9537378466238753
v -0.10151954557542804 -0.3255174616438519 -0.9400702973879677
v -0.11212335835426342 -0.3466313589145873 -0.9312760350875502
v -0.14956778567074544 -0.383842220531267 -0.9112050412652336
v -0.2718626272536248 -0.3220135884698332 -0.9068615995528411
v -0.2350402591967069 -0.39803972048739283 -0.8867471214901479
v 0.881308170417203 -0.07100307856829056 -0.4671771308505023
v 0.9460458742625895 -0.0040905550509019225 -0.3240068998495377
v 0.8598817115730296 -0.12977115615122395 -0.4937234946135455
v 0.8543142118912919 -0.14395268803512362 -0.49942451979055197
v 0.8144397287632977 -0.253303051781963 -0.522039741944912
v 0.7924784110933234 -0.2669833337903239 -0.5483592503361333
v 0.7700562687432518 -0.27350615194817635 -0.5763746418916449
v 0.7320414039196762 -0.35485398561396786 -0.5815445226645949
v 0.8266934987308524 -0.2986519915999438 -0.476848872358454
v 0.69179077135644 -0.4992089067723452 -0.5217432280971375
v 0.6532878639373079 -0.5553989269247083 -0.5145357118831617
v 0.9543702524314992 -0.2092895224304185 -0.21301482829766527
v 0.9952349992222503 -0.05062790551283331 0.08333133568154794
v 0.9828827579257221 -0.1730745927894707 -0.06314007842159709
v 0.9906504495561506 -0.1348257274433166 0.020825705596140675
v 0.7252175009645917 -0.45998265465299537 -0.5123236610903849
v 0.7455906999745889 -0.5330519926558438 -0.39993759667857803
v 0.791613057889178 -0.5975316278772237 -0.12768993799724337
v 0.8636023594036701 -0.366265856500212 -0.34646830619059527
v 0.9266808533771881 -0.29948311573944925 -0.2270957053119197
v 0.8658585151687547 -0.4282671409663076 -0.258604500498936
v 0.8534234939684763 -0.40684163746995305 -0.3258039624734562
v 0.8839065976618503 -0.3859196166292805 -0.2641499121910911
v 0.8341135745540352 -0.5472788365914281 -0.0688507063422229
v 0.8875632606705848 -0.460413986720763 -0.015824637110935534
v 0.7447119618550581 -0.6047590541445018 -0.282259774499021
v 0.653058999518011 -0.6504313816387759 -0.38788266386628745
v 0.6848453357440542 -0.6518166998806684 -0.3257634968290468
v 0.7158321199614582 -0.6672094818591671 -0.20595116738854943
v 0.5403651073959754 -0.8276649255863845 -0.15157942361356466
v 0.7555974497400735 -0.6508257474831253 -0.07415079473160352
v 0.500564811657862 -0.8656893602460836 0.004098888465875232
v 0.396691659104909 -0.9177832927824163 0.017594177618186612
v 0.46897888168776214 -0.8832092761994548 -0.0004277454048848145
v -0.2331954481904375 -0.508392147292468 -0.8289495204863893
v -0.18393903590512367 -0.5984105863192752 -0.7797892030871643
v -0.1899995645054858 -0.6077974810821098 -0.7710268396612195
v 0.01152564406672604 -0.41092609882005987 -0.9115957990454836
v 0.21133329606527745 -0.4203987988296563 -0.8823848864961186
v 0.22312781814542165 -0.43241757627262795 -0.8736297937342623
v 0.09442023010735201 -0.5035276433258655 -0.8588042457703471
v 0.029696259108961797 -0.4001394969277482 -0.9159729882443817
v -0.12566202095188142 -0.6111134806079882 -0.7815045555270159
v -0.012057295821231004 -0.7166243043216852 -0.6973551663771769
v -0.04980816678425248 -0.4977273789082031 -0.8659021900923696
v 0.02171393594535306 -0.5840742733475325 -0.8114097289281865
v 0.06525002934859198 -0.6482397889053423 -0.7586353602027559
v 0.17223753725894406 -0.6701944821782322 -0.7219235325273896
v -0.04925973478856626 -0.7300999397450704 -0.6815625844431344
v 0.17287368549440987 -0.7129524046137039 -0.6795686555596258
v 0.10464950262123517 -0.851113106295569 -0.5144462672554205
v 0.37594644123758136 -0.2966663626804704 -0.8778686362860547
v 0.4715786064143385 -0.283988782736521 -0.8348436915088593
v 0.3387772109424635 -0.4016887590114367 -0.8508091103355073
v 0.6508964002325095 -0.06261035849409198 -0.7565803454846036
v 0.5616572191997308 -0.08586412646532855 -0.8229024972055752
v 0.6208970270503145 -0.14172503151230081 -0.7709739925853002
v 0.7629123626034753 -0.07734527154840097 -0.6418585794050645
v 0.5583662747548431 -0.17575208243407142 -0.8107640277765698
v 0.6084947514943769 -0.17619515490543547 -0.7737502211900465
v 0.6869796080171964 -0.22053289222543665 -0.6924046949690789
v 0.6492880326747048 -0.3462099863946126 -0.6771733130787522
v 0.5995255803805462 -0.48600370546418514 -0.6359005242523793
v 0.25388080314478495 -0.7365219808576307 -0.6269608516551182
v 0.34406047170848597 -0.7331688548817725 -0.5865882900630429
v 0.33170120370570966 -0.8224932585599961 -0.462038040732084
v 0.27234170916658695 -0.3393592280514443 -0.9003695395694759
v 0.31036812602692965 -0.49183170548433924 -0.813494437489832
v 0.33558971840496027 -0.6906483584289671 -0.6406125083857266
v 0.35142560571652304 -0.6609478217257967 -0.6630595905367025
v 0.39808831966038566 -0.5938084541033939 -0.6992261505302189
v 0.452713282712413 -0.4860040332701579 -0.7475632169260938
v 0.4295041297767869 -0.7651091761361917 -0.4797229941298238
v 0.43730943660201305 -0.6612200463328536 -0.6095477889275038
v 0.47792218737942765 -0.5425725501785451 -0.6908005577612204
v 0.5982146757836067 -0.6169672206154326 -0.5113615651994022
v 0.6809518930764196 -0.5588972073884869 -0.47322133393264415
v 0.2220214022037833 -0.8805563458280957 -0.41872069304649506
v 0.3168134998467818 -0.8934242648477987 -0.318468662973304
v 0.12249319780468851 -0.9350667934902578 -0.3326341957818364
v 0.45126900064231457 -0.7482870530283043 -0.48623325197841244
v 0.4670298666663877 -0.8054318660551907 -0.3649145280533916
v 0.3853320933020494 -0.8425562296038086 -0.3763219071848924
v 0.2996317869317962 -0.9432651209048232 -0.1430793623988734
v 0.3665950712946157 -0.914230657373045 -0.17259883783428512
v 0.25834073827804793 -0.9623908231807701 -0.08404740569103175
v -0.2011325944208204 -0.6233474265006542 -0.7556346109969827
v -0.3341844648021109 -0.5979229629530878 -0.728566313974457
v -0.23811599682420065 -0.596034489958907 -0.7668400477517087
v -0.24643998958628643 -0.6246645478935506 -0.7409868650237039
v -0.3554739780171685 -0.638965137159273 -0.6821743211582221
v -0.43405433993216064 -0.5970190928030114 -0.6746591975321509
v -0.46493540905346986 -0.6245445542467645 -0.6275182588331538
v -0.1686337033652429 -0.733444001267645 -0.6585002438069633
v -0.14998849048136126 -0.6376338545746854 -0.7555967973882312
v -0.1877575871743971 -0.7493706822923942 -0.6349729671246487
v -0.2840314942823101 -0.7081354392656662 -0.6464288900658602
v -0.28311435440226684 -0.7798687816159533 -0.5582570606738766
v -0.24721002427001637 -0.8153871601035689 -0.5234796873219197
v -0.48391656179918124 -0.7089163705407658 -0.5130909673691076
v -0.327123438608887 -0.7966413546935458 -0.5082841802621144
v -0.4401238200235248 -0.8107218368889536 -0.38603254557006067
v 0.09703857774191937 -0.9345853094908114 -0.34224817561791254
v 0.11582915573667428 -0.9321572950451009 -0.34302534013616265
v 0.09692614061404048 -0.9326493595547757 -0.34752049635630716
v 0.13205891898099997 -0.9875690932982342 -0.08525096996324101
v 0.17097374281781202 -0.984085739881011 -0.04840698120841614
v 0.4196881928392319 -0.9030000723488801 0.09193851276400357
v 0.20927035480572112 -0.9754938615244221 0.06795325398874721
v 0.07755222665661848 -0.9969480209113952 0.008960789108827203
v 0.040440737570252065 -0.9672397465982918 -0.2506228627744209
v 0.06729441654103331 -0.9921224238844517 -0.10566246981801108
v -0.059418356742141076 -0.96419506884801 -0.25845179065203827
v -0.10597103407367556 -0.9882844772730736 -0.10983593181852541
v -0.517046854153854 -0.8011338207981741 -0.3014086126555152
v -0.455302734993746 -0.829671978162077 -0.3230229529922611
v -0.4110173402959711 -0.8795506239071369 -0.2396986565681841
v 0.006246395178709178 -0.9500135381210669 -0.31214621563293604
v -0.3761168122770224 -0.9111871831011353 -0.1681489246911476
v -0.32411485721440936 0.24670763767574538 -0.9132824868819812
v -0.3355947024738636 0.1735813878792756 -0.9258756382222093
v -0.23453828417831282 -0.26470516858121335 -0.9353731699065803
v -0.30759722523619576 -0.30710560933562214 -0.900594299194476
v -0.33888561578341514 -0.3563712717729893 -0.8707215720711171
v -0.3202543860815391 -0.3078589809716572 -0.8959129288221201
v -0.34159631865057155 -0.31049081837651427 -0.8870780161791068
v -0.3958358055421307 0.2997435896041142 -0.8680252274802
v -0.4054050153315005 0.15794655309632188 -0.9003886160481243
v -0.5857437772882625 0.09635253163116518 -0.8047486669863725
v -0.6020095360001122 0.14245880265432007 -0.7856780562744686
v -0.6283790807141917 0.1989138742835432 -0.7520458772829608
v -0.5920506471131769 0.22760160343337008 -0.7730934881160411
v -0.6019960473725728 0.3244830717642377 -0.7295968030948625
v -0.6217361265414585 0.3496591338598687 -0.7008442616313485
v -0.5927488778121939 0.4454344294342669 -0.670996972367949
v -0.4247072726161563 -0.5060934061667769 -0.7506618391935584
v -0.5763228813020823 -0.6094713854060998 -0.544423150553717
v -0.5221699141616123 -0.5437878483136548 -0.6569880948471288
v -0.6025881029103796 -0.5322987094159372 -0.5945970586750303
v -0.6289823814872489 -0.752723850092634 -0.19439127881762264
v -0.7085158921421741 -0.6587329780691724 -0.2531325624768535
v -0.7288504214525813 -0.5600414980272055 -0.39386620016934437
v -0.6201619247502766 -0.5923480363521283 -0.5143179861912374
v -0.6838177031931767 -0.6231086930583081 -0.3796431290498693
v -0.6904495724348149 -0.6547766325632698 -0.3074848766584889
v -0.7134002926777271 -0.39849728909473725 -0.5764199276495208
v -0.8784498519415977 -0.20524408764170832 -0.4315098169357305
v -0.9016484342853772 -0.14666372250027468 -0.40684131237263754
v -0.6509596988311843 0.3308510700798662 -0.6832196132464445
v -0.6896621063650501 0.3257766300217173 -0.6467115016572812
v -0.7437372635288605 0.05702650353677476 -0.6660351798013167
v -0.7807991243595072 0.05697444044497605 -0.6221789457506648
v -0.66963822539312 0.3151325113431827 -0.6725147934334915
v -0.806729477429097 0.0723505263711613 -0.5864750221286428
v -0.8415858724305587 0.13838497638747224 -0.5220946443275722
v -0.8292666589063826 0.07843521014312263 -0.553321539645846
v -0.42489684660449395 -0.3159525329362896 -0.8483140141932702
v -0.48760817697581676 -0.2793084862161909 -0.8271789620595658
v -0.4301484001824286 -0.378856827036367 -0.8194143386763704
v -0.6131172918437607 -0.01726785942911012 -0.7898031447600783
v -0.6042636039236374 -0.10395498166934407 -0.7899739608109522
v -0.5334608981987571 0.0016421053161576537 -0.845823133747893
v -0.5395156313137663 -0.22736157969447737 -0.8106969813974515
v -0.6937737856651038 -0.27446175143520346 -0.6658443371562388
v -0.7439161156381772 -0.30849282501307523 -0.5928077174002193
v -0.6696116503228002 -0.38054270932140716 -0.6378146158048583
v -0.8340123441636632 0.038275574258703884 -0.5504165606136845
v -0.786845600448493 -0.1276160152365489 -0.603811356062467
v -0.8343593071606278 -0.05885626672118062 -0.5480697824384069
v -0.7468755433184872 0.029043120433356842 -0.6643293008352169
v -0.7676012453044667 0.03808127312770382 -0.639795392953095
v -0.7656434839417912 0.023728926647324556 -0.6428273434894023
v -0.8210305030802575 -0.17855824764478265 -0.5422415192603787
v -0.8581668554423442 0.08843125543180914 -0.5056971042857108
v -0.8738040991950493 -0.16110753849577428 -0.4588145129240802
v -0.9211940843524431 0.08723557744375206 -0.3791983820932244
v -0.9387970268360382 0.11906467643838599 -0.3232394549377252
v -0.8515234144071127 -0.13647206463473702 -0.5062442595139077
v -0.8842341179213552 -0.09933871844477107 -0.4563571449222564
v -0.8826276554480997 -0.17076376491024528 -0.4379590830567043
v -0.8822432554364223 -0.07376812982954502 -0.4649786030113588
v -0.8727138494427881 -0.04235044723729153 -0.4863917933205206
v -0.896586713671226 -0.12117777005808167 -0.4259673847983926
v -0.9473808711462185 0.09863184636761456 -0.30453447073910583
v -0.9605688526535436 -0.14665327161102476 -0.23622086537314538
v -0.9721257033122567 -0.11520509172159712 -0.20420431876203998
v -0.7346863061052261 0.46260716920154565 -0.4962163224086753
v -0.8808647784330211 0.30904677844009476 -0.3585628687579676
v -0.855544182742096 0.3383514123019789 -0.39187048009439973
v -0.7751053501124541 0.5572184965424559 -0.29785775688743654
v -0.7925624230286221 0.48566252685199246 -0.3687502076131445
v -0.8947565873020932 0.2064960720179911 -0.3959419423610645
v -0.9222312078052465 0.22786850880189727 -0.31235483355708765
v -0.9316126083223498 0.21141191745796648 -0.2956398978006418
v -0.9787292597689972 0.08827477391612384 -0.18519341338743123
v -0.993594212325305 0.0024190897337947586 -0.11298092422403311
v -0.9507487558170168 0.2521061419957817 -0.18033107463883552
v -0.894845405073766 0.37409431401819115 -0.2435264774878219
v -0.8761169375199112 0.3840867575267279 -0.29136999585293044
v -0.9107200165835667 0.32187484983259806 -0.2588158272580531
v -0.8956025709515077 0.30510922918208006 -0.32373506633197247
v -0.9086032704624428 0.2767610148973511 -0.3127993566776333
v -0.9365046106446245 0.25571210935437516 -0.23993839078166804
v -0.8777216289435664 0.38472769809000923 -0.2856384785126382
v -0.9341648099297069 0.2835300950865862 -0.21667208650212885
v -0.944314583264368 0.21571616422823017 -0.24846831654136953
v -0.8341846058247862 0.49161631097627434 -0.24989887192027374
v -0.9023185548424324 0.39576315905629056 -0.17085885262651623
v -0.9307815668185189 0.32335736114107494 -0.17054527805466668
v -0.9167241000270013 0.3815798902050628 -0.11837952449970712
v -0.9309862420534692 0.34460110703155666 -0.12047694443247124
v -0.9088523068525559 0.40321550208517126 -0.10679299231218577
v -0.28169262898070174 0.27223493373212393 0.9200746728574842
v -0.13920022521662243 0.34208482781597116 0.9293014946064377
v -0.25037672381963516 0.39940051757541617 0.8819244427556341
v -0.22156004733822338 0.4538646236667587 0.8630863507247207
v -0.21048108072594904 0.6274543043942834 0.7496657992422506
v -0.33110234388406234 0.564067971730215 0.7564380748895719
v -0.3178830668166612 0.6859746206239963 0.6545144579694161
v -0.4000057843076628 0.6069655756322446 0.6867227697679971
v -0.6064773092150593 0.26460903066123204 0.7497781900667587
v -0.5404046532374869 0.4066487374963533 0.7366136131323487
v -0.3097081970451785 0.31479854466199325 0.8972082862756652
v -0.3703529065775769 0.38673622013778214 0.8445553981966378
v -0.37402342394898075 0.37617437574072365 0.847702375467686
v -0.6503306938209417 0.2448187265599994 0.7191201428133639
v -0.5348680362638165 0.4679996731343808 0.7034859556021011
v -0.6766834352986787 0.38701037025095775 0.6263565292312322
v -0.6124380709468978 0.4257296910264058 0.6660884621680544
v -0.6921871674022056 0.38328823074614937 0.6115284600533302
v -0.6771952952474107 0.5001233530382609 0.5397065534533922
v -0.780491389013101 0.2739233421597304 0.5619601358605818
v -0.7997800552541554 0.2655239013886372 0.5383761891178114
v -0.1269524375559381 0.8396627262248232 0.5280621031538838
v -0.078860114914747 0.8538768293620833 0.5144661724099931
v -0.22903524254088722 0.8652805288098797 0.4459063400947916
v -0.0994771515803201 0.9044452191118036 0.4148290514648987
v -0.0464809435031436 0.9567723879872806 0.2870994940367784
v -0.11296736010577328 0.9320724281382795 0.3442083152033727
v -0.14408014408724545 0.9017527206706091 0.4075327506384649
v -0.2820475434199915 0.9092556179819686 0.3061101181257754
v 0.03471818409403428 0.9966500065799355 0.07405006466862332
v -0.017492817369004245 0.9948675854363879 0.09966187229059156
v -0.30362761105855507 0.927956191969852 0.21611936421266317
v -0.241669286724318 0.9354230480258641 0.25803038014187646
v -0.15358946912256757 0.9395765770411614 0.3059511903069875
v -0.09184827813044576 0.9582344941962626 0.2708330628577407
v -0.027715889263073158 0.9603488466890548 0.27742011849424203
v -0.09028731087759453 0.970880413583683 0.2218995809235999
v -0.16171914943903465 0.9566844077209257 0.24207821200673305
v -0.39777500887369116 0.8800697563940438 0.25933041895632547
v -0.3263964499198664 0.9452088920198881 0.006745956288301749
v -0.7552428822260575 0.4423949756518289 0.4836267924390616
v -0.5492191254018935 0.5897356884506971 0.5920896638688785
v -0.6762813515540157 0.5228468679555103 0.5189168393966291
v -0.6544014410421807 0.5361024286021597 0.533247541024601
v -0.62995884876108 0.5510797843879106 0.5472320532521727
v -0.6884273645419893 0.6124592303891802 0.3885375848754716
v -0.6861657010589434 0.6839153728018089 0.24786365916699346
v -0.44281004269023017 0.630621031300101 0.6373667554671121
v -0.21805857698738376 0.808429197891735 0.5467107910023025
v -0.39336748947421324 0.7058489425565011 0.5891004061419616
v -0.30922181572405827 0.7543722814004362 0.579054686307794
v -0.38576337532946603 0.8076131941539823 0.44603536505844427
v -0.595246268975933 0.7753253488483611 0.2110745903783736
v -0.5197688984893132 0.6561638574813883 0.5470733810910109
v -0.40745482442093117 0.8319535491582547 0.3766083616956636
v -0.5489731581222315 0.820710991349804 0.1583096343844096
v -0.6326456232231156 0.7623860187841096 0.1361141938930356
v -0.3804920447597235 0.8945505276501382 0.23453178325212898
v -0.5364033943667709 0.8414252529560456 0.06538304214137618
v -0.7544400574456558 0.5074034809990607 0.41636751457268073
v -0.7521806173065066 0.5837648346712108 0.30568437439570967
v -0.7766844538686108 0.6036026636531101 0.18006966304652236
v -0.8716949784079161 0.3841857205604663 0.3042189946993087
v -0.8462583425624978 0.44057532588268156 0.29956668684408677
v -0.8067326383483919 0.48339015326146917 0.33987705123072964
v -0.840624387032043 0.5059534192739685 0.19329194875105865
v -0.9071240041410915 0.3362556678075589 0.2530971492892118
v -0.8221440751143277 0.5492189105521506 0.14979221624074984
v -0.9154790579267562 0.3627940898706912 0.17400730689380786
v -0.8911411756739476 0.40399286061357104 0.20653613144367344
v -0.7408499820598848 0.6587328829724238 0.1311956286341404
v -0.667667210485225 0.7438517073779735 0.03008543624001434
v -0.7475721885456538 0.6590070332912358 0.08273785702896583
v -0.6659282007444092 0.7460112690509392 0.0026111113191731893
v -0.8250034975184524 0.5512697350202028 0.12438210616112083
v -0.8508402012733682 0.5110017748423314 0.1222625781058189
v -0.9145132717817935 0.39768964294312037 -0.07421875524914782
v -0.2142800102993442 0.060607925374257944 0.9748901253823127
v -0.014733563268572848 0.05898996475032107 0.9981498415429252
v -0.1187097195976891 0.14032630891666706 0.9829631374059061
v 0.17193143200029928 0.10990174428110727 0.9789592378103884
v 0.27958389838541325 0.018976836936553537 0.9599337078275242
v 0.32875811098527413 0.06910284730854595 0.9418826365079919
v 0.2696755221792231 0.2544822786636059 0.9287162551519932
v 0.20919335413510187 0.1897228627532733 0.9592931647491336
v 0.296196640837533 0.36247958186597085 0.8836719429102818
v 0.27545555466059213 0.40198187513796746 0.8732323914441041
v -0.011506367918797627 0.3497063141562355 0.9367887154191055
v -0.030718312472440588 0.22572029659648749 0.9737077246192716
v -0.039391479529037834 0.18785714371151827 0.9814061365699032
v 0.06800337611881806 0.46041072074302913 0.885097457380444
v 0.24903170421894247 0.4931599101424554 0.8335325508473527
v 0.06645271696945479 0.48540499184039254 0.8717603055334683
v 0.08507102724703253 0.5569936862359777 0.8261482638221738
v -0.13162786296026746 0.425625052602577 0.8952750528689865
v 0.03437158917568544 0.6021462948500514 0.7976455562816688
v 0.3719140990906051 0.023560501378733282 0.9279681059564527
v 0.4238651973789907 -0.01512600376257832 0.9055989722062651
v 0.525037054259025 0.09928252123766892 0.845268639328171
v 0.5202275181757943 0.12205849293237436 0.8452603466599691
v 0.6875072001891003 0.018070355382063183 0.7259526926353468
v 0.6798582026648892 0.11521868367090941 0.7242357897828643
v 0.7717954179172185 0.1220456077117404 0.6240486379443977
v 0.7495738869869245 0.2245795979613288 0.6226580057518263
v 0.5894461792001092 0.1994389422103574 0.7828009390364875
v 0.7231019856915386 0.16940277283065613 0.6696463386342368
v 0.6673817102481715 0.270341184369404 0.6939144737357578
v 0.7017952136801718 0.3590323127080443 0.6152879622478526
v 0.5949671382217664 0.31856836664025395 0.7379216084465627
v 0.6604927804853102 0.3893751902248676 0.6419783860568299
v 0.6885312120186152 0.42578971085290307 0.5870501615773374
v 0.9302605736808803 -0.06238332497444998 0.36155716812151806
v 0.9335501677084108 0.007871050187667225 0.3583603367290262
v 0.9496647347126265 -0.020481164576101933 0.31259784634703297
v 0.9614266479230449 0.08491187852447254 0.2616271651585563
v 0.7524057979778369 0.31807131340195366 0.5768155292293116
v 0.8993107980430565 0.12395369994232662 0.41937521242172693
v 0.7574570376399364 0.425306959374396 0.49535121523767134
v 0.6654903069938689 0.5216646214606964 0.5338433047378928
v 0.8185888150077353 0.46354867986907106 0.33916806060694016
v 0.7377995154686584 0.5492531824409308 0.3923937009595368
v 0.8081616499020275 0.4538893603213847 0.3753121317179567
v 0.07338687924136261 0.7417026225490219 0.6667020216401902
v 0.1405134154755703 0.5539677985506133 0.8205946979114457
v 0.28002856590431785 0.5433970824514885 0.7913934628620465
v 0.29019344948191955 0.551083993635825 0.7823644891201124
v 0.36408267979380154 0.600061420465585 0.7122991604255818
v 0.2203569430195765 0.7168072678783722 0.6615362109361895
v 0.24937131670741974 0.7685315398602922 0.5892140686062883
v 0.26032237376946016 0.7852298984349196 0.561824054592645
v 0.3216524709054249 0.32569476063795005 0.8890796425818236
v 0.3176690134884655 0.3434270780639932 0.8838236475234713
v 0.30870803691672544 0.34347486630063906 0.886974838517294
v 0.33763692931852834 0.41523721854673706 0.8447362643416727
v 0.34750489037295584 0.365514103992262 0.863504366491342
v 0.33816989496263605 0.32435245716635025 0.8834232313399454
v 0.35457242658816496 0.30304974812038904 0.8845559589237693
v 0.4126330880595567 0.090056199197778 0.9064346725630503
v 0.46376342782626084 0.20759169418423382 0.861295054854349
v 0.5556806554416324 0.43240073329275586 0.710104650749342
v 0.5901381942534722 0.32727744794144153 0.7379880647762457
v 0.583470537783394 0.382230747125943 0.7165624798231487
v 0.4461879765681035 0.6823084973038042 0.5791126005131353
v 0.4615877671196977 0.6654444422112372 0.5866177866171697
v 0.4395387495053617 0.6950903591894021 0.5689069170305552
v 0.4610015234558476 0.6610519278429942 0.5920202226836921
v 0.3463041907125592 0.5388780513214797 0.7679087532375732
v 0.3684727882432477 0.5517871664493909 0.7481702528609374
v 0.33040360031548405 0.47665691307044794 0.8146358991112026
v 0.36319866482594426 0.4417768276288366 0.8203169902171066
v 0.4128468186041181 0.4618374695886116 0.7850246213033364
v 0.48398169259273616 0.6243020230405794 0.6131954869880487
v 0.5434898949148216 0.5955946073675799 0.5915114519602598
v 0.5661715809324347 0.47451834377427876 0.6740045121259822
v 0.5990774927865353 0.4557221279100665 0.6583490713669458
v 0.33212977965576373 0.8593819888171593 0.38878323878798804
v 0.48426099493186603 0.6898130490129453 0.5381907154523045
v 0.5676676541391726 0.613438260632994 0.5490418334113492
v 0.5942185525499415 0.5000380540796615 0.6299732186987618
v 0.5693702702001251 0.6022489309509584 0.5595656535033796
v 0.5519777629621496 0.7187179143370251 0.4228062308035888
v 0.7017924567592362 0.6404113306082745 0.3120267220357494
v 0.6232754885411568 0.6812449120130122 0.3839700968046414
v 0.6374378686668439 0.710075774321188 0.2991076032327445
v 0.6854283896009452 0.6628251297853296 0.30141461486483334
v 0.7141524631843699 0.6699657895749965 0.20281050299934833
v 0.7096885641768045 0.6966693494480519 0.10485208350954965
v -0.06395922853286079 0.8256433359623734 0.5605553486199241
v 0.0027520529222911285 0.8415638268898155 0.5401506747892495
v 0.03467645882133424 0.819933059431009 0.5714081914496131
v 0.15035577487593635 0.8644652288328198 0.47968011122046444
v 0.041676837190240026 0.8622891791846654 0.504698338319886
v -0.018963528225278765 0.947386190123746 0.3195305796947489
v 0.33596899742832326 0.8658498380132184 0.37071402830145356
v 0.373845850449754 0.8493409379589114 0.37263823100773874
v 0.3379782505662686 0.8715266438351491 0.35526329845567417
v 0.5467866820934358 0.7877805127408776 0.2835951128474746
v 0.5609598932326328 0.8093188952324367 0.17414627186414705
v 0.6012639451899993 0.7816007430531041 0.16607813424226908
v 0.562265292316203 0.8145469441556501 0.14272707109468455
v 0.40757624125131947 0.8949577074099557 0.18147261367755269
v 0.4956262164864001 0.8183251174706074 0.2910303345840305
v 0.3141092626275641 0.8923818796422572 0.3240215301761905
v 0.3347249676341392 0.9365704477575976 0.103898952975752
v 0.0016493284446264407 0.9543415985788902 0.2987128938254425
v 0.2923921430716718 0.8799796029340495 0.37435642520195594
v 0.21244774103639316 0.8849827645393193 0.4143325521810676
v 0.20048658715210926 0.9769478337852648 0.07333524687609726
v -0.2757442452464492 -0.23703427858656367 0.9315470261819386
v -0.18555280445969374 -0.040162860111315216 0.9818131703256081
v -0.3523672306435581 -0.2792585900517078 0.8932256012066166
v -0.43556671767033883 -0.4196336602216583 0.7963599849734171
v -0.4483021482868827 -0.5317988395527644 0.7184811605683888
v -0.4654555350343883 -0.6498588573966464 0.6008615567407989
v -0.35732343722447735 -0.4292067018687091 0.829518877591746
v -0.3920254618087596 -0.5166416036256143 0.7611816410665606
v -0.3888194732110997 -0.5414050071902905 0.7454529062530539
v -0.22295671792083588 -0.45402291873219286 0.8626433163248118
v -0.3219491356988934 -0.3013804788750503 0.897506858456124
v -0.22464235927519546 -0.24281668822441277 0.9437032724002827
v -0.3048441081976588 -0.30338610230314594 0.9027884262807534
v -0.10489159328591488 -0.24047403708080864 0.9649714975832188
v 0.07332405055284533 -0.04459365362286925 0.9963106893269225
v 0.10597683031951675 -0.06843699410902394 0.9920107304221812
v -0.11531627612174006 -0.43980785703181885 0.8906577374920703
v -0.09393167146744533 -0.3305637740327199 0.9390976692509554
v -0.06296086836993149 -0.3670198858322363 0.9280799170641484
v 0.18686705558301198 -0.15392484722478872 0.9702514338791574
v 0.2209315265914073 0.012333040983449825 0.9752113394839556
v 0.13555089508707988 -0.05922727669802376 0.988998526053516
v 0.2550680639053146 -0.018244568885491967 0.966750959907347
v 0.21870492459511998 -0.04185892306919099 0.9748928077062269
v -0.48827187826146595 -0.6553645679446587 0.5762706447336453
v -0.48091472668490065 -0.7017916797471359 0.5255563375084357
v -0.46528575072002354 -0.7117797433311656 0.5261927091478219
v -0.3967725722399071 -0.7402285244891194 0.5428013056826494
v -0.446302257658265 -0.7353693786323215 0.5099472245037215
v -0.4492148486478864 -0.7447937112286899 0.4934453844838872
v -0.40664218499169097 -0.7745408289853242 0.48448801597140684
v -0.379173596778366 -0.7722194252066241 0.5098083393195018
v -0.42239694073839984 -0.7716316629141083 0.4755685032077384
v -0.3147812595420871 -0.8205108177540181 0.4771527602243644
v -0.5404939609443347 -0.7950342821372071 0.2752939672591463
v -0.5107255561144747 -0.8213444627607216 0.2540721941178573
v -0.6048768417036621 -0.7876915217700164 0.11690197989015604
v -0.4023235444268185 -0.8101176085626561 0.42643314352494316
v -0.3189476395380153 -0.8838947102689453 0.34205634680810326
v -0.49820209262778276 -0.7595949687345993 0.41810304755452476
v -0.4373680360433407 -0.7886080554844851 0.43221121673618135
v -0.4153352264173735 -0.8556709773892331 0.30874557187202467
v -0.40241102405187634 -0.8956932914067222 0.1892059603990133
v -0.28724578145024715 -0.8854211220389618 0.3654029251200689
v -0.2508704098962087 -0.8760052053627181 0.4119210089518748
v -0.20238091680168907 -0.9171128537998402 0.34343263955195164
v -0.22205002268880014 -0.8936331496554684 0.39001741148409086
v -0.3162786086403088 -0.9320889168690236 0.1765731937936241
v -0.2704238555866113 -0.9027939107359227 0.33441604786225543
v -0.47225648190177333 -0.8776434583755054 -0.08194983387684532
v -0.44159702775378085 -0.896671179106479 -0.031190730014270408
v -0.4173455874853978 -0.9086573199851496 -0.012827137010006286
v -0.4377951231968766 -0.8884127524684879 -0.13805148081928315
v -0.3861878734253148 -0.921984184952309 0.028356465172151075
v -0.24114092194220269 -0.9696591755077132 -0.04015145225974152
v -0.13133641617382893 -0.942278360594638 0.3079971378790654
v -0.2195581086383149 -0.9344433982997612 0.280374343164919
v -0.16496692087907225 -0.985366465153591 -0.04288174863965565
v -0.003882023432747792 -0.9923860617096008 0.12310497316752139
v 0.04078453249419228 -0.9879456411772136 0.14933195233497187
v -0.05992795906882573 -0.9939753142625752 -0.09176989897815184
v -0.05476433433956834 -0.9958209431466725 -0.0730856817359989
v 0.1066103273859215 -0.992576051263731 0.058540759752209875
v 0.1407997731673658 -0.9858364514427347 0.09111484447012375
v 0.06874577265654004 -0.9948249785172208 0.07481497751163478
v 0.16171127913277006 -0.9733687603572879 0.16248913367287018
v 0.26585373173564025 -0.960722427222166 0.07958775756725435
v 0.318793421769287 -0.1974814495985103 0.9270231018162928
v -0.05608070749509922 -0.4696450970126205 0.8810723222862329
v 0.08082559627667031 -0.49800467538468884 0.8633994245316077
v 0.18027618948960447 -0.3078036348404968 0.9342148670847014
v 0.258302139648561 -0.45310654678146944 0.8532141946291958
v 0.24157998449172677 -0.5463183379918364 0.8019821598182933
v 0.3495756836313583 -0.6092214241353955 0.7117907682655832
v -0.17694838398830945 -0.5986642225605308 0.7812108665590366
v -0.2458216205537044 -0.6191209897518702 0.7458290225762304
v -0.17475932580520734 -0.5956212559922793 0.7840245515634627
v -0.1515976199896011 -0.6324169324061605 0.7596492514440268
v -0.17684530797686784 -0.7394658670389571 0.6495505896624914
v -0.37274977467339926 -0.7202747963253678 0.5850314720246936
v -0.3649205725652955 -0.7403031073418256 0.5646098520028272
v -0.17544860292174733 -0.7116915159378336 0.6802300889220612
v -0.2154008670340572 -0.7335402635663976 0.6446092988841509
v -0.2875374047279556 -0.7405171239057771 0.6074180027663222
v -0.23685527134137327 -0.7894582024609161 0.5662643614116852
v -0.11784659806944534 -0.8555233794303092 0.504174500120347
v -0.15587217952986898 -0.8620179845638641 0.4823161389970917
v -0.12201907168701037 -0.8957741224732934 0.4274342846003832
v -0.04942119233287493 -0.9439224273465234 0.32644754080961347
v 0.29073797299373494 -0.6559603987017641 0.6965539364575558
v 0.13366862345049813 -0.5736692458578413 0.8081066114453863
v 0.015357738686461984 -0.5471782920811977 0.8368751738088196
v -0.06341567366299213 -0.579008250119094 0.812851707648999
v -0.09018547019187934 -0.6196747627238505 0.7796600345082523
v 0.05801524423461411 -0.8109032887643827 0.5822972503004856
v 0.06507749895780847 -0.5861987115582689 0.8075493729158744
v 0.018613955496866095 -0.6403495769372595 0.7678580207154403
v 0.11891339748645008 -0.6508266746959879 0.7498561484727537
v -0.049903393883283326 -0.7482505576734312 0.6615366612821463
v -0.0055775847752093394 -0.9350700377069269 0.35441912353997174
v 0.06777537912103895 -0.8499293784415547 0.5225194251383883
v -0.038495973669632186 -0.9138083271171329 0.40431720381726755
v 0.3869468700882106 -0.618056871847763 0.6843082805948613
v 0.41363849249833357 -0.6533898682263403 0.634022773741505
v 0.30223278058418573 -0.7179303762220342 0.6270815905749746
v 0.27317245662088074 -0.7802528491326176 0.5626564674507402
v -0.006697419901082808 -0.9829465812459537 0.18376932002801835
v -0.008730023526023537 -0.9505968539731533 0.3103053462407289
v 0.16082742444130638 -0.9391538491052571 0.3035203242920576
v 0.26522151847796044 -0.9274929689792788 0.2634660103889066
v 0.5301990799342249 -0.1268779229252318 0.8383262660271837
v 0.3614925288182162 -0.3603838677652936 0.8599108206454542
v 0.541281683826509 -0.4150385451371423 0.7312709106783775
v 0.5284626539124919 -0.5409055633099867 0.6543304937109928
v 0.5332372748640599 -0.5039440476045561 0.6794839259169329
v 0.6158229735864131 -0.36264206529292686 0.6994660804379783
v 0.48449369132495185 -0.5086400570354945 0.7117240725486605
v 0.48458573667421295 -0.279093988812333 0.8290254575227057
v 0.6255121574296938 -0.14090806275053233 0.7673848179105069
v 0.6163175009668806 -0.2980526843137683 0.7289151770784418
v 0.7166217281995095 -0.19213294373406067 0.6704761223223632
v 0.7933524868281299 -0.28041960604534644 0.5403301548025935
v 0.4737302267546143 -0.6072089924573286 0.6378690396452689
v 0.5224618888631958 -0.5523743313513972 0.6495507468624746
v 0.5594047844666841 -0.6444071673728146 0.5213498726904306
v 0.558807183360369 -0.6237690617404545 0.5464857632548938
v 0.6443382192666094 -0.6403623402192297 0.41804824173925953
v 0.4854216186295484 -0.8727546452539984 0.05162539447439325
v 0.6020886102378387 -0.6697983028376966 0.4345797267908491
v 0.5488027618585785 -0.7158041073714501 0.4317869942999186
v 0.6109755506405191 -0.7022037960544701 0.36553892450217484
v 0.5652400082630024 -0.7881568204016558 0.2435416997419394
v 0.6591587400150466 -0.7072956348501207 0.25542638936441314
v 0.7865030661322099 -0.5759585254347809 0.22290065936112768
v 0.7999798278793858 -0.5756578122607734 0.16926416681982218
v 0.8715077750250361 -0.1583545572626326 0.46410993553797864
v 0.8807374843397828 -0.26133037677541054 0.39497837643756256
v 0.9311480130300659 -0.23115310490896734 0.28201351017478643
v 0.6787305578838008 -0.5258978787466789 0.5125975525931508
v 0.6076970050499442 -0.5255574810450102 0.5953937219781142
v 0.6663836413954294 -0.6268314277464171 0.4037514132110948
v 0.9403557683396729 -0.24994205476091397 0.23078127786325253
v 0.9094997924121222 -0.2714187274386932 0.3148682295784491
v 0.8900817950471313 -0.3544116311170845 0.28661261984533104
v 0.8274979674715791 -0.5031780710979218 0.24911632342458073
v 0.7978858862072264 -0.5713840789105584 0.19208942438052493
v 0.9191334284874049 -0.3354058962501506 0.20663161761362123
v 0.9157784838847871 -0.3930107373093495 0.08302005066995735
v 0.8668596742631205 -0.4872510815739054 0.10554946064047771
v 0.9529557540804802 -0.19728783388183774 0.230114843865223
v 0.939539343263727 -0.3214492908439825 0.1180515814187395
v 0.9906072518755956 -0.018900905871994795 0.1354253605817545
v 0.9659489951478498 -0.14865070191112423 0.21176757918574135
v 0.9900301268103758 -0.08685431937219008 0.11089037475915006
v 0.9927636218353122 -0.09335505359371236 0.07553294068781052
v 0.9903065869106197 -0.006740041776645894 0.13873512806167096
v -0.6316447702778321 0.06841708541092813 0.77223311674943
v -0.5642457356895344 0.030688790265679836 0.8250363312656025
v -0.3639563793433721 -0.15824193222772648 0.9178753972190883
v -0.6752574807872002 0.17292335740947645 0.7170249975441292
v -0.7021969953162357 0.14786897204992103 0.6964582879640029
v -0.7362372838953437 0.06194417057851515 0.6738824686351077
v -0.4792145903873075 -0.037183192892245955 0.8769097938364374
v -0.6189557778256395 0.010527861920264286 0.7853552757953852
v -0.7048629269528709 -0.026944201252087352 0.708831619093222
v -0.7293684847011849 -0.05804854620186889 0.6816538562999161
v -0.5093798284157598 -0.1311932375553534 0.85048252470164
v -0.43975730016986253 -0.3295873051296157 0.8354553999135507
v -0.5987823864166395 -0.3190168571322304 0.7346345340253673
v -0.5325711983683303 -0.33447583848404283 0.777492014196234
v -0.611341745811581 -0.15837491778570598 0.7753571146538988
v -0.5565966195308015 -0.46693030493621446 0.6871508520398253
v -0.47832732979355536 -0.6056184037167275 0.6359475722511803
v -0.47030425432684486 -0.6387507534858812 0.6089428407357208
v -0.8275046100193371 0.2798817012239399 0.4867261588580771
v -0.8383430828145758 0.31058862654619795 0.44801292454247305
v -0.8711575103222626 0.29783794474315944 0.3903551599252758
v -0.8735397310416294 0.2567648817974425 0.41352162430429595
v -0.9108582585769169 0.3340753196642227 0.24234461738085664
v -0.9527632841423002 0.25841553059311945 0.15957298624345856
v -0.9733436587735425 0.19700887464562275 0.11742923501496173
v -0.9350728810880045 0.16043650388742137 0.3160677700654716
v -0.9692561661394253 0.16954872760953596 0.17831352547322377
v -0.9353386696758601 0.25716226291466193 0.24291797698318357
v -0.963567069382412 0.19578017104464066 0.18223234462499033
v -0.9737912239945931 0.1707531874865331 0.15024646762670024
v -0.9763388929780439 0.028607094644341205 0.2143455159186156
v -0.913854168042092 0.4014234177233195 0.06107208245528461
v -0.9125053664178151 0.3933203684653117 0.11239681494152994
v -0.9114233145507087 0.40208007626158077 -0.08740225378605222
v -0.9472160791510081 0.30814823023286836 -0.0884667598713903
v -0.9967530794742453 0.05824053295538423 0.055599810068755216
v -0.9877343865591444 0.12353457795146557 0.09549863694830514
v -0.9663462082298248 0.23532596666617153 0.10390714726366052
v -0.9948497314458337 0.0989396135697769 0.022021914285905494
v -0.9967221176369797 0.08075255949251575 0.004903503712908207
v -0.9554124410544576 0.25783939571099684 0.14389549505717947
v -0.9373172266451746 0.33536681546331243 0.09468640726205108
v -0.933198353728176 0.35023725854133275 0.08046549153813469
v -0.9939723984099809 0.10875956793731321 0.013792301519300354
v -0.9811148891941164 0.17567314257087896 0.08094764469018494
v -0.9775259869693839 0.19858133898882607 0.07077002617589422
v -0.9873577637203762 0.12038242604091604 -0.10311507126313449
v -0.994888303896788 -0.0322504511737582 0.09569310930501496
v -0.9993195652640338 -0.02228883548450049 0.029387315175896687
v -0.9992290455345664 -0.017174080654597426 -0.03530390224534345
v -0.9983216102473642 -0.05702114945694632 -0.010126748131483652
v -0.998716430230629 -0.046493406699134404 -0.020096146916715445
v -0.9949397306730804 0.0730277567919015 -0.06900636975034384
v -0.9847535734512506 0.13034605577527927 -0.11519681123546842
v -0.9962703098806757 -0.03362403120005256 -0.07946630843395423
v -0.9895895723069112 -0.09172118365579751 -0.1109040254012625
v -0.9861743321255845 -0.15353314341305066 -0.06235190879487966
v -0.5593808311599852 -0.5638222554488708 0.6076162851597319
v -0.6345809276742307 -0.44044928089195645 0.6350680886281967
v -0.6822577247000232 -0.2749449392763556 0.6774434865385218
v -0.6674935678257781 -0.17231124045466892 0.7244040124986793
v -0.7219854337681479 -0.23600308437959183 0.6504149272502426
v -0.7354095624106526 -0.11716059946141925 0.6674175375646143
v -0.743323307597537 -0.23731976117616466 0.6254196921568314
v -0.6359864695941039 -0.475690406712208 0.6076510902279382
v -0.6509204876564133 -0.44003794873870633 0.6186025561044577
v -0.6982757949003601 -0.4903275398114177 0.5215264307384171
v -0.8163128284396834 -0.3173452164014749 0.4826234347313701
v -0.7545737443877365 -0.4433157981915365 0.4838280348992519
v -0.8045629063119585 0.019984960565307283 0.5935310700696785
v -0.8227106452010592 -0.013964375558398 0.5682888266437417
v -0.8656474431382899 0.020407044818449533 0.5002380000658876
v -0.8617870105383584 -0.06259772432292558 0.5033931598432286
v -0.8632829345347512 0.0970184240862302 0.495307985327203
v -0.8896378648227921 0.09740090400768148 0.4461586414853242
v -0.9354112686287082 0.05999654142464882 0.34843388689895144
v -0.851902756959988 0.05440171049441348 0.5208667263122628
v -0.9169465185741442 0.054770448865650107 0.3952331969936379
v -0.9174615393908023 0.10784589454711097 0.3829276521328704
v -0.9204268810108954 -0.009566129923842818 0.39079770453629226
v -0.946305022909693 0.1075061762602355 0.304875754499745
v -0.9553521727161448 0.050637676906460635 0.29109801058072937
v -0.9660499437196555 0.03686852960246071 0.255711199919368
v -0.9809873321535058 0.004117625879680505 0.1940280889754428
v -0.8220420424087166 -0.4578171270714176 0.338600588706782
v -0.8408001998566157 -0.20591512959122546 0.5006535561908095
v -0.8916031311188493 -0.24408799716987764 0.381398618530091
v -0.9445771108400022 -0.25658304855649144 0.2047906757413812
v -0.9714007236018363 -0.18155565078049052 0.15302999658727567
v -0.7992522954503164 -0.18367418726700424 0.5722408244342636
v -0.8406789035066273 0.008604612094595378 0.5414655500118142
v -0.8915999300673375 -0.06983738504710522 0.44740619615032307
v -0.8649704059329019 -0.08147594858500809 0.4951644844518274
v -0.9517141270922554 -0.18817550352287934 0.24254937676056176
v -0.9024562475692497 -0.11018818258738297 0.41645082019527674
v -0.9436532581281873 -0.04255011160360169 0.32818899498090687
v -0.9744787765486259 0.011526644270035023 0.22418351975148704
v -0.9317776614954438 -0.353378849210191 -0.08314913390386669
v -0.9669717754451455 -0.12821406501285276 0.2202878549201996
v -0.9806548308114045 -0.18323279646348634 0.06886105652998809
v -0.9611132605756567 -0.27490596776120435 -0.026229930135349105
v -0.9660140102905307 -0.2443137953370416 0.08442571486470553
v -0.9879839444399858 -0.14575503384155347 -0.05141201842618834
v -0.9697783239497767 -0.23446832137412388 -0.06748784089865789
v -0.984139549171975 -0.17208084512569197 -0.043099077674698
v -0.9834828127303014 -0.17542970922523024 -0.04456427027615607
v -0.5668568106477668 -0.6398981925930485 0.5188483972591527
v -0.6700010867254539 -0.590511432290948 0.44988308716865977
v -0.8283474866559423 -0.4857987843842947 0.27899817641254404
v -0.7513659540010054 -0.5719362801538809 0.3291475271240854
v -0.806430733464385 -0.5524663551139639 0.210832631703884
v -0.9485707717113216 -0.24963254037531185 -0.19467173868015844
v -0.8141623926268244 -0.5311073857869378 -0.2346583541976063
v -0.7157191255088682 -0.6372679919914533 0.2857195123963397
v -0.7650383640910473 -0.54432603323962 0.3441300204959082
v -0.7222837868950339 -0.6640032082885686 0.1934059734627063
v -0.6906437898484972 -0.722704200552286 0.026641960284222558
v -0.5975862546788764 -0.7898493042736511 -0.13794471630802907
v -0.33413368246167363 0.24453415841793666 -0.9102514639435815
v -0.08415989452790351 0.412103866718236 -0.9072417071480624
v 0.1507332298074834 0.6237347638182915 -0.7669644306200545
v -0.24698927791649056 0.48327997486875235 -0.8399028291922517
v -0.3952026958076614 0.598523706295711 -0.6968387203854293
v -0.5517609846649512 0.49774347511856076 -0.6691870058350372
v -0.4408766219145676 0.6490186171878535 -0.6200021280550302
v -0.40533999072949545 0.6741379356653443 -0.6174443583127801
v -0.40782056688831325 0.6480279724064926 -0.6432279006710023
v -0.37334244755308893 0.6695233974484679 -0.642147831207215
v -0.36336115341358427 0.6312155355864285 -0.6852266922882441
v -0.12343472297347975 0.6310506366168653 -0.7658583179609068
v -0.2648908186264768 0.6551559707323235 -0.7075333972479192
v 0.02734014042950123 0.7263065575115519 -0.6868269805686246
v 0.19342733510173593 0.7265524210230123 -0.6593234756483651
v 0.22141281974918273 0.7668216045539471 -0.6024624386964103
v -0.6554552613251504 0.5983885721873158 -0.4607705688049143
v -0.6915778764128663 0.5889917658577556 -0.4181013520763036
v -0.605862439165882 0.5516255132692871 -0.573271312659515
v -0.758886662427196 0.5864293800005563 -0.2831812420734716
v -0.6643583500654255 0.6484646812708886 -0.3716470635463036
v -0.7105977290583253 0.6259295243391851 -0.3213457608521893
v -0.7799502510614063 0.5786410458794258 -0.23843688031177931
v -0.7656398699073179 0.6322329871871284 -0.11864670042081091
v -0.8211938069833684 0.5348191999559256 -0.1990204882183386
v -0.8287584683332658 0.5525530810966338 -0.08856914663987794
v -0.521664804552098 0.8227898156915863 -0.22557205253715945
v -0.7765863592772806 0.6041342170363638 -0.1787049926284048
v -0.6757383880192548 0.7325398428575959 -0.08223751931635491
v -0.6256015816261921 0.7674819539611454 -0.13997896774440582
v -0.7777603553022377 0.6252504480224916 0.06442598053433449
v -0.4861019780931993 0.8587083554662399 -0.16224927471746836
v -0.6315535330246074 0.7749555763485391 -0.0241658769846981
v -0.6159801996022772 0.7877358857215576 0.0063693048609580055
v -0.6018832044281733 0.7916724750497471 -0.10483940325984958
v -0.4996544405863473 0.8640809557283394 -0.06090600914477856
v -0.5070814653025231 0.8618814949259693 0.005355021085151763
v 0.13136305770984597 0.7949164952023615 -0.5923272007297266
v 0.18153458062840375 0.7853334712563467 -0.5918585430324771
v 0.12174983403707468 0.9000870636770414 -0.41835422277441686
v -0.11741969817178806 0.8133601843412475 -0.5697875261969307
v -0.042208534374095455 0.8042929714257862 -0.5927320269236936
v -0.011503517732748342 0.9601596504864405 -0.27921517626649306
v -0.10556305442399001 0.94515722126619 -0.30908618317396913
v -0.10828391987871781 0.9429159823027037 -0.31493498220081395
v -0.13227216218881857 0.9448558648963267 -0.2995854964461889
v -0.371802574336707 0.6899701171561669 -0.6210507895076721
v -0.38294465576895437 0.7274391710586079 -0.5693730262556898
v -0.41302502197000274 0.7842117023389868 -0.46305759592222107
v -0.41440235590794783 0.7814691040279655 -0.4664512052376662
v -0.2812101872793247 0.7242688435601818 -0.629567687241272
v -0.41200363607212304 0.8164849644456532 -0.4044815282525643
v -0.22299205293598404 0.9602683563875258 -0.16780711560656442
v -0.39103445636457124 0.8840573893005893 -0.2559972389669282
v -0.3457416560388994 0.9349387722373473 -0.07970068661436398
v -0.3787729039971277 0.9245690943532193 -0.04126835306200594
v 0.04155061948282204 0.9688727872377617 -0.24404726626357548
v -0.0039321397507337316 0.9824863479872866 -0.1862930870848008
v 0.12287619301171475 0.946526007945574 -0.29831184601615
v 0.1345729742471951 0.9531134846584132 -0.27104390781672366
v 0.1418587786118987 0.9518729418007272 -0.27168730113564277
v 0.09810843224042515 0.9779177594598173 -0.18453073255264751
v 0.14701495298595044 0.9712142283089026 -0.18742872332938068
v -0.15046527576766597 0.9779901112315679 -0.1445529076892814
v -0.3144726398844624 0.949212753576771 -0.010104811294692812
v -0.18085529181402296 0.9765849574679539 -0.11650400967425725
v -0.2663385339820497 0.9637496674491297 -0.015822888737034635
v -0.11972172871555738 0.9891429878265745 0.08522239909129338
v 0.09136111716264354 0.9852696810928395 -0.1445572612842672
v 0.058693971043605506 0.9876670228695961 -0.145151195995903
v -0.07376986474984863 0.9967551572919342 0.03220502238348312
v -0.036632250009572605 0.9976047787894718 0.05867523835183809
v -0.026302505604295135 0.9974895788861076 0.06574738179237047
v -0.010057674374297098 0.3706823048190201 -0.9287052665298284
v 0.018205139549063803 0.3636196908467028 -0.9313695793413844
v 0.08171361718676874 0.3441379481741889 -0.9353565937078294
v 0.2498918196996397 0.3356301171828092 -0.9082436363041893
v 0.1729186044098356 0.3276704020499781 -0.9288332809871535
v 0.3184605398985821 0.0797021658761232 -0.9445795092432181
v 0.3454485233392363 0.7223570859910501 -0.5990538857575833
v 0.34514413559847845 0.6570433592490486 -0.6702011263260492
v 0.36944249625664766 0.7253356127578491 -0.5808618517555206
v 0.2880067877129451 0.3133163748544309 -0.9049226151883641
v 0.3307330898848959 0.29151581627563067 -0.8975712518326009
v 0.3592616891684796 0.49126035034110316 -0.7934697895185092
v 0.45827064288721414 0.45215162247277946 -0.7652103816356471
v 0.5156772075591511 0.4309403422214523 -0.7405183583477549
v 0.5210987310483022 0.4931765819192033 -0.6965866576000008
v 0.5127537672491211 0.3156539706954104 -0.7984022450845533
v 0.44735363651620486 0.4263571884714778 -0.7861897173929612
v 0.5375529959059524 0.407002344585254 -0.7385024496199327
v 0.5034156659651087 0.5329491697892863 -0.6801013525069748
v 0.5488294043909431 0.4203700703178856 -0.7225477761759553
v 0.588117315999749 0.4036158024369831 -0.7008653983786056
v 0.6166410617692837 0.4417002193109219 -0.6516553668932176
v 0.6047249975905258 0.3735964954073866 -0.7033728285258517
v 0.5750894916387178 0.31784107941097517 -0.7538230063122161
v 0.6228424134576003 0.18215195291318714 -0.7608468926454414
v 0.6942690979174436 0.3036248517923122 -0.6525353393119759
v 0.717956891296071 0.25839793623615104 -0.6463500667512765
v 0.681307577063143 0.12363074630116341 -0.7214814093276186
v 0.49461764992625085 0.7681412052854565 -0.40658636121252156
v 0.23535251953709035 0.9582657641742779 -0.16228344573316997
v 0.38269123693710455 0.9077696067356104 -0.17176075878565597
v 0.3844154114763305 0.8614952364310082 -0.33173897724892776
v 0.3836640963923756 0.9009359870148732 -0.2027713205583033
v 0.48335806687065497 0.8472931324537442 -0.220134792542627
v 0.5909374080902616 0.749286223974233 -0.2989366726950696
v 0.13958194082412617 0.9866725693381223 -0.0836308717608419
v 0.562960073651367 0.786764132596564 -0.25313663333074427
v 0.5057307589933958 0.8481739594039558 -0.15759864846178215
v 0.3484393086449262 0.9278297584687242 -0.13312395536083982
v 0.28854982839164484 0.9571717951788875 0.02368862700069409
v 0.3233359375324974 0.9438713687114286 -0.06753303507762222
v 0.43691965899673274 0.8983000130880903 -0.0464574866745469
v 0.5387548904885561 0.8265075391039758 -0.1631822777722939
v 0.6472261399918212 0.7419467999348616 -0.1749664818692592
v 0.5235968221485058 0.8513625768301011 0.03206447581352961
v 0.5337181392313989 0.843061968287159 0.06626813324030294
v 0.6823206108354095 0.7302175329866298 -0.03494193108736071
v 0.5519274822096769 0.8273557435497035 0.10420426093497336
v 0.618167373456922 0.7818335331587495 0.08127376465918743
v 0.7968915054952251 0.20415628758729584 -0.5685808110621806
v 0.8003723024025036 0.20123825945039708 -0.5647188154119622
v 0.8066960621351718 0.37104638030600007 -0.4599630930818497
v 0.7014044441530916 0.34451628713978544 -0.6239714205135599
v 0.597648673445717 0.5188711540414831 -0.6112191003496489
v 0.6188268806906486 0.47923537466643573 -0.6224040065769201
v 0.6971854277211339 0.4394330728523051 -0.5664195034220488
v 0.8047951770391151 0.37478986826520305 -0.4602578382388845
v 0.7927010119698902 0.3922856708864207 -0.4666230363356516
v 0.7362842606173123 0.355199980412964 -0.575950051203963
v 0.7645135314511317 0.3582794910112545 -0.5358683294885376
v 0.757137423020258 0.4034656811774527 -0.5137687872713338
v 0.7045440966029316 0.45183233512498217 -0.5472340969616794
v 0.8328412238661428 0.37997577901249857 -0.40248466205930167
v 0.8286426682813385 0.44732117689260587 -0.3365339403492575
v 0.5372671502002155 0.5275491372806673 -0.6580546459604723
v 0.5011531892629127 0.5991377144910826 -0.624403299131269
v 0.5216034223733946 0.6344852096017034 -0.570401953507388
v 0.34710280636823804 0.7325689017591063 -0.5855445721606086
v 0.3294162243171357 0.767228074434879 -0.5503144855040529
v 0.3469420255897953 0.7993912022387026 -0.4905149708857125
v 0.6437966370425101 0.6853047680745028 -0.34041631128238603
v 0.6457951401076111 0.6881761864279344 -0.33069952138897324
v 0.8624895843251055 0.47497523141526576 -0.17467182506838771
v 0.8371211385235634 0.46616302248697655 -0.2862171132249424
v 0.7559405063315092 0.5381916979235694 -0.3726977960404474
v 0.7937139637593051 0.5296780200487561 -0.2990975406296781
v 0.7156014567629742 0.6128824661871444 -0.3350964603201189
v 0.7554850670476587 0.6129808451470614 -0.23129374602610583
v 0.7089677253656801 0.5489521885658036 -0.44273723477772675
v 0.7112036456360403 0.6077326795611651 -0.35334171085142474
v 0.6866358024961737 0.6070747487249252 -0.3999894050984404
v 0.6861565833343499 0.6937161534612195 -0.21896812912819263
v 0.6194378312370007 0.7300297875384805 -0.28870968556479426
v 0.8202438174964767 0.5329061190066336 -0.20787291354116866
v 0.8407703526948772 0.5180185089153502 -0.15735958328125074
v 0.8189724844382739 0.55940764825554 -0.12785598463195805
v 0.7792787830553888 0.6093148638212917 -0.14649223531011107
v 0.7451479346714215 0.6502309781101898 -0.14816960066349905
v 0.709499255405853 0.6800893113929632 -0.18463297405280835
v 0.7012047560000478 0.6912628339810941 -0.1745496620430407
v 0.7140452416915256 0.6956681245053005 -0.07864638176654086
v 0.7110283863591617 0.6848884361168667 -0.15926852754037632
v 0.6852377367693768 0.7143550317218487 -0.1419370732432475
v 0.698343498319242 0.7088044293067218 0.09956223857675683
v 0.7929510421525555 0.11137649375420976 -0.5990191327396769
v 0.7867641659933557 0.14731137098274003 -0.5994176399539513
v 0.7752178082200845 0.10472400981306415 -0.622952832554056
v 0.8300512982570026 0.15194284139422093 -0.5365894289034355
v 0.8814898210706363 0.028911789471414383 -0.47131709472330635
v 0.8552630402613766 0.1327688135597828 -0.5008967699125186
v 0.8336273938585195 0.3538690449523371 -0.4240779023165127
v 0.8431122223296891 0.30773867494018 -0.4409747027941118
v 0.8374122700515515 0.37098488709303684 -0.4013862273617194
v 0.8755764904496449 0.46770445261693594 -0.1209063868212726
v 0.8949164532537714 0.25611834925700105 -0.3654147409034824
v 0.8683742686505524 0.3392292209285179 -0.3617314821989494
v 0.924775782023868 0.14103598987019644 -0.3534099638429524
v 0.8733186047344118 0.2529626100487867 -0.41632263035060396
v 0.8644507292965611 0.3323721462197089 -0.3771653391232394
v 0.9129569850392135 0.08328005469186624 -0.39946711499024423
v 0.896767219717222 -0.011072247331654388 -0.4423640570612292
v 0.9695236662265408 0.1117139240782163 -0.21804554522781128
v 0.8436040419069387 0.5080697592612108 -0.17377381909404918
v 0.8632954139580137 0.49569599277622806 -0.09490263950307917
v 0.841515061997212 0.5318801323303384 -0.09463575045451887
v 0.8605746882250432 0.5003533450150869 -0.0951721394032058
v 0.883758537417866 0.4630155869781186 -0.06773044925543145
v 0.9318082819412692 0.3619980538115001 -0.026281832933539948
v 0.8019346626294174 0.5973659091129435 0.00740050694946152
v 0.8620516106059547 0.4893568761024836 0.1318971889878544
v 0.8444107932544487 0.5316273028819214 -0.06590009913411712
v 0.8829558756832787 0.44078221644152665 0.16155481814316044
v 0.9425673911628801 0.2982931429746896 0.1502927608725168
v 0.88098999476759 0.4400688927895319 0.17376995919432403
v 0.9858865242977131 0.15571560457529735 -0.06148505265448175
v 0.981363519838709 0.18127339004281404 -0.0637620576218009
v 0.9519656924001647 0.3025099780371479 0.047423977912436195
v 0.9812606396503052 0.18674926546641846 -0.04745807540163093
v 0.9627172539528025 0.17252321151397837 -0.2083536187122227
v 0.9507279744802639 0.25482520688620464 -0.176579818994294
v 0.9666912770042538 0.24042625500973314 -0.08776782363645426
v 0.9897957937948305 -0.065491843572851 -0.1265508001218895
v 0.9990829762869065 0.03515920034461642 -0.024434343142878658
v 0.9945999249336511 0.09052710485857725 0.05075266109180512
v 0.9921611363757922 0.04620891115132068 0.11610777749877908
v 0.9564798635343409 0.20626526109226392 0.20639988546476673
v 0.9736580068246773 0.20306608952294722 0.10370269539435828
v 0.05969588906275541 0.20495751425722716 -0.976948728531086
v 0.6355487565484852 0.10906055361675893 -0.7643190261235685
v 0.6365445774133329 -0.05271282962262578 -0.7694363901966539
v 0.4212301079250187 -0.06257284998384813 -0.9047927025691442
v 0.44247253702915607 -0.05328203448492384 -0.8951977875174455
v 0.5901171452500907 0.13116646431591134 -0.7965909323616145
v 0.3416447661594942 -0.19786515971779656 -0.9187645140761996
v 0.47106880906659393 -0.14588867609343673 -0.8699486601589115
v 0.28864907237881593 -0.30489853032221187 -0.9075894441994157
v 0.36530648854441083 -0.2717056857947679 -0.8903522840618465
v 0.034240061460915475 -0.09554281288750495 -0.9948362624556345
v -0.10190967668510839 -0.11495791753808984 -0.9881290882234175
v 0.0037297204851156128 -0.12692293526989326 -0.9919055689366693
v -0.0681016949197985 -0.24200331983066725 -0.9678825095743732
v 0.11705065602803973 -0.117273793969101 -0.9861774694097905
v -0.0103948584838583 -0.28022861090980034 -0.9598770090718207
v 0.14486480992428635 -0.2561694077401697 -0.9557151361068061
v -0.15801391757474334 -0.23095136246660303 -0.9600484727489035
v -0.32877167081859415 -0.18525202243448144 -0.9260620263519523
v -0.018899539340728657 -0.3004431461189809 -0.9536124597355243
v 0.143235674443677 -0.27389317173875116 -0.9510342118144604
v -0.11961085846349254 -0.389686123732664 -0.9131472868644123
v -0.043290281882526094 -0.4727001054051198 -0.880159395703142
v -0.14281856865394965 -0.33234239281501854 -0.9322828918228763
v -0.10289685061124645 -0.29804795874629136 -0.9489887525263173
v -0.1243651092792561 -0.328428432127779 -0.936305550856155
v -0.2587204973139495 -0.30162470761333504 -0.9176525704354523
v -0.15599194575332487 -0.35550494289944584 -0.9215653793595728
v -0.15073710101668358 -0.3698084600367229 -0.9167987943176811
v -0.12993701072283806 -0.3445841925258038 -0.9297193702971629
v -0.15461509631992612 -0.43284821544641155 -0.8881084361579035
v -0.1591988300114342 -0.4072403903239313 -0.8993392001974575
v -0.16760560892228307 -0.4245760606963421 -0.889743518403684
v 0.8090282451177169 0.01742764510479143 -0.5875113409865795
v 0.8156222380488823 -0.013967743769640726 -0.5784161710517074
v 0.930946297421187 -0.023072410826116163 -0.3644264743078555
v 0.9318261040980679 -0.09766080691606525 -0.34951749385963443
v 0.8633940972023144 -0.1997090543277799 -0.46332162321189396
v 0.8498286347290678 -0.15451211815737587 -0.5039020707806725
v 0.9397853386280454 -0.1864112870182734 -0.28645130366601756
v 0.9070396637875335 -0.3162631563518851 -0.2779508306347388
v 0.8183529438384601 -0.149792120898875 -0.5548520341744663
v 0.8832877681831133 -0.07527934397414543 -0.46274802965427864
v 0.8489307318221214 -0.29226147076577175 -0.44034060143687126
v 0.7617922074285354 -0.22412308312951118 -0.6078169759966248
v 0.7636070970230047 -0.2965852439186192 -0.5735341266793395
v 0.7364177599425059 -0.4373515482551547 -0.5161516308993713
v 0.7865685934157988 -0.2997192195117098 -0.539887244993974
v 0.6756385860688948 -0.4213327292980797 -0.6049720921142194
v 0.6610083373237282 -0.512824154400743 -0.5477950023975057
v 0.6932328025131487 -0.5206499456404661 -0.4983491904521823
v 0.6855514550209428 -0.5512149358731678 -0.47558521527588266
v 0.979183455923533 -0.15290868243136105 -0.13348668279177425
v 0.9887910446466016 -0.13980783912360595 -0.05240265400025242
v 0.9740050710161448 -0.17835029950528306 -0.13966134863021606
v 0.9740140866830213 -0.1916518709726961 -0.12069017895299103
v 0.9723404339249982 -0.22793591750866418 -0.05098331162282038
v 0.9659433015358744 -0.2581829438885637 -0.01717864089530107
v 0.9789826257351079 -0.20147935555877103 0.031608350042609194
v 0.9292023884153131 -0.3685059336566269 0.028041009666832564
v 0.6988692761199667 -0.5554425308972176 -0.4506277063897061
v 0.7074538598590614 -0.5449852514052016 -0.45000012435701037
v 0.7017646760160998 -0.5772689042590385 -0.41747688758970536
v 0.7958328083436378 -0.44880494171831836 -0.4064778781841583
v 0.8066768361395702 -0.4890239710144059 -0.3318554471590824
v 0.7702208620268363 -0.577396383017707 -0.2708749537641062
v 0.7013567617123508 -0.5645477564251644 -0.4351833217342756
v 0.7085855829621489 -0.5548010843821142 -0.43600714258670314
v 0.7522714084055825 -0.5577315841659576 -0.3507466437746947
v 0.7327037813653519 -0.5122976788014588 -0.44799135825097336
v 0.7793438231695015 -0.5505437257750927 -0.29920697066950874
v 0.7953012022809971 -0.5236839597933387 -0.3053704437328034
v 0.8068782986277464 -0.5248449607178843 -0.271081497732021
v 0.7837148303822884 -0.5530495851526603 -0.28271402689171815
v 0.7954516999119055 -0.5661894107247144 -0.21606976718287219
v 0.951415066362405 -0.1952857955230738 -0.23806055860965414
v 0.9576182676446158 -0.25472463316001764 -0.13447161311897518
v 0.9572474932027664 -0.2336854473856841 -0.17049442347822472
v 0.8206037684337217 -0.5212144174566068 -0.234403468975493
v 0.845982738045765 -0.48880911650387343 -0.2130231314934914
v 0.8273765945411773 -0.4885537235910859 -0.27706178006128773
v 0.8684417038139179 -0.4701824490184227 -0.1572815046717751
v 0.8460399507655728 -0.4777195641022503 -0.23664407827482853
v 0.8780058491202941 -0.4373610123214547 -0.1944764093963682
v 0.8993398094971871 -0.3950179187542356 -0.187480001377842
v 0.9310483100596059 -0.36486099899215235 -0.005049331599407046
v 0.9385250804921041 -0.3301380418591208 -0.10089373917500982
v 0.9749613453963654 -0.20461962955322952 -0.08706998440569781
v 0.8526359864802454 -0.4922222828720918 -0.17529717283243662
v 0.9125273452465733 -0.40328896934729525 -0.06820448211105529
v 0.9262260328078862 -0.37685838949090406 0.009115394631414286
v 0.9153925290773914 -0.40106530950690505 -0.03468623962650948
v 0.6888208349305275 -0.5753666691384569 -0.44099779297648234
v 0.7191814560111633 -0.5834897053377817 -0.377250310926965
v 0.5508202069279534 -0.716707896950153 -0.4276995324864586
v 0.7828147001732817 -0.5908415704476742 -0.19521112628008966
v 0.7616258499115105 -0.6350358926193247 -0.12905611117551416
v 0.7468637326852122 -0.6434108048711394 -0.16797946593135782
v 0.6170595029208047 -0.781762874831218 -0.08991316583659346
v 0.5544739525784892 -0.7699530793570021 -0.3158019814704417
v 0.7970306321367124 -0.5997029673361098 -0.07140393829486798
v 0.5626843877710698 -0.8262283220211221 0.02707470496343954
v 0.7898358551917455 -0.613299362387728 -0.004818085546193303
v 0.6523311684444817 -0.7446274267219214 0.14140029013176328
v 0.49623037724415625 -0.8679329809889015 -0.021160179863166973
v 0.4305659218441259 -0.9021415284886415 -0.027452677878411654
v 0.5744458789592234 -0.7998021141283376 0.17415082653437863
v 0.5615954695498606 -0.8035352895844974 0.19733617755857485
v 0.49829633430685083 -0.8669719481208318 0.0077720259858648074
v 0.4365062061523373 -0.8995037249829181 -0.018851544561336
v 0.34360173687151335 -0.936685343542179 -0.06751602485447072
v 0.4203080886552505 -0.9068591272177647 0.03078366438233373
v 0.39913052105976843 -0.9161176758575381 0.03772573577732132
v -0.3148952686642037 -0.46118451132277205 -0.829547959004707
v -0.201528073646015 -0.5159904302534288 -0.8325504858081627
v -0.2479856714926159 -0.4509240724433612 -0.8574208929256685
v -0.21625902943853714 -0.5094580706821035 -0.8328772456990111
v -0.2680106878745716 -0.47132218854832053 -0.8402533342790258
v -0.15874639926002268 -0.5067015509306783 -0.8473801502315372
v -0.18363840087827019 -0.5465482491908897 -0.817044643229025
v -0.2019403202416946 -0.5396544747715227 -0.8173084821043728
v -0.19176481466514445 -0.5786161493419902 -0.7927355218337895
v -0.173207062160373 -0.558612717393863 -0.8111418775920873
v -0.13606127923566447 -0.5905356447147528 -0.7954589748152232
v -0.18928074552010174 -0.5997641081192101 -0.7774675645885961
v -0.1857570991635423 -0.5860950123702863 -0.788661484152117
v -0.13707261998526724 -0.5945987622452271 -0.7922521118853635
v -0.12948751776385437 -0.6017860223814031 -0.7880904554743223
v -0.18946044778311757 -0.587661367297551 -0.7866122654216583
v -0.158924184008376 -0.60180550203425 -0.7826705829776511
v -0.15636139753857034 -0.6096350233144989 -0.7771076191288537
v 0.09437733515724345 -0.44950168518413625 -0.888279884735233
v 0.21441471820913505 -0.4484699766513981 -0.8676986854073202
v 0.1188758580920239 -0.4553167532730405 -0.8823577418211856
v 0.2176303758239109 -0.48171150821822134 -0.8488763410349411
v 0.1844609077491464 -0.5006409238941445 -0.8457735150941879
v 0.26842143716791733 -0.5886864835943805 -0.7624946925074252
v -0.1326220974931612 -0.6153723738791137 -0.7769994985345219
v -0.07745283684777077 -0.6235311172820287 -0.7779524431771249
v -0.06856664238310105 -0.5706672640156855 -0.8183138085924982
v -0.014359301101169642 -0.58614483762342 -0.8100790330574547
v -0.08365098153638476 -0.5589401187969478 -0.8249778523616578
v 0.034699417652997944 -0.548843046450234 -0.8352049214281302
v 0.12608703828093867 -0.6129334294781561 -0.7800094036649091
v 0.17559113735304974 -0.7437232592821924 -0.6450143146362994
v 0.19755259271367553 -0.7435656151690939 -0.6388138610348961
v 0.044438834763389286 -0.9044903279828322 -0.42417264946054767
v 0.32780447104951976 -0.329657356174965 -0.8853644765178219
v 0.48107039143971697 -0.15912953942544739 -0.8621189408441752
v 0.3952640773495404 -0.3489928607376942 -0.8496883501091074
v 0.4572421769145917 -0.3780049882060403 -0.8050104474736689
v 0.45925755852309086 -0.46247058869161417 -0.7584216831912453
v 0.496021126934835 -0.13383429707211636 -0.857934392923788
v 0.4869112061708791 -0.16162384276200545 -0.8583677596205849
v 0.6793931654152074 -0.09847925591095902 -0.7271360003069085
v 0.7389952604691868 -0.11041074988401473 -0.6646017388738373
v 0.7572350032297331 -0.10114328468249281 -0.645263656071921
v 0.4823641816642107 -0.3814027043458278 -0.788578958231264
v 0.5298842318535106 -0.272339560709724 -0.8031524540866756
v 0.5775787501120526 -0.34993323836817897 -0.737529332368658
v 0.500491259482706 -0.28140669020319625 -0.8187299761766982
v 0.6304748745026778 -0.29623518882639865 -0.7174581141236195
v 0.615959942338377 -0.3028404453621754 -0.7272420601748377
v 0.5706865780523546 -0.4411001666733068 -0.6926380530924322
v 0.6814598274781913 -0.3313831420664066 -0.6525317744658796
v 0.7184389824167584 -0.3196648552164791 -0.6177862161649451
v 0.2338127656216677 -0.8432896185684012 -0.4839361629875446
v 0.21744020703027428 -0.802947856157936 -0.5549725188313437
v 0.31115972399095015 -0.7382147852104979 -0.598513623121892
v 0.3081109292689098 -0.5508103716832674 -0.7756775036773915
v 0.2613661764366017 -0.4916391496799812 -0.830649546028201
v 0.3260923320270651 -0.549746226509714 -0.7690532344587601
v 0.2804315456116125 -0.5060945725392968 -0.8156141439873077
v 0.3782104619771679 -0.6575230707957713 -0.6516289264775746
v 0.46883482941901006 -0.5933425167612115 -0.6543229787552315
v 0.32027794531178416 -0.6193911905860126 -0.7167821082946363
v 0.3528276823718406 -0.6125728157441244 -0.707295675063428
v 0.38720571145184074 -0.5733629614235837 -0.7220295364364618
v 0.3431961922340329 -0.5886626695563815 -0.7319102643813756
v 0.35394222112716694 -0.5908621218572258 -0.7249874875181946
v 0.4593299880019947 -0.5551013402035763 -0.6934540101739127
v 0.43465415256570955 -0.5210955575696261 -0.7345305899270537
v 0.36328497294710016 -0.5693517466631343 -0.7374704177134584
v 0.4660453795918943 -0.5418334636916523 -0.6994413497820631
v 0.3866361424765599 -0.6719098438919908 -0.6317037715669312
v 0.5349969012392859 -0.5490043016509406 -0.6421624346169159
v 0.5102389512977497 -0.5200566542060666 -0.6849797726900877
v 0.5554276437300671 -0.5290953804982756 -0.6415280281607739
v 0.6241966114359513 -0.6092583132835705 -0.48906328625928847
v 0.6473654031009712 -0.5596997552415681 -0.5173530891474855
v 0.617625865608641 -0.5772415023849379 -0.5341634001460196
v 0.20638487914066508 -0.912478861633317 -0.3532528962860164
v 0.27871169110914124 -0.9116501903516077 -0.30201609836391224
v 0.1977771082364184 -0.9576358258485371 -0.20932711364997678
v 0.5672524661378151 -0.6912336244512827 -0.44768372327851064
v 0.5128808701335127 -0.7414586307317509 -0.432657268475277
v 0.2319901963427923 -0.9695764789690496 -0.07811530087513456
v 0.250725765015843 -0.9454755811941814 -0.20787620383955693
v 0.43337478211714947 -0.8482970845368354 -0.3042669134020629
v 0.33447548289586465 -0.9268220194694025 -0.17066662113089598
v 0.18313235104969616 -0.9813701695653974 -0.058095888720235855
v 0.2542613358485594 -0.9656718914286828 -0.05318807382352182
v 0.3661584654220481 -0.9298090695742388 0.03718968052106509
v 0.3774833771526456 -0.9240417736436015 0.06044088463135142
v -0.3360797898243124 -0.39852504852147735 -0.853362853991548
v -0.32304278753233245 -0.47710335883345406 -0.8173223002054799
v -0.24050663157057428 -0.5535073522798181 -0.7973620075867432
v -0.292722318404781 -0.5225978460481464 -0.8007528555138395
v -0.2575312783611039 -0.572709281044738 -0.7782555621843733
v -0.3052219337144546 -0.5774182787229397 -0.7572500924900878
v -0.3125299344297002 -0.493066308935041 -0.8119178869063928
v -0.3194331118802835 -0.5223513034248102 -0.7906399957280685
v -0.38098475487777406 -0.5111999487499135 -0.7704058858477189
v -0.17470662181061977 -0.6056853887412251 -0.7762878371847083
v -0.19243354707551605 -0.6168649342697051 -0.7631821426293774
v -0.17132743150533694 -0.6147457084387158 -0.7698926062574997
v -0.20782014111222025 -0.6464303281909004 -0.7341243898298855
v -0.2541509820883386 -0.6473838274096388 -0.7185412015409972
v -0.2819561112213395 -0.6473310393731431 -0.7081407182255699
v -0.2505956583730151 -0.6720120114111582 -0.6968512556663183
v -0.4032323001292806 -0.5436836071410625 -0.736078696511815
v -0.21938983679958898 -0.586679312344833 -0.7795354283004998
v -0.2936939295796335 -0.6956593334150588 -0.6555928367215351
v -0.4104592891737925 -0.6001778326681365 -0.6865200223625842
v -0.1808346993071914 -0.7479635593969409 -0.6386308208509333
v -0.14853748679911974 -0.7762401189309569 -0.6126890669641946
v -0.18313647613552217 -0.8083604682084722 -0.5594768847293362
v -0.045793076343413244 -0.8572741737907004 -0.5128196418922333
v -0.045603762033614124 -0.8730307157505875 -0.48552823424019176
v -0.422974193666735 -0.6423612608949388 -0.6391125425098773
v -0.2929014356118336 -0.7010598988903983 -0.6501721058183836
v -0.4539552161502228 -0.6935703007325922 -0.559361153166455
v -0.24247491576269278 -0.7074749545902895 -0.663841173665315
v -0.18798753144343688 -0.7128481493794272 -0.6756539084088309
v -0.21630519409672178 -0.7316128728798319 -0.646494135505728
v -0.35217256119626394 -0.7739036858477248 -0.5263530869784747
v -0.6111574423361588 -0.61540661082418 -0.4977562496152321
v -0.392575600951371 -0.7793113148010096 -0.4884242747456271
v -0.5856474701079134 -0.6703659927819458 -0.45566048377896134
v -0.44873324832182215 -0.6973459862849812 -0.5588801725439654
v -0.4207490065648184 -0.7658826739230942 -0.4862036643826637
v 0.23652544975421633 -0.9712352273334349 -0.02752898118595599
v 0.27417517598543545 -0.9609371505126009 0.03778578619108834
v 0.22244814191040446 -0.9748821367671068 -0.011029214523655833
v 0.22735612664239083 -0.9731403937356441 0.036151981386980364
v 0.15145110431139341 -0.9882526039285142 0.020478130563376128
v 0.15977338491291068 -0.9865316594420667 0.035039269283948696
v 0.09155336234466803 -0.932719680182891 -0.3487864390180781
v 0.10223357031425127 -0.9875555657658983 -0.1195085838992222
v 0.08946346809277853 -0.9959811493545524 0.004223506504920469
v 0.0873260937818814 -0.9901007027031016 -0.10988517575916457
v 0.06037239981795121 -0.9964775380843423 -0.05820386098524539
v -0.023568328309743983 -0.979126766811629 -0.2018794402946719
v 0.04581612244057215 -0.9710931604142473 -0.23426258071057657
v 0.03014327455804597 -0.9837777837097041 -0.1768407624902726
v 0.05401783459186879 -0.99081197837453 -0.12399071358596007
v 0.08887361310570133 -0.9833634399292575 -0.15842293364294147
v -0.015770073719023014 -0.9919974685767086 -0.12526901896438214
v -0.10899428997036478 -0.9714180228449683 -0.21087263844754467
v -0.01817805178208076 -0.9928073569565026 -0.11833473879825655
v -0.07871594746286564 -0.9939048458393568 -0.07718132566928268
v -0.11182916089406338 -0.9919050091963421 -0.06015556088122137
v -0.2933992441402911 -0.8231494884920403 -0.4861499800814544
v -0.20672118935450703 -0.9102045735828311 -0.35887878747671115
v -0.16189540195998273 -0.9152278822591396 -0.36898211658516195
v 0.03835180203266013 -0.9302021434522594 -0.36503850700668544
v -0.08267373859952737 -0.9167256353659099 -0.3908697512074143
v -0.1824323675321423 -0.9441806403963097 -0.27430156685194507
v -0.1300990388997594 -0.9330361562109594 -0.33543668743957805
v -0.1955002313500643 -0.9696414399576743 -0.14688477613040543
v -0.1471499576978225 -0.9593133248982249 -0.24096645953792384
v -0.4060809805909013 -0.8921254544751014 -0.19801618792393166
v -0.23113555885557074 -0.9228049883860221 -0.3082325531841122
v -0.24837858638274718 -0.9573685029469153 -0.14749110953440683
v -0.3259816530234613 0.19644522299383235 -0.9247406318827972
v -0.06303519438656256 0.41334009636985536 -0.9083922770486366
v -0.3373860921347626 -0.07145990264967479 -0.9386501516259039
v -0.34265479522936426 -0.1785831493117991 -0.9223316920111778
v -0.35154913445834013 -0.03319328976331369 -0.9355807883749434
v -0.3069331453107986 -0.29336613312519355 -0.9053885112175829
v -0.31210012344214505 -0.32384653194228497 -0.8931500079473507
v -0.4191701424012608 -0.2963771799084832 -0.8581707050166658
v -0.43410844835590257 -0.006187074325515295 -0.9008393725727807
v -0.5116045230648464 -0.03244344115759894 -0.8586083129724779
v -0.432446966782061 0.20264552018392523 -0.8785922911512377
v -0.2757341949954256 0.060413130904392105 -0.9593335745842284
v -0.3181295488319108 0.11904542226585772 -0.9405433416900831
v -0.5635943288882769 0.0929905579346772 -0.8208009433352099
v -0.5647727863378104 0.15370744398141012 -0.8108056002994353
v -0.5777960044573224 0.29111818451441723 -0.7624971999149791
v -0.6042362383680222 0.28122471601442933 -0.7455274826225161
v -0.6052562401577393 0.34019568062398364 -0.7196747755999939
v -0.3601950992567131 -0.3655242806799236 -0.8582840384772812
v -0.3827115147056567 -0.4633721176210926 -0.799261019394194
v -0.43135839816668237 -0.5695867664390734 -0.6996433718892463
v -0.5124012442333785 -0.5622428641192277 -0.649097778963303
v -0.5220523675798258 -0.6149881800088941 -0.5909745036409326
v -0.5643362514397586 -0.6017231569128401 -0.5652024749996828
v -0.4981999750302002 -0.4637213640314204 -0.7326385748926593
v -0.47306555483952434 -0.38349567415971575 -0.7931834899474132
v -0.5979332223834232 -0.6193267577572121 -0.5088322205758157
v -0.575875163709298 -0.60788313389994 -0.5466679900476857
v -0.5916795656169803 -0.6152947348323659 -0.5208912371300463
v -0.5380444940043297 -0.4697407034069908 -0.6998941305899987
v -0.6923139286584463 -0.39246158437577977 -0.6055372234427544
v -0.577662305340331 -0.7832811907525045 -0.22973209876339196
v -0.6956909741800398 -0.6937617547140887 -0.18630270030371476
v -0.7564390559878996 -0.587367136833677 -0.28774954586227214
v -0.8198346901056877 -0.3937350584110773 -0.41574485526261984
v -0.9247263559272406 -0.298540441072239 -0.2361244834783534
v -0.753955089713576 -0.5320309079102074 -0.385350276661681
v -0.9043288724612151 -0.3919881942495856 -0.1689217156021586
v -0.8999498384722973 -0.3571218790793611 -0.2501084798972481
v -0.9543592588152815 -0.22007984904792013 -0.20189914600263034
v -0.9745664074577681 -0.1544374217752635 -0.16238657644728183
v -0.612277141102437 0.3706820008186421 -0.6983634846929745
v -0.6667005752850887 0.3553770173827463 -0.6551469441512148
v -0.678644583056036 0.3652720934854916 -0.637195282161933
v -0.612546230735518 0.10266364311395997 -0.7837393007845651
v -0.5892023375821617 0.06441063125248117 -0.8054141021669371
v -0.7390894064377104 0.06921591283542458 -0.6700417947426205
v -0.7003549047408485 0.30704231157389045 -0.6443818947711045
v -0.7662984603010128 0.23101186067954949 -0.5995166302661415
v -0.6888761104154387 0.2707586593804945 -0.6724131563773672
v -0.7858822826392258 0.14742058615580045 -0.6005465915407732
v -0.7908908348423129 0.10788192672198685 -0.6023729552770285
v -0.7832072214128358 0.03321209379486665 -0.620873099073028
v -0.7948378920397916 0.3225567615050524 -0.5139940281609442
v -0.8039976565400224 0.08880386423316236 -0.5879639801683522
v -0.793049854337169 0.010868592217437419 -0.6090597690202546
v -0.8172011012873346 0.11658770623205014 -0.5644374782119953
v -0.8267240164823149 0.1912688933582692 -0.529096976937926
v -0.8296084441923903 0.19793582464874207 -0.5220835552335508
v -0.599238413354436 0.052710779670239113 -0.7988334605329284
v -0.6132117011392131 0.02726785334926371 -0.7894478283963263
v -0.5692475043552233 0.027047709258966927 -0.8217211815507693
v -0.5570447646988111 -0.06574350402304915 -0.8278761512451107
v -0.6582505827037377 -0.11057955934322498 -0.7446330179529028
v -0.46302738138128635 -0.21507689045956094 -0.8598532289184212
v -0.4600652579713772 -0.3286675471716676 -0.8248136770470589
v -0.3571898371714566 -0.3207274451799284 -0.8772396058830132
v -0.3592218774495778 -0.36933943022333565 -0.8570577740408766
v -0.6037329521258823 -0.25669266084104825 -0.7547286932320182
v -0.6179846852614113 -0.3044868544731623 -0.724832866415006
v -0.8478353180400162 0.13854101215070896 -0.5118414416948297
v -0.8039905000576307 -0.15092643280402374 -0.5751699641828781
v -0.6890843611301699 0.04507854952248527 -0.7232777250951218
v -0.6699399155407171 0.04855731366001435 -0.7408256858771972
v -0.6767823576092399 0.03253590020364618 -0.7354638370625827
v -0.7291540973648191 -0.044291380738164285 -0.68291476473159
v -0.6220319837188698 0.000941311180925238 -0.7829912676167139
v -0.6922477759823682 -0.08933770701462972 -0.7161087841612007
v -0.6942114450275747 -0.16269829369670802 -0.7011417366131518
v -0.7366937579115997 -0.07746905415935883 -0.6717744061079878
v -0.7032821404898295 -0.26272079373164176 -0.6605846012503317
v -0.7125806179894898 -0.2725941877418176 -0.6464683067831677
v -0.7042029424041549 -0.27848594233872703 -0.6531032045772258
v -0.8647100709127058 0.1832473809177204 -0.46765039361572164
v -0.9296690618300357 -0.08867032088931463 -0.35756539215847927
v -0.9500326053850525 0.049570217568338446 -0.30818962058368643
v -0.6543386270217932 0.5122028737281 -0.5563175148527237
v -0.7462388209512592 0.40064116464791943 -0.5316147846842048
v -0.6861967628453066 0.43408917695681504 -0.5836956305383628
v -0.7306728264086312 0.4583809463241149 -0.5059685057343304
v -0.680482450410414 0.5539976429907224 -0.47961468518401584
v -0.8270896189567972 0.2524918903613182 -0.5021659163221535
v -0.7919859537558661 0.36660865758710764 -0.4882175142655064
v -0.8348777500007444 0.255837648313237 -0.48736663843481004
v -0.8503126649259055 0.18735454029140375 -0.49179939822940144
v -0.8593054569298428 0.19841145669672813 -0.4714096154535629
v -0.8516176333686388 0.35458967514530115 -0.38602275686278953
v -0.7356429089523597 0.5437138229676975 -0.403986125036444
v -0.771517993685969 0.508052670461321 -0.38293925034644527
v -0.7423609145275134 0.45887437890429156 -0.488195224236242
v -0.7833258947814752 0.4075734965725374 -0.4693446361219408
v -0.7842321196556633 0.46910394377122805 -0.40610524798217734
v -0.8013770886478773 0.40882928941210556 -0.4366387224113833
v -0.8202657970277548 0.41195306980519053 -0.39681064817429224
v -0.8241008745661684 0.46223018435148644 -0.3274156459512389
v -0.8862829300423024 0.20631610102757655 -0.41465194364962316
v -0.9080995840191078 0.22559491466453221 -0.35279183661449104
v -0.9060297423730628 0.2299557792230512 -0.35528924207935275
v -0.9763075056745186 -0.14921047501654952 -0.15671594848302894
v -0.9841899656882259 -0.09132737657147848 -0.15175447844192325
v -0.9409707202261773 0.1831128624607702 -0.28468189840320385
v -0.9730549252379932 0.11571464595058653 -0.19943478428452238
v -0.9707456977035385 0.19933159731209327 -0.13386450128051128
v -0.8335717356733989 0.4882237816914581 -0.2584486418562279
v -0.8368575842239009 0.4659521171266303 -0.2873290940231215
v -0.8732267339151305 0.413254076760184 -0.2582559567889996
v -0.8888146442369371 0.40195173083276486 -0.2200984649435602
v -0.8904739054595323 0.34210181556885894 -0.30003761677519425
v -0.8811661750024457 0.22244716044386448 -0.417209099663491
v -0.9229052181876718 0.29851911166544004 -0.24317133509614675
v -0.9118854238188704 0.3005331210502076 -0.27954394462856885
v -0.9263190071763546 0.28277678752251284 -0.24893851727336255
v -0.9190188904502121 0.32209091191971173 -0.22729215440571057
v -0.9044272864312987 0.35654797357921353 -0.23427510771542506
v -0.9131083113921702 0.3189434412480663 -0.2539848281913327
v -0.9325744497070628 0.312639689848745 -0.1804475549428403
v -0.9189966913516547 0.3374851696260296 -0.20383532953637223
v -0.8188066380492586 0.5233231991432683 -0.23598414930864625
v -0.8532617212753393 0.5101980253487493 -0.10789999970566415
v -0.3398350701278691 0.3732502363979349 0.8632475810218481
v -0.3950460557806257 0.1761804545934647 0.9016091510357528
v -0.1374161098607867 0.5321372949348906 0.8354320511508434
v -0.06507495746216008 0.7566341335253457 0.6505920671939116
v -0.39525820526322486 0.5621298345573809 0.7264853751264274
v -0.443825677244782 0.585304474413331 0.6785554070596925
v -0.5631003245575599 0.15590397726228777 0.8115491201134845
v -0.5209331617673757 0.1932590371493476 0.8314322495135441
v -0.5100504474039371 0.4427357089028678 0.7374507666043332
v -0.4300242811973228 0.22293228262911685 0.8748601687941322
v -0.4436225260496068 0.441345615505554 0.780008398708238
v -0.5225134566665794 0.5455825017749885 0.6552247105835427
v -0.5567367772261083 0.5455235324814 0.626456891089005
v -0.5771475185611751 0.5091262206625033 0.6385070346148067
v -0.6345160023527454 0.4604640970432993 0.6207755295534689
v -0.7539312970099807 0.24408055706653908 0.6099280949841024
v -0.721878390747704 0.4039364080375431 0.5618958686742879
v -0.7552422418047794 0.37973914292810407 0.5342352847968018
v -0.1352511547164345 0.9121942086461359 0.38679303362434164
v -0.082469116778063 0.9187140207981369 0.3862167691423645
v -0.10109989927143478 0.9557681489163473 0.2761993046412763
v -0.07688539798492622 0.886830726289372 0.455653265637112
v -0.1396141891671858 0.9089352947609551 0.39286703618527846
v -0.2847328270679091 0.845628640444484 0.45148579119384225
v -0.2473871517983828 0.8634131180199729 0.4396787290239455
v -0.2813721533588472 0.9368911088345018 0.20752050862761257
v -0.020449851673640915 0.9620161783722205 0.2722254141637665
v -0.12152476866969183 0.9624956033056031 0.24255709475742201
v -0.1750727591200893 0.9678817979487845 0.180428252259749
v -0.34393157547834025 0.908431241657186 0.23762102299706125
v -0.3218127323296605 0.9405648902260164 0.10850922810821187
v -0.3642434746019879 0.9308258586038258 0.029831395614708253
v -0.26852238942281265 0.9632734275647351 -0.00017356943940091953
v -0.45270583532211045 0.8905716711534407 0.044040040920486447
v -0.7331478182646249 0.4124843973872108 0.5406948293500966
v -0.6219292940450939 0.5401807905218071 0.5669291549742407
v -0.5711585070356623 0.5361198531363744 0.6215733769345544
v -0.6741544276558925 0.5079852035717173 0.5361593425691255
v -0.6649500007938394 0.5853402155686017 0.4639162946937475
v -0.6555365279478906 0.6078256703721329 0.4481292391293962
v -0.6883287616404719 0.6953092331481611 0.2067573123190827
v -0.35817857221474864 0.6875597496447688 0.6316404840371038
v -0.449929334795481 0.7126046703556332 0.538291907312227
v -0.10489599036729354 0.7115042331134086 0.6948082882828649
v -0.3294231544805379 0.7644823090981628 0.5541183847951922
v -0.3995532062349397 0.8377268563098383 0.3722511915422369
v -0.5355375371175314 0.6759656837303097 0.5062311139757253
v -0.6191037906902674 0.602772563668128 0.5033644135632693
v -0.6048256919718917 0.7265214304017613 0.32611730021220997
v -0.42745601330339816 0.7637659726653954 0.48367643697956547
v -0.4148014805647012 0.8436062049061758 0.3409813818453016
v -0.37752449701870555 0.8620370670527431 0.33818241997164467
v -0.44220945989623683 0.8764430099778631 0.19052150492587946
v -0.3901206784859679 0.8954853637034818 0.2142704356893201
v -0.5915288060217808 0.8021802014156146 0.08124405272541822
v -0.4527344013398289 0.8867548445415562 0.09325989237366264
v -0.5260521856956044 0.8488787432130322 0.05171051388199781
v -0.8277358827696487 0.31670505854197406 0.46319673387176963
v -0.87028678791192 0.3433749315604617 0.3531211734827024
v -0.7565072297004822 0.5550044363807304 0.3459290201885488
v -0.7188202768343808 0.6522554794649219 0.2405414706858862
v -0.8687891172173591 0.4028492671038959 0.28795474956759437
v -0.8924039567823181 0.39155368610565744 0.22427859642938466
v -0.9069302423582343 0.3167375040033222 0.2777676890024826
v -0.8376368049879027 0.5187352711814911 0.17110903354856277
v -0.895193007596978 0.3863886090178093 0.22211105774085022
v -0.6259659372427091 0.7785962388157789 0.04421020599114532
v -0.5745735559138746 0.8182529005255631 0.018094740285192316
v -0.8600463691590243 0.4827076680340465 0.1652681158527319
v -0.8121887909387879 0.5658803061954037 0.14187616760254693
v -0.7729762045236861 0.6177593920032927 0.14450301322767906
v -0.8237701439023973 0.5603803198618926 0.0858874095924801
v -0.8885974434951575 0.45698207785549 -0.03952168939645019
v -0.17053287027436492 0.17112437962817448 0.9703787852446378
v 0.08624863040734615 -0.0124356956739681 0.9961960285134455
v 0.12055937700383076 0.08616758726916533 0.9889593437147247
v 0.3571932806150484 0.07546916812026212 0.930976565197371
v 0.27583295625314586 0.038958982861131 0.9604157318052824
v 0.3637006935341565 0.11970567547952284 0.9237923775290445
v 0.3002513045518217 0.24029378855215733 0.9230969880235664
v 0.20310384897712774 0.07273071928780986 0.9764522871101045
v 0.24977736725665373 0.22001942317177944 0.9429754610982685
v 0.29459950632070514 0.2683268801591499 0.9171760006997861
v 0.24845618614947249 0.25078862207236174 0.9356145523681771
v 0.25025696529494645 0.2747371546950612 0.9283808201117826
v -0.11683456824013094 0.1943593152857333 0.9739477091845347
v -0.033434815814607874 0.112194272700402 0.9931236369479234
v -0.10677856957992116 0.17185969429094117 0.9793174064401644
v -0.10393660864404533 0.1654239203613889 0.9807303951422345
v 0.15709440232379318 0.2991479289233522 0.9411864137244009
v 0.1852364566829005 0.39864337776320324 0.898204271021413
v 0.2639526352161854 0.4880820840671804 0.8319284137322569
v 0.05137304787103308 0.49622341822803884 0.8666736001255152
v 0.06460983803836498 0.571267450766796 0.8182170057650126
v 0.334971639023543 0.011274790306702295 0.9421607506967274
v 0.4088020784869611 -0.01636120751350898 0.9124763950445186
v 0.34576647937765637 -0.030339628264951422 0.9378299679022447
v 0.4036405743176196 -0.0021333604497231983 0.9149151520975778
v 0.4144979370341936 0.029428652890919137 0.9095743040474613
v 0.7002614337392273 0.029196751274583942 0.713289193898584
v 0.7886412472300203 -0.08553955134428311 0.6088743452661614
v 0.7856739989273067 -0.023036850453234937 0.6182116716228914
v 0.7300435373070246 0.05118439123151695 0.6814811748907713
v 0.7283885385162397 0.032619236591565015 0.6843874066362996
v 0.6564443908793256 0.07989310920312774 0.7501318902599251
v 0.5990012864867809 0.12482276265331083 0.7909593774087117
v 0.6349106932434309 0.22572441558916648 0.738875429157091
v 0.5734669499197786 0.14969836343374754 0.8054353216335647
v 0.6871043058393491 0.26379232216953546 0.6769795297211211
v 0.5881433747890139 0.26531012928306597 0.7640012473756782
v 0.8881054628176667 -0.10827944882755973 0.4467037585190187
v 0.9208705121019439 0.05291583629496345 0.3862608111241783
v 0.9382461255880377 0.037226836817219805 0.3439598384108536
v 0.9821374895215281 0.002329596312326721 0.1881502714783366
v 0.9819026009213412 0.024774981288479835 0.1877591079177271
v 0.9908095883369527 0.043619161652585794 0.12803799590857456
v 0.9397906832713354 0.18642961421696552 0.2864218402624179
v 0.6929316005034477 0.4648154000154142 0.5511736939769901
v 0.7104148001696788 0.3631988223223958 0.6028245409432996
v 0.7194974094241942 0.35756781891763734 0.5953727678575474
v 0.7590282975952335 0.42098962895212244 0.49663243527224
v 0.8203352830141075 0.3065378640255813 0.4827883194121398
v 0.8013851610270011 0.2078596347879191 0.560870926249133
v 0.8540014250352893 0.13069270534105062 0.5035881082872513
v 0.861179918678531 0.03050472879990687 0.5073840844820448
v 0.8934956068108824 0.08930598526516678 0.4401023081119558
v 0.850120691374352 0.2718093027390324 0.45101498095042775
v 0.8938730397827065 0.11832250448535403 0.43242429820945233
v 0.860066828040297 0.26026464191467535 0.4388021962954696
v 0.860077484531113 0.3619917382211337 0.35948393853171673
v 0.914418420305552 0.22535980351598484 0.33623193120989514
v 0.8137539102746549 0.42882798500562996 0.39231509375592477
v 0.7846429675623681 0.45214080981055366 0.4241510362580498
v 0.7290669691050655 0.5135962189754231 0.4524160457080438
v 0.8725462470798172 0.38194683803713014 0.30459753712130494
v 0.8133825313452829 0.46425822281191054 0.3505326807215927
v 0.9306279106091956 0.2977343017557282 0.21280502238714205
v 0.7871329701037798 0.4979937212572981 0.3639010043458392
v 0.8322036377220404 0.45800293059356745 0.31252267266537115
v 0.7603830676827802 0.6242449545279449 0.179264684552559
v 0.7494815216009479 0.6565418548749894 0.08503082721011275
v 0.021199650731760784 0.6530773774013732 0.7569943949167628
v 0.27329270894426777 0.4506833748933099 0.8498209169187824
v 0.2587201332602746 0.574257488734869 0.7767188869067801
v 0.3394757672757991 0.5510854195937199 0.7622736147497965
v 0.27989923474462325 0.7095111337595801 0.6467227918208616
v 0.07412194391359145 0.6214362177341196 0.7799506168462093
v 0.15058388448040066 0.6915434878325328 0.7064645059528532
v 0.26985240057703563 0.6932288666635713 0.6682914187142849
v 0.03850022941138979 0.8127887374206678 0.5812849565035957
v 0.1900743825603693 0.777502124317791 0.5994682441761338
v 0.18931569578105925 0.8163309395722771 0.5456769780996599
v 0.3911055088098669 0.7336957530678334 0.5556320931234983
v 0.2590622671499069 0.4139771773248089 0.8726451961669954
v 0.28258277615274596 0.43986784938797857 0.852445452622396
v 0.30768448949305593 0.3695556095390564 0.876788974830098
v 0.29184203761202937 0.4090321972390854 0.8645929022980843
v 0.42409523773314844 0.4113083949472133 0.8068262722408162
v 0.4661991442703284 0.15834122407784618 0.8703944017737837
v 0.49850723914950573 0.2899939024564571 0.816941900659779
v 0.5189987205849454 0.2485761549405949 0.8178326376625839
v 0.40467300527865513 0.3697459442705564 0.8363777229782106
v 0.3733435742578293 0.3042517791908589 0.8763820116932943
v 0.5583809193207903 0.24346530844778494 0.7930544700844288
v 0.5636197180580762 0.3215107206235604 0.7608966223740604
v 0.30030985174794256 0.7467324666051767 0.5934682942338851
v 0.44245485941103824 0.6862805518868647 0.5772804357376222
v 0.3148739147822523 0.45674466148261506 0.8320088533163756
v 0.47850800879801497 0.6370922621212411 0.6042710774655681
v 0.4388822028248199 0.5501887133217781 0.7104046676204767
v 0.3839541771406208 0.5756728434258142 0.7219279515286181
v 0.46218979009550254 0.4286108551845374 0.7763203802229172
v 0.3632231392382279 0.8038437323854918 0.4710670918526244
v 0.4403702383883986 0.7654334288769623 0.46923951144314485
v 0.4537470556282586 0.7091233845656845 0.5396829022405606
v 0.517180475195554 0.7169288888680795 0.4674797582600576
v 0.46827731189079747 0.7535644000417827 0.46136433992886444
v 0.46098682461867124 0.7242707444656754 0.5127602131982656
v 0.3986911948893921 0.8299064520586547 0.39025711005577435
v 0.5175915162032884 0.75514668902439 0.402308961384012
v 0.5952607899314031 0.4853545153326323 0.640387059844644
v 0.6133795369767353 0.5768168884776145 0.5394884806788826
v 0.5818562575129234 0.7125692889825003 0.3920309987641648
v 0.5202392399880407 0.6789888767785599 0.5180011953535005
v 0.5766101730503815 0.6302712583337707 0.5198834958461119
v 0.6240459352951685 0.6096599938512507 0.4887549105010314
v -0.012871409177458723 0.7466480241273141 0.6650947713616189
v -0.007737983164626823 0.8314212917682575 0.5555886600813106
v 0.007418939640715867 0.8330322922921051 0.5531746192055166
v -0.04493433536346084 0.8693815594130215 0.49209410650608987
v 0.32010754399055547 0.8219978336161544 0.47101032028044093
v 0.2409290135920222 0.843626962539221 0.4798403468721895
v 0.2050515757533222 0.8164933110214256 0.5397152252237739
v 0.2106983882242895 0.8639547834123233 0.4573710981453157
v 0.08566245586847404 0.8787937384121709 0.46945021991915464
v -0.0048317373727015354 0.8991727458592749 0.43756716903562715
v 0.050861812225706377 0.8617583877051758 0.5047628723241173
v 0.07184544953280494 0.8602828012778785 0.5047293663013035
v 0.13328122309263535 0.9015732668760675 0.41158445066030647
v -0.00466633663277192 0.9053968972552846 0.4245405560637676
v 0.45697947207329637 0.8262730599806473 0.3293062289933626
v 0.30852335650996393 0.8798924887748276 0.3613897434702118
v 0.5807115476742553 0.8039160241458946 0.12842556022548085
v 0.40780790588193844 0.8658624269901678 0.28978434986535134
v 0.4055233484623615 0.9103425530585835 0.08262717435961439
v 0.28811009026837364 0.9309672560569772 0.22425999205228803
v 0.3328227108381621 0.9388925142335691 0.0878059785350879
v 0.023545280627826754 0.9342324450056696 0.3558867213860127
v 0.1319286037923548 0.9275915992432813 0.34952634881320693
v 0.2899577902344215 0.8860671544987015 0.36167592897640477
v 0.30877773382656737 0.8725610316355524 0.378541354628566
v 0.25466262942951023 0.860910555935234 0.44043156091648833
v 0.19454276693988368 0.8874893614676381 0.4177508170107365
v -0.30837303636552144 0.05166741562985366 0.9498613312504309
v -0.27315627794371466 -0.12331059143193455 0.9540336188314553
v -0.22953901042755182 -0.13967147819225403 0.9632256853258903
v -0.1684894013206544 -0.09535818082610736 0.981080087960276
v -0.17222609903926073 -0.04000312493960514 0.9842448479950429
v -0.3342629904181513 -0.3173081286291658 0.8874591848319402
v -0.4580575038911504 -0.6242225749593397 0.6328740001296782
v -0.4512076356504305 -0.6757283881943899 0.5829260801499281
v -0.44764501635455173 -0.6246471979969377 0.6398670310052766
v -0.38353969709368874 -0.7050173603997409 0.5965298167638088
v -0.37441008497517053 -0.6478776523867316 0.6633789533944705
v -0.2658623747380454 -0.5577994492140648 0.786242311348819
v -0.3870442002532649 -0.42510659387231176 0.818218290492575
v -0.2750111351283115 -0.5070961170815612 0.8168368280117158
v -0.2850620507735679 -0.4516025747056012 0.8454553457918637
v -0.14810616249512185 -0.5568310487481727 0.8173149624110515
v -0.11921953559660269 -0.04920987452418597 0.9916476645368779
v -0.11496829117638102 -0.12501497675285003 0.9854712312449649
v -0.051117594711939586 -0.22056754238405046 0.9740312883873525
v -0.00672996671138839 -0.09319080690720985 0.9956255225013302
v -0.10281542783658158 -0.23090386120909698 0.9675290149021427
v -0.1332503105565341 -0.3316395099467188 0.9339483873206738
v -0.18493520282150683 -0.36948224221001175 0.910649133008334
v -0.17319871821067293 -0.3346835712745766 0.9262770164098186
v -0.16407186867586668 -0.34442368006849755 0.9243661344495927
v -0.18320121315566787 -0.3787682255527306 0.9071780127460803
v -0.14027555907757364 -0.48192101970697276 0.8649132316539421
v 0.07588952524432148 -0.08595075324742564 0.9934048761579498
v 0.10822503746584822 -0.05586996194469551 0.9925552320237971
v -0.004739716010607497 -0.266390566822661 0.9638535163602612
v -0.003131731634570846 -0.20371056114713612 0.9790261485446076
v 0.027164106151129814 -0.27654113830984206 0.9606180875661811
v -0.14307894570032403 -0.34848327073819396 0.9263303003318494
v -0.005072344316456339 -0.4053172765313347 0.9141620078893876
v 0.19539086215528698 -0.252657152353763 0.9476216409256918
v 0.10562647291146865 -0.10257969802154403 0.98910083094399
v 0.11921845922940902 -0.10270682482854208 0.9875415267788008
v 0.18593220547511824 -0.20610112759287003 0.960703669282108
v 0.10610771470122543 -0.15094081665668113 0.9828316349954846
v 0.21749978985262652 -0.046701484083756815 0.9749424664042684
v 0.29175654383362226 -0.021868020254333608 0.9562425993545862
v -0.5431488042946775 -0.6476688212941714 0.534335544687681
v -0.5199804992637717 -0.6932480532933705 0.49902646922818733
v -0.46196930683326926 -0.7358283782797238 0.49511711469330205
v -0.5045943513644593 -0.7346730239972076 0.453475565363647
v -0.5088946774343465 -0.7512136020633788 0.4203621431027724
v -0.5036952127131751 -0.752881156905586 0.4236284884970978
v -0.4415529542174384 -0.7658497442232587 0.46744535284354044
v -0.393608177893179 -0.7554472603788326 0.5238053446479216
v -0.48766887762737815 -0.7162991338621546 0.49909379541523097
v -0.44952615579931166 -0.7452303323817198 0.49250176339839064
v -0.42365808076443423 -0.7512038980664135 0.5061684839387193
v -0.4028311531633819 -0.7622546451407087 0.506650686373237
v -0.4214694117172169 -0.7730745382147348 0.4740456658918184
v -0.333784802097595 -0.8038316477794537 0.4923843904073701
v -0.33750302644146 -0.8082876436324327 0.4824549640059522
v -0.2807562213466661 -0.8421750652900607 0.4603445487662734
v -0.5195431505487017 -0.83402334346 0.1856878490416971
v -0.5152826998469342 -0.8510921369289174 0.10062759907810165
v -0.28309931113350983 -0.8612203291671158 0.42208331483845324
v -0.30964703755051837 -0.8508813471132216 0.424405048592706
v -0.2916809953265013 -0.871934074860532 0.3932596674748757
v -0.33584829570707314 -0.8403055585556568 0.4255496334519862
v -0.3060211236520843 -0.8697528697697924 0.38714469827950143
v -0.3043680799748846 -0.8853483882857808 0.35145170827892247
v -0.5864596429349036 -0.7631045389896798 0.27154474729225325
v -0.4778930156824222 -0.8207489825619307 0.3130325433329828
v -0.36493772218752174 -0.877092966003673 0.31229535365013483
v -0.2807687907802542 -0.9012510221431425 0.33002345554480617
v -0.28188414034721737 -0.8777281680446094 0.3874720563366657
v -0.23080006370528655 -0.8987885947702033 0.37270684526131115
v -0.26814540803928705 -0.8984187704197433 0.3477668085153049
v -0.2117308870052748 -0.9236690542848113 0.3193830140200976
v -0.1826770824609254 -0.9378453097941322 0.29508517150258917
v -0.25774965780646236 -0.910619365283877 0.3230131351363918
v -0.1518731107059321 -0.9118680644023405 0.3813544170029144
v -0.48371082845062074 -0.853393932374907 -0.19427462681808635
v -0.4872932693522265 -0.8686020779754486 -0.08986489737795782
v -0.24736926985908778 -0.9542583920056561 0.16792666737645137
v -0.4439230986412521 -0.8934414523510942 0.06851754310770905
v -0.21853118061583032 -0.969068390506909 0.11467596792266647
v -0.33499717585941985 -0.9326566366135748 0.13389731269471847
v -0.2571131488460622 -0.9663678220363443 -0.005105019411826828
v -0.15326516880564897 -0.9881076930472883 -0.012368305128100748
v -0.3990270965645522 -0.9154821142224183 0.05167083070857793
v -0.2015831529422245 -0.9545606908720035 0.219495147763761
v 0.008721704317597391 -0.9891906760162279 0.14637533383857534
v -0.1422332101779434 -0.9858459795405237 0.08875482266481169
v -0.11899792928808758 -0.9885647088970085 0.0926245601799004
v -0.09381964877284985 -0.9954958356213495 -0.01363505646083845
v -0.11677921640719274 -0.9929957326872489 -0.017946851541030987
v -0.004791663387908269 -0.9962265600768149 0.08665841539915996
v -0.13837594044411922 -0.9796389877440108 0.14546323521115295
v -0.06524503870905035 -0.9954153196495524 0.06993873269393552
v -0.03555903848149359 -0.9958380183698027 0.08391779281878173
v -0.01297466131665025 -0.9942742305363365 -0.10606796243491468
v 0.05994892812833422 -0.9972684911091039 0.04314722073593232
v 0.24031278255311642 -0.9646247315164466 0.10839231471097015
v 0.20923873473129517 -0.9745516103726779 0.08042580809707207
v 0.2610157257256049 -0.9643879731383438 0.042739071001285184
v 0.3215787755714699 -0.9429915916622778 0.0857551698511425
v 0.31774983175606736 -0.09762300099864143 0.9431356180820498
v 0.27364228580188754 -0.14711564172997416 0.9505140121952417
v 0.2911325004121341 -0.19731840052078037 0.9361128756831089
v 0.2780329814334231 -0.35291668184990715 0.8933909988953846
v 0.01935701194449966 -0.4745407537718411 0.88002066969943
v 0.045498925576270735 -0.40848513485480087 0.9116302662670104
v 0.047833186732421595 -0.5028090406301519 0.8630730298807903
v 0.1968244626339252 -0.40728325731465126 0.8918410616360036
v 0.20472487392123598 -0.3599905751353282 0.9102167389208297
v 0.1927370474128594 -0.41898679076254075 0.8873006816863606
v 0.16262791846788066 -0.49708082275685733 0.852327880444005
v 0.32991147765495893 -0.4834916221492966 0.81079853738334
v 0.17274393223149428 -0.531547141509555 0.8292268508859456
v 0.11046711391891045 -0.5152307028379798 0.8499025471167314
v 0.19065039147052174 -0.540256584254924 0.8196189672044804
v 0.28985092926731015 -0.4761626821988767 0.8302141524233663
v 0.23071003548102698 -0.6466335874235345 0.727074881387133
v 0.38713469075688933 -0.5032597069543513 0.7725648183607563
v 0.38498560915361807 -0.531661253740467 0.7544020095517591
v 0.4006155384316294 -0.5913919814983208 0.699830489894964
v -0.07422501621697933 -0.5146760330141162 0.8541658082646726
v -0.11911000791774572 -0.596126091328476 0.7940066052944823
v -0.18921737006627562 -0.6847812247669504 0.7037552565145625
v -0.18772742775698897 -0.6824887424603575 0.7063763368648642
v -0.16508734800567834 -0.6512839682358277 0.7406587339979497
v -0.37044626543834763 -0.7069368046891088 0.6025030444725853
v -0.3882300133957544 -0.7247853313794492 0.569178074170039
v -0.4694566748573596 -0.672961252871592 0.5716061428688188
v -0.39211408687400956 -0.7321480394979265 0.5569612115168382
v -0.3727220486994098 -0.7397083838137541 0.5602765222003849
v -0.3668931512904617 -0.7243186552370956 0.5837395833860162
v -0.3463237916766995 -0.7520312319748125 0.5608108927732414
v -0.36414784799680516 -0.7579021643880729 0.541276873711754
v -0.37520835911601175 -0.752638047406201 0.5410680704366606
v -0.34737448951759275 -0.7752864477422045 0.5275053440294855
v -0.3112866008467942 -0.7859734637279437 0.5341782159998172
v -0.2666872192968486 -0.819078701556264 0.5079251989423433
v -0.18123333032400973 -0.7929237638103404 0.5817442606201731
v -0.23239541394115126 -0.6831998618723772 0.6922646317100749
v -0.2053077732036229 -0.7936292077268038 0.5727140638268765
v -0.2376760404958209 -0.8106970286160099 0.5350517989572612
v -0.2475633963130159 -0.8356740679552123 0.49026647545304564
v -0.20625009411386422 -0.8263161101563078 0.524082612547078
v -0.23278566201618522 -0.8352609010800718 0.498146627697702
v -0.13936075658297495 -0.868974611781188 0.4748280779443804
v -0.14309617226377053 -0.8993805947393149 0.4130835645360556
v 0.21401523533830863 -0.6373061727014632 0.7402961037853036
v 0.18447538781501713 -0.5801891568721542 0.7933154312998569
v 0.16638387850384237 -0.6802147245158486 0.7138797752604052
v 0.23960046391777712 -0.7042626532417176 0.6682856671658628
v 0.1976763034318872 -0.7333306492836652 0.6504999906861665
v 0.13879226611009582 -0.7719109291770744 0.620395216200939
v 0.0854895296858594 -0.8555956169036113 0.5105366594569084
v -0.00019431788221064184 -0.5493366436644734 0.8356011094822767
v 0.014166886978198104 -0.5377654290134876 0.8429754697921443
v -0.09891899930099411 -0.6716160363544857 0.7342662536769479
v 0.12766444288914194 -0.8741163508394083 0.46863887505946566
v 0.09158054524926577 -0.8382457546382618 0.5375472617014975
v 0.07317833036385894 -0.8637459750704226 0.4985858226171326
v 0.08728515622061526 -0.681634429767337 0.7264680348503298
v -0.009043746699411596 -0.7259079981936102 0.6877323525937852
v -0.06691635975891125 -0.8390130924755076 0.539980769519898
v -0.015282579866938989 -0.9727718360770417 0.23126045422404537
v 0.31678332833421285 -0.7137706848681058 0.6246436842812176
v 0.3432008132426089 -0.776782909338772 0.5280355229989788
v 0.27501212083455673 -0.8404260699805545 0.46696076311733015
v 0.3766280784427326 -0.7527518042422022 0.5399222274908155
v 0.35327723062196076 -0.8250543418023771 0.4409994687039024
v 0.10574334515657867 -0.9051581592434267 0.41171234097382614
v 0.3697643425931031 -0.8710478652572624 0.3233418429115791
v 0.31871456560609096 -0.9173450214256829 0.23853540059293937
v 0.16503633531289966 -0.8982134592626593 0.40740101819447544
v 0.23913804455395288 -0.8974099924566713 0.37076717908389456
v 0.34933161239942107 -0.9001617877098008 0.26014645975972145
v 0.39812424280750286 -0.878232210582296 0.2649627739602041
v 0.2692017926523643 -0.9442907076145509 0.18932895802165134
v 0.31896099912187387 -0.9228403486207525 0.2159388154008076
v 0.3110069891475086 -0.9403224045882586 0.13808847935565352
v 0.43543840367085895 -0.8894102918070597 0.1390781414754125
v 0.3942425790671723 -0.029849089938822616 0.9185215406729927
v 0.43904736320810267 -0.20126996063749464 0.8756299536933361
v 0.4859454882453218 -0.08009530681394232 0.8703112801063745
v 0.5935055572491044 -0.0043167851388652015 0.8048183142054455
v 0.2931329213958953 -0.45976398260031737 0.838266169362335
v 0.444537652583431 -0.5690522859433592 0.6917844832736928
v 0.47814106490737524 -0.45253956133675116 0.7527211086945697
v 0.5741354411127666 -0.46000259108290853 0.6773227527960799
v 0.6345457855846215 -0.439003793340732 0.6361032270231329
v 0.5667285501332059 -0.10646169250461932 0.8169973430146308
v 0.580314200254047 -0.2155231307763548 0.785356740013011
v 0.4253850409292843 -0.2833583450761438 0.8595089384231558
v 0.5200686202228616 -0.31512562722976206 0.793866783108185
v 0.5334228472560423 -0.2915316300654098 0.7940210165333548
v 0.6526242659249131 -0.35482476327126894 0.6694631841225149
v 0.6713639514670829 -0.36111576531345996 0.6471984616117211
v 0.6262902478073757 -0.0925065982468602 0.774082072381327
v 0.7514831303210554 -0.09501514548549847 0.6528745874754487
v 0.693020378697254 -0.05094824480952031 0.7191154504397357
v 0.6509370644058712 -0.33793692116136675 0.6797643529184528
v 0.7885317751929154 -0.1119171561781584 0.6047248875845139
v 0.4876298749822303 -0.7259701025313806 0.4849582613538932
v 0.5315620102627517 -0.5907256433664864 0.6070296891542234
v 0.5909630439085171 -0.6527023127347648 0.4740700071561893
v 0.6355932887175961 -0.5929540220552132 0.49439528624947093
v 0.4505474534287742 -0.8511868848272098 0.2692357318540703
v 0.44789604370643815 -0.8627746924129119 0.23453989887421284
v 0.43818002613152135 -0.8645871474899031 0.2459417188983031
v 0.5248180888852211 -0.8233313973467759 0.2160818912400333
v 0.6059384450629912 -0.7712495227999373 0.19496864972480438
v 0.7236561097607982 -0.6175616294437829 0.30812248967676364
v 0.5887650590951313 -0.6854620097262378 0.4283661265912299
v 0.4818066451401664 -0.8014833945107286 0.3542410549644658
v 0.5426760468300779 -0.7552874700714539 0.36748271489954704
v 0.7364463373301275 -0.604252032584254 0.3041813165709521
v 0.7704814831970866 -0.613486979426842 0.17318201443610437
v 0.7992590181516755 -0.5844593365976698 0.1399725178991633
v 0.8131674468864424 -0.5754198501313915 0.08746827652899083
v 0.8495481129154288 -0.5262163513467027 0.036937182041911786
v 0.8081577815784465 -0.05935699538291133 0.5859673601603737
v 0.8411685164910934 -0.24528787468368232 0.4819433425179099
v 0.7591259384965945 -0.3521621563678654 0.5474574185486938
v 0.8364096572547338 -0.3224809742078264 0.4431984956258201
v 0.8366558649647375 -0.33983003908744674 0.42956083172692944
v 0.9267620156969812 -0.20343652893046973 0.315793832995501
v 0.9274437077773642 -0.23781537725801616 0.2886035606914828
v 0.9163810493654525 -0.23125587562624295 0.3267514228771037
v 0.738193655923228 -0.4476771237834581 0.5046338466607933
v 0.7069626870439186 -0.41196049313825206 0.5748846068742235
v 0.6211863005305779 -0.5000270826192851 0.6034074052250116
v 0.760028890429584 -0.550994510784965 0.344617374485403
v 0.6447581706862953 -0.5424882475871622 0.5385103551122039
v 0.6977897683104693 -0.5843161423375449 0.4143236477018798
v 0.914814995739736 -0.3021089291597703 0.2680367857060738
v 0.8952637567929308 -0.3542375464171054 0.2702194783530548
v 0.9107622832123107 -0.3573520498012534 0.20690958407174267
v 0.7675276104379681 -0.3588523329227099 0.5311556931553226
v 0.8337334766000488 -0.41526487341750956 0.3639279803778978
v 0.8751938886382883 -0.4411566707802385 0.19853576281437985
v 0.8636348955242154 -0.414544113200612 0.2868587552151683
v 0.7972613495221156 -0.5220165744990845 0.3031056523828232
v 0.9311452125128555 -0.3032595327591238 0.20249012075927775
v 0.9282439580712238 -0.33667081602977567 0.15816420561591324
v 0.9177887103307115 -0.37284795778157775 0.13655871838735173
v 0.8864661065290026 -0.4326255214509207 0.16435632073221287
v 0.7943577710232146 -0.5611595745701987 0.232584744734524
v 0.8248836201054536 -0.5361950080706688 0.17905844465374227
v 0.827352541878031 -0.5433734354524924 0.14224303530407845
v 0.8790763448923026 -0.4595082758251033 0.12679481179855212
v 0.9298380574271216 -0.1682458061853849 0.32725301474728524
v 0.9414223342894928 -0.12402794830458773 0.31359377630985724
v 0.9361321134750912 -0.10783615220436053 0.33470588641136434
v 0.9390603196949929 -0.30126303206834504 0.16554848680469728
v 0.9583679388568699 -0.22445127013201652 0.17650076800784617
v 0.9695661769438316 -0.22854999550051106 0.08778569406935853
v 0.9313417379381438 -0.357946282598648 0.06691058173537963
v 0.9838053414442632 -0.17246260349686568 0.04882315578513315
v 0.9837469344079925 -0.02267973717921836 0.17812242577608872
v 0.9797572728621301 -0.16851788374155569 0.108062061487967
v -0.4087919568303074 -0.046064841559023 0.9114642979310764
v -0.8042968979395301 0.2631912633669753 0.5327634173365741
v -0.788061623577496 0.1012614850009362 0.6072108275548174
v -0.7259183160673836 0.09874915798895305 0.680654980290578
v -0.7015401063750926 0.16246145056425784 0.693864364431393
v -0.722152374051783 0.21512854953766983 0.65743110348172
v -0.7948761781480271 0.026801299301904478 0.6061794715828932
v -0.734773221617083 -0.03164449666569044 0.6775743048738111
v -0.5956862919125833 -0.013478768696673516 0.8031040806905779
v -0.4262244177228939 -0.35313831684321584 0.8328421668683212
v -0.6021178910640468 -0.11008943209037786 0.7907808559914705
v -0.6551975205837315 -0.1319300464745767 0.7438485543833144
v -0.6368562124456743 -0.2450061970343406 0.7310171872699849
v -0.5035580758394048 -0.39556434409217645 0.7680873088001406
v -0.48045113884818413 -0.5704785208618577 0.6661238326428126
v -0.4527157355838474 -0.5303005317973368 0.7168192301621364
v -0.9356116551712669 0.32162519860513467 0.14556119788559788
v -0.9459173623873155 0.2501382060049716 0.2065701368321145
v -0.9478075792616195 0.19802412671207295 0.2498944535882096
v -0.9034115649327338 0.3122982387624721 0.29379815249869573
v -0.9592888494624614 0.15804341016213105 0.23406662256996724
v -0.9721677784139746 0.06141850840309427 0.22609196677276336
v -0.9770406862236458 0.12077439952866838 0.17551365155484847
v -0.9843303009277777 0.06743483836501131 0.16293066393443323
v -0.9844060716694473 0.022383687846038478 0.17448110665266414
v -0.9278212573906517 0.3491683218074808 0.13126003725497568
v -0.8956025126398066 0.4241644443826775 0.13409199631148597
v -0.8930725258287058 0.42039204559129323 0.16028721600147514
v -0.9140549608885563 0.3834575726710261 0.13215074133830831
v -0.9304039292282426 0.35940801378985243 -0.0719333587446097
v -0.9214365463472307 0.375153306077185 -0.10106773963558172
v -0.963802826301215 0.24533203587494853 -0.10438536385548933
v -0.9550818606738004 0.2720977707555404 -0.11739438897041275
v -0.9606788494663093 0.249886422745311 -0.12104926235066403
v -0.9938326678807995 0.00010987276694959027 0.11089010858010613
v -0.9977902225634798 0.057967418738798196 0.03247229775489083
v -0.9955058340778409 0.09452801680465983 0.005708621196093207
v -0.9417953546919617 0.3343408759745709 0.03518079779081784
v -0.9883494716157322 0.15213108429004119 0.004631970384126404
v -0.9956174779979075 -0.06694225740606398 -0.06530368809237763
v -0.9958392064675737 0.09103128400689742 0.004192874203763236
v -0.9901621315397208 0.10845557185048915 -0.08841007973811678
v -0.9970525668798589 0.03535036652702176 -0.06809207343509174
v -0.9994063667179642 0.02408858633403836 -0.024630350627337375
v -0.9904461576358655 -0.11751110980888078 -0.07216334177292123
v -0.5736038966824532 -0.4780493850561736 0.6651671633192066
v -0.5704019914857895 -0.4374543868365251 0.6951799965091956
v -0.5439729615002954 -0.35285493774673754 0.7613059897730637
v -0.6249004675688364 -0.3409728637430106 0.7023082740671222
v -0.5871014206466003 -0.5034724138709002 0.6338986120396168
v -0.5889420259564648 -0.4141885508572714 0.6939705573012794
v -0.59557325927121 -0.43890508144995266 0.6727962710349088
v -0.7529547331316148 -0.07240357642461806 0.6540771299897462
v -0.7886972316938949 -0.11536651923518476 0.60386028430254
v -0.6987707749037184 -0.3203099636911084 0.6396256180772136
v -0.7696626730679577 -0.32122458275642024 0.5517555048378311
v -0.785461648620467 -0.33049515697490445 0.5232809472573519
v -0.6404668269078913 -0.5190109997841634 0.566065213322264
v -0.7727341889520768 -0.5155516149450303 0.37025451456011604
v -0.8045214369223724 -0.4573835313126061 0.3788740725047986
v -0.7778862566415586 0.0003359094186428046 0.6284050118299866
v -0.7956196212500755 -0.012733392406047928 0.6056626775687274
v -0.7995010636037062 0.01581630110682085 0.6004564046755111
v -0.8495761289618431 0.2223314333450331 0.4783190722153496
v -0.8785234928904465 0.2641980386038897 0.3979897848405499
v -0.8786519933933516 0.14181106475980462 0.4559169841293259
v -0.9619038399312189 0.11354814636973856 0.2486922217954804
v -0.97745901790919 0.01060412462782948 0.210858769912184
v -0.9208641436779594 -0.22533523852977022 0.3181717447621486
v -0.8622396041775949 -0.11188827641014253 0.4939877312136729
v -0.774322877718132 -0.059087116159757015 0.6300260262451338
v -0.8264921353527579 -0.043259350372461536 0.561283688347872
v -0.922416913398592 -0.1926937609296048 0.3346881419695338
v -0.9360026763132259 -0.13785431748673851 0.3238752492623416
v -0.9557084018672486 -0.07546833227590256 0.28447492231098964
v -0.9704899915199814 -0.08053392569496799 0.22729598142445043
v -0.9854094818445228 -0.02673920459734568 0.168086787191648
v -0.8868888358549413 -0.3796031462552744 0.26330523008281387
v -0.9886299050216794 -0.11686140686248818 0.09462728191671374
v -0.9717756934623357 -0.2115602119135173 -0.10437565966691767
v -0.5255834192725757 -0.6288081438958746 0.5730291332523793
v -0.5739400090846934 -0.6344692541690513 0.5177273717759472
v -0.5244061727891519 -0.7504647010065814 0.40224482406084067
v -0.9148576115873536 -0.40300974309056664 0.02487363051021053
v -0.9162313538561722 -0.3642225161242894 -0.16691933668385325
v -0.7586776285525518 -0.626282866077285 -0.17938235027978014
v -0.501930464080642 -0.8595623909934146 -0.09601200559032004
f 1404 1816 421
f 1404 50 1816
f 1331 783 438
f 1331 438 437
f 437 1332 1331
f 419 1332 437
f 421 1816 419
f 419 1816 1332
f 422 421 419
f 422 419 437
f 420 422 437
f 422 420 434
f 422 28 421
f 28 422 1333
f 1333 422 434
f 71 424 426
f 425 426 424
f 426 423 71
f 423 426 1334
f 439 1334 426
f 439 426 1335
f 439 1335 432
f 424 72 427
f 427 1832 429
f 428 427 121
f 429 791 478
f 1336 429 447
f 1336 427 429
f 1336 121 427
f 430 121 1337
f 121 1336 1337
f 1336 447 1337
f 430 1337 1338
f 426 425 430
f 430 425 428
f 428 425 424
f 428 424 427
f 1335 426 430
f 430 432 1335
f 432 430 1339
f 430 428 121
f 1338 1339 430
f 439 432 431
f 1341 431 432
f 1339 1338 1377
f 1340 1339 1377
f 1340 432 1339
f 1340 1341 432
f 443 1341 1340
f 443 1340 476
f 433 1333 434
f 434 420 1342
f 435 433 434
f 435 434 1342
f 420 437 438
f 1342 420 1334
f 438 783 423
f 1334 420 438
f 1334 438 423
f 1342 1334 439
f 436 435 1342
f 122 436 1342
f 1343 122 1342
f 1343 1342 439
f 436 122 1344
f 440 122 1343
f 1344 122 440
f 1343 439 431
f 431 1341 1343
f 1341 440 1343
f 443 440 1341
f 1333 433 442
f 433 435 441
f 435 436 441
f 442 433 441
f 513 442 445
f 442 441 445
f 473 440 443
f 440 473 471
f 444 1344 471
f 471 1344 440
f 446 444 471
f 515 445 1345
f 1345 445 444
f 444 441 436
f 444 436 1344
f 444 445 441
f 1345 444 123
f 123 444 446
f 124 515 1345
f 515 124 516
f 1368 123 446
f 1346 123 1368
f 124 1345 123
f 1346 124 123
f 516 124 1346
f 478 1901 1349
f 447 478 1349
f 447 1349 479
f 1347 1348 1351
f 448 1347 1351
f 479 1349 448
f 1349 1901 1347
f 448 1349 1347
f 479 448 449
f 449 448 453
f 1912 450 125
f 125 450 1350
f 1352 125 1350
f 1352 1350 452
f 451 1350 126
f 452 1350 451
f 452 451 463
f 128 452 463
f 128 463 1360
f 448 1351 453
f 454 453 1351
f 1348 1912 125
f 1351 1348 125
f 1352 1351 125
f 455 1351 127
f 127 1351 1352
f 127 1352 452
f 128 127 452
f 480 453 454
f 454 1351 455
f 127 128 129
f 455 127 129
f 129 128 1360
f 456 129 1357
f 481 454 456
f 456 454 455
f 456 455 129
f 135 456 1
f 456 1357 1
f 1353 1942 457
f 457 863 1355
f 457 1355 1358
f 1355 1943 1354
f 1354 1943 1356
f 130 1355 1354
f 1358 1355 130
f 1356 868 458
f 461 1356 458
f 130 1354 459
f 459 1354 1356
f 1356 461 459
f 459 461 460
f 1361 460 461
f 467 1 1357
f 467 1357 29
f 1357 129 1360
f 1360 29 1357
f 29 1360 462
f 463 451 465
f 463 465 464
f 465 451 1353
f 465 1353 457
f 1358 465 457
f 1358 464 465
f 464 1358 130
f 1359 462 466
f 464 1360 463
f 466 462 1360
f 466 1360 464
f 466 464 130
f 1359 466 130
f 1363 1359 460
f 1359 130 459
f 460 1359 459
f 1363 460 942
f 942 460 1361
f 29 462 468
f 468 462 1365
f 468 467 29
f 467 468 1362
f 1362 468 1365
f 1362 1365 1366
f 494 1362 1366
f 462 1359 1365
f 1365 1359 1363
f 942 469 1363
f 1364 469 942
f 469 1366 1365
f 469 1365 1363
f 1366 469 1386
f 1367 469 1364
f 1386 469 1367
f 472 1368 446
f 1369 496 1346
f 1368 1369 1346
f 1369 1368 470
f 1369 470 6
f 1370 1369 6
f 446 471 472
f 1371 472 471
f 1371 471 473
f 1371 473 1381
f 1371 1381 137
f 1371 137 474
f 470 1368 472
f 1372 470 472
f 1372 472 1371
f 475 6 1372
f 1372 6 470
f 1372 1371 474
f 1373 6 475
f 1374 1373 475
f 475 1372 474
f 1375 475 474
f 1374 475 1375
f 482 1374 1375
f 143 1374 1376
f 1374 482 1376
f 1376 482 489
f 443 476 1381
f 1381 476 131
f 1377 1338 1378
f 477 1377 1378
f 476 1340 1377
f 477 476 1377
f 477 131 476
f 1381 131 132
f 131 477 132
f 1338 1337 1378
f 1378 1337 30
f 447 429 478
f 30 1337 447
f 30 447 479
f 449 133 479
f 479 133 30
f 132 477 134
f 1380 132 134
f 134 477 1378
f 134 1378 30
f 1380 134 480
f 134 133 480
f 133 134 30
f 480 133 449
f 453 480 449
f 1379 132 1380
f 1379 1380 481
f 1382 1379 481
f 481 480 454
f 481 1380 480
f 1382 481 135
f 481 456 135
f 488 1376 489
f 1375 474 31
f 136 489 482
f 31 482 1375
f 482 31 136
f 136 484 490
f 137 1381 483
f 473 443 1381
f 483 1381 132
f 31 474 137
f 485 31 137
f 485 137 483
f 484 136 485
f 485 136 31
f 486 484 485
f 486 485 483
f 486 483 132
f 490 484 138
f 138 484 487
f 486 132 1379
f 1382 484 486
f 1382 486 1379
f 1382 487 484
f 487 1382 135
f 487 135 1
f 140 488 489
f 488 140 1383
f 489 136 139
f 489 139 140
f 136 490 139
f 140 139 32
f 492 1383 140
f 492 140 32
f 138 487 1384
f 490 138 1384
f 467 487 1
f 1384 487 467
f 490 1384 491
f 491 1384 467
f 491 467 1362
f 493 491 1362
f 493 1385 492
f 490 32 139
f 32 490 491
f 493 492 32
f 491 493 32
f 494 493 1362
f 1385 493 1386
f 503 1385 1386
f 493 494 1386
f 1386 494 1366
f 1367 503 1386
f 516 1346 495
f 495 1346 496
f 33 495 496
f 496 1369 497
f 1370 6 499
f 497 1369 1370
f 497 1370 499
f 497 499 142
f 33 496 497
f 33 497 141
f 497 142 141
f 6 1373 499
f 1373 1374 1387
f 499 1373 1387
f 143 1376 488
f 1387 1374 143
f 1387 143 1388
f 1392 1388 1400
f 7 141 144
f 144 141 498
f 498 141 142
f 498 142 1389
f 144 498 1390
f 1390 498 1389
f 1389 142 499
f 1390 1389 1387
f 1389 499 1387
f 1392 1390 1388
f 1390 1387 1388
f 144 1391 501
f 144 1390 1391
f 500 1392 1399
f 500 1390 1392
f 500 1399 1393
f 1391 1390 500
f 1393 501 500
f 500 501 1391
f 488 1383 1394
f 502 492 1385
f 502 1385 1397
f 502 1383 492
f 502 1394 1383
f 504 503 1395
f 35 502 1396
f 1396 502 1397
f 1396 1397 145
f 34 1396 145
f 1397 1385 503
f 504 1397 503
f 504 145 1397
f 145 504 1395
f 35 1396 34
f 1398 34 145
f 508 1393 505
f 505 1393 1399
f 505 1399 507
f 146 508 505
f 146 505 507
f 1388 143 1394
f 35 1388 1394
f 35 1400 1388
f 1394 143 488
f 35 1394 502
f 146 507 506
f 1399 1392 1400
f 507 1399 1400
f 507 1400 35
f 35 506 507
f 146 506 1401
f 506 35 34
f 1401 506 1398
f 1398 506 34
f 147 508 146
f 508 147 509
f 545 508 509
f 509 147 36
f 1401 1398 1402
f 1402 1398 286
f 1402 286 1403
f 162 509 36
f 147 146 1401
f 36 147 1401
f 36 1401 1402
f 36 1402 1403
f 162 36 898
f 36 1403 898
f 1404 421 1405
f 1404 1405 510
f 49 1404 510
f 1405 421 511
f 511 421 28
f 28 1333 523
f 523 511 28
f 511 523 522
f 511 510 1405
f 1406 510 511
f 522 1406 511
f 510 1406 512
f 512 1406 1408
f 1407 1406 522
f 1408 1406 1407
f 1408 1407 1413
f 153 512 1408
f 512 153 1409
f 523 1333 148
f 1333 442 513
f 148 1333 513
f 513 445 515
f 148 513 149
f 149 513 150
f 514 149 151
f 1410 516 1471
f 1410 515 516
f 515 1410 1411
f 1410 1471 1412
f 1412 1411 1410
f 151 149 150
f 150 513 515
f 1411 150 515
f 151 150 518
f 518 150 1411
f 151 518 520
f 151 520 517
f 518 1411 519
f 519 1411 1412
f 520 518 519
f 520 519 1469
f 152 520 1469
f 1422 517 520
f 1422 520 152
f 526 1409 153
f 153 1408 1413
f 153 1413 1414
f 154 153 1414
f 1413 1407 521
f 1407 522 521
f 1414 1413 521
f 524 1414 521
f 1414 524 1420
f 522 523 525
f 148 525 523
f 514 525 148
f 514 148 149
f 1416 524 1415
f 1416 1420 524
f 37 1416 1415
f 521 522 525
f 1415 524 521
f 1415 521 525
f 37 1415 514
f 514 1415 525
f 1420 1416 1421
f 1421 1416 1417
f 1416 37 1417
f 517 37 514
f 517 514 151
f 1418 1417 37
f 1422 37 517
f 1422 1418 37
f 154 1414 528
f 526 153 154
f 155 526 154
f 1414 1420 528
f 528 1420 527
f 1419 528 527
f 1419 154 528
f 529 155 1419
f 155 154 1419
f 156 155 529
f 156 529 530
f 1420 1421 527
f 1421 1417 531
f 527 1421 38
f 1421 531 532
f 38 1421 532
f 1424 1422 157
f 1424 1418 1422
f 1424 157 1425
f 1423 532 531
f 531 1417 1418
f 531 1418 1424
f 1423 531 1424
f 1423 1424 1426
f 1426 1424 1425
f 532 1423 1426
f 534 532 1426
f 533 530 158
f 158 529 1427
f 158 530 529
f 1427 529 1419
f 1427 1419 527
f 1427 527 38
f 534 158 1427
f 38 534 1427
f 1429 158 534
f 1429 534 159
f 534 38 532
f 159 534 1426
f 159 1426 1456
f 1546 530 533
f 158 1429 1430
f 535 158 1430
f 535 533 158
f 533 535 1428
f 1428 535 1431
f 159 1456 561
f 159 561 170
f 1431 535 1430
f 1431 1430 170
f 1430 1429 159
f 1430 159 170
f 537 1431 536
f 1431 170 536
f 1472 495 33
f 1472 33 1473
f 33 141 538
f 1473 33 538
f 1432 1473 538
f 144 501 539
f 7 144 539
f 7 539 1436
f 1393 508 1439
f 1433 501 1393
f 1433 1393 1439
f 1436 539 1434
f 1434 539 501
f 1434 501 1433
f 1432 538 540
f 540 538 1435
f 538 141 7
f 1435 538 7
f 160 540 1435
f 160 1435 1436
f 1435 7 1436
f 1434 160 1436
f 160 1434 542
f 1432 540 541
f 540 160 541
f 160 542 1437
f 1437 542 164
f 544 543 541
f 544 541 160
f 544 160 1437
f 544 1437 164
f 161 543 544
f 161 544 1438
f 1439 508 545
f 1444 1439 545
f 1444 545 547
f 509 162 347
f 347 162 39
f 347 39 348
f 547 545 347
f 545 509 347
f 1438 544 1440
f 1440 544 163
f 544 164 163
f 546 1440 163
f 164 542 165
f 164 165 1441
f 546 163 164
f 1441 546 164
f 548 546 1441
f 549 1441 1445
f 542 1434 165
f 1434 1433 1442
f 1442 165 1434
f 1442 1433 1439
f 1442 1439 1444
f 1445 1441 1443
f 1442 1441 165
f 1443 1441 1442
f 1443 1442 1444
f 547 1443 1444
f 1445 1443 547
f 1445 547 554
f 551 547 2150
f 1440 546 166
f 546 548 166
f 596 1440 166
f 596 166 40
f 548 1441 549
f 1446 166 548
f 1446 548 549
f 40 166 1446
f 1446 549 550
f 1447 1446 550
f 1447 550 8
f 167 554 551
f 554 547 551
f 167 551 2148
f 168 167 2148
f 168 2148 556
f 552 8 550
f 550 553 552
f 553 549 1445
f 553 1445 554
f 552 553 1448
f 553 550 549
f 1448 553 554
f 552 1448 1449
f 1448 554 167
f 168 1449 1448
f 168 1448 167
f 1496 8 1450
f 1450 8 552
f 555 1450 557
f 1449 168 1451
f 1452 1449 1451
f 1451 168 556
f 1451 556 2146
f 1450 552 1452
f 1452 552 1449
f 558 557 1452
f 557 1450 1452
f 558 1452 1451
f 558 1451 2146
f 1497 557 558
f 558 2146 1047
f 559 1497 558
f 559 558 1047
f 537 536 560
f 601 537 560
f 536 170 560
f 560 170 1453
f 560 1453 1499
f 169 561 1462
f 169 170 561
f 170 169 41
f 41 169 564
f 41 1453 170
f 1499 1453 1454
f 1453 41 1454
f 1455 41 172
f 1455 172 1460
f 1454 41 1455
f 1454 1455 562
f 1456 1426 563
f 1456 563 42
f 1426 1425 1458
f 563 1426 1458
f 1458 1425 157
f 1458 157 1457
f 171 42 563
f 171 563 1458
f 1457 171 1458
f 1459 42 171
f 171 1457 585
f 1465 171 585
f 562 1455 1460
f 1504 562 1460
f 1461 1504 1460
f 1461 1460 172
f 1461 172 1463
f 1462 561 1456
f 1462 1456 42
f 564 169 1462
f 1463 564 1462
f 1463 1462 42
f 172 41 564
f 1463 172 564
f 1459 1463 42
f 1461 1463 1464
f 566 1464 1465
f 1465 1464 1459
f 1464 1463 1459
f 1465 1459 171
f 1504 1461 568
f 565 1504 568
f 565 568 1466
f 1506 565 1466
f 1506 1466 569
f 1464 566 173
f 566 1465 581
f 173 566 567
f 567 566 581
f 568 1461 1464
f 173 568 1464
f 173 1466 568
f 1466 173 569
f 569 173 1467
f 569 1467 174
f 173 567 1467
f 174 1467 1477
f 1468 1422 152
f 1469 519 175
f 1468 152 1470
f 1470 152 1469
f 1470 1469 175
f 1470 175 44
f 519 1412 570
f 570 1412 574
f 570 574 43
f 43 175 519
f 43 519 570
f 175 43 571
f 44 175 571
f 1412 1471 572
f 574 1412 572
f 1472 516 495
f 1471 516 1472
f 572 1471 1472
f 1473 572 1472
f 575 572 1473
f 1432 575 1473
f 577 571 573
f 571 43 573
f 574 572 575
f 576 573 177
f 177 573 176
f 573 43 574
f 176 573 574
f 575 176 574
f 177 176 575
f 177 575 1432
f 577 573 576
f 1474 577 576
f 177 1432 541
f 543 576 541
f 541 576 177
f 1474 576 1475
f 1475 576 161
f 161 576 543
f 1474 1475 578
f 578 1475 1486
f 1486 1475 161
f 1486 161 1438
f 1476 174 1477
f 1476 1477 579
f 579 1477 1487
f 1467 567 178
f 580 1467 178
f 1487 1477 580
f 1477 1467 580
f 178 567 581
f 178 581 1478
f 1478 581 180
f 1478 180 45
f 583 1478 45
f 1487 580 582
f 1479 580 178
f 582 580 1479
f 583 1479 1478
f 1478 1479 178
f 582 1479 584
f 582 584 179
f 1479 583 584
f 583 45 1480
f 584 583 1481
f 583 1480 1481
f 179 584 1481
f 179 1481 593
f 593 1481 9
f 581 1465 180
f 1465 585 180
f 585 1457 181
f 586 180 585
f 586 585 181
f 586 181 183
f 1457 157 1468
f 157 1422 1468
f 44 1468 1470
f 181 1457 1468
f 181 1468 44
f 182 44 571
f 182 181 44
f 182 571 577
f 9 1481 587
f 587 1481 1480
f 46 587 1480
f 46 1480 1483
f 1482 45 180
f 1482 180 183
f 183 180 586
f 1484 46 1483
f 1484 1483 183
f 1483 1480 1482
f 1482 1480 45
f 1483 1482 183
f 182 183 181
f 1484 183 182
f 184 9 587
f 184 587 46
f 184 46 590
f 46 1484 588
f 46 588 589
f 1484 182 588
f 588 182 577
f 588 577 1474
f 589 588 1474
f 589 1474 578
f 591 590 589
f 589 590 46
f 591 589 578
f 590 591 1485
f 1485 591 1486
f 591 578 1486
f 595 1486 1438
f 1516 1476 579
f 1516 579 592
f 579 1487 582
f 579 582 185
f 1488 579 185
f 592 579 1488
f 179 593 598
f 185 582 179
f 185 179 1489
f 179 598 1489
f 1518 1488 185
f 1518 185 1489
f 1518 1489 594
f 594 1489 1490
f 1518 594 186
f 9 184 1491
f 1491 184 1492
f 1491 1492 1493
f 1485 1486 595
f 595 1438 1440
f 596 595 1440
f 596 1485 595
f 1485 596 597
f 1493 1492 597
f 184 590 1485
f 1492 184 1485
f 597 1492 1485
f 40 597 596
f 1493 597 1447
f 1495 1493 1447
f 1447 597 40
f 1447 40 1446
f 594 1490 599
f 186 594 599
f 1494 186 599
f 1494 599 1495
f 1490 1489 598
f 1490 598 187
f 598 593 9
f 598 9 1491
f 187 598 1491
f 187 1491 1493
f 187 599 1490
f 187 1495 599
f 1495 187 1493
f 1494 1495 1496
f 1496 1495 1447
f 1496 1447 8
f 1494 1496 555
f 555 1496 1450
f 186 1494 600
f 600 1494 555
f 555 1497 600
f 557 1497 555
f 1035 600 1497
f 1035 1497 559
f 633 537 601
f 633 601 602
f 1500 560 1499
f 601 560 1500
f 602 601 1500
f 602 1500 1498
f 209 602 1498
f 1454 562 603
f 1499 1454 603
f 1499 603 1501
f 1498 1500 1499
f 1498 1499 1502
f 1502 1499 1501
f 209 1498 188
f 188 1498 1502
f 1502 1501 1503
f 608 188 1502
f 608 1502 1503
f 1505 1504 604
f 604 565 1506
f 604 1506 1509
f 604 1504 565
f 1505 604 1512
f 1512 604 1509
f 1512 1509 1508
f 174 1476 1507
f 189 174 1507
f 190 569 189
f 569 174 189
f 190 189 198
f 605 1509 190
f 1509 1506 569
f 190 1509 569
f 1508 1509 605
f 190 198 615
f 605 190 615
f 191 605 615
f 191 614 613
f 1503 1501 606
f 1510 1503 606
f 1513 1503 1510
f 1501 603 606
f 606 603 1511
f 603 562 1505
f 562 1504 1505
f 1511 603 1505
f 1512 1511 1505
f 1508 1511 1512
f 192 1510 1508
f 1508 1510 606
f 1508 606 1511
f 47 1510 192
f 192 1508 605
f 607 192 191
f 191 192 605
f 607 191 613
f 608 1503 1513
f 608 1513 1514
f 1513 1510 47
f 1513 47 193
f 1514 1513 193
f 47 192 609
f 194 609 610
f 609 192 607
f 610 609 607
f 193 47 194
f 194 47 609
f 1576 193 194
f 1576 194 658
f 194 610 1515
f 658 194 1535
f 1535 194 1515
f 1507 1476 1516
f 592 1488 1517
f 611 1516 592
f 611 592 1517
f 1518 186 1522
f 1519 1518 1524
f 1520 611 1517
f 1517 1488 1518
f 1519 1517 1518
f 1520 1517 1519
f 1520 1519 1524
f 1521 1520 196
f 617 1520 1521
f 1522 186 195
f 195 600 1035
f 195 1035 2084
f 195 186 600
f 1523 195 2083
f 1521 196 10
f 196 1520 1523
f 196 1523 1525
f 1524 1518 1522
f 1524 1522 195
f 1523 1524 195
f 1523 1520 1524
f 104 1525 1523
f 1527 1525 104
f 612 196 1525
f 1526 10 612
f 10 196 612
f 612 1525 1527
f 1526 612 325
f 612 1527 325
f 1526 325 2080
f 1536 1535 1515
f 610 607 1532
f 1532 607 613
f 1515 610 1532
f 1528 1536 1515
f 1528 1515 1532
f 1536 1528 622
f 1528 1532 1529
f 1528 1529 1531
f 1531 622 1528
f 613 614 1533
f 191 615 614
f 1533 614 197
f 614 615 197
f 48 1533 197
f 189 1507 611
f 611 1507 1516
f 198 189 611
f 48 197 616
f 197 615 198
f 616 197 198
f 616 198 611
f 1520 616 611
f 48 616 617
f 1530 48 617
f 617 616 1520
f 1521 1530 617
f 1540 1531 618
f 1531 1529 619
f 618 1531 619
f 619 1532 1533
f 1532 613 1533
f 1534 1533 48
f 619 1529 1532
f 618 619 1534
f 1534 619 1533
f 1530 1534 48
f 10 618 1530
f 1530 618 1534
f 10 1530 1521
f 1540 618 620
f 618 10 1526
f 620 618 1526
f 199 1536 1537
f 199 1535 1536
f 1536 622 1537
f 622 623 1537
f 1538 199 1537
f 1538 1537 625
f 199 1538 200
f 200 1538 625
f 1531 1540 623
f 624 623 1540
f 620 1526 1539
f 1526 621 1539
f 1539 1540 620
f 624 1540 1539
f 626 200 625
f 625 1537 623
f 622 1531 623
f 625 623 624
f 2059 625 624
f 1212 625 2059
f 626 625 1212
f 1404 49 50
f 50 49 11
f 1541 510 512
f 627 512 1409
f 627 1541 512
f 1541 627 201
f 628 11 49
f 1541 49 510
f 628 49 1541
f 628 1541 201
f 11 628 201
f 11 201 629
f 11 629 202
f 526 155 631
f 1409 526 631
f 631 155 630
f 51 631 630
f 630 155 156
f 630 156 638
f 630 638 203
f 51 630 203
f 51 203 204
f 1546 533 1428
f 1546 1428 632
f 1431 537 634
f 634 537 633
f 635 634 633
f 632 1428 1542
f 636 632 1542
f 1542 1428 1431
f 1542 1431 634
f 1542 634 635
f 1543 1542 635
f 636 1542 1543
f 636 1543 712
f 640 636 1693
f 1693 636 712
f 204 203 1544
f 637 204 1544
f 1544 203 638
f 1544 638 639
f 637 1544 1545
f 1545 1544 639
f 156 530 1546
f 632 638 1546
f 1546 638 156
f 639 638 632
f 1545 639 1548
f 1548 639 640
f 640 632 636
f 640 639 632
f 1548 640 1693
f 204 637 641
f 641 637 1547
f 637 205 1547
f 205 637 1545
f 1548 1693 1689
f 1547 205 642
f 205 1545 1548
f 642 205 1548
f 642 1548 643
f 1547 642 1549
f 1549 642 1550
f 642 643 1550
f 1550 643 708
f 1549 1550 650
f 1550 708 650
f 1552 202 629
f 1551 629 201
f 629 1551 206
f 206 1552 629
f 1552 206 1558
f 1558 206 1554
f 1554 206 1553
f 1551 627 644
f 51 1409 631
f 644 627 1409
f 51 644 1409
f 644 51 204
f 644 204 641
f 1554 1553 1556
f 206 1551 1553
f 1551 201 627
f 1555 1556 1553
f 1555 1553 1551
f 641 1555 644
f 1555 1551 644
f 1554 1556 1560
f 1560 1556 645
f 1556 1557 645
f 1555 1547 1557
f 1547 1555 641
f 1557 1556 1555
f 1549 1557 1547
f 645 1557 649
f 1557 1549 649
f 649 1549 650
f 202 1552 1558
f 202 1558 646
f 1558 1554 647
f 1558 647 648
f 648 647 1565
f 646 1558 1559
f 1559 1558 648
f 778 1559 648
f 647 1554 1560
f 647 1560 652
f 1560 645 651
f 1560 651 652
f 645 649 651
f 651 649 1561
f 1561 649 650
f 653 651 1561
f 653 1561 698
f 652 651 653
f 652 653 1566
f 653 698 207
f 1566 653 1562
f 1562 653 207
f 1562 207 1563
f 778 648 1564
f 648 1565 1564
f 1566 1564 652
f 1564 1565 647
f 1564 647 652
f 1569 1564 1566
f 1564 1569 1568
f 654 1568 1569
f 1568 654 1572
f 778 1564 1568
f 1567 778 1568
f 1572 1567 1568
f 1569 1566 1570
f 1569 1570 654
f 1566 1562 1570
f 208 1570 1562
f 654 1570 1571
f 1570 208 1571
f 1571 208 1659
f 1573 1571 1659
f 655 1567 1572
f 1573 1572 1571
f 1572 654 1571
f 655 1572 1573
f 655 1573 656
f 780 655 656
f 1574 633 602
f 1574 602 209
f 209 188 210
f 188 608 657
f 657 210 188
f 714 1574 1575
f 1575 1574 209
f 210 1575 209
f 52 1575 210
f 1697 1575 13
f 13 1575 52
f 1583 608 1514
f 1514 193 1576
f 1514 1576 1577
f 1583 1514 1577
f 1583 1577 1578
f 658 1535 211
f 1580 1576 658
f 1580 658 211
f 1580 1577 1576
f 1578 1577 1580
f 1581 1578 1580
f 1584 1578 1581
f 1584 1581 12
f 13 52 1582
f 663 13 1582
f 1582 52 660
f 53 1582 660
f 663 1582 53
f 52 210 660
f 660 210 659
f 210 657 659
f 657 608 1583
f 1583 659 657
f 53 660 1579
f 1579 660 1578
f 660 659 1583
f 1578 660 1583
f 53 1579 661
f 661 1579 1584
f 1584 1579 1578
f 13 663 1585
f 1585 663 1706
f 663 53 662
f 663 662 1586
f 1706 663 1586
f 1706 1586 664
f 1706 664 1589
f 53 661 662
f 662 661 1588
f 1588 661 665
f 661 1584 665
f 1584 12 665
f 1588 665 1587
f 666 1587 672
f 1590 1589 664
f 1586 662 1588
f 1590 664 666
f 664 1586 1588
f 666 664 1588
f 666 1588 1587
f 1590 666 1591
f 666 672 1591
f 1591 667 1590
f 667 1591 212
f 667 212 1592
f 1592 212 1601
f 1535 199 1593
f 1593 199 1594
f 668 1593 1595
f 199 200 1594
f 1595 1593 1594
f 670 1594 200
f 1595 1594 670
f 1596 1595 670
f 1596 670 1597
f 1617 1596 1628
f 1596 1597 1628
f 200 626 669
f 1597 670 671
f 671 200 669
f 671 670 200
f 1628 1597 1631
f 1631 1597 1598
f 1597 671 1598
f 1631 1598 1600
f 1598 671 1599
f 1600 1598 1599
f 1601 212 1602
f 212 1591 1602
f 1591 672 1610
f 1602 1591 1610
f 1602 1610 1608
f 1603 1601 1607
f 1607 1601 1602
f 1607 1602 1608
f 54 1603 1607
f 1587 665 1604
f 213 1587 1604
f 672 1587 213
f 1604 665 12
f 673 213 1605
f 213 1604 1605
f 54 1607 1609
f 1606 54 1609
f 1609 1607 1608
f 1609 1608 214
f 1610 672 213
f 214 1608 673
f 673 1608 1610
f 673 1610 213
f 1605 214 673
f 1609 214 1611
f 1606 1609 1611
f 214 1612 1614
f 214 1605 1612
f 1614 1612 1613
f 215 1606 1615
f 1606 1611 1614
f 1615 1606 1614
f 1611 214 1614
f 215 1615 674
f 1615 1614 1619
f 1615 1619 14
f 674 1615 14
f 12 1581 675
f 675 1581 676
f 1581 1580 676
f 675 676 216
f 679 675 216
f 679 216 55
f 1580 211 1616
f 211 1535 1593
f 1616 211 1593
f 1616 1593 668
f 55 216 217
f 216 676 217
f 676 1580 217
f 1616 217 1580
f 217 1616 668
f 217 668 1618
f 1618 668 1595
f 1618 1595 1596
f 55 217 1618
f 1617 55 1618
f 1617 1618 1596
f 1620 14 1619
f 1612 1605 1621
f 1613 1612 1621
f 1613 1621 1623
f 1620 1619 1623
f 1619 1614 1613
f 1623 1619 1613
f 1620 1623 1622
f 1622 1623 1630
f 1605 1604 678
f 677 1605 678
f 678 1604 675
f 1604 12 675
f 679 678 675
f 677 678 679
f 1630 1623 1624
f 1621 1605 677
f 1624 1623 1621
f 677 1624 1621
f 1625 1624 677
f 1625 677 679
f 1625 679 55
f 1630 1624 1627
f 1624 1625 1627
f 1626 1630 1627
f 1627 1625 55
f 1617 1627 55
f 1626 1627 1628
f 1627 1617 1628
f 14 1620 1629
f 14 1629 680
f 1641 14 680
f 1620 1622 1629
f 1629 1622 218
f 680 1629 218
f 1630 1626 1632
f 1626 1628 1631
f 1632 1626 1631
f 1632 1631 1600
f 218 1622 1630
f 218 1630 1632
f 1600 218 1632
f 680 218 681
f 681 218 219
f 219 218 1600
f 733 1601 1633
f 1601 1603 1633
f 1603 54 1634
f 1634 54 682
f 683 1634 682
f 220 1633 683
f 1633 1603 1634
f 683 1633 1634
f 1635 683 684
f 1635 684 56
f 1606 215 1636
f 1637 215 674
f 1637 674 1643
f 1638 1636 1637
f 1637 1636 215
f 1638 1637 687
f 1638 687 1639
f 682 54 1606
f 682 1606 1636
f 682 1636 1638
f 684 683 682
f 685 684 682
f 685 682 1638
f 1639 685 1638
f 56 684 1640
f 684 685 1640
f 686 685 1639
f 238 1640 686
f 686 1640 685
f 238 686 15
f 674 14 1641
f 674 1641 221
f 1641 680 221
f 1644 383 222
f 1642 686 1639
f 1642 1639 224
f 1642 224 223
f 15 686 1642
f 223 15 1642
f 1639 687 224
f 1643 674 221
f 224 687 1643
f 687 1637 1643
f 224 1643 221
f 224 221 383
f 688 223 1647
f 1647 223 1644
f 1644 223 224
f 383 1644 224
f 222 1647 1644
f 1647 222 2366
f 741 15 1645
f 688 15 223
f 1645 15 688
f 1645 688 1646
f 1647 2366 1648
f 1649 1647 57
f 57 1647 1648
f 1650 1646 688
f 1649 1650 688
f 1649 688 1647
f 1651 1646 1650
f 1651 1650 1743
f 1743 1650 689
f 1650 1649 690
f 690 1649 57
f 689 1650 690
f 1652 689 690
f 1743 689 1653
f 1653 689 1652
f 1653 1652 1744
f 1744 1652 764
f 1656 1573 1655
f 1654 656 1656
f 1658 1654 1656
f 1656 656 1573
f 1658 1656 1657
f 1657 1656 1655
f 691 1658 1657
f 691 1657 1661
f 208 1562 1563
f 208 1563 225
f 1663 1659 225
f 225 1659 208
f 1663 225 1682
f 58 691 1661
f 58 1661 1665
f 1661 1657 1660
f 1661 1660 1662
f 1665 1661 1662
f 1655 1573 1659
f 1663 1655 1659
f 1662 1660 1663
f 1660 1657 1655
f 1663 1660 1655
f 1662 1663 1664
f 1664 1663 1682
f 58 1665 693
f 1665 1662 1666
f 1665 1666 692
f 693 1665 692
f 1662 1664 1667
f 1666 1662 1667
f 1664 1682 1667
f 1666 1667 1668
f 226 692 1669
f 226 1669 1670
f 1669 692 1666
f 1669 1666 1668
f 1670 1669 1668
f 1756 226 1670
f 1756 1670 1671
f 1670 1668 699
f 1671 1670 699
f 1671 699 1678
f 701 1563 694
f 694 1563 207
f 701 694 1672
f 698 1561 695
f 1561 650 695
f 695 650 723
f 698 695 1673
f 1673 695 696
f 1673 696 1711
f 1672 694 1674
f 697 1672 1676
f 1676 1672 1674
f 694 207 698
f 1674 694 698
f 1673 1674 698
f 1676 1674 1675
f 1675 1674 1673
f 1675 1673 1711
f 697 1676 227
f 1684 697 227
f 1676 1675 227
f 227 1675 1711
f 1684 227 1677
f 1678 699 1679
f 1668 1667 1680
f 1679 699 1681
f 1681 699 1668
f 1681 1668 1680
f 700 1679 1681
f 700 1681 703
f 1682 225 701
f 1682 701 1683
f 701 225 1563
f 1683 701 1672
f 1683 1672 697
f 1681 1680 702
f 703 1681 702
f 703 702 704
f 1680 1667 1682
f 702 1680 1682
f 702 1682 1683
f 704 702 1684
f 1684 702 1683
f 1684 1683 697
f 228 703 704
f 1677 704 1684
f 228 704 706
f 706 704 1677
f 1678 1679 229
f 1679 700 229
f 705 229 700
f 750 229 705
f 59 703 228
f 59 228 1685
f 1685 228 706
f 59 1685 1686
f 1768 750 705
f 700 703 59
f 705 700 59
f 705 59 230
f 1768 705 230
f 1768 230 707
f 1687 1768 707
f 1687 707 760
f 708 643 709
f 1690 1688 708
f 1688 650 708
f 710 1688 1690
f 643 1548 709
f 709 1548 1689
f 1689 1693 1694
f 709 1689 1701
f 1701 1689 1694
f 1691 710 1690
f 1690 708 709
f 1691 1690 1701
f 1690 709 1701
f 710 1691 1692
f 1701 1699 1698
f 1691 1701 1698
f 1692 1691 1698
f 1693 712 1694
f 1694 712 713
f 711 712 1543
f 713 712 711
f 714 635 633
f 714 633 1574
f 716 713 1695
f 1695 713 711
f 711 1543 635
f 714 1695 711
f 714 711 635
f 1696 716 1695
f 1695 714 1697
f 1697 714 1575
f 1696 1695 1697
f 1696 1697 13
f 717 1696 13
f 16 1692 231
f 231 1692 1698
f 231 1698 1700
f 1700 1698 1699
f 1699 1701 715
f 715 1701 1694
f 715 1694 713
f 715 713 716
f 1703 1700 1702
f 1702 1700 1699
f 1702 1699 715
f 1702 715 716
f 1703 1702 1705
f 1702 716 717
f 717 716 1696
f 717 1705 1702
f 1705 717 1585
f 1585 717 13
f 231 1700 1704
f 1704 1700 718
f 1727 16 1704
f 1704 16 231
f 1727 1704 60
f 718 1703 1705
f 718 1705 232
f 232 1705 1706
f 1706 1705 1585
f 60 1704 719
f 1704 718 232
f 1700 1703 718
f 232 719 1704
f 719 232 1589
f 1589 232 1706
f 719 1589 1590
f 667 719 1590
f 1730 60 667
f 667 60 719
f 1592 1730 667
f 707 230 1707
f 61 707 1707
f 1708 59 1686
f 1685 706 1686
f 1686 706 720
f 1708 1686 720
f 1708 720 1709
f 1709 720 725
f 1707 230 1708
f 1708 230 59
f 1707 1708 721
f 721 1708 1709
f 721 1709 725
f 61 1707 722
f 721 725 1714
f 722 1707 721
f 722 721 1714
f 1677 227 1710
f 1716 1677 1710
f 227 1711 1710
f 1710 1711 1712
f 1716 1710 1719
f 1719 1710 1712
f 1719 1712 1720
f 696 695 723
f 696 723 233
f 1688 723 650
f 233 723 710
f 710 723 1688
f 233 1711 696
f 1713 1712 1711
f 233 1713 1711
f 1713 233 724
f 724 233 710
f 1720 1712 1723
f 1712 1713 234
f 1723 1712 234
f 724 710 1692
f 234 1713 724
f 234 724 1692
f 728 234 1692
f 728 1692 16
f 722 1714 729
f 729 1714 1725
f 1714 725 235
f 1725 1714 235
f 1725 235 1715
f 1715 235 62
f 725 720 726
f 725 726 236
f 720 706 1677
f 726 720 1677
f 726 1677 1716
f 1717 236 726
f 1717 726 1716
f 1717 1716 1719
f 235 725 236
f 1721 62 727
f 727 62 235
f 727 235 236
f 1721 727 1718
f 727 236 1717
f 727 1717 1719
f 1719 1718 727
f 1718 1719 1720
f 1726 62 1721
f 1726 1721 731
f 731 1721 1724
f 1721 1718 1722
f 1722 1718 1723
f 1723 1718 1720
f 728 1724 1722
f 1724 1721 1722
f 728 1722 1723
f 728 1723 234
f 730 1725 1715
f 63 729 730
f 729 1725 730
f 1724 728 1727
f 1727 728 16
f 731 1724 1727
f 1728 731 1727
f 1728 1727 60
f 63 730 732
f 730 1715 732
f 732 1715 1726
f 1726 1715 62
f 1726 1731 732
f 1731 1726 1728
f 1726 731 1728
f 63 732 1735
f 1735 732 1729
f 1729 732 1731
f 1731 1728 1730
f 1730 1728 60
f 1729 1731 733
f 733 1731 1730
f 733 1730 1592
f 733 1592 1601
f 707 61 734
f 734 760 707
f 760 734 736
f 61 722 735
f 734 61 735
f 735 722 739
f 1732 734 735
f 1732 735 1733
f 237 736 1732
f 1732 736 734
f 1733 237 1732
f 237 1733 1734
f 762 237 1734
f 722 729 739
f 729 63 737
f 739 729 737
f 737 63 1736
f 739 737 738
f 739 738 64
f 1729 733 220
f 220 733 1633
f 1735 1729 220
f 1735 220 683
f 1635 1735 683
f 738 737 1736
f 1735 1736 63
f 56 738 1736
f 1635 1736 1735
f 56 1736 1635
f 64 738 238
f 738 56 238
f 238 56 1640
f 741 238 15
f 1734 1733 1738
f 1737 1734 1738
f 1733 735 1739
f 1733 1739 64
f 739 1739 735
f 1739 739 64
f 1737 1738 740
f 740 1738 1740
f 1740 1738 64
f 64 1738 1733
f 1740 64 238
f 740 1740 741
f 741 1740 238
f 762 1734 239
f 1734 1737 239
f 1737 740 742
f 239 1737 742
f 763 239 1741
f 1741 239 1742
f 240 742 740
f 240 740 741
f 240 741 1645
f 240 1645 1646
f 1782 1741 1742
f 1742 239 742
f 1742 742 240
f 1651 1742 240
f 1651 240 1646
f 1782 1742 241
f 1742 1651 1743
f 241 1742 1743
f 241 1743 1744
f 1744 1743 1653
f 780 656 1745
f 1745 656 1654
f 1746 1745 1654
f 1654 1658 1751
f 1658 691 1748
f 1751 1658 1748
f 691 58 1747
f 1748 691 1747
f 1751 1748 1750
f 1748 1747 1749
f 1750 1748 1749
f 1750 1749 744
f 1746 1654 1751
f 1746 1751 1752
f 1752 1751 1750
f 1752 1750 744
f 1752 744 1753
f 1753 1746 1752
f 1746 1753 792
f 58 693 1762
f 692 226 1754
f 693 692 1754
f 693 1754 743
f 1762 693 1755
f 1755 693 743
f 1755 743 243
f 1671 1678 751
f 1757 1756 751
f 751 1756 1671
f 1757 751 242
f 243 743 1758
f 1754 226 1756
f 743 1754 1756
f 743 1756 1757
f 1758 743 1757
f 243 1758 1759
f 1758 1757 1760
f 1760 1757 242
f 1759 1758 1760
f 1759 1760 1763
f 792 1753 1761
f 1761 1753 744
f 1761 744 244
f 244 744 746
f 1762 1747 58
f 745 1749 1762
f 1749 1747 1762
f 745 1762 243
f 243 1762 1755
f 745 744 1749
f 746 744 745
f 746 745 243
f 244 746 747
f 746 243 1759
f 747 746 1759
f 747 1759 1763
f 792 1761 1835
f 1761 244 748
f 1835 1761 748
f 244 747 1764
f 1764 747 245
f 748 244 1764
f 748 1764 245
f 1837 748 749
f 748 245 749
f 1837 749 248
f 1678 229 750
f 1678 750 1774
f 750 1768 1766
f 1765 750 1766
f 1765 1774 750
f 1774 1765 752
f 752 1765 1766
f 752 1766 1767
f 1687 246 65
f 1767 1766 1769
f 1767 1769 65
f 1769 1766 1768
f 1687 1769 1768
f 1769 1687 65
f 1767 65 755
f 755 65 1804
f 1804 65 246
f 248 749 247
f 749 245 247
f 245 747 1770
f 1770 747 1763
f 1771 1770 1763
f 247 245 1770
f 1772 247 1770
f 1772 1770 1771
f 1772 1771 1780
f 1780 1771 753
f 1763 1760 1773
f 1773 1760 242
f 1773 242 1775
f 751 1678 1774
f 1775 242 752
f 242 751 1774
f 752 242 1774
f 1776 1780 753
f 1776 753 754
f 1771 1763 1773
f 1775 1771 1773
f 753 1771 1775
f 754 753 1775
f 754 1775 752
f 754 752 1767
f 755 754 1767
f 755 1776 754
f 757 1776 755
f 248 247 756
f 247 1772 756
f 756 1772 1780
f 756 1780 1781
f 248 756 1777
f 1780 1776 1778
f 1778 1776 757
f 757 755 1803
f 1778 757 758
f 758 757 772
f 1841 1777 1779
f 1777 756 1779
f 1781 1780 1778
f 1779 756 1781
f 758 1779 1781
f 1781 1778 758
f 1779 758 771
f 1687 760 759
f 736 237 760
f 1789 237 762
f 760 237 1789
f 759 760 761
f 1806 759 1788
f 759 761 1788
f 762 239 763
f 763 1741 1782
f 762 763 1786
f 250 1782 1784
f 241 1744 1783
f 1744 764 249
f 1783 1744 249
f 1782 241 1783
f 1784 1782 1783
f 250 1784 1785
f 1785 1784 2256
f 1783 249 2256
f 1784 1783 2256
f 1786 763 250
f 763 1782 250
f 765 1786 250
f 765 250 1785
f 765 1785 2256
f 1790 1786 1787
f 1787 1786 765
f 766 1790 1787
f 1788 761 760
f 1797 760 1789
f 1790 762 1786
f 1790 1789 762
f 1791 1789 251
f 251 1789 1790
f 251 1790 766
f 1788 760 1806
f 760 1797 252
f 1806 760 767
f 767 760 252
f 774 1806 767
f 774 767 67
f 251 766 1792
f 1791 251 1792
f 768 1791 1792
f 768 1792 66
f 1793 67 767
f 767 252 1794
f 1793 767 1795
f 1795 767 1794
f 1795 1794 1796
f 1797 1789 1791
f 768 1797 1791
f 1796 1794 768
f 1794 252 1797
f 1794 1797 768
f 1796 768 1800
f 1800 768 66
f 67 1793 769
f 1795 1796 1798
f 1793 1795 1798
f 769 1793 1799
f 1798 1796 1800
f 1800 66 1117
f 1800 1117 1801
f 1798 1800 1801
f 1799 1793 770
f 770 1793 1798
f 1801 770 1798
f 1799 770 2
f 770 1801 1802
f 2 770 1114
f 74 1779 771
f 771 758 772
f 757 1803 772
f 772 1803 253
f 773 771 772
f 253 773 772
f 773 253 1813
f 253 1804 1805
f 1805 1804 246
f 246 1687 1806
f 1806 1687 759
f 1807 1805 246
f 1807 246 1806
f 1803 755 1804
f 253 1803 1804
f 253 1805 1807
f 1813 253 1808
f 253 1807 1809
f 1809 1807 774
f 774 1807 1806
f 1809 1808 253
f 769 1809 774
f 769 774 67
f 1814 1808 1810
f 1808 1809 1811
f 1809 769 1811
f 1811 769 1799
f 1810 1808 1811
f 1810 1811 2
f 2 1811 1799
f 773 1813 1812
f 1813 1808 1814
f 1813 1814 1812
f 773 1812 254
f 1810 2 1111
f 1814 1810 1111
f 1110 1814 1111
f 775 1814 1110
f 775 1812 1814
f 1812 775 1109
f 254 1812 1109
f 254 1109 1106
f 1846 771 254
f 254 771 773
f 120 1846 254
f 120 254 2233
f 11 202 1826
f 68 11 1815
f 1815 11 1826
f 1816 50 68
f 68 50 11
f 776 1816 68
f 776 68 1815
f 1332 1816 776
f 776 1815 777
f 1332 776 1331
f 783 1331 776
f 1826 202 1817
f 1817 202 646
f 69 1559 778
f 1559 69 1818
f 1819 1559 1818
f 1817 646 1559
f 1819 1817 1559
f 1567 655 779
f 1820 1567 779
f 778 1567 1820
f 1821 655 780
f 1821 780 1833
f 1821 1833 1881
f 69 1820 781
f 779 655 1821
f 781 1820 779
f 781 779 1821
f 781 1821 1881
f 255 69 1879
f 69 781 782
f 781 1881 782
f 69 782 1822
f 1819 1818 255
f 255 1823 1819
f 1823 255 1824
f 69 778 1820
f 1818 69 255
f 1823 1824 70
f 255 1879 1824
f 1824 1879 818
f 1824 818 256
f 256 70 1824
f 70 256 1876
f 257 70 1876
f 783 776 1825
f 777 1825 776
f 1825 777 258
f 258 777 784
f 1815 1826 1827
f 1827 1826 1817
f 1827 1817 1819
f 1823 1827 1819
f 258 784 70
f 784 777 1827
f 1827 777 1815
f 70 784 1823
f 1823 784 1827
f 1829 258 1828
f 258 70 1828
f 257 1828 70
f 785 1828 257
f 783 1825 258
f 783 258 71
f 423 783 71
f 71 258 788
f 424 71 1830
f 1829 1828 786
f 788 1829 786
f 1859 1828 785
f 1859 786 1828
f 787 786 1859
f 1831 786 787
f 1830 71 788
f 788 258 1829
f 1831 1830 788
f 72 1830 789
f 789 1830 1831
f 1831 788 786
f 789 1831 787
f 424 1830 72
f 427 72 1832
f 790 789 805
f 789 1832 72
f 1832 789 790
f 429 1832 791
f 1856 1832 790
f 791 1832 1856
f 780 1745 1833
f 1745 1746 1834
f 1833 1745 1834
f 1834 1746 792
f 1834 792 259
f 815 1834 259
f 792 1835 1836
f 1835 748 1837
f 1836 1835 1837
f 1837 248 1838
f 1836 1837 1838
f 794 1836 1838
f 1836 259 792
f 794 259 1836
f 73 259 1839
f 1839 259 794
f 1840 1839 1844
f 248 1777 1841
f 793 248 1841
f 793 1841 1842
f 1838 793 1842
f 1841 1779 74
f 1843 1842 1841
f 795 794 1838
f 1838 248 793
f 1843 1838 1842
f 799 1838 1843
f 1839 794 1844
f 1844 794 795
f 1838 799 795
f 822 795 1845
f 1845 795 75
f 74 771 1846
f 74 1846 260
f 796 1846 120
f 796 120 1330
f 796 1330 1847
f 797 74 260
f 260 1846 796
f 796 1847 260
f 74 797 801
f 1848 797 1847
f 797 260 1847
f 802 1845 75
f 261 802 75
f 75 795 799
f 75 799 798
f 798 799 800
f 261 75 798
f 261 798 1849
f 798 1851 1849
f 799 1843 1841
f 799 1841 800
f 800 1841 74
f 1851 798 800
f 801 1851 800
f 801 800 74
f 1851 801 1848
f 76 1851 1848
f 1848 801 797
f 1848 1847 417
f 76 1848 417
f 803 261 1849
f 836 261 803
f 803 1850 804
f 1849 1851 1853
f 1853 1851 76
f 1853 76 1852
f 1853 1852 2500
f 1854 1853 2500
f 262 804 1850
f 803 1849 1850
f 1850 1849 1853
f 262 1850 1853
f 1854 262 1853
f 1324 1854 2500
f 1855 263 1854
f 263 262 1854
f 1855 1854 1324
f 841 263 1855
f 478 791 1856
f 478 1856 270
f 1856 1857 1858
f 270 1856 1858
f 1857 790 805
f 805 789 787
f 806 805 1864
f 1857 805 806
f 1856 790 1857
f 1858 1857 806
f 1903 1858 17
f 1858 806 1862
f 806 809 1862
f 17 1858 1862
f 1861 1864 787
f 1888 785 1860
f 1861 1859 1888
f 1888 1859 785
f 1861 787 1859
f 807 1861 1888
f 808 1861 807
f 807 1888 1887
f 807 1887 826
f 827 807 826
f 808 807 827
f 808 827 1867
f 17 1862 1863
f 1862 809 1865
f 1865 1863 1862
f 1863 1865 77
f 809 806 1864
f 805 787 1864
f 77 1865 1866
f 1865 809 1866
f 1866 809 1864
f 1866 1864 1861
f 1866 1861 808
f 1867 1866 808
f 17 1863 1868
f 264 1863 77
f 264 1868 1863
f 77 1866 1869
f 1866 1867 1869
f 1869 1867 1870
f 77 1869 1871
f 1871 1869 810
f 78 264 1872
f 1872 264 77
f 1872 77 1871
f 811 1872 1871
f 78 1872 1873
f 1910 78 1873
f 811 1871 812
f 1873 1872 811
f 1873 811 1885
f 1873 1885 1909
f 785 257 1874
f 257 1876 1874
f 1889 1874 1891
f 1874 1875 1891
f 1876 256 1877
f 1877 256 818
f 1875 1874 1876
f 1875 1876 816
f 816 1876 1877
f 816 1877 817
f 1891 1875 816
f 1878 1891 816
f 1878 816 265
f 1878 265 1893
f 1879 69 814
f 1879 814 819
f 1822 782 813
f 1822 813 1880
f 814 69 1822
f 1880 814 1822
f 814 1880 79
f 819 814 79
f 1882 1881 1833
f 1882 1833 815
f 815 1833 1834
f 73 815 259
f 813 782 1881
f 813 1881 1882
f 813 1882 815
f 1880 813 73
f 73 813 815
f 1880 73 1840
f 1840 73 1839
f 79 1880 1840
f 79 1840 1844
f 265 816 817
f 265 817 1884
f 1877 818 819
f 818 1879 819
f 1883 817 1877
f 1883 1877 819
f 1883 819 79
f 1844 1883 79
f 1893 265 820
f 817 1883 1884
f 820 265 1884
f 822 1883 1844
f 822 1844 795
f 821 820 822
f 820 1884 822
f 1884 1883 822
f 1845 821 822
f 802 821 1845
f 830 1885 266
f 1885 811 812
f 1885 812 266
f 830 266 823
f 810 1869 1870
f 267 810 1870
f 1894 267 1870
f 266 812 267
f 812 1871 810
f 267 812 810
f 267 823 266
f 823 267 825
f 267 1894 824
f 825 267 824
f 825 824 1886
f 834 825 1886
f 1890 826 1887
f 1887 1888 1889
f 1860 785 1874
f 1889 1888 1860
f 1860 1874 1889
f 268 1890 1892
f 1890 1887 1889
f 1889 1892 1890
f 1891 1892 1889
f 1892 1891 1878
f 268 1892 1893
f 1893 1892 1878
f 1886 824 80
f 1894 1870 828
f 1870 1867 827
f 828 1870 827
f 828 827 826
f 1890 1894 828
f 1890 828 826
f 80 824 1894
f 268 80 1894
f 268 1894 1890
f 1895 80 268
f 1893 1895 268
f 834 1886 829
f 1886 80 1896
f 829 1886 1896
f 829 1896 81
f 80 1895 1896
f 820 1895 1893
f 1895 820 1897
f 81 1896 1897
f 1897 1896 1895
f 821 1897 820
f 81 1897 821
f 81 821 802
f 1909 1885 1898
f 1885 830 1898
f 1920 1898 832
f 832 1898 830
f 823 825 838
f 838 834 831
f 838 825 834
f 838 830 823
f 838 832 830
f 837 832 838
f 848 832 833
f 833 832 837
f 834 829 269
f 834 269 831
f 829 81 269
f 269 836 835
f 81 802 261
f 836 81 261
f 836 269 81
f 835 836 1899
f 836 803 804
f 1899 836 804
f 833 837 1900
f 1900 837 839
f 835 838 831
f 835 831 269
f 1899 1900 839
f 1899 839 835
f 837 838 835
f 835 839 837
f 840 833 1900
f 1900 1899 842
f 1923 1900 842
f 1923 842 841
f 1899 804 262
f 1899 262 263
f 842 1899 263
f 841 842 263
f 270 1901 478
f 270 1858 1903
f 1903 17 1902
f 1904 1903 1902
f 843 1903 1904
f 1901 270 271
f 271 270 1903
f 1905 271 843
f 843 271 1903
f 1901 271 1905
f 1347 1901 1905
f 1905 843 272
f 1347 1905 1348
f 1348 1905 1912
f 17 1868 1902
f 1902 1868 1907
f 264 78 1906
f 1906 1868 264
f 1907 1868 1906
f 82 1907 1906
f 1908 78 1910
f 1910 1873 1909
f 844 1908 1910
f 1908 844 845
f 845 844 857
f 1906 78 1908
f 82 1906 845
f 1906 1908 845
f 1911 845 857
f 82 845 1911
f 1917 82 1918
f 1918 82 1911
f 1918 1911 855
f 1912 1905 1913
f 450 1912 1913
f 1913 1905 272
f 843 1904 1914
f 272 843 1914
f 1914 1904 1902
f 1907 1914 1902
f 272 1914 1915
f 1915 1914 1907
f 1915 1907 82
f 1916 1913 272
f 1915 1916 272
f 1916 1915 82
f 1913 1916 847
f 847 1916 1917
f 1917 1916 82
f 847 1917 1918
f 846 450 1913
f 1350 450 846
f 847 1918 275
f 1919 846 847
f 847 275 1919
f 1350 846 126
f 846 1913 847
f 126 846 1919
f 126 1919 1928
f 126 1928 1353
f 451 126 1353
f 1909 1898 1933
f 1933 1898 1920
f 1933 1920 1922
f 848 833 849
f 1922 1920 1921
f 1920 832 848
f 1921 1920 848
f 1921 848 849
f 1922 1921 273
f 1922 273 1936
f 1921 849 273
f 273 849 850
f 273 850 274
f 859 273 274
f 840 1900 1923
f 840 1923 83
f 1923 841 1855
f 1923 1855 1924
f 1924 83 1923
f 862 859 274
f 850 849 1925
f 274 850 1925
f 851 274 1925
f 274 851 1926
f 849 833 840
f 1925 849 840
f 851 840 83
f 851 1925 840
f 852 851 83
f 862 274 1926
f 1926 851 1927
f 1927 862 1926
f 851 852 1266
f 1266 1927 851
f 853 1927 3
f 3 1927 1266
f 1353 1928 1942
f 1942 1928 863
f 1928 1919 1929
f 1929 1919 275
f 1929 275 1930
f 275 1918 855
f 1930 275 860
f 1930 860 84
f 1931 1928 854
f 1930 1928 1929
f 1930 854 1928
f 854 1930 84
f 863 1928 1931
f 854 84 1938
f 854 1938 1931
f 1931 1938 1941
f 1932 1911 857
f 855 1911 1932
f 856 855 1932
f 857 844 858
f 844 1910 1933
f 1933 1910 1909
f 858 844 1933
f 858 1933 1922
f 1934 856 1935
f 856 1932 1935
f 1935 1932 857
f 858 1935 857
f 1934 1935 1936
f 1935 858 1936
f 858 1922 1936
f 859 1934 1936
f 1936 273 859
f 85 1941 1937
f 275 855 860
f 856 860 855
f 1939 860 856
f 1941 1938 1937
f 1937 1938 1939
f 1938 84 860
f 1939 1938 860
f 85 1937 861
f 1937 1939 861
f 861 1939 1934
f 1939 856 1934
f 862 861 859
f 861 1934 859
f 1940 1941 86
f 1941 85 86
f 853 85 861
f 853 861 862
f 853 862 1927
f 3 86 853
f 86 85 853
f 457 1942 863
f 1355 863 1943
f 863 1931 864
f 1931 1941 864
f 1943 863 864
f 1941 1940 864
f 864 1940 865
f 865 1940 86
f 86 3 865
f 865 3 2449
f 1943 866 1356
f 866 864 865
f 866 1943 864
f 867 866 865
f 868 1356 866
f 868 866 867
f 2446 868 867
f 869 87 946
f 1945 869 879
f 879 869 1944
f 869 97 1944
f 391 87 1945
f 1945 87 869
f 1945 879 1953
f 391 1945 1953
f 391 1950 1216
f 97 870 871
f 278 872 1946
f 871 870 872
f 871 872 278
f 18 871 278
f 873 1946 276
f 874 1946 873
f 276 1947 1987
f 1987 1947 283
f 873 276 1987
f 874 873 279
f 873 1987 875
f 279 873 875
f 277 18 278
f 874 278 1946
f 279 277 874
f 874 277 278
f 18 277 281
f 281 277 1949
f 1955 281 1949
f 279 875 1948
f 277 279 1948
f 277 1948 1949
f 1949 1948 876
f 1951 1950 391
f 282 1950 1951
f 1951 391 1953
f 877 282 1951
f 878 877 1951
f 879 1944 880
f 1944 97 871
f 880 1944 871
f 880 871 18
f 881 880 18
f 885 878 1952
f 1953 879 880
f 1954 1952 280
f 1952 878 280
f 280 878 1953
f 878 1951 1953
f 880 280 1953
f 1954 280 281
f 281 280 881
f 881 280 880
f 281 881 18
f 885 1952 883
f 1952 1954 883
f 1955 1954 281
f 883 1954 1955
f 1216 1950 282
f 882 1216 282
f 882 282 877
f 882 877 884
f 1955 1956 1957
f 1958 885 1957
f 883 1955 1957
f 1957 885 883
f 1958 1957 1980
f 1958 1980 19
f 1959 882 884
f 877 878 885
f 885 884 877
f 886 884 1958
f 1958 884 885
f 1959 884 886
f 1959 886 888
f 886 1958 1960
f 887 1958 19
f 1960 1958 887
f 1960 888 886
f 888 1960 1978
f 888 1978 1961
f 889 888 1961
f 1947 1036 283
f 88 283 1036
f 88 1036 890
f 891 890 1036
f 891 896 890
f 2133 1037 284
f 284 341 893
f 284 893 1962
f 1041 1053 894
f 894 1963 1041
f 1964 1963 894
f 1962 893 895
f 893 341 1963
f 895 893 1963
f 895 1963 1964
f 1962 895 1966
f 895 1964 902
f 1966 895 902
f 892 890 896
f 891 2133 1965
f 1965 2133 284
f 1966 896 1965
f 1965 896 891
f 1965 284 1962
f 1966 1965 1962
f 1966 902 901
f 892 896 1968
f 1968 896 1966
f 1967 892 1968
f 1966 901 1968
f 1968 901 897
f 897 1989 1968
f 1989 897 1995
f 1053 346 1970
f 904 1053 1970
f 899 1970 346
f 905 1970 899
f 898 346 348
f 898 39 162
f 905 899 285
f 899 346 898
f 285 899 898
f 1403 285 898
f 905 285 1398
f 1398 285 286
f 286 285 1403
f 1995 897 900
f 900 897 1969
f 1969 906 89
f 1969 897 901
f 89 900 1969
f 900 89 1972
f 906 1964 903
f 906 902 1964
f 1964 894 904
f 1964 904 903
f 904 894 1053
f 1971 906 903
f 1971 903 1970
f 1970 903 904
f 1971 1970 905
f 287 900 1972
f 1969 901 906
f 906 901 902
f 1972 89 906
f 1971 1972 906
f 1972 1971 905
f 1398 287 1972
f 1398 1972 905
f 1995 900 907
f 1973 907 900
f 1973 900 1974
f 926 907 1973
f 1997 1973 1975
f 1976 287 1398
f 1976 1398 145
f 1973 1974 1975
f 1975 1974 908
f 1974 900 287
f 1974 287 1976
f 1976 908 1974
f 908 1976 145
f 503 1975 908
f 1977 1975 503
f 908 145 1395
f 503 908 1395
f 1977 503 1367
f 909 1961 1978
f 1978 1960 887
f 911 1978 887
f 887 19 1981
f 911 887 1981
f 909 1978 911
f 909 911 928
f 928 911 288
f 1979 19 1980
f 1980 1957 1956
f 1956 1955 916
f 1980 1956 910
f 913 1979 1980
f 913 1980 910
f 1990 913 910
f 288 911 912
f 1981 19 1979
f 912 1982 288
f 912 911 1981
f 913 912 1981
f 913 1981 1979
f 1982 912 913
f 2003 928 288
f 288 1982 914
f 2003 288 914
f 2003 914 289
f 1982 913 1983
f 1982 1983 914
f 1983 913 1991
f 289 914 915
f 914 1983 915
f 290 289 915
f 290 915 1984
f 1955 1949 916
f 916 1949 876
f 916 1986 922
f 1985 1948 875
f 1985 876 1948
f 1985 1986 916
f 1985 916 876
f 1986 1985 291
f 1986 291 918
f 1986 918 1993
f 292 875 1987
f 919 875 292
f 919 292 917
f 292 1987 88
f 88 1987 283
f 292 88 890
f 917 292 890
f 917 890 892
f 1988 918 291
f 291 1985 919
f 919 1985 875
f 1988 291 919
f 917 1988 919
f 293 1988 917
f 892 293 917
f 918 1988 920
f 920 1988 293
f 1993 918 920
f 293 892 1967
f 1989 920 293
f 1989 293 1967
f 1989 1967 1968
f 298 1989 1995
f 915 1983 294
f 1984 915 294
f 294 1983 1991
f 921 1984 294
f 921 294 295
f 296 921 295
f 1991 913 1990
f 1991 1990 297
f 910 1956 916
f 297 1990 90
f 90 1990 922
f 1990 910 922
f 922 910 916
f 90 922 1986
f 1993 90 1986
f 923 296 295
f 923 295 1992
f 1992 294 297
f 297 294 1991
f 295 294 1992
f 923 1992 1993
f 1992 297 1993
f 1993 297 90
f 296 923 91
f 91 923 1994
f 920 923 1993
f 1989 1994 923
f 1989 923 920
f 91 1994 298
f 1994 1989 298
f 939 1984 925
f 925 1984 921
f 921 296 924
f 925 921 924
f 1998 925 924
f 303 925 1998
f 296 91 924
f 924 91 1996
f 91 298 1995
f 1996 91 1995
f 907 1996 1995
f 1996 926 1997
f 926 1996 907
f 1997 926 1973
f 303 1998 927
f 1998 924 1996
f 1999 92 927
f 927 1998 1999
f 1999 1998 1996
f 92 1997 1975
f 1999 1996 1997
f 92 1999 1997
f 303 927 2000
f 927 92 2000
f 1977 92 1975
f 2011 2000 1977
f 1977 2000 92
f 2011 1977 1367
f 889 1961 1231
f 1231 1961 2001
f 1961 909 2001
f 2001 909 928
f 2001 928 299
f 1232 2001 2002
f 299 2002 2001
f 1232 2002 300
f 2002 299 931
f 300 2002 931
f 933 928 2003
f 2003 289 929
f 933 2003 929
f 289 290 2004
f 2004 290 930
f 933 929 934
f 934 929 301
f 2004 929 289
f 929 2004 301
f 934 301 2008
f 2005 931 302
f 299 928 933
f 2005 302 932
f 302 931 299
f 302 299 933
f 933 932 302
f 2005 932 2006
f 932 933 934
f 2006 932 934
f 2008 2006 934
f 2007 931 2005
f 935 2007 2005
f 935 2005 2006
f 2009 2008 936
f 2006 2008 2009
f 937 935 2006
f 938 937 2006
f 938 2006 2009
f 937 938 2443
f 939 925 303
f 93 939 303
f 303 2000 2010
f 2010 2000 2011
f 1364 2011 1367
f 2010 2011 1364
f 304 93 941
f 941 93 305
f 940 941 305
f 2010 305 303
f 305 93 303
f 2010 940 305
f 940 2010 1364
f 942 940 1364
f 941 940 942
f 2443 938 2012
f 938 2009 2012
f 2443 2012 943
f 2012 2009 936
f 943 2012 936
f 2015 943 94
f 936 2008 301
f 936 301 2013
f 301 2004 930
f 2013 301 930
f 290 1984 939
f 939 930 290
f 306 2013 2014
f 930 2014 2013
f 2014 930 939
f 93 2014 939
f 306 2014 304
f 304 2014 93
f 94 943 306
f 943 936 306
f 306 936 2013
f 94 306 304
f 2015 94 1361
f 94 304 941
f 1361 94 941
f 1361 941 942
f 2443 943 944
f 1244 944 307
f 944 943 2015
f 307 944 2015
f 95 2015 1361
f 461 95 1361
f 307 2015 95
f 945 307 95
f 2016 945 95
f 20 307 945
f 2016 95 461
f 2016 461 458
f 458 945 2016
f 1246 945 458
f 87 308 946
f 946 308 309
f 2161 947 96
f 309 2161 96
f 309 96 948
f 308 2161 309
f 946 2017 97
f 869 946 97
f 946 309 2017
f 309 948 2017
f 2017 948 2031
f 4 98 2018
f 2185 1077 2024
f 98 2185 2024
f 949 98 2024
f 949 2018 98
f 2030 2018 2019
f 2018 949 2019
f 2019 949 953
f 1077 950 2024
f 2021 2024 950
f 951 99 2020
f 2020 99 2038
f 951 2020 100
f 2021 951 2022
f 951 950 99
f 2021 950 951
f 2022 951 100
f 952 2021 2022
f 952 2022 2023
f 2022 310 2023
f 2027 953 949
f 2025 949 2024
f 2025 2024 2021
f 952 2027 2025
f 2025 2027 949
f 952 2025 2021
f 2026 2027 952
f 2026 952 2023
f 953 2027 2028
f 953 2028 2033
f 2026 2023 999
f 1001 2026 999
f 2033 2028 954
f 2028 2027 2026
f 2028 2026 1001
f 954 2028 1001
f 954 1001 955
f 954 955 2097
f 2034 954 2097
f 870 97 2029
f 97 2017 2029
f 2029 2017 2031
f 958 948 2030
f 96 947 4
f 2030 96 4
f 2030 4 2018
f 2030 948 96
f 958 2030 2019
f 956 2029 957
f 2029 2031 2032
f 948 2032 2031
f 958 2032 948
f 2032 957 2029
f 957 2032 958
f 957 958 2033
f 2033 958 2019
f 2033 2019 953
f 959 956 957
f 959 957 2033
f 2034 959 2033
f 960 959 2034
f 2033 954 2034
f 870 2029 311
f 2029 956 311
f 870 311 963
f 872 870 963
f 1946 872 963
f 311 956 959
f 959 961 962
f 2034 2097 2035
f 2035 960 2034
f 960 2035 327
f 961 959 960
f 961 960 327
f 992 962 961
f 962 992 2037
f 2037 992 2090
f 1946 963 101
f 101 963 2036
f 2036 963 311
f 2036 311 959
f 2036 959 962
f 2037 2036 962
f 276 1946 101
f 101 2036 964
f 2036 2037 964
f 964 2037 2090
f 276 101 964
f 276 964 1947
f 312 2040 965
f 965 2040 2041
f 1167 2340 313
f 966 1167 313
f 966 313 967
f 2042 965 2041
f 2040 2039 2041
f 2041 2039 966
f 2041 966 967
f 2042 2041 314
f 2042 314 2102
f 314 2041 968
f 2041 967 968
f 314 968 315
f 2102 314 315
f 2340 2355 2048
f 2048 2355 969
f 969 102 2043
f 2048 969 2043
f 2048 2043 970
f 102 2044 2045
f 2044 2376 2045
f 2046 970 2043
f 2043 102 2045
f 2046 2043 2047
f 2047 2043 2045
f 970 2046 974
f 974 2046 316
f 2046 2047 316
f 316 2047 971
f 974 316 972
f 2107 315 2053
f 2053 315 973
f 973 315 968
f 968 967 2051
f 2051 967 313
f 2051 313 2049
f 313 2340 2048
f 2049 313 2048
f 2049 2048 970
f 2050 2053 973
f 973 968 2051
f 2050 973 2051
f 2050 2051 2049
f 2050 2049 970
f 2053 2050 2052
f 2050 970 974
f 2052 2050 974
f 2052 974 317
f 317 974 972
f 2107 2053 977
f 975 2053 2052
f 975 2052 976
f 2052 317 976
f 978 977 975
f 975 977 2053
f 318 977 978
f 978 975 976
f 318 978 979
f 2054 980 982
f 981 2054 982
f 980 390 982
f 2057 982 390
f 981 982 2055
f 2069 981 2055
f 2055 982 2056
f 2055 2056 322
f 2059 2058 1212
f 983 322 2056
f 319 2056 982
f 319 983 2056
f 982 2057 2058
f 319 982 2058
f 624 983 319
f 2059 319 2058
f 624 319 2059
f 985 983 2060
f 2060 983 320
f 320 983 624
f 320 624 1539
f 2060 320 1539
f 2060 1539 621
f 979 978 2062
f 2061 979 2062
f 978 976 2062
f 2062 976 2063
f 2061 2062 103
f 103 2062 2063
f 976 317 984
f 2063 976 984
f 317 972 2066
f 984 317 2066
f 321 103 2063
f 321 2063 984
f 103 321 2064
f 321 984 2065
f 2065 984 2070
f 2065 2064 321
f 2075 2064 2065
f 2075 2065 21
f 2066 972 316
f 2066 316 971
f 2066 971 2067
f 2047 2045 2068
f 2045 2376 2054
f 2054 2068 2045
f 2068 2054 981
f 2067 971 2068
f 971 2047 2068
f 2069 2067 2068
f 2069 2068 981
f 2071 2067 2069
f 2071 2069 322
f 322 2069 2055
f 21 2065 2072
f 2065 2070 2072
f 2070 984 2066
f 2070 2066 2071
f 2071 2066 2067
f 2071 2072 2070
f 2072 2071 985
f 985 2071 322
f 21 2072 2073
f 2073 2072 985
f 985 322 983
f 2074 2073 985
f 2074 985 2060
f 621 2080 2074
f 621 2074 2060
f 979 2061 2124
f 323 2124 2061
f 323 2061 987
f 103 2064 986
f 324 986 2075
f 986 2064 2075
f 324 2075 990
f 2076 324 990
f 2061 103 986
f 2076 987 986
f 987 2061 986
f 2076 986 324
f 2077 2076 989
f 2077 987 2076
f 21 2073 2075
f 2075 2073 2079
f 2073 2074 2078
f 2079 2073 2078
f 2079 2078 988
f 990 2079 988
f 2078 2074 2080
f 2080 621 1526
f 2082 988 325
f 325 988 2078
f 2080 325 2078
f 2082 325 1527
f 2082 1527 104
f 990 2075 2079
f 2081 990 2082
f 2082 990 988
f 989 2076 2081
f 2081 2076 990
f 104 989 2081
f 2082 104 2081
f 2077 989 1030
f 1030 989 2083
f 989 104 2083
f 1030 2083 326
f 326 2083 2084
f 1034 326 2084
f 2083 104 1523
f 2084 2083 195
f 1947 964 2085
f 2085 964 2090
f 991 2085 2090
f 2130 1947 2085
f 991 2130 2085
f 2130 991 2093
f 2090 992 2087
f 992 961 327
f 992 327 2087
f 327 2035 993
f 2035 2086 105
f 105 993 2035
f 994 2087 993
f 327 993 2087
f 2088 993 105
f 994 993 2088
f 994 2088 995
f 994 995 2089
f 996 2093 2091
f 991 2090 2091
f 2091 2090 2087
f 2093 991 2091
f 2092 996 2091
f 997 996 2092
f 2091 2087 994
f 994 2092 2091
f 2092 994 2089
f 2093 996 2094
f 328 2093 2094
f 996 997 2094
f 328 2094 2095
f 2095 2094 997
f 2109 2092 2089
f 997 2092 2109
f 997 2109 2096
f 997 998 2095
f 998 997 2096
f 955 2098 2097
f 2097 2098 2086
f 1001 999 2099
f 2099 999 1000
f 2099 1000 1003
f 2111 2098 2100
f 2098 955 2100
f 2100 955 1001
f 2100 1001 2099
f 1003 2100 2099
f 2111 2100 1002
f 1002 2100 1003
f 22 1002 2101
f 2023 310 1004
f 2022 100 310
f 1004 310 1005
f 1005 310 106
f 312 2020 2038
f 312 2038 2040
f 1006 100 312
f 312 100 2020
f 312 965 2042
f 1006 106 310
f 1006 310 100
f 1006 312 2042
f 106 1006 2102
f 106 2102 1007
f 2102 1006 2042
f 1007 2102 315
f 1002 1003 2105
f 2105 2101 1002
f 2103 2101 2105
f 999 2023 1004
f 1000 999 1004
f 1005 1000 1004
f 2106 1000 1005
f 2103 2105 2106
f 2104 2103 2106
f 2105 1003 2106
f 2106 1003 1000
f 2104 2106 106
f 106 2106 1005
f 2103 2104 2108
f 1007 2104 106
f 2107 2104 1007
f 2107 1007 315
f 22 2101 2115
f 2115 2101 329
f 2115 329 1008
f 2101 2103 329
f 329 2103 2108
f 1008 329 1010
f 2108 2104 1009
f 1009 2104 2107
f 1009 2107 977
f 1010 329 2108
f 1010 2108 1009
f 1010 1009 318
f 1009 977 318
f 1023 1010 318
f 1023 318 979
f 2134 998 330
f 2116 2134 330
f 998 2096 330
f 2116 330 1013
f 2096 2109 2110
f 2109 2089 2110
f 330 2096 2110
f 2110 1013 330
f 1011 1013 2110
f 1011 2110 1014
f 1013 1012 2118
f 1012 1011 1014
f 1012 1013 1011
f 1015 2088 105
f 995 2088 1015
f 995 1015 1016
f 2086 2035 2097
f 1016 1015 1017
f 1017 1015 105
f 1017 105 2086
f 1017 2086 2098
f 2111 1017 2098
f 1016 1017 331
f 331 1017 1018
f 1018 1017 2111
f 1018 2111 1002
f 331 1018 1019
f 1019 1018 22
f 1018 1002 22
f 23 1012 1020
f 1020 1012 2112
f 2112 1012 1014
f 332 2112 1014
f 2114 1014 2110
f 2110 2089 995
f 2114 2110 995
f 1016 2114 995
f 332 1014 2113
f 1019 332 2113
f 2113 1014 2114
f 2113 2114 1016
f 2113 1016 331
f 1019 2113 331
f 2115 1019 22
f 1020 2112 332
f 1021 1020 332
f 1021 332 107
f 1022 332 1019
f 333 1022 1008
f 1022 1019 1008
f 1008 1019 2115
f 333 1008 1010
f 107 332 1022
f 333 107 1022
f 107 333 1023
f 1027 107 1023
f 1023 333 1010
f 2116 1013 2117
f 2116 2117 2122
f 1024 2116 2122
f 2118 1012 1025
f 1025 1012 23
f 1025 2119 2120
f 2120 2122 2117
f 2117 1013 2118
f 2120 2117 2121
f 2121 2117 2118
f 2121 2118 1025
f 2120 2121 1025
f 24 2122 2123
f 2123 2122 2120
f 23 1020 1021
f 1021 107 334
f 23 1021 334
f 1026 23 334
f 2127 23 1026
f 323 107 1027
f 1027 1023 2124
f 2124 1023 979
f 323 1027 2124
f 1026 334 1028
f 2125 1026 1028
f 1028 334 323
f 323 334 107
f 2125 1028 987
f 987 1028 323
f 2128 1026 2125
f 2129 2128 2125
f 2129 2125 987
f 2129 987 2077
f 335 24 2123
f 2123 2120 1029
f 2123 1029 2126
f 2126 335 2123
f 2127 1025 23
f 2119 1025 2127
f 2128 2127 1026
f 337 2126 1029
f 337 1029 336
f 1029 2120 2119
f 1029 2119 2127
f 336 1029 2127
f 336 2127 2128
f 2129 337 336
f 2129 336 2128
f 337 2129 1030
f 1030 2129 2077
f 1045 24 335
f 335 2126 1031
f 335 1031 338
f 1032 1045 335
f 1032 335 338
f 2126 337 1031
f 1031 337 1033
f 337 1030 1033
f 1033 1030 326
f 1034 1033 326
f 339 1032 338
f 339 338 1034
f 338 1031 1033
f 1034 338 1033
f 1035 1034 2084
f 339 1034 1035
f 339 1035 559
f 1947 2130 1036
f 2130 2093 2131
f 2131 2093 2132
f 2132 2093 1038
f 2131 1036 2130
f 2132 1036 2131
f 891 1036 2132
f 891 2132 2133
f 2132 1037 2133
f 2093 328 1038
f 1038 328 2141
f 328 2095 2136
f 2141 328 2136
f 2136 998 2135
f 2135 998 2134
f 2141 2136 1039
f 2136 2095 998
f 1039 2136 2135
f 2137 1039 2135
f 2141 1039 2138
f 340 1039 2137
f 2138 1039 340
f 2142 2138 340
f 1037 2132 1040
f 2139 1037 1040
f 2139 1040 2140
f 2141 2132 1038
f 1040 2132 2141
f 2140 1040 2141
f 2140 2141 2138
f 1037 2139 284
f 284 2139 341
f 2140 2138 2143
f 2143 2138 2142
f 2143 2142 2151
f 2143 2151 1041
f 341 2139 2143
f 2139 2140 2143
f 1041 341 2143
f 1963 341 1041
f 2134 2116 343
f 343 2116 1024
f 342 1024 2122
f 1042 343 1024
f 1042 1024 342
f 2122 24 344
f 344 24 2144
f 344 2144 2147
f 2154 1042 1044
f 1042 342 1043
f 1044 1042 1043
f 342 2122 344
f 1044 1043 344
f 1043 342 344
f 1044 344 2147
f 1051 1044 2147
f 2145 1044 1051
f 1046 1045 1032
f 1047 339 559
f 1046 1032 339
f 1046 339 1047
f 1047 1048 1046
f 1048 1047 2146
f 108 1046 1048
f 1048 2146 556
f 108 1048 556
f 1049 1051 2147
f 2147 2144 1050
f 2144 24 1045
f 1050 2144 1045
f 1050 1045 1046
f 108 1050 1046
f 108 1052 1049
f 1050 1049 2147
f 108 1049 1050
f 1052 108 2148
f 2148 108 556
f 1051 1049 1052
f 2149 1052 2150
f 1052 2148 551
f 2150 1052 551
f 1053 1041 2151
f 1053 2151 2152
f 1053 2152 345
f 2156 340 1055
f 2156 1054 2153
f 2137 2135 2155
f 2135 2134 343
f 2155 2135 343
f 2154 2155 343
f 2154 343 1042
f 1054 2156 1055
f 340 2137 2155
f 1055 340 2155
f 1054 1055 2155
f 2154 1054 2155
f 2153 1054 2145
f 1054 2154 2145
f 2145 2154 1044
f 2153 2145 1051
f 2152 2151 2156
f 2151 2142 2156
f 2156 2142 340
f 2153 2152 2156
f 2149 345 2153
f 2153 345 2152
f 1051 2149 2153
f 2149 1051 1052
f 2150 345 2149
f 1053 345 346
f 346 345 1056
f 345 2150 547
f 1056 348 346
f 547 1056 345
f 348 1056 347
f 347 1056 547
f 898 348 39
f 87 2157 308
f 308 2157 2158
f 2159 2158 1057
f 1058 308 2158
f 1058 2158 2159
f 2160 1058 2159
f 308 1058 2161
f 2161 1058 2160
f 2173 2161 2160
f 947 2161 2173
f 1059 395 2162
f 2162 395 2425
f 2425 1060 2169
f 109 2425 2169
f 2162 2425 109
f 2162 109 1069
f 1060 2431 1061
f 1061 2431 2165
f 2164 2163 1062
f 349 2165 2164
f 2165 2163 2164
f 2166 349 2164
f 1064 1061 350
f 350 1061 2165
f 350 2165 349
f 2166 350 349
f 1064 350 1065
f 350 2166 2167
f 2167 2166 2283
f 1065 350 2167
f 1065 2167 2168
f 2168 2167 2283
f 1069 109 351
f 351 109 2169
f 2169 1060 1061
f 2169 1061 1064
f 1063 351 2169
f 1064 1063 2169
f 1063 1064 1065
f 1063 1065 2170
f 2170 1065 2168
f 1069 351 2179
f 351 1063 2171
f 2179 351 2171
f 2179 2171 2182
f 1066 2170 1131
f 2182 2171 1066
f 2171 1063 2170
f 2170 1066 2171
f 2182 1066 2183
f 2183 1066 2172
f 2172 1066 1131
f 947 2173 2176
f 2174 2173 2160
f 2174 2160 352
f 2176 2173 2174
f 2175 2174 2177
f 2175 2176 2174
f 2176 2175 2187
f 2187 2175 354
f 2160 2159 352
f 352 2159 1068
f 2159 1057 1068
f 1067 1057 1059
f 1067 1059 2162
f 1068 1057 1067
f 1068 1067 2162
f 353 1068 1069
f 1069 1068 2162
f 354 2175 1070
f 2175 2177 1070
f 1070 2177 353
f 2174 352 2177
f 2177 352 1068
f 1068 353 2177
f 354 1070 2180
f 2178 354 2180
f 1070 353 2180
f 2179 353 1069
f 2180 353 2179
f 2181 2178 2180
f 2182 2181 2180
f 2182 2180 2179
f 1074 2178 2189
f 2178 2181 2189
f 2181 2182 2189
f 2189 2182 2183
f 4 947 2176
f 4 2176 1071
f 98 4 1071
f 2176 2187 2184
f 98 1071 2185
f 2185 1071 2184
f 1071 2176 2184
f 2185 2184 1072
f 354 2178 2186
f 2186 2178 1074
f 2187 354 2186
f 2188 2186 1074
f 2187 2186 2188
f 1074 2189 355
f 355 2189 1073
f 1073 2189 2183
f 2188 1074 1075
f 1075 1074 355
f 2188 1075 356
f 1075 355 2190
f 356 1075 2190
f 356 2190 2191
f 1077 2185 1078
f 1078 2185 1072
f 1072 2184 2192
f 1078 1072 2192
f 1078 2192 1076
f 2193 2184 2187
f 2193 2187 2188
f 2193 2192 2184
f 2195 2192 2193
f 2195 2193 2188
f 1076 2192 2195
f 1076 2195 2194
f 2196 1076 2194
f 2195 2188 356
f 2194 2195 356
f 2194 356 2191
f 950 1077 1079
f 1079 1077 1078
f 99 950 1079
f 2194 2191 1080
f 2196 2194 1080
f 1079 1078 2196
f 1078 1076 2196
f 2197 1079 2196
f 2197 2196 1080
f 2197 1080 357
f 1079 2197 99
f 2038 99 2197
f 2038 2197 357
f 1081 2198 1082
f 1082 2198 2199
f 1083 1082 2200
f 2285 1081 1083
f 1083 1081 1082
f 2285 1083 2286
f 1083 1085 1084
f 2286 1083 1084
f 2286 1084 110
f 2206 2199 2201
f 2206 2201 358
f 2201 2498 2202
f 358 2201 2203
f 2201 2199 2498
f 2203 2201 2202
f 2203 2202 1096
f 2204 2203 1096
f 110 1084 2205
f 2205 1084 1085
f 1082 2199 2206
f 2206 2200 1082
f 2200 2206 358
f 2205 1085 2207
f 2208 2205 2207
f 1085 1083 2200
f 2207 1085 2200
f 2207 2200 358
f 2208 2207 1086
f 2207 358 2203
f 2207 2203 2204
f 1086 2207 2204
f 2205 2208 2209
f 110 2205 2209
f 1088 110 2209
f 1088 2209 1087
f 1088 1087 2211
f 1089 2208 1086
f 1086 2204 2210
f 1089 1086 2210
f 1089 2210 359
f 2211 1087 2212
f 1087 2209 1089
f 2209 2208 1089
f 2212 1087 1089
f 2212 1089 359
f 2212 359 1090
f 2211 2212 1090
f 2213 2211 1090
f 2213 1090 2216
f 2213 2216 1101
f 2202 2222 1091
f 2214 2222 1093
f 1091 2222 2214
f 1091 2214 360
f 1092 1091 360
f 111 1092 360
f 2214 1093 2215
f 360 2214 2215
f 360 2215 2236
f 360 2236 1099
f 1090 359 2217
f 2226 2216 2218
f 2216 1090 2217
f 2218 2216 2217
f 359 2210 2219
f 2219 2210 1094
f 1094 2210 2204
f 2219 1094 1098
f 361 2218 2220
f 2218 2217 2220
f 2217 359 2219
f 2220 2217 2219
f 361 2220 2221
f 2220 2219 2221
f 2221 2219 1098
f 2221 1098 1095
f 2221 1095 2225
f 1097 2204 1096
f 1097 1096 2223
f 2202 2498 2222
f 2223 1096 2202
f 1092 2223 1091
f 1091 2223 2202
f 1097 2223 111
f 111 2223 1092
f 2224 1095 1098
f 1098 1094 1097
f 1094 2204 1097
f 2224 1098 111
f 1097 111 1098
f 2225 1095 2224
f 2225 2224 1099
f 2224 111 1099
f 111 360 1099
f 2225 1099 1104
f 1101 2216 2226
f 2218 361 1100
f 2226 2218 1100
f 1101 2226 2227
f 2226 1100 2227
f 361 2221 2228
f 2221 2225 1105
f 2228 2221 1105
f 2228 1105 2229
f 1100 361 2228
f 1102 2227 2228
f 2228 2227 1100
f 1103 2227 1102
f 1102 2228 2229
f 1103 1102 2303
f 2231 2225 1104
f 2230 2231 1113
f 2232 1102 2229
f 2232 2229 2230
f 1105 2225 2231
f 2231 2230 2229
f 2231 2229 1105
f 2303 1102 2232
f 2232 2230 1112
f 362 416 2234
f 2233 2502 120
f 2234 2502 2233
f 1106 2234 2233
f 1106 2233 254
f 1108 1107 1106
f 1106 1107 2234
f 775 1108 1109
f 1109 1108 1106
f 1110 1108 775
f 2241 1108 1110
f 1111 2241 1110
f 2320 1112 365
f 1112 2230 2242
f 365 1112 2242
f 2231 1104 1113
f 2235 1113 1104
f 2242 2230 1113
f 2235 2242 1113
f 1104 1099 363
f 363 1099 2236
f 1108 363 2236
f 2236 2215 362
f 362 2215 416
f 1108 2236 1107
f 1107 2236 362
f 1107 362 2234
f 2235 1104 363
f 2238 2235 363
f 2237 2242 2235
f 112 2242 2237
f 2237 2235 2238
f 363 364 2238
f 2238 364 2237
f 364 363 2241
f 2241 363 1108
f 112 2237 2244
f 2237 364 2239
f 2244 2237 2240
f 2240 2237 2239
f 1114 2240 2239
f 1114 2239 1111
f 2239 364 2241
f 1111 2239 2241
f 1114 1111 2
f 2243 365 1115
f 1116 2243 1115
f 2242 112 2249
f 365 2249 2251
f 365 2242 2249
f 1115 365 2248
f 365 2251 2248
f 2244 2240 2247
f 2244 2247 2245
f 2240 1114 1802
f 1802 1114 770
f 2246 2245 2247
f 2247 2240 1802
f 2246 2247 1801
f 1801 2247 1802
f 1117 2246 1801
f 2251 2249 2250
f 2249 112 2244
f 2250 2249 2244
f 2250 2244 2245
f 2250 2245 2246
f 1118 2248 2251
f 1118 2251 2246
f 2246 2251 2250
f 1118 2246 1117
f 1118 1117 66
f 2248 1118 2252
f 2252 1118 66
f 2252 66 1792
f 2253 2248 2252
f 1792 2253 2252
f 2253 1792 766
f 1119 2253 766
f 1116 1115 2248
f 1120 1116 1121
f 1121 1116 2248
f 1121 2248 2253
f 1119 1120 1121
f 1119 1121 2253
f 1122 1116 1120
f 1122 1120 2254
f 2255 1120 1119
f 1119 766 1787
f 2255 1119 1787
f 2255 1787 765
f 2256 2255 765
f 2254 1120 2255
f 2257 2254 1123
f 1123 2254 2255
f 1123 2255 2256
f 2257 1123 2256
f 2257 2256 249
f 2257 249 764
f 2258 2038 357
f 2258 357 366
f 1080 2191 2259
f 357 1080 2259
f 2259 366 357
f 2260 366 2259
f 366 2260 1124
f 1124 2260 2261
f 25 1124 2261
f 2190 355 1125
f 1127 2191 2190
f 2263 1127 2190
f 1125 355 1073
f 1125 1073 367
f 2262 367 2312
f 2263 2190 2262
f 2262 2190 1125
f 2262 1125 367
f 1126 2263 2262
f 2264 2262 2312
f 2264 2312 2311
f 1126 2262 2264
f 368 25 2261
f 2260 2259 2266
f 2261 2260 2266
f 368 2261 2265
f 1128 368 2265
f 2266 2259 1127
f 2259 2191 1127
f 2265 2261 2266
f 2267 2265 2266
f 1127 2267 2266
f 1128 2265 2267
f 1128 2268 2270
f 2267 1127 2263
f 2267 2263 1126
f 2268 1128 2267
f 2268 2267 1126
f 2268 1126 2264
f 2271 2268 2264
f 25 368 2341
f 2273 368 1128
f 2341 368 2273
f 2341 2273 2269
f 2270 2268 2271
f 2270 2271 2305
f 1129 2270 2272
f 2272 2270 2305
f 1129 2272 2274
f 2276 2269 1129
f 2273 1128 2270
f 1129 2273 2270
f 1129 2269 2273
f 2276 1129 2274
f 2275 2269 2276
f 2277 2275 2276
f 2276 2274 1130
f 2277 2276 1130
f 2277 1130 5
f 2278 2183 2172
f 2279 2278 2172
f 2279 2172 1133
f 1131 2170 1132
f 2170 2168 1132
f 2280 1131 1132
f 2280 1132 2296
f 1134 2279 1133
f 1133 2172 1131
f 1133 1131 2280
f 2281 1133 2280
f 2281 2280 2296
f 2281 2296 1138
f 2282 1134 2281
f 1134 1133 2281
f 2282 2281 1135
f 2313 2282 1135
f 1132 2168 2283
f 1132 2283 369
f 2283 2166 1136
f 369 2283 2288
f 369 2288 2289
f 369 2289 113
f 2166 2284 1136
f 2166 2164 2284
f 1136 2284 2287
f 2164 1062 2285
f 2285 1062 1081
f 2284 2164 2285
f 2286 2284 2285
f 2287 2284 2286
f 2287 2286 2291
f 2291 2286 110
f 2289 2288 1137
f 2289 1137 370
f 2288 2283 1137
f 1137 2283 1136
f 370 1137 2290
f 2290 1137 2287
f 2287 1137 1136
f 2292 2290 2291
f 2291 2290 2287
f 113 2289 370
f 113 370 371
f 370 2290 2292
f 2292 2291 110
f 2292 110 1088
f 2292 1088 2211
f 2293 371 370
f 2293 370 2292
f 2293 2292 2211
f 371 2293 2294
f 2294 2293 2211
f 2294 2211 2213
f 2294 2213 1101
f 1135 2281 1138
f 2295 1135 2297
f 2297 1135 1138
f 1138 1139 2297
f 2296 369 1140
f 2296 1132 369
f 1140 369 113
f 1141 2297 1139
f 1139 1138 2296
f 1140 1139 2296
f 1141 1139 1140
f 1141 1140 113
f 2300 2297 2301
f 2297 1141 2298
f 2301 2297 2298
f 2298 1141 113
f 2301 2298 2299
f 2298 113 371
f 2298 371 2294
f 2294 2299 2298
f 2299 2294 1101
f 1155 1135 2295
f 1155 2295 2319
f 2295 2297 2300
f 2295 2300 1142
f 2319 2295 1142
f 2319 1142 1144
f 2300 2301 1143
f 2299 1101 2227
f 2301 2299 2227
f 1143 2301 1103
f 2301 2227 1103
f 1144 1142 2302
f 1144 2302 2303
f 1142 2300 1143
f 2303 2302 1143
f 2302 1142 1143
f 2303 1143 1103
f 1158 1144 2303
f 1158 2303 1145
f 1145 2303 2232
f 1145 2232 1112
f 1159 5 1130
f 1159 1130 1146
f 1146 1130 2307
f 2272 2305 2274
f 2274 2305 2304
f 2304 2305 1147
f 2305 2271 1147
f 2304 1147 2306
f 2306 1147 1154
f 2306 1154 114
f 2309 2307 2308
f 2307 1130 2274
f 2308 2307 2274
f 2309 2308 2306
f 2306 2308 2274
f 2306 2274 2304
f 2307 2309 2310
f 2309 2306 114
f 2309 114 372
f 2310 2309 372
f 2271 2264 1148
f 1148 2264 2311
f 1152 1148 2311
f 1152 2311 1150
f 1152 1150 1153
f 1149 2312 367
f 367 1073 2278
f 1073 2183 2278
f 1149 367 2278
f 1149 2278 2279
f 1149 2279 1134
f 2311 2312 1149
f 1150 2311 1149
f 1134 1150 1149
f 1153 1150 2313
f 1150 1134 2313
f 2282 2313 1134
f 2314 2310 2316
f 2316 2310 372
f 372 114 2315
f 2315 2316 372
f 2316 2315 1151
f 1147 2271 1148
f 1152 1147 1148
f 1152 1154 1147
f 1151 2315 2317
f 2318 1151 2317
f 2315 114 1154
f 2317 2315 1154
f 2317 1154 1152
f 2317 1152 1153
f 1155 1151 2318
f 2317 1153 2318
f 2318 1153 2313
f 2318 2313 1155
f 1155 2313 1135
f 2314 2316 374
f 374 2316 1156
f 1156 2316 373
f 1151 1155 1157
f 2319 1157 1155
f 1157 2319 1158
f 1158 2319 1144
f 373 2316 1158
f 2316 1151 1157
f 1158 2316 1157
f 1156 373 1145
f 1145 373 1158
f 1156 1145 2320
f 2320 1145 1112
f 1146 2307 2321
f 1179 1159 1160
f 1160 1159 2321
f 1159 1146 2321
f 1160 2321 115
f 2307 2310 1161
f 2310 2314 1162
f 1161 2310 1162
f 115 2321 2322
f 2321 2307 1161
f 2322 2321 1161
f 1162 2322 1161
f 2323 2322 1162
f 375 115 2322
f 2324 2322 2323
f 375 2322 2324
f 375 2324 2325
f 2326 2314 374
f 2326 374 1164
f 1156 1163 1164
f 1156 2320 1163
f 1163 2320 365
f 1163 365 2243
f 1164 374 1156
f 2243 1164 1163
f 2326 1164 2243
f 2326 2243 1165
f 1165 2243 1116
f 2327 2325 376
f 2325 2324 2323
f 376 2325 2323
f 2327 376 2328
f 2323 1162 2329
f 2329 1162 2314
f 2326 2329 2314
f 2328 376 1166
f 1166 376 2330
f 2329 376 2323
f 2330 376 2329
f 2330 2329 2326
f 1165 2330 2326
f 1165 1166 2330
f 1122 1166 1165
f 1122 1165 1116
f 2327 2328 2331
f 2332 2327 2331
f 2332 2331 2334
f 2332 2334 2363
f 2328 1166 2333
f 2333 1166 1122
f 2333 1122 2254
f 2331 2328 2333
f 2335 2334 2333
f 2334 2331 2333
f 2335 2333 2254
f 2363 2334 2336
f 2363 2336 1184
f 2335 2254 2257
f 2336 2335 2257
f 2336 2334 2335
f 2336 2257 764
f 2038 2258 2040
f 2258 366 377
f 2337 2258 377
f 2337 2040 2258
f 2040 2337 2039
f 2039 2337 966
f 366 1124 377
f 377 1124 2338
f 25 1168 2348
f 2338 1124 2348
f 2348 1124 25
f 2338 2348 1174
f 966 2337 2339
f 2337 377 2339
f 2338 2339 377
f 1167 2339 2338
f 966 2339 1167
f 1167 2338 1174
f 2340 1167 2353
f 25 2341 1168
f 1168 2341 2343
f 2341 2269 2343
f 2349 2343 1169
f 2275 2277 2342
f 2275 2342 1173
f 2277 5 2342
f 2342 5 1170
f 1173 2342 1171
f 1171 2342 1170
f 1169 2343 2344
f 1172 1169 2344
f 2343 2269 2275
f 1173 2343 2275
f 2344 2343 1173
f 1171 2344 1173
f 2344 1171 2345
f 378 1172 2345
f 2345 1172 2344
f 378 2345 26
f 2352 378 26
f 2353 1167 2346
f 2346 1167 1174
f 1175 2353 2346
f 2346 1174 2347
f 1175 2346 2347
f 2349 1174 1168
f 1174 2348 1168
f 2349 1168 2343
f 1176 2347 2350
f 2350 2347 1174
f 2350 1174 2349
f 2350 2349 1169
f 1176 2350 2351
f 2350 1169 1172
f 2351 2350 1172
f 2351 1172 378
f 2356 1176 2352
f 2352 1176 2351
f 2352 2351 378
f 2340 2353 2355
f 1175 2347 1177
f 2354 1175 1177
f 2355 2353 1175
f 2355 1175 2354
f 969 2355 102
f 102 2355 2354
f 1177 1176 2356
f 2352 26 2378
f 2356 2352 2378
f 2356 2378 1178
f 1177 2356 1178
f 102 2354 379
f 1177 2347 1176
f 379 2354 1177
f 379 1177 2357
f 2357 1177 1178
f 102 379 2044
f 2044 379 2357
f 2376 2044 2357
f 2376 2357 1192
f 5 1159 381
f 381 1159 1179
f 1160 115 380
f 1179 1160 380
f 2359 1179 380
f 381 1179 1180
f 1180 1179 2359
f 115 375 380
f 380 375 2358
f 2325 2327 2369
f 375 2325 2369
f 2358 375 2369
f 116 2358 1186
f 1180 2359 1182
f 2359 380 1181
f 1182 2359 1181
f 1181 380 2358
f 2360 1181 116
f 116 1181 2358
f 2388 1180 1182
f 1182 1181 2360
f 2388 1182 2361
f 2360 116 2368
f 1183 2360 2368
f 2361 1182 1183
f 1183 1182 2360
f 2362 2332 2364
f 2362 2327 2332
f 2370 2362 2365
f 2363 1184 382
f 1184 2336 764
f 1184 764 1652
f 1184 1652 690
f 382 1184 690
f 382 690 57
f 2365 2362 2364
f 2364 2332 2363
f 2364 2363 382
f 2365 2364 382
f 57 2365 382
f 1648 2365 57
f 2366 2365 1648
f 2367 2371 1183
f 2367 1183 1185
f 1185 1183 2368
f 1187 1185 2368
f 2367 1185 1187
f 2367 1187 1189
f 2358 2369 1186
f 2369 2327 2362
f 2370 1186 2369
f 2370 2369 2362
f 2368 116 1186
f 1187 2368 1186
f 1187 1186 2370
f 1188 1187 2370
f 1189 1187 1188
f 1188 2370 2365
f 1188 2365 2366
f 222 1189 2366
f 2366 1189 1188
f 2371 2367 1190
f 2367 1189 2372
f 1190 2367 2372
f 1191 1190 2372
f 2402 1190 1202
f 1202 1190 1191
f 1202 1191 2404
f 383 1189 222
f 2404 1191 2373
f 2404 2373 2375
f 2373 1191 2372
f 2373 2372 2374
f 2375 2373 2374
f 2372 1189 383
f 2374 2372 383
f 2375 2374 221
f 2374 383 221
f 2375 221 680
f 1205 2375 681
f 681 2375 680
f 1192 2357 2377
f 117 1192 2381
f 2378 26 2393
f 2380 2378 2393
f 2380 1178 2378
f 2379 1178 2380
f 2379 2380 1193
f 1193 2380 1199
f 2381 1192 2377
f 2382 2381 2377
f 2377 2357 1178
f 2377 1178 2379
f 1193 2382 2377
f 1193 2377 2379
f 2382 1193 2383
f 1193 1199 2383
f 2381 2382 2383
f 1194 2381 2383
f 1206 1194 1198
f 2345 1171 2386
f 2384 2345 2386
f 384 2393 2385
f 2393 26 2385
f 2385 26 2345
f 2385 2345 2384
f 384 2385 2384
f 2394 384 2384
f 2386 1171 1170
f 2386 1170 385
f 1170 5 381
f 381 385 1170
f 385 381 1196
f 1180 1196 381
f 2394 2384 2387
f 2387 2384 1195
f 1195 2384 2386
f 1196 1195 2386
f 1196 2386 385
f 2388 1195 1196
f 2388 1196 1180
f 2387 1195 2389
f 2387 2389 388
f 2389 1195 2388
f 1197 2389 2388
f 1197 2388 2361
f 388 2389 1197
f 1197 2361 1183
f 2371 1197 1183
f 1198 1194 2383
f 1198 2383 386
f 2390 2383 1199
f 2390 386 2383
f 386 2390 2391
f 2392 386 2391
f 2392 2391 2395
f 1199 2380 387
f 387 2380 2393
f 387 2393 384
f 2394 387 384
f 2395 2391 2396
f 2391 2390 1200
f 2396 2391 1200
f 1200 2390 1199
f 1200 1199 387
f 2394 2396 1200
f 2394 1200 387
f 2395 2396 1201
f 1201 2396 2397
f 1201 2397 388
f 2396 2394 2397
f 2397 2394 2387
f 2397 2387 388
f 388 1197 2371
f 1198 386 2398
f 2398 386 2392
f 2398 2392 1203
f 2409 2398 2399
f 2398 1203 2399
f 1201 388 2403
f 2395 1201 2403
f 2395 2403 2401
f 2403 388 2402
f 388 2371 2402
f 2402 2371 1190
f 1202 2403 2402
f 2401 2403 2404
f 2404 2403 1202
f 2400 2399 389
f 389 2399 1203
f 1203 2392 2401
f 2401 2392 2395
f 2405 389 2401
f 2401 389 1203
f 2405 2401 2404
f 2400 389 1204
f 1204 389 1205
f 389 2405 1205
f 2405 2404 1205
f 1205 2404 2375
f 681 1204 1205
f 2054 2376 1192
f 2054 1192 980
f 980 1192 117
f 2381 1194 2406
f 2406 1194 1206
f 2406 1206 1209
f 2408 2381 2407
f 2407 2381 2406
f 2406 1209 2407
f 390 980 2408
f 980 117 2408
f 2408 117 2381
f 390 2408 2407
f 390 2407 118
f 1198 2398 2409
f 1206 1198 2410
f 1198 2409 2410
f 2409 2399 1207
f 2399 2400 1207
f 1207 2410 2409
f 2410 1207 2411
f 1204 681 219
f 1204 219 1600
f 2412 1204 1600
f 2412 1600 1599
f 1207 2400 1204
f 1207 1204 2412
f 1599 2411 2412
f 2412 2411 1207
f 2413 2411 1599
f 2413 1599 671
f 1208 2057 2414
f 390 118 2414
f 2057 390 2414
f 1208 2414 1210
f 118 2407 1209
f 118 1209 2415
f 1209 1206 2410
f 2415 1209 2410
f 2415 2410 2411
f 1210 2414 118
f 2415 1210 118
f 2413 1210 2415
f 2411 2413 2415
f 1211 1210 2413
f 671 1211 2413
f 2058 2057 1208
f 2058 1208 1212
f 1208 1210 1211
f 1211 671 669
f 1211 1212 1208
f 1212 1211 669
f 1212 669 626
f 2157 87 2416
f 2416 391 1214
f 1214 391 1213
f 2416 87 391
f 2157 2416 2158
f 2158 2416 1215
f 2416 1214 1219
f 2158 1215 1057
f 1057 1215 1059
f 1216 882 2420
f 392 1217 1216
f 392 1216 2420
f 392 2420 394
f 1217 392 2419
f 882 1959 2421
f 1959 888 393
f 2421 1959 393
f 888 889 2417
f 393 888 2417
f 393 2417 1286
f 393 1286 2418
f 2419 392 394
f 2420 882 2421
f 2421 394 2420
f 394 2421 393
f 2422 394 2418
f 394 393 2418
f 2419 394 1218
f 1221 2419 1218
f 1218 394 2422
f 2422 2418 1289
f 2422 1289 2478
f 2422 2478 1282
f 1218 2422 2423
f 1221 1218 2423
f 2476 2422 1282
f 2476 2423 2422
f 1223 1059 1215
f 1215 2416 1219
f 1219 1214 2424
f 1223 1215 1219
f 1219 2424 2426
f 1223 1219 2426
f 2424 1214 1213
f 1213 391 1216
f 1217 1213 1216
f 1220 1213 1217
f 2426 2424 1220
f 1220 2424 1213
f 2427 2426 1220
f 1220 1217 2419
f 1221 1220 2419
f 1222 2427 1221
f 2427 1220 1221
f 1222 1221 2423
f 395 1059 1223
f 2425 395 1224
f 2425 1224 1060
f 1227 2426 2427
f 1222 2423 2468
f 2427 1222 1275
f 1227 2427 2428
f 1224 395 396
f 1060 1224 396
f 395 1223 1227
f 1223 2426 1227
f 396 395 1226
f 1226 395 1227
f 1226 1227 2428
f 1226 2428 1225
f 2431 2430 2165
f 396 1226 2429
f 396 2429 2462
f 2431 1060 396
f 2430 2431 396
f 2430 396 1228
f 1228 396 2462
f 2165 2430 2163
f 1229 2430 1228
f 1229 1228 397
f 2163 2430 1229
f 2163 1229 1062
f 1062 1229 1230
f 1231 2001 1232
f 398 1231 1232
f 2479 1231 398
f 300 931 2435
f 1233 300 2435
f 1233 2435 1234
f 398 1232 1233
f 1233 1232 300
f 2479 398 1234
f 2479 1234 2480
f 398 1233 1234
f 2435 2007 399
f 935 937 1235
f 399 2007 935
f 1235 937 2432
f 937 2443 2441
f 2432 937 2441
f 399 935 1235
f 2433 399 1235
f 2433 1235 1253
f 1253 1235 2432
f 1253 2432 1254
f 1236 2433 1253
f 1237 1236 1253
f 27 1234 1238
f 1238 1234 2434
f 2436 2434 1239
f 2435 931 2007
f 399 1240 2435
f 1239 2434 1240
f 1241 1239 1240
f 2434 1234 2435
f 2434 2435 1240
f 2433 1240 399
f 1240 2433 1241
f 1241 2433 1236
f 1237 1241 1236
f 1238 2434 2436
f 1238 2436 2482
f 2482 2436 2437
f 1239 1241 1242
f 1242 1241 1237
f 1242 1237 1249
f 1248 1242 1249
f 2437 2436 2438
f 2436 1239 2438
f 2438 1239 1242
f 2439 2437 2438
f 1248 2438 1242
f 2439 2438 1248
f 2482 2437 1243
f 1243 2437 2439
f 1243 2439 2440
f 1296 1243 2440
f 1296 2440 1260
f 2441 2443 2444
f 2443 944 2442
f 2442 944 1244
f 2442 2444 2443
f 2444 2442 1245
f 1244 307 20
f 1244 20 2445
f 1245 2442 1244
f 2445 1245 1244
f 1245 2445 1247
f 20 945 2446
f 1246 458 868
f 2446 945 1246
f 2446 1246 868
f 2445 20 2446
f 1247 2445 2446
f 867 1247 2446
f 2453 1247 2447
f 2447 1247 2448
f 2447 2448 2449
f 2448 1247 867
f 2449 2448 867
f 2449 867 865
f 1260 2440 2450
f 1260 2450 403
f 2440 2439 2450
f 2450 2439 400
f 400 2439 1248
f 403 2450 400
f 403 400 1261
f 1237 1250 401
f 2451 1249 401
f 401 1249 1237
f 400 1248 2451
f 2451 1248 1249
f 1251 400 2451
f 1251 2451 401
f 404 400 1252
f 1252 400 1251
f 404 1252 2452
f 1250 1237 1253
f 1253 1254 402
f 1250 1253 402
f 2432 2441 1254
f 2444 1254 2441
f 1255 402 1254
f 1245 1255 2444
f 1255 1254 2444
f 2453 1245 1247
f 2456 2452 1256
f 2452 1252 1256
f 1256 1252 1251
f 1251 401 1257
f 1257 401 1250
f 1257 1250 402
f 2453 1256 1258
f 1256 1251 1258
f 1258 1251 1257
f 2453 1258 402
f 402 1258 1257
f 2453 402 1255
f 2453 1255 1245
f 2456 1256 2454
f 2454 1256 2453
f 2454 1259 2456
f 1259 2454 2447
f 2454 2453 2447
f 1259 2447 2449
f 1266 1259 2449
f 2494 1260 1263
f 1263 1260 403
f 400 404 1261
f 1264 1261 404
f 1264 404 1262
f 1264 403 1261
f 2455 1263 1264
f 1263 403 1264
f 1264 1262 2455
f 1315 1263 2455
f 404 2452 2456
f 404 2456 1265
f 2456 1259 2457
f 2457 1265 2456
f 1266 2449 3
f 2458 1265 2457
f 2458 2457 1266
f 2457 1259 1266
f 852 2458 1266
f 1315 2455 2460
f 2460 2455 1267
f 1267 2455 1262
f 2459 1262 404
f 1265 2459 404
f 1268 1267 852
f 1267 1262 2459
f 852 1267 2459
f 852 2459 2458
f 2459 1265 2458
f 2460 1267 1268
f 2460 1268 1269
f 1268 852 83
f 1924 1268 83
f 1269 1268 1924
f 1269 1924 1855
f 1230 1229 397
f 1230 397 2496
f 397 1228 405
f 1228 2462 405
f 2496 397 1270
f 1270 397 405
f 1270 405 2461
f 2466 2462 2429
f 1226 1225 2463
f 2463 1225 2464
f 2466 2429 2463
f 2464 2466 2463
f 2463 2429 1226
f 2465 1270 2461
f 2465 2461 2467
f 2461 405 2466
f 2466 405 2462
f 2467 2461 2466
f 2467 2466 2464
f 1271 2467 2464
f 2465 2467 1271
f 1277 2465 1271
f 1225 2428 1272
f 2428 2427 1272
f 1272 2427 1273
f 1274 1272 1273
f 1275 1222 2468
f 2468 2423 2486
f 1274 1273 1276
f 1273 2427 1275
f 1276 1273 1275
f 1276 1275 2468
f 1276 2468 2469
f 2472 1274 1276
f 2472 1276 1302
f 1278 1277 1271
f 1271 2464 2470
f 2470 1225 1272
f 2470 2464 1225
f 2470 1272 1274
f 2471 1278 1271
f 2471 1271 2470
f 2471 2470 1274
f 1279 1278 2472
f 1278 2471 2472
f 2472 2471 1274
f 1279 1277 1278
f 2473 1277 1279
f 2474 2473 1279
f 1279 2472 1280
f 2474 1279 1281
f 1281 1279 1280
f 2474 1281 2475
f 2475 1281 1297
f 2423 2476 2486
f 2486 2476 2477
f 2476 1282 2477
f 2477 1282 406
f 1282 2478 406
f 406 2478 1289
f 406 1289 1284
f 1283 2477 1303
f 1303 2477 406
f 1303 406 1284
f 1303 1284 1292
f 1285 1303 1292
f 1285 1292 1304
f 1289 2418 1286
f 1287 1289 1286
f 1287 1286 2481
f 1231 2417 889
f 2417 1231 2479
f 2481 1286 2479
f 2479 1286 2417
f 2481 2479 2480
f 2481 2480 27
f 27 2480 1234
f 1292 1284 1288
f 1290 1284 1289
f 1287 1290 1289
f 1293 1288 1290
f 1293 1290 1291
f 1288 1284 1290
f 1287 1291 1290
f 1291 1287 2481
f 407 1293 1291
f 407 1291 2481
f 27 407 2481
f 1292 1288 1294
f 1294 1288 1293
f 1294 1293 408
f 1295 1292 1294
f 1294 408 1295
f 1293 407 2482
f 407 27 1238
f 2482 407 1238
f 2483 1295 408
f 408 1293 2482
f 1243 408 2482
f 2483 408 1296
f 408 1243 1296
f 1297 1281 1299
f 1281 1280 1299
f 2472 1302 1298
f 1280 2472 1298
f 1299 1280 1298
f 1299 1298 2488
f 2493 1297 2484
f 2484 1297 1299
f 2488 2484 1299
f 2493 2484 1300
f 1300 2484 2488
f 1302 1276 2469
f 1302 2469 2487
f 1298 1302 2485
f 2485 1302 2487
f 2469 2468 2486
f 2487 2469 2486
f 2487 2486 1283
f 1283 2486 2477
f 1307 2485 1305
f 1305 2485 2487
f 1305 2487 1303
f 1303 2487 1283
f 1304 1307 1305
f 1305 1303 1285
f 1304 1305 1285
f 1301 1300 1306
f 1306 1300 2488
f 2489 1306 2488
f 2485 1307 1298
f 1308 2489 1307
f 2489 2488 1307
f 1307 2488 1298
f 1304 1308 1307
f 1308 1304 1292
f 1306 2489 2490
f 2490 2489 1308
f 1306 2490 2491
f 1308 1292 1295
f 1309 1308 1295
f 2492 2491 2490
f 1309 2490 1308
f 2490 1309 2492
f 2492 1309 2483
f 1309 1295 2483
f 409 2492 2483
f 409 2483 1296
f 409 1296 1260
f 1321 1297 2493
f 1321 2493 410
f 1300 1301 1314
f 2493 1300 1314
f 1314 410 2493
f 410 1314 1313
f 410 1313 412
f 1310 410 412
f 1311 1301 1306
f 1306 2491 1311
f 1311 2491 1312
f 2492 409 2494
f 2491 2492 2494
f 2494 409 1260
f 2494 1312 2491
f 1312 2494 1263
f 411 1312 1315
f 1315 1312 1263
f 411 1314 1311
f 1311 1314 1301
f 411 1311 1312
f 1316 1313 411
f 411 1313 1314
f 1316 411 1317
f 1315 1317 411
f 412 1313 1316
f 2495 412 1316
f 2495 1316 1318
f 1317 1315 2460
f 1269 1317 2460
f 1318 1316 1317
f 1318 1317 1269
f 1318 1269 1855
f 1062 1230 1081
f 1230 2496 1081
f 2496 1270 1319
f 1081 2496 1319
f 1081 1319 2198
f 2198 1319 2497
f 2497 1270 2465
f 2497 1319 1270
f 2199 2198 2497
f 2199 2497 2498
f 2497 2473 1320
f 2474 2475 413
f 2475 1297 1327
f 1327 413 2475
f 2473 2474 413
f 1320 2473 413
f 1320 413 1327
f 2222 2498 2497
f 2465 1277 2473
f 2497 2465 2473
f 414 2222 1320
f 2222 2497 1320
f 2222 414 1093
f 2215 1093 416
f 1297 1321 1327
f 1322 1327 1321
f 1323 1327 1322
f 2499 410 1310
f 1323 1322 2499
f 1322 1321 2499
f 2499 1321 410
f 1323 2499 415
f 415 2499 1310
f 1310 412 2495
f 1318 1855 2495
f 2495 1855 1324
f 2500 2495 1324
f 119 415 1310
f 2500 119 1310
f 2500 1310 2495
f 415 119 1852
f 415 1852 1325
f 119 2500 1852
f 76 1325 1852
f 1325 76 417
f 1326 1320 1327
f 1326 414 1320
f 1328 414 1326
f 1328 1326 1323
f 1326 1327 1323
f 1328 1323 415
f 418 1093 1329
f 1328 1093 414
f 1329 1093 1328
f 1329 1328 2501
f 2501 1328 415
f 1325 2501 415
f 417 1329 2501
f 417 2501 1325
f 1093 418 416
f 2502 416 418
f 2234 416 2502
f 418 1329 1330
f 1330 1329 417
f 1330 417 1847
f 120 2502 1330
f 1330 2502 418
