v 0.25598682210149326 -0.24564025290120076 0.9349500591288352
v 0.3125990808702046 0.12862433933701467 -0.9411363312343328
v -0.2555728712367506 0.21093223561915 -0.9434988603408648
v -0.5506883691114542 0.8238440230772719 -0.13425105498737136
v -0.6824811301006295 0.7281341467799325 -0.06356234222892668
v -0.4477054248793974 0.4621246426530625 -0.765506804141111
v -0.05755667264718809 0.9070786125104018 -0.41700793776616396
v -0.1140107490917738 0.8085647431813009 -0.5772561001632547
v -0.3495647319252011 0.6363062157445011 -0.6876909901976139
v -0.5276892032902378 -0.8418169434683243 -0.11352681806763638
v 0.34202889850601303 -0.9284567630201241 -0.14485948981325455
v -0.6198015285666669 0.6303868396527973 0.4673954402633615
v -0.619372647846682 0.3385525555014644 0.7083499772448771
v 0.07483136042594768 0.9859901510094564 0.14907612018412328
v 0.4523321931538976 0.7343922968035235 -0.5060272141221563
v 0.3326706754327367 0.6237202663951464 0.7073211795182541
v 0.3542770541725641 -0.8882042523920024 -0.2925422617666962
v 0.5995714336552772 -0.7814867421218338 0.17260523697836627
v 0.34990951107778145 -0.9172065827693074 0.19051356534892017
v -0.48272003379489964 -0.7265904150036205 -0.48892508403426954
v -0.05379657548362205 -0.9118814614048528 -0.4069129253444584
v 0.27238624305535475 0.4731185556726687 -0.8378332572012149
v -0.08001948088687191 -0.41724241169537246 -0.9052655149519531
v -0.1701187674981313 0.16535783404820073 -0.9714506635253303
v -0.7711255306442915 0.5921302904989449 -0.2339810570584614
v -0.38628907470275536 0.8026277420856393 -0.4544991291518586
v 0.357920904085373 -0.8023442762652802 0.4776361468346518
v 0.5816447313321554 -0.7497794352844966 -0.31546823126585344
v 0.3139277105688486 -0.40101392693034354 0.8606028253177573
v 0.09670795950179392 -0.6575017943600598 0.7472208247782585
v -0.6916326580581591 0.5085658148871423 0.512840207311773
v 0.07114496232814947 0.33218146383240627 0.9405285053742316
v 0.09474984867113045 0.5658707848773696 -0.8190315750928456
v 0.5870886133123896 0.7063659806381357 0.39544160316797766
v 0.10003767573048104 0.9141316564420793 0.3928813792035754
v 0.3406849092355601 0.938897514363872 -0.049043349605229374
v 0.479042188081951 0.6913485776624475 -0.5408842077577858
v 0.4027336099821149 0.8592227648999015 -0.3155025826654077
v 0.1993205506198459 0.9466816048368929 -0.2531111557479171
v -0.13442553683029013 0.8785162414860861 -0.4584091932902842
v -0.7839294753150292 0.559760609299526 0.26855658250902437
v -0.36390131364999306 0.9206784582136283 -0.14116306353003852
v 0.1923831869572285 0.8769566417368146 -0.44038137777370673
v 0.19338440902259652 0.89636664074311 -0.3989101599481936
v -0.40465535263389774 0.818758754755988 -0.40729368653977405
v -0.23982926329367887 0.8441815848306811 -0.4794156613010998
v -0.9814734109251192 -0.04282919021995323 0.18675011141125217
v -0.7499275497793928 -0.6017632287877914 -0.2747538654155178
v 0.5140085620981629 -0.8439458566351794 -0.15346201210101534
v 0.5306860397235921 -0.8288842636804143 -0.17698362824133576
v 0.8263824242647999 -0.5469162388007948 0.13406981987839076
v -0.7494191220047127 0.2868421499438527 0.5967349165159299
v -0.6825912254170595 0.3850103809627974 0.621157166532367
v -0.307041328801973 0.9512639849248683 -0.02867844822124551
v -0.4433194301098065 0.5848838367455717 0.6792486881848914
v 0.197014721668449 0.8955325498878497 -0.3990070820640529
v 0.5429625803180543 0.703772699998551 -0.45814367081856544
v 0.24957384693166967 -0.8152787453146755 -0.5225260398926125
v 0.7541842567706101 -0.33830107461848874 -0.5628130149093373
v 0.12716728022405435 0.8821684716243019 0.4534393790932368
v 0.6745080699480287 0.2815518477068053 -0.6824715529806858
v 0.5345334519994636 0.7983120128048791 0.2774381352751634
v 0.10097498885644046 0.9587595260722002 -0.26567691429864926
v 0.47256344843233183 0.6246896653146036 -0.6216483002911465
v 0.42480440446975626 -0.5051907960219264 -0.751214668092835
v 0.5498032247238771 0.08544883246187025 -0.8309120959007211
v 0.5543455382645683 -0.15420163108903953 -0.8178770574943679
v 0.30927746026273434 -0.9492624162229794 -0.05699401477299209
v -0.24072948702574729 -0.9201509529180729 -0.30882282609982536
v 0.03742027980145479 -0.9435554316381348 -0.3290940140533613
v 0.2958359404918688 -0.9547405377493232 0.030848045179956183
v 0.3535396943501941 -0.9294029154340864 0.10592405440404769
v -0.37324749166449733 -0.8542538048755776 -0.361851829927333
v -0.8548833156143949 -0.03457409188036489 -0.5176670250796231
v -0.6180933666182539 -0.5030085196855034 -0.6041051392483858
v -0.6414463076176572 0.535683095341723 -0.5491723370753342
v 0.24517193320793418 -0.6664979617599095 -0.704039196449296
v 0.3629276321856447 -0.71526538280472 -0.5972260593421379
v -0.3734995594004704 -0.8459772674437577 -0.3805529425665336
v -0.3513648749846108 -0.5538909251711575 -0.7548162475994328
v -0.44370050006583894 -0.20829124344414673 -0.8716333083044817
v 0.4008202628047989 -0.8784401162217357 -0.2601654841392986
v 0.01386351501194117 0.6992883838360209 -0.7147052253786309
v 0.3422498643596114 -0.6478160550518087 -0.6805875323299269
v 0.04333396263200109 0.0010331571817021152 -0.9990601084363474
v -0.007379586264552251 -0.17685434046103274 -0.9842093699851964
v 0.3508793626727512 -0.935508216866738 0.04132854975897775
v 0.18631271379793346 -0.9721836889056724 -0.14193818268178587
v 0.7140964976702102 0.10202942085067684 0.6925721545774237
v 0.20763365984594537 -0.8728721659119767 0.4415681660571933
v 0.14680631921021378 -0.3915040913171891 0.908390032487065
v 0.29856899512186397 0.1865144046882721 0.9359855404843067
v 0.18633935007499958 -0.9088829141236715 0.3731078865793237
v 0.13252239098825055 -0.960296545582714 0.24549615155570875
v -0.16837779417064647 -0.9770351954597464 -0.13058003393766776
v 0.3846507755313731 0.9099681396104468 -0.15492503276428785
v 0.9671808351938869 -0.25382299334991437 0.011624116333938159
v -0.5795179965950107 0.8044690050648868 -0.13033998431953392
v -0.5803486261975171 0.7528023515824452 -0.3106188846844235
v -0.5814868724646488 0.6672360130479126 -0.46547730346731947
v 0.9229446850206182 0.24547373182281582 -0.2965059112010619
v 0.16171108461534872 0.10826683176175501 -0.980881143795108
v 0.08373306865714275 -0.8895539990508314 -0.449090699064155
v -0.31782764187821483 -0.6372071909625298 -0.7021058223970054
v 0.3478022583482187 0.6729028742832204 -0.6528669932453772
v -0.11115649092892992 0.756634474451441 -0.6443201894989464
v 0.09382584728261105 -0.5811738644819278 -0.8083524290956526
v -0.11011530171005356 0.6723336715534031 -0.7320123321535127
v -0.5369575214989981 -0.7580724020382933 -0.37013896494903764
v 0.7278402653209762 -0.48270214214139573 -0.48708027074559146
v 0.4688589807768495 0.4647848662922369 -0.751096720942517
v 0.007663002201591961 0.3706165360546612 -0.9287543602051633
v -0.053642182276594313 -0.7456199380609222 -0.6642088709484624
v -0.7070604620417971 0.6590686180755927 -0.256308524409878
v -0.19648404490969398 0.9805058500773538 0.001515935358484581
v -0.4403967387945404 -0.8794739704030416 -0.1804889133510512
v 0.6821383766763418 0.6423307446857681 0.3494258855562819
v 0.07486049814241684 0.31255000370999236 0.9469468839374007
v -0.28763447624080923 0.8368510320029562 -0.46577543764486184
v -0.7324748040819685 0.36542200957938253 -0.5744104945942818
v 0.2834962738361615 -0.833680072312372 0.4739276313428565
v 0.19034409650417072 -0.959196839210972 0.20907067841687335
v 0.17190957822893066 -0.042888388778664806 -0.984178684498461
v 0.4918330303069694 0.10405039322072389 -0.8644499904388202
v 0.3194499183741196 -0.8993393377089661 0.2985640723529316
v 0.31558786744786127 -0.9396072484347849 -0.13244816574238938
v 0.30898641148543693 -0.868193021938417 0.38828890555202805
v 0.3013489134729946 -0.6991316240304607 0.6483855370296102
v 0.2944994452206442 -0.738284637402663 0.6067996958963898
v 0.22238557147745194 -0.966678046945675 0.12679988624577973
v 0.07001922411912034 -0.6933364556707187 0.7172042020873288
v 0.029604976742844534 -0.6621578343234269 0.7487793719088185
v 0.17511161561402272 -0.6565099843605212 0.7337101352114438
v 0.08461334144185091 -0.6531688883121667 0.7524699235126232
v 0.2311395506739326 -0.4816227783988201 0.8453484532674402
v -0.45577997895136846 0.3050813296742168 0.8361758146892926
v -0.4315774100881366 -0.8444764406842462 0.3171757875861319
v 0.12825509270992314 0.14055265913051065 0.9817309107924186
v -0.21841966050920245 0.5076815302521449 0.8333980535997699
v -0.08362052179150763 0.6026925238133846 0.7935800716214898
v -0.13069424068742305 0.7633003145514003 -0.6326860558419724
v -0.22543853415165296 0.8241391172227147 -0.5195884744515786
v -0.3427440002229063 0.8856055614753309 0.3134156023480076
v -0.12610341421840454 0.8918615997068586 -0.4343740506646139
v 0.29183627135050993 0.6379276841412299 0.7126569023944401
v 0.07500923397393425 0.9958256832161295 0.052007917337386154
v 0.2768036891505211 0.957516778946485 0.08087852439683683
v 0.7193793952938599 -0.2211141048650949 -0.6584845011512026
v 0.6790351121347094 0.08920854885212802 -0.7286653218727375
v 0.6908997205367478 0.13804590019957091 -0.7096484380313494
v 0.6387771872591059 0.31594117768272595 -0.7015303822941651
v 0.3499031283858441 0.8046748791305869 -0.4796521027181837
v 0.8922453406532629 -0.3868183339572827 -0.2329588560176555
v 0.9627979277673742 -0.19074529262736917 -0.19140633121020167
v 0.939255427773398 0.13308571765686847 0.31636597976705305
v 0.8134196855204908 0.3026587668484503 0.49673542863130005
v 0.2557052403883991 0.9054233251955336 -0.33885606417736436
v 0.4930078755485119 0.8627590296934226 0.11220557619658182
v -0.4039931101375692 0.9128830180388793 0.05860172640461041
v -0.04628929328858485 0.9331064419292056 -0.35660856601750524
v -0.1292087607900447 0.9388972647630204 -0.3190251124216081
v 0.14524120033955265 0.9478041877130128 -0.28385245371072954
v -0.07038811544504946 0.94108183030967 -0.33077258330323545
v -0.05847440279090604 0.9337848675683686 -0.3530248791779004
v -0.06269432358810914 0.9180965204003403 -0.39136709240637096
v -0.08211809632746762 0.930157761467425 -0.3578591301580295
v -0.0667586661236321 0.7863831446865424 -0.6141211853130437
v -0.07485092127346772 0.6696710197339478 -0.7388762175851972
v -0.7197939563913479 0.6335689849079946 0.2837023117726458
v -0.6408511575730478 0.6980489551554555 0.31943301339038455
v -0.33869196229504 0.9151365635123428 -0.21866143875762534
v -0.7828086729643209 0.5769821334478292 -0.2330283227717829
v -0.8032355209773182 0.3882941168117198 -0.4517082871607545
v -0.8013827303678052 0.20146514374760333 -0.5632029077721449
v 0.24089263946043757 0.8638700355536117 -0.44237913369234005
v 0.11874516950783198 0.9129740000926202 -0.3903563242390682
v -0.017586825311206745 0.942580741566768 -0.33351499097179255
v -0.6750253820228053 0.5240022339933051 -0.5193865539220203
v -0.445118328841854 0.41188628194529986 -0.795122232159504
v -0.432070347754472 0.8442853629982363 -0.31701331268302574
v -0.052155479181829806 0.9430676224336593 -0.32848632469044886
v -0.10137538548360976 0.937281664581888 -0.3335057907393136
v -0.3576748538099606 0.8766710088845981 -0.3217400210313976
v -0.2662430997172952 0.7444348030541429 -0.6123164507463981
v -0.49442674037008977 0.30758341645920617 -0.8129788683147247
v -0.39940240028469504 0.17947847931195376 -0.899035704580576
v -0.28365929690515224 0.548627828032661 -0.786476261299373
v -0.8857997857914527 0.17035766624337081 0.43166770210884275
v -0.8157502281783986 0.18491578492572394 -0.5480490103195096
v -0.8973677400309347 0.07828746005640352 -0.4342835626059198
v -0.9474680709617739 -0.22858755645023374 -0.22372300629145472
v -0.9893745896782092 -0.1358066287485633 -0.05190838937036228
v -0.9064803658270872 0.06607087898083619 0.41704674236911343
v -0.8976890297400801 0.043211478659236885 0.43850561455515696
v -0.35278768476579087 0.007679159296965511 -0.9356718869294326
v -0.43794715757048697 -0.5834033869478826 -0.6839903327340746
v -0.8328884926606164 -0.1549161709400644 -0.531316985212025
v -0.7344118315973416 -0.18830296439163605 -0.6520592421024028
v -0.5018632645915798 0.15205595544894196 0.8514765117523745
v -0.3574222647515383 0.09122713110194312 0.92947669965997
v 0.4523794966008597 -0.8785898805160252 -0.15307714692268556
v 0.09871556423120428 -0.9729299144344187 -0.20895602163409832
v 0.8718957933002823 -0.11185236628356907 0.4767460264984257
v 0.8120851522008223 -0.5570596294684946 0.17378801682334388
v 0.752020380202936 -0.3508419960238736 0.5580100730142924
v 0.19221930498762452 -0.9650354009523484 -0.17820890465634626
v 0.17851580586073912 -0.9312841692666844 -0.31755614169962504
v 0.16892048010974636 -0.8762391533611614 -0.45129903336524874
v -0.7327694886213943 0.37077103035277587 0.570594181180181
v -0.7858371731665803 0.24773525127311272 0.5666455528336967
v -0.6416059082745781 0.18234728083742982 0.7450445138636679
v -0.44899628455860496 0.8918335877579547 0.05509254213904684
v -0.545118459163368 0.8007647973055982 0.2482369933661774
v -0.3076051114553248 0.9492033409292469 0.06627301845633084
v 0.14612207911804934 0.9863867362663984 0.07542906940922171
v -0.5015772748139924 0.6213188869410483 0.6019826227728717
v -0.5910967043626709 0.4731564848556037 0.653243926057241
v -0.03330336225830127 0.8236562108709774 0.566110706802085
v -0.018726747525390997 0.792628081946028 0.6094177816881298
v -0.23134992049190073 0.967152613810279 -0.10532348213165235
v 0.45901841633985013 0.8879117591488692 0.030245684419707156
v 0.5668946135710894 0.7679969604331065 -0.29801202302859314
v 0.5485415608537149 0.699221556745215 -0.4584663243892276
v 0.531684551597012 0.8194411999408032 -0.2140739531859511
v 0.28338215896601815 -0.8323953608965653 -0.47624837546981225
v 0.40765900796754606 -0.7050996738672682 -0.5802142562322892
v 0.9438262284015374 -0.3303940021718252 -0.005643926843344779
v 0.810377176355581 -0.2794278757631999 -0.5149843631494274
v 0.5227218220703207 -0.6524026579528845 -0.5487555636414957
v 0.6956231408576775 -0.31164999556554285 -0.6472887502245788
v 0.41141495086607016 0.3799952110557657 0.8284572274888747
v -0.19393702369392316 0.7044307692540774 0.6827632987857881
v 0.8955103247307526 -0.4129870442834698 0.16584016267064294
v 0.9864462891231228 0.04992512882163885 0.15630483097896627
v 0.8698606540268662 0.4926037348468349 0.026153450841178136
v 0.9076571017609464 0.41927614572159444 -0.01913372028026302
v 0.610978979295434 0.15311254228379564 -0.7766989354019371
v 0.5255864567280378 0.5206004027782812 -0.6728551828819912
v 0.5252001522408462 0.41747320618784983 -0.7415395621282989
v 0.49914838368875464 0.5445420202997971 -0.6740362595504185
v 0.4804535189180779 0.5699469727877422 -0.6665769755769583
v 0.36120784086308905 -0.7640939556279428 -0.5344991325267693
v 0.2886885637698328 -0.8029242781456365 -0.5215088845962452
v -0.08683004897142667 -0.9040956726497145 -0.4184155318480421
v -0.2670782777700079 -0.8765538980022058 -0.4004028689214713
v 0.4059270883300313 -0.4466462075347734 -0.7973270121190597
v -0.38455456251374137 -0.8262702314371034 -0.41157659443989325
v -0.6667437320731531 -0.5856891704896565 -0.460891517943541
v 0.4620458449074853 0.6352573089391573 -0.6188390652206016
v 0.48287258113938325 0.47635871547687886 -0.7347900683685156
v 0.481480209340234 0.32054762237376155 -0.8157364953244477
v 0.5955869491352083 0.05547535335902371 -0.801372991302743
v 0.18151227770988534 -0.3875826598010163 -0.9037881249840247
v -0.6775036405649607 0.24441457450689272 -0.6937220861338056
v -0.14138787255904148 -0.942090785947713 -0.30409607121047905
v 0.025202648047323136 -0.9305677124126469 -0.36525136433214894
v 0.03636842521706632 -0.9232657684502888 -0.38243647636585104
v 0.2167798145541526 -0.9676383601563638 -0.12916081431986393
v -0.37622788211811076 -0.8383186511569265 -0.39455597808087056
v -0.7981904391171823 0.42283439102542647 -0.4290723722964185
v -0.6131462441642175 -0.09840549839562891 -0.7838163312618726
v -0.22442040886610154 0.6280986914683843 -0.7450687980717453
v -0.08369714643856278 0.6183870490736849 -0.7814040217556996
v 0.35875806428425167 -0.7481931104412053 -0.5581216003697862
v -0.34901614154052746 -0.6926887501584704 -0.631165610872502
v 0.1980832886262024 -0.5190868221671647 -0.8314516713672678
v 0.007022731162842531 -0.4865069324730406 -0.8736484910435585
v -0.21151110316188113 -0.6468025930231646 -0.7327410585587206
v -0.2675433333489459 -0.14350703174247942 -0.9527991900820433
v 0.3771567831694742 -0.9207847693794406 0.09953978796493569
v 0.37769627563634056 -0.9206671191024431 0.09857778235507768
v 0.3811390484260896 -0.9243690261522449 -0.016580990778753257
v 0.280516593937973 -0.1270062711246313 -0.9514094006369996
v 0.239692298698128 0.013844560691124655 -0.9707501893299209
v 0.35585918507821473 -0.8340334283004801 -0.42160702184951415
v 0.8767792413736624 -0.37370790508808616 -0.3026558500523309
v 0.5926363945147952 -0.7871029991987072 0.1710291570139551
v 0.7412809310720231 -0.6646820641225769 0.09327558556634927
v 0.6076831522389486 -0.7908241422026329 0.07292710466215302
v 0.5970212098161981 -0.7861170460614634 0.15995519660580643
v 0.5522922002957034 -0.8104020933003071 0.19550389425024445
v 0.3570262781323553 -0.9264574717608899 0.11920062810815242
v 0.10740544894468332 -0.9492410112606288 -0.2956443337489998
v 0.15353850920253795 -0.9805175372147571 -0.12252055095439995
v 0.4885287757552493 0.8277169404199328 0.2760874893959207
v 0.4287012820235709 0.8884124497014836 0.16412961343631932
v 0.5251815963590365 0.6123867681250514 0.5909033229481186
v 0.26004487673668647 -0.9384275439166977 0.22744319488935255
v 0.18085991600857015 -0.942669033322488 0.2804724307239823
v 0.22744469674403003 -0.8777921128948477 0.4216039806057517
v 0.3085796544761677 -0.8807615514494116 0.35921815980236105
v 0.20228923510159638 -0.968080331175095 0.14798492407650685
v 0.20678844849960112 -0.9031860266110812 0.3761562692573595
v 0.2380254591316516 -0.8230165570291564 0.5157398837214742
v 0.2068610013657458 -0.720634625684206 0.6617357949959676
v 0.29917941786558794 -0.42422808335963624 0.8547059197259705
v 0.19879091865225368 -0.8205862078235339 0.535836212093943
v 0.07733286529100183 -0.4267765178438783 0.9010446336130844
v -0.05392551347858941 -0.9763681362272006 0.20927804843387912
v 0.04500127724515775 -0.9498231966639729 0.3095331648229903
v 0.004168198943480606 -0.9887222063431044 0.14970312221724452
v -0.11007937884638606 -0.9736442289524134 0.19974845626550983
v 0.3281091836229895 -0.5288888629614678 0.7827010503746505
v 0.15231904643444388 -0.9457680043460147 0.28691774090958266
v 0.333616526407367 -0.5455545811950037 0.7688109079904022
v 0.02634736741240614 -0.9907520285127662 0.13310234493905176
v -0.27293902560331607 -0.9311928990068628 -0.24162796432099354
v 0.007674666990053625 -0.9995200835366674 -0.03001169927620065
v 0.11564030301766533 -0.9926894697578877 -0.0345678600695273
v -0.29674410923433253 0.7795481873092059 -0.5515864005735218
v 0.8164932501029621 0.4927684536856132 -0.3008621338563422
v -0.6290587419138186 0.6937094243302677 -0.3507881608851309
v -0.5074890405597777 -0.08613076478107763 -0.85734261825127
v -0.6444133630326049 0.20673751883341954 -0.736200391097159
v -0.6030931528130569 0.051244766542035795 -0.7960230040219058
v 0.18020204572414666 -0.7178097612097072 -0.6725149585168315
v 0.027615135724581727 -0.820989987638302 -0.5702743589506489
v 0.03592194553340196 -0.7671103177983097 -0.640508683904029
v 0.3081870976504278 -0.5919749170061556 0.7447055864416224
v -0.0674194356861705 -0.811017362611313 0.5811243044605415
v 0.08320823013751859 -0.8931972794904455 -0.4418993215068889
v 0.6764624046555959 -0.6209158684289972 0.396058202062062
v 0.027909634985492714 -0.7211707169125513 -0.6921949503881212
v -0.028584224819867565 -0.8820332016000269 -0.4703194375811547
v -0.30059887201124874 -0.8936463315284957 -0.3332214763355248
v -0.1663946970724883 -0.32353365592258604 -0.9314712976101414
v 0.4551906862378009 0.6917878453249621 -0.560563124209046
v -0.3632903089365708 -0.5803814420897344 -0.7288192732842699
v -0.10750587478096195 -0.35322712553662494 -0.9293401340051519
v -0.3120209887070902 -0.006770337127452953 -0.9500510855429988
v 0.22948230744572237 0.26267440077067 -0.9371979672135212
v 0.12780875165484398 -0.30247883708127954 -0.944548292104955
v 0.08229252617733838 -0.6542057189119299 -0.7518263213523966
v -0.016948955912947577 -0.6095102763628636 -0.7925969693996605
v -0.09985443227466785 -0.22181270543316223 -0.9699629972651147
v -0.087119293653145 -0.40375268578492435 -0.910710710047289
v -0.07519300204536662 -0.4702826222751582 -0.879306697136674
v -0.10930823687230021 -0.28287626951837025 -0.952907511511605
v -0.11117729224085855 0.10820639739750094 -0.9878921931325527
v -0.46818136343695277 -0.16993699168925533 -0.867137607180038
v 0.25347503844650987 -0.9414498908861423 -0.2223117357113908
v -0.3278279230570706 0.325840034915983 -0.886767796274785
v -0.4250907927998682 0.14588976742537357 -0.8933162898085705
v -0.28350796928711913 0.30316833907954777 -0.9097868923711983
v 0.03656542222519949 0.7539934845896258 -0.655863396671812
v 0.3609769041488696 0.8994417917932906 -0.24637397964633473
v 0.08870050216983749 0.9176373850904339 -0.3873936633441614
v 0.264163910396588 0.9296524268374143 -0.2568341755282762
v -0.019022205078315778 -0.04149912912309421 -0.9989574455380886
v -0.30439763894306504 -0.38829130721635013 -0.869811438270448
v -0.5700807285513209 -0.739430130093266 -0.3581215514942536
v -0.6189302659065079 -0.7761127055272357 -0.120724455948634
v -0.7619767014015566 -0.6389314552364812 -0.10563191766978133
v -0.9397471588263656 -0.3333191157874836 -0.07598450189626697
v -0.9472317983520534 -0.3104435500224959 -0.07985438272358622
v -0.9953358259291677 -0.06177233215179843 -0.07409974765428884
v -0.7510868920705396 0.6320162606097235 -0.1908505354582997
v 0.827985158990429 0.44809188022360985 -0.33712645011814807
v 0.3202637215446565 -0.7236305995344692 -0.6113835981442025
v 0.34653543703162204 0.6562351473853036 -0.6702750347562495
v -0.024847004913813243 -0.44977493239913796 -0.892796245809851
v -0.47255425140604534 0.6581838891802403 -0.58607716855517
v 0.0639516065429946 0.5766940445792442 -0.8144532957557497
v -0.005182456920788951 0.6252856484644513 -0.7803787541730328
v 0.18942845736206734 0.4562231925588758 -0.8694695268454291
v -0.7844725912942327 0.583930207305986 -0.20887380521190288
v -0.963226962683172 -0.210491732779407 -0.16699415795671996
v -0.808293530904804 0.580108754146557 -0.10067472999702554
v 0.1398976064015455 -0.6007830593469526 -0.787075838356657
v 0.40069232341461797 -0.7141139957979882 -0.5740094624324814
v -0.22449862764609538 -0.7245667907790989 -0.6516159389434065
v -0.38063363991575816 0.7884878570083824 -0.48311999701400243
v -0.15501347837087837 0.447800291830505 -0.880593958734601
v -0.22632378490233748 0.7076329716307704 -0.6693527633830205
v -0.021726830696943013 0.9991940069295777 -0.033753241975867834
v 0.28719671642107164 0.8706860559087569 -0.39927914811946713
v -0.7301976874341729 0.5664252596438935 -0.3820651286143948
v -0.46524186255138306 0.766133621324431 -0.44338390093240126
v 0.16399304402686143 0.4390464090886985 -0.8833711180342739
v -0.4168279794864978 0.9089761717167636 0.004093258889990386
v -0.7303170906589564 0.6725879001341075 -0.11942555708318683
v 0.5116812456950817 0.7135078716595973 -0.47863223865899523
v 0.5566495713688933 0.8159598897706902 -0.15604714986256676
v 0.1421879021165116 0.927604941978585 -0.3454441664127666
v -0.6554964457466684 0.6366556043713119 -0.4061945974974121
v 0.41062797933045064 0.7719527395105121 0.48525625246173426
v 0.46197366281150704 0.8849007695723838 -0.059421905714333055
v 0.4853104371078198 0.7723515030186138 -0.40981329336553396
v 0.3777329015336501 0.8189254666223048 0.4320635777480094
v 0.6853933423349592 0.28185624302421924 0.6714112186664636
v 0.29886261946240644 -0.9536545837274328 0.03498670638579149
v 0.4310498808452445 -0.8821619210450184 0.18970067285453426
v 0.3696770438803685 -0.9059816871897994 0.20624273491349066
v 0.4434272483330075 -0.8736190854931702 0.20040451316747945
v -0.30016834695480854 -0.8676665582300647 -0.39630002172042783
v -0.22377559071255712 -0.5818381099571744 -0.7819136133887867
v 0.1088417474373431 0.5744080722857168 -0.8113007090517008
v 0.29185258402335745 -0.9007787985208702 0.3215892183114768
v -0.39165223965210705 -0.8319139449617953 0.3931001289157655
v -0.10305046767678797 0.9944166921883886 -0.02271658884381713
v -0.44986442990846004 0.864557455344252 0.22396964328186958
v -0.987272617254111 -0.12617101398879352 0.09681763501169309
v 0.06452974086122336 0.9979037041667276 0.0049101685009436385
v -0.14169882288720922 0.9797775500029593 -0.14127064841140155
v 0.0020011733269143226 0.32099236096502665 -0.9470796690392069
v 0.7420066104621447 -0.5609091557899976 0.36716087615843734
v 0.4335037433793863 -0.5517551002595535 0.7124891675061659
v 0.4475194842648266 0.452619958365306 0.7712726395333445
v 0.2889834602670941 0.9166339182736379 0.2761717211489516
v -0.032583610826861405 0.9595774443886391 -0.2795522071564661
v 0.11354632012122236 0.9712799641055563 -0.20909917387220373
v -0.028865921231765478 0.9444692252957155 -0.3273295603222424
v 0.42531792885793784 0.8625676745913329 -0.27401033948027326
v 0.38971341104420887 0.8313807679913928 -0.3961432516985862
v -0.3159372268960579 0.8436877985790515 -0.43402139024483877
v -0.5213768551967792 0.6312047214968597 -0.5742358177832416
v -0.668453826604097 0.5669766258406715 -0.48135951995225673
v -0.648214044676376 0.5913332320697465 -0.4797328016033931
v 0.5343348766904478 -0.8116126757696993 -0.23615906521273528
v 0.4806195843231442 -0.8514863595695862 -0.20970406441454942
v 0.5657325619948641 -0.7867029824637699 -0.2470730371394996
v 0.4927131242321109 -0.8088574394872607 -0.32091029867479265
v 0.35719946262956964 -0.9293906998559532 0.09295951225349648
v 0.3359570479983855 -0.9265551670270634 0.1691992445481398
v 0.34766873462838965 -0.8888415195316011 0.29847479645465674
v 0.34106253848450857 -0.9039156680287078 0.2580945755623658
v 0.34689239967487756 -0.9019211240146947 0.2573012808049638
v 0.3384618423846978 -0.9002496328084071 0.27385065250585805
v 0.3564210109175806 -0.8973798489449747 0.2601412494857063
v 0.27131021131703137 -0.8255699936348859 0.4947978929268011
v 0.3036196965106346 -0.8670207869400786 0.3950823140873269
v 0.2828427165212424 -0.836563106210254 0.46921441478148895
v 0.4961049607298654 -0.45182204916914454 -0.7414423132137886
v 0.4867158590772608 -0.7646239097734887 -0.4224428353344248
v 0.4118929885190549 -0.749108619354528 -0.5188260232655978
v 0.10777894630363702 -0.7319375191751831 -0.6727935543369571
v 0.5064647004233298 -0.8383430118421317 -0.20167920497802985
v 0.3728410443014452 -0.9266335842100042 0.04837102746819591
v 0.3299591622735579 -0.9221197788740155 0.20204470951021852
v 0.14492144569115292 -0.9456283520624885 0.29117828619999886
v 0.3319522582001306 -0.5630280015345328 -0.7568402524733102
v 0.40348699239574454 -0.5403657461277368 -0.738378701872725
v 0.16392580712356924 -0.8513287927228897 0.49836494302857376
v 0.12380206894712666 -0.6240173024218424 -0.771540960677123
v 0.4627262488439585 -0.23527239247834855 -0.8547112494686805
v -0.01884167602036392 -0.18104190360813252 -0.9832948796687021
v 0.34223772559449556 -0.8716271470702448 0.3509123190628861
v 0.2954652474270805 -0.8084276208682576 0.5090629326322462
v 0.20630077278317915 -0.7046016649969652 0.6789524908508454
v 0.31655595069221243 -0.9385636364322394 0.13744318989473767
v 0.2965007446466189 -0.9366675482890129 0.18638994717057625
v 0.3043268079456894 -0.9256569282791499 0.22482091783105135
v 0.24757706965251064 -0.642731631297091 0.724983892726215
v 0.26197713520902133 -0.6762162780013248 0.6885488551974429
v 0.2904657910603934 -0.7546253672222099 0.5883622858141103
v 0.2821587862226798 -0.6941010785900428 0.6622764619533773
v 0.24296764816293714 -0.960483384052707 -0.13578803667787304
v -0.28294425879589885 -0.7025447507787146 -0.6529727556090784
v 0.2539750662201776 -0.8521070119129439 0.457613708259762
v 0.27677618345155813 -0.7945525475279286 0.540445365870472
v 0.02600067186931687 -0.9995496530400938 0.014981861358732675
v 0.3217766273433125 -0.5366289411769821 0.7800571655890574
v 0.3089772622479185 -0.8185489120243632 0.4842630793664868
v 0.2635285870215701 -0.9162085580201245 0.3018518875758427
v 0.2684820213515533 -0.9463993633591252 0.1795707360469036
v 0.30301188093483034 -0.7275413186556231 0.6155220789388253
v 0.2377810282975923 -0.07211420773988099 0.9686380766952065
v 0.30815445582800577 -0.3214906581394188 0.8953684091380648
v 0.33408882998746947 -0.36327493173771813 0.8697217817489453
v -0.15491992281113964 0.26806886257924534 -0.9508621889799068
v 0.007439966997519636 -0.7404042833246991 -0.6721206321230695
v -0.259961128391227 -0.6369698261451802 -0.7257338715439282
v 0.07397308113178788 -0.9264474750072162 0.36908408164078726
v -0.922595441551268 0.3064683678112888 0.2342963737660178
v -0.7785577477419503 0.606263292859883 -0.1621500945472234
v 0.10696498374635582 -0.7320099592271005 0.6728446416851963
v 0.08794932713786636 -0.6710136633190397 0.7362102821172488
v 0.3458035184022174 -0.8718438691126175 0.3468547167783482
v 0.23178786040681784 -0.7542913419936534 0.6142629397590602
v 0.1626553418867276 -0.5310059675881394 0.831610426907633
v 0.1578097688263385 -0.42989593808811705 0.8889800668621964
v -0.62188105793876 0.7197040778180009 0.30869076783912647
v -0.21381132994715077 -0.7665274370115115 0.6055744409193586
v -0.13905038412111662 -0.28637875064320656 0.947972679910031
v -0.41657760974390856 0.02755330083855063 0.9086825136828331
v -0.20801625499634377 -0.3910478512101038 0.8965549708307107
v 0.11434993211774065 -0.1010024950722232 0.9882927648292553
v -0.12640450186139265 0.7880547443587123 0.6024878602950418
v -0.33767755618811907 0.6216608249505611 0.706761407243355
v -0.03530681603331346 0.2546485430149686 0.9663889218539001
v 0.19014390881650622 0.1777818939093286 0.9655251897998272
v 0.08830231085820346 0.3874544920356613 0.9176501067937
v 0.22664246827416293 0.1616889840323923 0.9604633590185354
v 0.2593182711327014 0.0030670312927172224 0.9657870508428844
v 0.31411404259750775 0.40558711129198005 -0.8583888765570521
v 0.04334985599626449 0.5409353661881026 -0.8399462599428885
v -0.08690646504880575 0.5248738387237071 -0.8467317873778926
v -0.16610554430262237 0.8630529274319468 -0.47702053687768653
v -0.300633683247882 0.7705211098555242 -0.5620645939425676
v -0.11469702837192627 0.9452970964554507 -0.3053817137870965
v -0.12002313120330954 0.9124652028849839 -0.39115431929127203
v 0.045263321489262244 0.6675025679600459 0.7432304847720551
v 0.2845141542130009 0.4020759430460799 0.8702796286688929
v 0.27204623951702106 0.6572992317172969 0.7028147434057561
v -0.019874086969444794 0.9897472582422038 -0.14144039546456103
v 0.4726985375800107 0.80862678081184 0.3502553667306178
v 0.10981160690184194 0.9873969900159085 0.11396751772833899
v 0.07853594509281954 0.9881088465639796 -0.13218552367933273
v 0.06837955622271964 0.9369296171009298 -0.34276395506221025
v 0.5591927212513695 -0.8076332743881455 -0.18716835897279882
v 0.5934639920787809 -0.76894409344233 -0.23775085965369339
v 0.7050898431330989 -0.7041745339095882 -0.08358551850503838
v 0.6714329256907241 -0.008088952815902134 -0.7410211840026819
v 0.6805873636916064 0.18919898843608143 -0.7078167723062747
v 0.5449735372396848 0.04527574900841272 -0.8372299267585895
v 0.36205064207461674 0.39725691761100607 -0.8432711746428666
v 0.5855633034008264 0.43920595741803936 -0.6813323305691689
v 0.5792831076220762 0.4111171443172125 -0.7038563595451635
v 0.5138661878972733 0.5156550027860993 -0.685595696484154
v 0.5384343199512357 0.494754163715455 -0.6821340048589214
v 0.8347275425498184 -0.0792639794309436 -0.5449285744696382
v 0.816641506544821 -0.32257910223895425 -0.4785805810800468
v 0.7346639664610161 -0.4925058001964706 -0.46659071267718266
v 0.8249191466691663 -0.012927443516029825 -0.5651028956418063
v 0.7634896202653387 -0.013900710916068884 -0.6456704809599993
v 0.895909191180929 -0.36570255639745325 -0.2522069812711396
v 0.5587804136300057 0.7690159212503621 -0.31044961299208695
v 0.8135136370492583 0.38715412652828546 -0.4339438266031769
v 0.6961285638690337 0.6902589160352843 0.19735159335417352
v 0.7312118130669354 0.5787218789426168 0.3611236232434709
v 0.4543639743622092 0.7620278348922668 -0.4613750726374171
v 0.40361532188099997 0.8241885729838142 -0.39725038465154544
v 0.6281223836673422 0.6632734773633875 0.4068544768861912
v 0.4030913784268771 0.8913959044766827 -0.2071972058694734
v 0.5660160268609269 0.8035211950831779 0.18433541816121982
v -0.385029486484345 0.5453834959273439 0.7445193999538698
v -0.6238921753124511 0.39200005320629894 0.6760876510262236
v 0.015776241494001354 0.8322276627480673 -0.5542095520299269
v -0.09152634713420066 0.9084084153706905 -0.4079424943101427
v -0.007932682934618152 0.9199478486539322 -0.39196049328785754
v -0.03959808393444043 0.9378936472166326 -0.3446556227009849
v -0.05943779660597341 0.9311986594695556 -0.3596334313390921
v -0.06656871415935756 0.9436733817740629 -0.32411287358923835
v -0.0668455162044087 0.9409462341288662 -0.3318913398117991
v -0.0005760264568836573 0.8876737406189604 -0.4604725816040121
v -0.0673879955204443 0.93924663519629 -0.3365629455721231
v -0.01890549947020014 0.8661081948090491 -0.499498925899138
v -0.06754507705507772 0.9371329140542352 -0.342373427651506
v -0.07218750057130964 0.903544184505658 -0.4223705380436383
v -0.10347682069279539 0.8618623480716219 -0.49647340367413595
v -0.05823806439836214 0.8191540465907706 -0.5706093022455012
v -0.1139785677808907 0.6525395758908971 -0.7491334914304293
v -0.08367221913505937 0.757392313835105 -0.6475769009843699
v -0.062297646261682306 0.807744071408417 -0.5862324780961975
v -0.21335180120090194 0.2662099093839454 -0.9400070707553865
v -0.08380518852593838 0.5756970429435764 -0.813356997340131
v -0.1497633942499245 0.1629897263313942 -0.9751949932465603
v -0.11682531668284286 0.24468096266087483 -0.9625399066497456
v -0.12832560537128457 0.13758631232584603 -0.9821418154557254
v -0.6637974835691934 0.5104142367906939 0.5466719379011329
v -0.4852861045166156 0.8706525910275055 -0.08038322275313237
v -0.8908045985583395 0.4484204708078036 0.07339106585834214
v -0.24590698025583899 0.9519308792602801 -0.1826399687149683
v -0.7846362988435479 0.6175140466265906 -0.05497527404162232
v -0.8727720575830361 0.30385131839736557 -0.3820252764025652
v -0.6305739180192834 0.7275355394977222 -0.2703119913758327
v -0.6875058407358527 0.587239112613292 -0.4271837351436051
v -0.8489015372404347 0.41170643830345616 -0.3314573709096081
v -0.8419702900267697 0.21797364724569254 -0.4935316806636103
v 0.37804407321124994 0.634036155437659 -0.67459679239356
v 0.20801509634606977 0.8869927790974005 -0.4122784611415025
v 0.2749862055526687 0.6861833836874293 -0.6734500357910863
v -0.043118870856909026 0.9392575546072639 -0.3404937724675855
v 0.20904914622400073 0.8585754524392242 -0.46813101470827345
v 0.17131141975838882 0.8383798264847565 -0.5174665824995412
v -0.09434597641556074 0.9395074749363745 -0.3292788199579076
v -0.11862038488270983 0.9368372415460055 -0.32903675652235204
v -0.15160176019435737 0.9267961544727056 -0.3436070347949493
v -0.5283998036536715 0.321120600699089 -0.7859231561071462
v -0.5324039178706421 0.48394648214103814 -0.6945083661550121
v -0.5112414134100676 0.8184017751425758 -0.2623942675783086
v -0.48467737896085755 0.44222076903047114 -0.7546712063950314
v -0.4015039143725095 0.7059082750440002 -0.5835135936445325
v -0.42272532962376863 0.5903979052844479 -0.6875562588837455
v -0.27674431762666124 0.9289102118136768 -0.2460455263759606
v -0.16620732035663136 0.9381727771557699 -0.30365600086890815
v -0.29364745385844937 0.7789370537666163 -0.5541012895778475
v -0.22445229093977387 0.9063510271578618 -0.357979028242963
v -0.22172514607030736 0.8702408791867381 -0.4399076855345833
v -0.21702495542821412 0.8594761542940803 -0.4628184405587571
v -0.2017745486359699 0.8658831054395911 -0.4577482705997266
v -0.5583948424334129 0.120462103163104 -0.8207826031570636
v -0.382269854338664 0.5602079802742158 -0.7348719461926551
v -0.42855713936634543 0.26757684360159467 -0.8629840155335107
v -0.12733372090582493 0.9273993530997005 -0.35173365404881946
v -0.14291954732654588 0.8889420242048115 -0.4351506412664785
v -0.1834260057549334 0.8271375616447882 -0.5312234506581062
v -0.3819841179879709 0.5266552774900085 -0.759422380692638
v -0.281401948698026 0.49084233108563996 -0.824552453930839
v -0.2511942258194171 0.21635758333373495 -0.9434462661163961
v -0.6095698207676591 0.3543522378575363 0.7091256060350947
v -0.6047034238626487 0.4193151237975245 0.6771326281633877
v -0.8487102183375796 0.4265739059244435 0.31261104918691196
v -0.9191784570344882 0.25938404678070137 -0.29636275136960877
v -0.9087243459263533 0.11055743898399152 -0.40248865301524006
v -0.9921836109323596 0.12476699793403012 -0.0022087154080291478
v -0.9857880896764157 -0.16547893100481714 -0.028957997956105985
v -0.9156015965523088 0.12833582208321653 0.38105594492290523
v -0.9647991724968812 -0.08393512392358136 0.24923372910034913
v -0.9627787318325862 -0.2543564711107335 0.09143248402472587
v -0.6562453732623235 -0.18846096264796944 -0.7306329281038423
v -0.3542176618631336 -0.8735095453603394 -0.33393251142796476
v -0.9421847131017684 -0.24130336562716823 -0.23250946676283854
v -0.8712810546286498 -0.10868062923214232 -0.47859987951826033
v -0.8997290396026123 -0.06762370668183994 -0.4311782573256328
v -0.7444717981497868 -0.3682785952461378 -0.5568955180670379
v -0.7259778455995507 -0.6506013394925098 -0.22287679275596844
v -0.5372541863074205 -0.8169644012451245 0.20958794429390928
v -0.7943417314603477 -0.573627273897645 0.19993239932870513
v -0.18506695380694543 -0.8991518996698473 0.39658048858803285
v -0.24854718999111225 -0.9494064670974883 0.19196784777922538
v -0.6169103976817019 -0.4583000187309785 0.6398301759556119
v -0.24432712656920083 -0.6451014476928755 0.7239809233722903
v -0.0775034796774794 -0.7557163275064425 0.6502968883349034
v -0.23561882576741883 -0.34831607139083914 0.9072814796714604
v -0.26724881068898937 -0.08867444705186434 0.959538907822589
v 0.668321405766076 -0.7433146965957619 0.028805562303252322
v 0.48914220273913644 -0.8588782945644129 -0.15188146900010935
v 0.3104939983660972 -0.9389302224546128 -0.14833581610644603
v 0.9482194757703405 -0.052634957868471104 0.3132241800691722
v 0.9501920063354891 -0.2227129310318268 0.2180231672262161
v 0.5982340279376382 0.1476338761788792 0.7876041432229192
v -0.47293944196927973 0.4270184766230461 0.7707032534330703
v 0.11468613208986254 0.506243432381465 0.8547307636191057
v 0.2464164361330239 0.4183238707271338 0.8742334237395455
v 0.5695881463466069 0.04681279908084485 0.8205960671266056
v 0.7944744781880919 -0.43500888972364354 0.42376593700905457
v 0.7801578446258468 -0.0311518435891288 0.6248066101680995
v 0.7703851708369046 -0.13260448068120806 0.623636705348443
v 0.6521237146896204 -0.055598147682376864 0.7560710989805781
v 0.7512222086228604 -0.561303311408392 0.34728055786894485
v 0.752306384274114 -0.5214842485952574 0.40260313293297745
v 0.6938786288092904 -0.20156796479474323 0.6913051453954644
v 0.6832130493079541 -0.7265486637859636 0.07312296770617159
v 0.2719668070782526 -0.947508669605428 -0.1681112038806824
v -0.05082301514226356 -0.966208882009475 -0.2527002521919
v 0.041135044196449914 -0.9630508156872694 -0.26615979137172713
v -0.05002895688042023 -0.9615429989296992 -0.2700595576585608
v 0.5711336441508177 -0.8206002123668338 0.020534166223985535
v 0.7622288374711891 -0.5862695904980784 0.2743996475663465
v 0.26516668316432634 -0.9476651666134603 -0.1778127164381456
v 0.06423882907632099 -0.9596032262767582 -0.27392521051947755
v 0.06369696968081688 -0.9509835927848548 -0.30261014904905403
v -0.02176835126031821 -0.9353010822307937 -0.35318270691147025
v -0.21982204483952927 -0.9238886933651795 -0.31322188760453695
v -0.11469546906815811 -0.9223277296615248 -0.36899391386939207
v -0.8280069084962969 0.2022263877459963 0.5229809246823549
v -0.9158961152064268 0.05675391939489991 0.397383063029985
v -0.7642359870770195 0.2720449080892395 0.584752019268964
v -0.741200587192751 0.3081807266224557 0.5963609052273433
v -0.6828478628303598 0.44548002373836504 0.5790218861822718
v -0.6523510258869049 0.4549174621412791 0.6062080844588273
v -0.5897520937576016 0.4742345688788962 0.6536773222231076
v -0.4947169262639572 0.6265065501952314 0.6022829114547518
v -0.6666786689702364 0.5290772561066819 0.5249921993808084
v -0.451770298300025 0.8557380289699322 0.25222217061265995
v -0.3184239307802341 0.9412695485728801 0.11232914686701331
v -0.6322669312113267 0.35166813568008654 0.6903390833814232
v -0.24213490554215647 -0.02044004645351357 0.9700272635442105
v -0.448788928487432 0.29492418740972337 0.8435687413292511
v -0.3124669715051155 0.21897939939804675 0.9243443159113881
v -0.5451854981255668 0.7855141239222478 0.29281450399910364
v -0.42096642596618233 0.90512980974566 0.05939104073043241
v 0.21553575179311696 0.9744724346331946 0.0628316308799166
v -0.5817564739165783 0.6836301450346651 0.44069176286383255
v -0.5501012965170795 0.5403033934505678 0.6367580439978981
v -0.3788720057890316 0.8268066622379167 0.4157484173251795
v -0.512767570550304 0.7685465949143443 0.382629781953138
v -0.4651204341192911 0.7377008848100665 0.48934689772709034
v 0.21835024283236112 0.9494453486683126 0.22555864281192003
v 0.15204018406888883 0.8615698051062081 0.48433588898361546
v -0.06939809094708822 0.9961901883916557 -0.05281111175782145
v -0.07450979995268026 0.9770104914548613 -0.1997468129861949
v -0.01929031658662405 0.983831848643723 -0.1780527373568357
v 0.1569923783539331 0.9757552879104413 -0.15249593848226706
v 0.40651856610085174 0.7711931208256572 -0.48990185323847346
v 0.35077201125647545 0.9333957126471393 -0.07570627273235622
v 0.4745530718101641 0.6965323734442975 -0.5381840157228667
v 0.45241828914147053 0.6479488933602628 -0.6127641660896265
v 0.469682820463281 0.6757742081764687 -0.5680908974144225
v 0.05488502269030619 -0.8864025322085953 -0.4596500681806484
v 0.40528076465801677 -0.71001535408087 -0.5758695154005203
v 0.3991018775185965 -0.7219853333835532 -0.5652033879411644
v 0.3975884700014482 -0.8828957349570732 -0.24983700629914138
v 0.7605626496537267 -0.6464069089075282 0.06084869816452478
v 0.78768272826687 -0.611694695205937 0.07338609845860454
v 0.629318876722987 -0.7402723580528352 -0.23654722002808
v 0.4229886249835063 -0.8798928351206773 -0.2164930064409913
v 0.4197410046981609 -0.7377722930490495 -0.5286866109370711
v 0.6071467567424532 -0.5759065709247271 -0.5474526804600033
v 0.3663502268576405 -0.8436496180663065 -0.39248290818573334
v 0.5870524666550633 -0.6972229603929273 -0.4113994954969299
v 0.6897450767956691 -0.5645102772994416 -0.45340917046244666
v 0.865699177307745 -0.32520084925594905 -0.3805382267945006
v 0.5590738350060694 -0.6127085590210998 -0.5585916833554665
v 0.8500393769143112 -0.25158358903008304 -0.4627512889510648
v 0.7055656335988311 -0.19405170764614682 -0.6815578269258554
v 0.7614260157123043 -0.37395685981225396 0.5295155234701283
v 0.6483877043844414 -0.0957144816088805 0.7552695696328677
v 0.8653773742608908 -0.3378547376208009 0.3701029267440423
v 0.1585042955754601 0.22021446194737918 0.9624873916230557
v 0.5083407815713296 -0.012695292015507176 0.8610624131571942
v 0.2192979961997862 0.13620444093666584 0.9661038966549554
v -0.46802365159291076 0.29558042843314347 0.8328181505448335
v 0.4298433222630447 0.002700721501810888 0.902899454208074
v 0.2379576924621158 0.14808504021818028 0.959920287035171
v -0.16788735897143242 0.3558217715789057 0.9193501517746362
v -0.099789514647848 0.5575152133057245 0.8241473410131344
v 0.04950906313590017 0.8510648149069743 0.5227212770633725
v 0.893229605677533 0.04908575545523498 -0.4469132579735666
v 0.836761291627352 0.40007176242589887 -0.3738624422746428
v 0.6925261251681633 0.3984652297323041 -0.6013593157621754
v 0.7650164588099628 -0.5940143520531871 0.2487906093579432
v 0.9512505028922824 -0.24689522481338438 0.1848383853844443
v 0.9109817633436953 0.32454631613927143 -0.2545229175057519
v 0.9241484190779197 0.34847678004067356 -0.15656830231009614
v 0.8780893349723783 0.4630382054621916 0.12064302752384737
v 0.7626030705929636 0.3864000600128293 0.5187789031410831
v 0.5466514599187491 0.6978425948868341 -0.46280437998176965
v 0.68621052173987 0.7215770134353764 -0.09187890691109785
v 0.6223029064255735 0.6821632054462947 0.3839172486220439
v -0.050884969938171376 0.9982737818783404 -0.029328761458798855
v -0.40467750334965824 0.9140088749173607 0.028703568680352592
v 0.68815427970835 0.1373662588212723 -0.7124424175023054
v 0.5763356693858976 0.4229517127452378 -0.6992489148217387
v 0.6269434495016336 -0.00575324907926598 -0.7790435233361641
v 0.4913251872727056 0.7517378066819363 -0.4398747894077045
v 0.3831063233737592 0.7451005738480109 -0.5459438431216213
v 0.5546051752934188 0.562297911178521 -0.6133792942560324
v 0.5339498814049884 0.44767457748899336 -0.7172760952503925
v 0.506101066614598 0.5414769093050367 -0.6713154750644672
v 0.5220107327599924 0.4423317425813165 -0.7292787014498309
v 0.3671684336172588 -0.7549942011455582 -0.5432965098283157
v -0.012128850404545161 -0.8985898010766052 -0.4386220017155673
v 0.2444784183677613 -0.8227593166213897 -0.513125140550628
v 0.25025279149087204 -0.824200387771813 -0.50800320978102
v -0.05518298776365618 -0.8946270089350951 -0.4433930003341522
v -0.278431540165051 -0.8739760523418358 -0.3982985530657851
v -0.37379325684792675 -0.8406944370214635 -0.3918053913567097
v 0.391685147216327 -0.7314832155805766 -0.5581353337444459
v 0.4130278952270299 -0.7348213085625306 -0.5380014890748722
v 0.3522981067942197 -0.7463714238332523 -0.56463770830005
v 0.14735282983951403 -0.8585487554284034 -0.4911020037534229
v 0.059952279366466646 -0.7851912400166818 -0.6163444173510706
v 0.12544422071133648 -0.7104948695184964 -0.6924310708496697
v -0.5550333378788576 -0.6484330171452205 -0.5210303408814119
v -0.13688038491431465 -0.7483530930506261 -0.6490234266552094
v -0.5900416021984445 -0.33881395492562716 -0.7328410548152633
v 0.6237114623015313 -0.07051278821732214 -0.7784676990675364
v 0.6314587536983198 -0.019199337414800597 -0.7751717408552748
v 0.6254214006725137 -0.10626477086209404 -0.7730173801761884
v 0.5290005321275284 0.30304810380518654 -0.79266656532799
v 0.5171503827519753 0.3808095798088676 -0.7665112820730555
v 0.4724472869275337 0.6844342307012896 -0.555286723161239
v 0.46867398921415554 0.5398125265379418 -0.6992475441693117
v 0.4476337625120647 0.37376988506315506 -0.8123546563411624
v 0.5839798918363952 -0.04638529134468599 -0.8104417873466427
v 0.535163811714934 0.2019070624095676 -0.8202641237917708
v 0.489636930898509 -0.16547969456219883 -0.8560795211824016
v 0.4084252177762395 0.12297557140452423 -0.9044699278152714
v -0.7649981481038934 0.024841044274790378 -0.6435532269493732
v -0.6514775486414605 -0.12477113194351047 -0.748337603124184
v -0.5507671623189129 0.1091074503748903 -0.8274968865100721
v 0.5631732309774529 -0.16887457491348568 -0.8088988131145984
v -0.37633226902448885 0.28936074966191283 -0.8801388412324361
v 0.3039423526548907 -0.9521387336279626 -0.03241725139412252
v 0.2487933078466632 -0.9645123938251499 -0.08841794008228532
v -0.12176664735708016 -0.951279036774019 -0.28326856123776073
v -0.29518706724567473 -0.9071137860797444 -0.3000152903352917
v -0.32971841833483206 -0.8919844283574804 -0.30927260495969533
v -0.30695865995876426 -0.9040428256200091 -0.2974608386347848
v -0.3162891627971404 -0.8997598237284004 -0.3006549934747835
v 0.3020639299757245 -0.9532620655592385 0.006986885812322376
v 0.20870266126962336 -0.9696683916518246 -0.12722582053317874
v 0.10403789597162849 -0.9253211615702369 -0.3646325056164142
v 0.16981090661736026 -0.9335818866042287 -0.3155774342348949
v 0.23750679298017177 -0.936797324279522 -0.256907174892026
v 0.2621437064573921 -0.9514807144861129 -0.16113698248936179
v 0.34753253478341006 -0.9376615959205806 -0.0034451128700889993
v 0.36279003525197984 -0.9317242592983284 0.016531635032520937
v 0.36887785742098594 -0.9087679450935665 0.19511521794806086
v -0.277132875321654 -0.8812274493948294 -0.3829302179889124
v -0.681564981624216 -0.5876240939073629 -0.4360815291698706
v -0.4826580333297388 -0.7666585090052418 -0.42340991182555965
v -0.6047146315723944 -0.6137933245233204 -0.5075213977093707
v -0.7641014432689615 0.4762087486058367 -0.4351714744161814
v -0.7890758929904371 0.3990918560169944 -0.46699563762657886
v -0.8121810877415417 0.033682019825348374 -0.5824323156002342
v -0.7385204946785209 -0.45307810408577753 -0.49930723060840015
v -0.8558792680942887 0.007324530898700623 -0.517123804995959
v -0.8577846784238764 0.22103730859348858 -0.46405598118222086
v -0.5731968259009603 -0.42647067722337806 -0.6996914750414623
v -0.2708842450259205 0.09448880828993142 -0.9579632513331007
v -0.15973001984917426 0.16445835541544013 -0.9733651781798193
v 0.35978934653039574 -0.9315538065400562 -0.05252743705876465
v 0.3617375515201166 -0.9238627604145735 -0.12499417482185057
v 0.10057625294769391 -0.7367503312437086 -0.6686429291896291
v 0.12113388330317792 -0.6652865250909167 -0.7366956100373785
v 0.3526644514390605 -0.9284539171873217 -0.11662378981453385
v 0.15960122459224726 -0.6230126264222001 -0.7657563035503966
v 0.2655755573749139 -0.5758161554399963 -0.7732434147532755
v 0.181942501259279 -0.551855417518469 -0.8138504312163468
v -0.3276141494301012 -0.8798149767195164 -0.34437563188069525
v -0.3305124440727318 -0.8573416048189186 -0.39462247396668954
v -0.35185474982179754 -0.8671020825423751 -0.3526077331518927
v -0.04805893635540079 -0.8503300110083489 -0.5240507714095352
v -0.15989551239121513 -0.8290715366217248 -0.5357926952477446
v -0.022744439856246128 -0.9165167340962255 -0.39934917876116194
v -0.29341173277573585 -0.8292836279592503 -0.47560300615984735
v -0.4073853379423914 -0.568322638448725 -0.7148752094290607
v -0.4607503247546137 -0.40013240791652593 -0.7922141089209666
v -0.5013329637116383 -0.5672363766739769 -0.6533820876591914
v 0.11872810341273794 -0.48696213823347745 -0.8653158460279656
v -0.17804920082877007 -0.45168769087427935 -0.8742292102171477
v -0.043676756507805704 -0.35054867752193475 -0.9355255023934839
v 0.061313621907321654 -0.7048912748487839 -0.7066604067093771
v 0.08664767486293627 -0.6693822993113374 -0.7378478961205446
v 0.06406988205082287 -0.6569562331652905 -0.7512014096893497
v -0.25304968096501446 -0.2643071943037595 -0.9306490025798014
v 0.1972855071636519 -0.44258705452522246 -0.8747543242704596
v -0.1860846023028588 0.0007959192498908256 -0.9825334026374548
v 0.15748982924293567 -0.04443343256683264 -0.9865204629177033
v 0.17623406141722547 0.09636331952755119 -0.9796201642708364
v -0.1658362831270825 -0.17576493855050657 -0.970363341009403
v -0.08526483035456184 -0.040963930798678355 -0.9955158788679007
v -0.21120609578419033 0.06827662304905696 -0.9750539922735644
v -0.045039046110344365 -0.09754160239744158 -0.9942118084830865
v -0.0036187595889975834 -0.19162716240038927 -0.9814611226174025
v -0.10184096897132149 0.0873299559779658 -0.9909600879086246
v 0.13127227970159078 0.20636537174025502 -0.9696292703546308
v -0.07306964557335607 0.6576301408746643 -0.7497889201028203
v -0.028517516377044493 0.7069658326002565 -0.7066725286832021
v 0.3845817732754348 -0.922853575739653 0.020931732103643175
v 0.3821636628103728 -0.5377677267573095 -0.7515030318539211
v 0.3992467967356435 -0.687245881503117 -0.6068732105253382
v 0.32068163123516635 -0.9471160258846087 -0.01159848700898824
v 0.36553274688961856 -0.916594468195873 -0.16198886327169174
v 0.3398255911662409 -0.3837493005124144 -0.8586355699275144
v 0.2994447645925821 -0.1561746554631567 -0.941245084953466
v 0.2835617250013701 -0.040976227065345976 -0.9580781267358819
v -0.0067607706327726625 0.5603640101837123 -0.8282188527625289
v -0.014086437960848058 0.8419611488714076 -0.5393542398616279
v -0.03872674146150436 0.12499458858148585 -0.991401327576839
v 0.23085871672615324 -0.5139958492296136 -0.8261431594380492
v 0.3313849414104698 -0.6238481765259742 -0.7078117498682798
v 0.25639720151743084 -0.3202428075641802 -0.9119786287284596
v 0.35437359694091386 -0.435906150648725 -0.8272878468935524
v 0.32549378561983366 -0.3166863214902676 -0.8909340993046752
v 0.17473983760525638 -0.018745332606742864 -0.9844361846555374
v 0.32274492463202353 -0.6154788796070064 -0.7190420449333776
v 0.1171669023977377 -0.058301543896050516 -0.9913994386531878
v 0.16679211240912784 0.07824760381082409 -0.9828823448083526
v 0.27046620548378514 -0.8841031015621086 -0.3810639546053431
v -0.006415379726231076 -0.5432555958968457 -0.8395428520508833
v -0.0693096340220593 -0.18161607191115584 -0.980923940504711
v -0.2524180105959991 -0.4644081562799034 -0.8488876323209443
v -0.3025577030047925 -0.27839434774905464 -0.9115675638666847
v -0.2553874751527832 -0.5439320661627892 -0.7993216780089013
v 0.7918457391136524 -0.606810498236568 0.06900249761741614
v 0.9965961669831168 -0.054327245080001536 -0.062005083634948714
v 0.8995600064271443 -0.43500749611361017 0.039500293185789764
v 0.9151583244381744 -0.4030407373037126 -0.0065882687553694115
v 0.6975959163204856 -0.7112733944597727 -0.08631393784699473
v 0.6466336030067831 -0.751990015069756 0.12796874891102933
v 0.43456953679741245 -0.8691084193283204 0.23621996770025727
v 0.480630547491066 -0.8416351296887353 0.24626121353608216
v 0.384121648451083 -0.9136229578071475 0.13320529328424485
v 0.4889869358653074 -0.8570621564414376 0.16228443101237566
v 0.7793754987198213 -0.6193735877693243 0.0946054478821633
v 0.7057716117272232 -0.6966635632260577 0.12863246772541687
v 0.7076996217192965 -0.6942867080094692 0.13087097653696414
v 0.3707513243225022 -0.9180904459043339 0.14019054409014936
v 0.4799934229450222 -0.8581383487419476 0.18222208523657224
v 0.35898482781265145 -0.9183615803699642 0.16655900186031075
v 0.3997697298106813 -0.9008730940229539 0.16915032247265996
v 0.34747011998306115 -0.9227652486477864 0.16663976598323063
v 0.29442655105584403 -0.9370382409661854 0.1878093208559083
v 0.33827849075657995 -0.9143573102606479 0.22252723847736858
v 0.3150372377904454 -0.9195029346208966 0.23508698821696927
v 0.08750787429096754 -0.996141771185448 -0.006628999667724507
v 0.04870928805760228 -0.9863004382152778 -0.15760346072746184
v 0.2276900497408913 -0.8235686657987539 0.5195112067736853
v 0.33423643738591696 -0.9353112883411339 0.11609822490123732
v 0.8714467861738646 -0.4426512327645183 -0.2112827134417175
v 0.664915422151766 -0.6970826882119445 0.26825958916681375
v 0.36799426387613265 -0.8728299529506927 0.3205434369728305
v 0.3849940085609802 -0.2736022116222678 0.8814314738920728
v 0.3722502474743262 0.9225367407811679 -0.10176303436986925
v 0.5439111423261506 0.838675704519449 0.027995212131145066
v 0.4060910774884789 0.06467816933840524 0.9115408774132288
v 0.558171432597508 -0.091295041280186 0.8246877392502538
v 0.7230075040269621 -0.4313023366547745 0.5396651216419621
v 0.9395441556140569 -0.30794300061378166 0.1497594338412424
v 0.8655689025808871 -0.37771052164098745 -0.328824020908771
v 0.9861789405295915 -0.005160278868417201 0.16560334772561952
v 0.8132910442807118 -0.0578807278479231 0.5789710689115511
v 0.21373825521972326 -0.13414930648310514 0.9676362549148985
v 0.29502479971041096 0.45224017019957774 0.8416883009842115
v 0.23358003756606588 -0.9506755409044427 0.20409895143454457
v 0.327575210261885 -0.9043629174206019 0.273536460488139
v 0.27864633007743167 -0.9398683997858638 0.19749332600961114
v 0.28837310923120674 -0.9376294171873469 0.19414434294421942
v 0.29770041843081974 -0.9312738327120772 0.2100083554810926
v 0.22377959734155103 -0.9179761260983217 0.3274790431877608
v 0.23892491699156507 -0.8386311975194752 0.4895023989600306
v 0.38388051632112996 -0.870150522411117 0.30898837767249887
v 0.15879970274896496 -0.9587603562603291 0.23571430518830894
v 0.28154810202195624 -0.8827578256886327 0.37612403198055755
v 0.26646125645720525 -0.895168076837659 0.3573129063132404
v 0.1472481477941316 -0.6523479724505786 0.7434783828806435
v 0.2764589977739578 -0.5531409653826226 0.7858788042474483
v 0.26096798667025806 -0.8865087818268076 0.3820967019973109
v 0.12446555898050501 -0.47042201251784505 0.8736197426605758
v 0.2932428294780828 -0.3158991297390812 0.9023393944574177
v 0.30051882824054454 -0.5925197943910603 0.7474013159793778
v 0.2079239302554278 0.03960994209045311 0.9773426685225234
v 0.3237968668031533 -0.17679941091463272 0.9294608960836922
v 0.16643467999668476 -0.9617647604429055 0.21750412148877019
v 0.15547880948756843 -0.9518572747489916 0.264185670140814
v 0.09242331347729633 -0.9659877247068839 0.24150703269572643
v -0.12983964935544956 -0.9561030599435206 0.26269488807719615
v -0.08939332493593538 -0.9747614440248947 0.20457018526510726
v 0.03335590452239299 -0.9761424851557284 0.21455356512416976
v -0.10963534269424217 -0.9866925406198015 0.12007465143633554
v -0.354667023329137 -0.8692577475527418 0.34438680416413064
v -0.05706686750861006 -0.9956156540520543 0.07411371019760614
v -0.6526107928156452 -0.7484253038891483 0.11814701688562129
v -0.39892388111707117 -0.9128382983449694 0.08709752091278605
v 0.18196200276210123 -0.9112244788262776 0.36953995553740016
v 0.30959467067113183 -0.6674158847483408 0.6772792457159919
v 0.17661930437120624 -0.9193631509776877 0.3515352300236895
v 0.31335987454673947 -0.663810092771664 0.6790889115267061
v -0.0669048838614224 -0.9969129587154154 0.04108879726599279
v -0.21107666292286914 -0.9774694660691831 0.00029201330747360293
v -0.36639462157460095 -0.5363684594284448 -0.7603051078426093
v 0.3854569856041374 -0.9222316321341825 -0.030194849562365476
v 0.09128040051169749 0.9790886861297655 -0.18180548169709712
v 0.9934677008143837 0.08714122798951467 -0.07367722730302564
v -0.2563681170435501 0.9440925804196095 -0.20727901041877805
v -0.6136759971139166 0.751021576135207 -0.2436562388809888
v -0.5596423202582094 0.7464203022218082 -0.3600794437441719
v 0.009505183643651716 0.9389859301596198 -0.3438241911881332
v -0.08279293719598989 0.9636621012917218 -0.2539698487704479
v 0.24296318394337682 0.8849209170960833 -0.397346022672838
v 0.3389331551489521 0.8528087374821746 -0.39729280589363275
v 0.87167201191826 0.43523004148815303 -0.22530582465749358
v 0.836936638761235 0.5285721625391716 -0.141945523662106
v 0.7912917660636839 0.5985413794846751 -0.12492220781109413
v 0.737670250819688 0.5507635414133678 -0.39051520137559814
v 0.3878618728563991 0.7369487538069729 -0.5535970572958965
v 0.7327591025398017 0.5217754511922831 -0.436823163509164
v 0.6714914237560957 0.43326643287197164 -0.6011484558479784
v 0.9894909554425528 -0.0987840133102275 -0.10559056686896189
v 0.6944053315597178 0.10564448880384535 -0.7117868202536575
v -0.6434452472759122 0.6622369229629217 -0.38395373630509383
v -0.6941875007991453 0.5352544229727466 -0.4812550430097837
v -0.6253021630332831 0.016022856127967736 -0.7802182213889906
v -0.6125065532411451 -0.005428936913939577 -0.7904468665765187
v -0.17041901606310372 -0.1283747344926873 -0.976973534190162
v -0.18520301167655917 -0.4495943261828748 -0.873821942005406
v 0.27896938641624275 -0.6435629781352222 -0.7127431336858101
v 0.12891313325206444 -0.8304574497971112 -0.5419610946844929
v -0.37647883954324945 -0.41857521697169586 -0.8264735150706682
v 0.030566841377793415 -0.6690008095290615 -0.7426328736715371
v -0.08610122284453993 -0.7531801821941084 -0.6521550372225339
v 0.06726280057129323 -0.86177461732796 -0.5028123154702503
v -0.11044081999653216 -0.6171701088576493 -0.7790403596805051
v 0.052568796718661194 -0.8053574237537023 -0.5904540131257908
v 0.051886678902321584 -0.8370765623471135 -0.5446196850294951
v 0.8309049155605884 0.17119571155545127 0.5294233180001369
v 0.7307112076992748 -0.2599369981017462 0.6312637229878809
v 0.6346561045207277 -0.11256455901782932 0.7645527117522354
v 0.28573409688812 -0.6307640766658693 0.7214518039781893
v 0.10978660167873913 -0.8841340929313907 -0.45415174535415026
v 0.5894520082629211 -0.7935335633008727 0.15116485659646292
v 0.035068650604390975 -0.8821526948121399 -0.46965605796206505
v 0.01590191868683857 -0.7534699634716915 -0.6572899992606347
v -0.10214302903862854 -0.8401755737128723 -0.5326084931307985
v -0.06131812396642657 -0.7049812293361789 -0.7065702753137071
v -0.07455907630209539 -0.8623766073306691 -0.5007469733007114
v 0.07820725331574113 -0.3841794550964642 -0.9199400914247576
v 0.5624567926274885 0.508766016115807 -0.6517664438070195
v 0.31990821846624823 0.6029657770445718 -0.7308153005177074
v 0.3003277311618452 0.5654955656034282 -0.7681263041831319
v 0.14139492505080017 0.23201183172407583 -0.9623814135309959
v -0.13365144970255688 0.11263031077002096 -0.9846073852497012
v -0.33407633809783 -0.004724342362454029 -0.9425341802355959
v -0.3736112670257747 -0.02102763947242777 -0.9273470006042037
v 0.13645468869007094 0.8783637940347603 -0.45810169532905815
v 0.17905983867026404 0.8763526443639629 -0.4471505528249615
v 0.19408981112188017 0.8888821235965482 -0.4149912234845016
v 0.2850717981484212 0.7248210963135958 -0.6271909184922745
v 0.18902010124695262 0.7651646808527598 -0.6154627628866641
v 0.11290433128393451 0.8458679996659888 -0.521305993748764
v 0.02290466391323551 0.8044883367248034 -0.5935266568948535
v -0.6065673099905275 0.544187627944698 -0.5795997964481857
v -0.4577626500080431 0.22855570587072258 -0.8591947657961783
v 0.08194403252711566 -0.5057188481649523 -0.8587977772117886
v -0.09683890783884597 -0.6144669788400545 -0.7829767288008984
v -0.007439942062798388 -0.5936226365445555 -0.8047091478565362
v -0.11189729776621621 -0.21971512614799746 -0.9691255120439191
v -0.07401561128624136 -0.2499398018231283 -0.9654282908380816
v -0.13749134492087617 -0.2002219866517491 -0.9700553005540846
v -0.06436631175823092 -0.2451399157998298 -0.9673486442810031
v 0.27452042604014126 0.4897357325560615 -0.827524892643428
v 0.23364951345363386 0.34689495141362797 -0.9083346286180093
v 0.3233440780376321 0.6425677601899595 -0.6946619902963256
v 0.3064438473723814 0.5734523668542139 -0.7597661162205858
v 0.24177618407708332 0.27731397304234723 -0.9298608697910632
v -0.01623634421250313 -0.35338369105562034 -0.9353375583298893
v -0.0036252583201146745 -0.5640374641047532 -0.8257412406973457
v 0.08302354735448118 -0.5928854974140856 -0.8009955540080921
v 0.073995063863654 -0.6986585069501446 -0.7116185924988248
v -0.3742854717080173 0.325871959021808 -0.8681692530789121
v -0.10759563594531243 -0.2818801511218994 -0.9533974824431932
v -0.029429932030539972 -0.6266138331572961 -0.7787740257588193
v 0.0764405268318748 -0.6970003742374927 -0.7129847993964954
v -0.01591370038982114 -0.6471652451666609 -0.7621836390190218
v -0.10413512155682424 -0.2816823573796703 -0.9538400945647951
v -0.12070790029841547 -0.42603469166389096 -0.8966181150882471
v -0.08546578086874708 -0.3933060591785053 -0.9154266459492915
v -0.10483652709569734 -0.20478577815902743 -0.9731762880641485
v -0.11014041090901913 -0.3633434729601613 -0.9251219436063771
v -0.1705643109333436 -0.18514646011179742 -0.9677957450536266
v -0.18978949196775236 0.09586431252447197 -0.9771335539847318
v 0.0020098454511567557 -0.9579394929449513 -0.28696321781307105
v -0.17733557621750184 -0.859235489433219 -0.47986088307556696
v -0.18387958229561308 -0.7340717269872264 -0.6537025308600095
v -0.45183992479200286 -0.36536683609215065 -0.8138475025752483
v -0.25444172867140824 -0.7716739520489839 -0.5829054112287927
v 0.692624223008242 -0.5859218091118941 -0.42067483797973254
v -0.3510102351378216 0.37213427061901555 -0.8592484503677295
v -0.30177391513246715 0.34393151725618976 -0.8891814300712076
v -0.32358844115503893 0.3880064087862895 -0.8629840945762666
v -0.12404787770759733 0.11280099304398843 -0.9858438314482325
v -0.10202930156156645 0.3473958554205808 -0.9321513510473831
v -0.09821990881603959 0.2623287303564967 -0.9599669196080235
v -0.08155605253280268 0.4261147766369875 -0.9009854646035512
v -0.14165928990723278 0.6198191231583418 -0.771852900590652
v -0.15967931972400143 0.23220555916896554 -0.9594702148287398
v -0.2987180598165191 0.4269624325185404 -0.8535048927553406
v -0.08588493083275844 0.7862485742820278 -0.6119125412142906
v 0.7203764634618117 -0.44796464851039874 -0.5295143289611792
v -0.378921837743986 0.3040392848104774 -0.8740585530573188
v -0.4291122134623517 -0.03447530885049811 -0.9025930208776843
v 0.07054506054271863 0.8949072238890146 -0.440640959358389
v -0.5738920734166696 -0.801456723888907 -0.16827063856411814
v -0.51197879600472 -0.8539261524328962 -0.09320857596116125
v -0.4499629712098563 -0.8406345231919132 -0.30144140883080817
v -0.36167656986661734 -0.639978290783216 -0.6779512122090433
v -0.38120675445344265 -0.349420989275042 -0.8559126022048767
v 0.09794503652558041 0.3749589531523794 -0.9218527828622498
v -0.5071566790279654 -0.7266741533024524 -0.46339699809071827
v -0.45816487571169046 -0.5531429243004741 -0.6957857802229155
v -0.448140941933453 -0.5139825609345287 -0.7314312156438096
v -0.7089099907380835 -0.6592448885811473 -0.25068466628687364
v -0.5285276352374094 -0.8082045795912864 -0.25973813027359693
v -0.6839620991903174 -0.7157473934537247 -0.14107273172152557
v -0.5649009946463996 -0.7833897555347822 -0.2592052414027589
v -0.9138398853304623 -0.3985588417847832 -0.07776576119591107
v -0.726582412731993 0.6754222829449108 -0.126026732124739
v -0.7834431005304192 0.6113587251756181 -0.1116128011606503
v -0.8703331424165665 -0.47388232055171753 -0.13399913238459316
v -0.906834652590234 -0.414935371362547 -0.0740239856652874
v -0.9377309226335876 -0.3402726342593953 -0.06982299843842701
v -0.8169707986250693 0.5647973559010571 -0.1164588380548734
v -0.5940118221681342 0.7826345981269048 -0.18609954577921725
v -0.7517489894490887 0.6479541646111525 -0.12259224047767957
v -0.6638243264585033 0.7230660658805016 -0.19108303947239413
v -0.7216107629983506 0.6762491887543085 -0.1482057402197302
v 0.28001328149371835 0.4969393255922411 -0.8213670731573357
v 0.6999807876388606 0.428343543716617 -0.571444402801157
v 0.7457047492772628 0.324053205018386 -0.5821631620281779
v 0.715020785944066 -0.39159541270417597 -0.579135828987446
v 0.8559108850890718 0.14010793410768435 -0.4977814014063991
v 0.8858184569544143 0.17120032723691125 -0.4312958488936276
v 0.8570112656832222 -0.25956329227635433 -0.4451500733401058
v 0.7354957226471525 -0.4979631697003492 -0.45943304581813044
v 0.892868573192196 -0.1267247546399859 -0.4321186730137539
v 0.20591140544766245 -0.759471314624814 -0.6170930362341039
v 0.475983196560783 0.6674255676586424 -0.5726980951839442
v 0.4732696631751639 0.6408169005179298 -0.6044580431499448
v 0.030436182703461042 0.8263598366683026 -0.5623193568818147
v 0.7239506722979314 -0.19742824904776046 -0.660997360476809
v 0.03153569648042602 -0.3121462586509487 -0.9495105123471301
v 0.8093370734677147 0.47497589509552335 -0.34550166510296526
v 0.831808663175018 0.05324292236207308 -0.5525029765397973
v 0.4215519106830117 0.18329339092482708 -0.8880864369208554
v 0.18770410607085433 0.5179173464357529 -0.8345830041554224
v -0.12425184481053125 -0.47955669661492667 -0.8686695883896011
v -0.22529461788451402 -0.5175861033630357 -0.8254374360045343
v -0.27058943191733154 -0.08343296777811833 -0.9590726245818881
v -0.28369870652723905 -0.3081913478257202 -0.9080380702592472
v 0.0624931116508437 0.4557612487910845 -0.8879055665421782
v -0.19245765066997678 -0.30151475055868826 -0.9338355893272249
v -0.4709834305319479 0.6246651110518372 -0.6228708591666122
v -0.3005558401394088 0.6649106480858721 -0.6837836039421533
v -0.21024947128919635 0.6342435708833384 -0.7439961375005687
v -0.4976623970868569 0.4349838900522736 -0.7504139883562638
v -0.10073323527206582 0.6459022721504427 -0.7567450496319867
v 0.11383567695255586 0.34633956131569466 -0.9311768612462433
v -0.1930318141649871 0.24433159197071033 -0.9502845846825214
v -0.1592572090282155 0.05900424780309474 -0.9854722929203714
v 0.2801278201779295 0.293050436624777 -0.9141388548554258
v 0.2652786100605563 0.45866523783763574 -0.8480881196218258
v 0.2587078775671522 0.5081236230516468 -0.8215111793405901
v 0.4788490324273084 0.14617032402872393 -0.8656430214105398
v 0.4661713375148925 0.18598086073670403 -0.8649250854953918
v 0.420747935938356 0.4573548106191928 -0.7834524565071549
v 0.41446381971600227 0.5211713214319231 -0.7460564294095482
v 0.371781495257378 0.4489189641238885 -0.8125578646681866
v 0.3582787931569423 0.6197062697770132 -0.6982839290525487
v 0.4727372116925675 0.5909805941824453 -0.6536524045552808
v -0.7874889239842 0.57621799219256 -0.21870989935478913
v -0.9464209639989305 -0.29874676596572086 -0.12262841729533135
v -0.9780293660989128 0.18303185176158837 -0.09978927942861762
v -0.9048490163457603 0.4127848136709845 -0.10419671405913199
v -0.8173802258791271 0.5682341264609534 -0.09486592574230518
v -0.7618952200255944 0.6413951589555381 -0.09015499858882536
v -0.6188807594722324 0.7840444658930568 -0.047548722985419976
v -0.7052794429076875 -0.6264584044060374 -0.3318595711454831
v -0.5573126277478246 -0.681241960600352 -0.4746704394316155
v -0.7119817537637324 -0.6226871647755118 -0.32456536650011614
v -0.7384032963152773 -0.5683206647215512 -0.36300439947910673
v -0.5680841600259684 -0.5712686895462691 -0.5923955363367269
v 0.27467300121078253 -0.6047088839210658 -0.7475840475242903
v 0.4143997696849525 -0.6466906336099641 -0.6403624405648738
v -0.6030716666835823 -0.601859718937906 -0.5235164214840555
v -0.4495454791493777 -0.6724979239283024 -0.5879246588539042
v -0.12372204510803193 -0.750878339551954 -0.6487484680105122
v -0.2506115481945192 -0.683384684353949 -0.6856961609211473
v -0.5230772181357821 -0.0479812127775704 -0.8509336208469641
v -0.4517591918262455 -0.20757935860584806 -0.8676545640295349
v -0.40474365378683863 0.05906942180138874 -0.912520343952577
v -0.1417773639732423 0.4257931639638934 -0.8936438667536503
v -0.5701883545975335 0.8171216692649026 -0.08483759720251675
v -0.8866951702149194 0.44041984050560706 -0.14071971861310276
v -0.9889406663505003 0.006124217471843729 -0.1481851962868974
v -0.925194981865675 -0.2953968812562414 -0.23823292819142247
v -0.8717221708945018 -0.3678833635542421 -0.3236700288735342
v -0.5381270797486721 0.63152248560275 -0.5582101720851121
v -0.9551468410350259 0.22992070700787404 -0.18663059917872593
v -0.9425780848982492 0.13127050215682823 -0.30710683667584326
v -0.8135790768499858 0.5409039681298577 -0.21333537675054975
v -0.8016477486113178 0.03000017100109222 -0.597043446397589
v -0.14566500303422292 0.551311225313787 -0.821485021004066
v -0.38287238346030106 0.7021648912125479 -0.6003109223826424
v -0.28832713152104705 0.42451465513928355 -0.8582859504855127
v -0.5988516772858574 0.8003268650115218 -0.029216052997360506
v -0.5045426488195504 0.8632040452710249 0.017762087430538726
v -0.36634494826924163 0.9275861118311393 -0.07331701041092699
v -0.23625558319715606 0.9524178420727963 -0.19257090514812933
v 0.15625491697393204 0.48221106780357775 -0.8620074750309321
v -0.06937612720843311 0.5357374426266577 -0.8415297650953341
v 0.16153067880725244 0.7618971384690758 -0.6272324849660628
v 0.3391393621110705 0.7828628473282415 -0.5216418841887742
v -0.6156476209373821 0.5067884883986248 -0.6034429839353329
v -0.7698787087983563 0.6094521185101937 -0.18935387237237236
v -0.636856435027051 0.7088841718131115 -0.3031453646643383
v -0.7214332274183196 0.6739813259599139 -0.15900714019849327
v -0.694382022650011 0.6921852280688564 -0.196756744900257
v -0.5103460291034234 0.7397813828943529 -0.43848652898496965
v -0.700525515771233 0.7005918607450133 -0.13577572099343746
v -0.680412875498192 0.6287598936882206 -0.3764296945585716
v -0.4125741363061269 0.5077410396696967 -0.7562946639282792
v -0.4699853002920166 0.7079008150582772 -0.5272478103788103
v -0.03268170849886282 0.6523317183835774 -0.7572286544501102
v 0.23843012050342727 0.8926538894378263 -0.3825181189280347
v -0.658057969067257 0.7505109734749085 -0.06076996001991683
v -0.7367404213037408 0.661495320517986 -0.1401338379906635
v -0.8859096352471372 0.3246537716492788 -0.33130657513877126
v -0.8634764760242944 0.3865830701822941 -0.3239782480369594
v 0.02831011097957457 0.2585357242497378 -0.9655867733678768
v 0.4908986390211007 0.6799601463649926 -0.5446767165599506
v 0.07727969752258171 0.0016707378529276051 -0.9970080526183552
v 0.7639885153220792 0.6368306201235555 -0.10377046655485765
v 0.49678938104824427 0.3773563664962121 -0.7815385361851831
v 0.5762227114561635 0.6661498471485452 -0.47351005052277056
v 0.5358245504410918 0.6503869987668952 -0.5384132269731052
v 0.583500704819163 0.7758938915570572 -0.2398240949529163
v 0.6034867744332416 0.7923682847688518 -0.08919761418686929
v 0.8226007449297997 0.5677593046694931 -0.03126317965518352
v 0.5188215750617408 0.8454413111163694 0.12670107619230625
v 0.42594844602829735 0.7194653675757698 0.5485777120747262
v -0.3228501559113095 0.6812920210491159 -0.6569695266013899
v -0.6472944381616867 0.6294017020683634 -0.4299574487764963
v 0.07737268869454206 0.4018276274630618 -0.9124406966217499
v 0.31994466596462406 0.6961345980831569 0.6426756818741367
v 0.4980117434741006 0.7841067926478702 0.3703523202105752
v 0.4793987948753971 0.8425235956805001 0.2456232606933189
v 0.5322695139031823 0.8423316358760613 -0.08465565410312803
v 0.6094121250879091 0.7809203220563559 -0.13704127989491344
v 0.34472128477853686 0.7734080668793283 0.5319842083244722
v 0.2102729208322288 0.7826642971972045 0.5858514288260198
v 0.4266112270121132 0.8502885696061292 0.3082405057489717
v 0.296198029144339 0.59233058337137 0.7492737867655199
v 0.16045327412975205 0.6920989385984382 0.7037427129370206
v -0.08656490477787288 -0.14860985390336237 0.9850998064072589
v 0.24971846061524963 0.43032276607305003 0.8674462562183256
v -0.11602852825077427 0.12544739230194615 0.9852920036195365
v -0.2114480133362153 0.11533334204020404 0.9705606410060141
v -0.08812317114485796 -0.19918578497593564 0.9759914598862504
v 0.35928079411300556 -0.9320666685410784 0.04657291462066281
v 0.278171245565775 -0.96050028633645 -0.007743260810740919
v -0.2986631816773104 -0.9401672030023129 -0.16396930904652113
v 0.3731038715106946 -0.9184343194461114 0.1314226081284697
v 0.40144264905398 -0.9024760498729767 0.1561434562387789
v 0.5043077562318204 -0.8478446301018401 0.16380833376815943
v 0.07823949048037403 -0.9942578261185354 -0.07300655677002992
v 0.35533246795878565 -0.9346820958356475 -0.010402737072522551
v 0.5251761026221816 -0.8499903799299592 0.04130877946755902
v 0.6179290710648915 -0.7844319352430381 0.053199643830972705
v 0.05271943184607926 -0.9768391195276974 -0.20737887082868248
v -0.32580786021095576 -0.7980540560435972 -0.5069111972102424
v 0.3350450776899108 -0.5239591172671282 -0.7830783098441774
v 0.003133562805874099 -0.6872803613522135 -0.7263854938555095
v 0.3517765002413442 -0.8935402345534686 -0.27899667222403185
v -0.029015172130795918 0.20564262897101124 -0.9781969274824529
v -0.13965556013778244 0.29314349974581616 -0.9458135191883107
v 0.031174278827668805 0.3883072843347093 -0.921002506659009
v 0.27316067541428235 -0.9220011637583122 0.2744031695070792
v 0.19649305129051226 -0.9393734743062749 0.2810123779556734
v 0.12783338330263957 -0.9285440698620175 0.3485176271546118
v 0.24012945282303544 -0.8827088105185759 0.40393440274355236
v -0.40772249104949965 -0.8478277678157681 0.3390434285057338
v -0.8200498109878079 -0.2665205552411491 0.5064435813916592
v -0.8005377615395671 0.3460593900892628 0.4892669934506788
v 0.2415788567611476 -0.3552643743360758 0.9030099004405064
v -0.43749922075053016 0.21041499105239328 0.8742539467357868
v -0.3794782883925208 -0.5791406250939488 0.7215208694171453
v -0.536483775873824 0.04579383182071934 0.8426672434545799
v -0.5653375709120924 0.4024735152879071 0.7200059030362249
v 0.4031935305432471 0.6062711285183876 0.6854708568955448
v -0.6532290619912552 -0.683598899882683 -0.3255523562335412
v -0.7346966220098862 -0.6662432090282638 -0.12783137342211176
v -0.3219229709530843 -0.5372056018357461 -0.779599731996512
v -0.5119240420715867 -0.11126288657186525 -0.8517947788175181
v -0.1509665430835871 0.9729783795197866 0.17470596972182037
v -0.4704079655603728 0.7630796572985277 0.443199483928527
v -0.9374052816131352 0.1756381841957401 0.30070345235168444
v -0.38598600172653347 0.9224512312497145 -0.00992635064110732
v -0.2860568452225479 0.9534080972879251 -0.09583569964862519
v -0.8802756021233734 -0.19458953953734368 0.43272367095985986
v -0.8955457337034941 -0.42208859491420864 -0.14085118703376123
v -0.8472502648825628 -0.46745628961184843 -0.2522926989802732
v -0.4435477348305099 0.8926366091007952 -0.0804070333973208
v -0.7830664344846161 0.5611911688534212 0.2680884764112048
v -0.8832624254830873 0.44591660081424955 0.1449340292960863
v -0.18060319932319915 0.7273626609068592 -0.6620619638015147
v 0.18940112806124532 0.9587249502953844 0.21206999403555496
v 0.06127329404968035 0.9976886276296215 -0.029376618846011313
v -0.010530375229647141 0.9672919149421464 -0.25344715915764005
v 0.05757120024159873 0.9812498594767716 -0.18394094209707076
v 0.03258673987564729 0.9763933206906897 -0.21352795530066992
v -0.12017828834483141 0.8790354683878291 -0.46136083961114027
v -0.1633699826956558 0.6676567384923593 -0.7263227438954163
v 0.016327090116590608 0.9128774838125704 -0.40790700616237874
v 0.031886015292468886 0.8758507658382764 -0.481527484168114
v 0.05284880117615661 0.9445644856642883 -0.3240446522255866
v 0.13864968066653105 0.5700025987520504 -0.8098600517786873
v 0.37372551019691996 0.41962079212119113 -0.8271926219736464
v 0.766125974585663 -0.3577347942498112 -0.5339258450835781
v 0.6158742448319914 -0.7300840446788113 -0.2961016755407706
v 0.8913665380924838 -0.31272219686633934 -0.3281318673279251
v 0.7537637097637299 -0.6562531765710878 -0.034235041749302926
v 0.9395036760756068 -0.21666561862502431 -0.26530897524632807
v 0.35235180738233296 0.5832990959160376 -0.7318540623224936
v 0.42703728760864396 0.4754642612085073 -0.7691377583406633
v 0.47907082462842904 0.7231287013024285 -0.4975701220355782
v 0.8541958062635008 0.5019808004256887 -0.13551679071551498
v 0.5941970689293348 0.728315362052583 -0.34130129896325095
v 0.6873007798866737 -0.6682215262657863 0.28477645584246086
v 0.7802064615676678 -0.5445788098397335 0.3077528183487499
v 0.7767879707161235 -0.43375554496627966 0.45657044994363416
v 0.9040577748849705 -0.21320893790615453 0.3704341891172648
v 0.6200081070509351 -0.6446052973826505 0.44729627516595855
v 0.6190488675791249 -0.5273151805988009 0.5819941579251952
v 0.6259022710938559 -0.10161249463078167 0.7732536763407354
v 0.6992820629397383 -0.5824650517744601 0.41441411644889636
v 0.6778995795277315 -0.23210117956720921 0.6975537273354898
v 0.5421215199303475 -0.3814340119749123 0.74874051054897
v 0.7989376502138842 0.014128261693724277 0.6012478883889997
v 0.3914950820985532 -0.07339218910486038 0.9172487052435907
v 0.5406645822774349 0.21917085983051615 0.8121859046252397
v 0.4954150156978522 0.4075774061467852 0.7671014406320427
v 0.384797086149748 0.7236630765942809 0.572924911366894
v 0.4400297472438922 0.8801372330436932 -0.17813554544410332
v 0.98194808166492 0.17353832516512463 0.07524901735881392
v 0.8182546714940957 0.5661804579939456 0.09949362574484669
v 0.4640030612100971 0.8853720664117272 0.028591313462083462
v 0.3972892256390803 0.9116612704662753 0.10504760407984869
v 0.9888238394861619 -0.1489585245372603 -0.006226751281974792
v 0.7687274720945985 -0.5246514187866727 0.36578540486490124
v 0.8995731182860721 -0.013661278900568705 0.43655649613294395
v 0.9254396969449975 -0.13580129876643454 0.3537221714449077
v 0.5788150377183529 0.7936858031360164 0.18717905334582252
v 0.9046657890356414 0.20097287407077044 0.37575219764660645
v 0.7566363065358473 0.33226618917522605 0.5631169320512073
v 0.4632394741409746 0.6021114663924262 0.6502853001847387
v -0.1617212140639658 0.911623203955829 -0.3778748244207149
v 0.5131452780009877 0.8134232509340883 0.2739060760646037
v 0.2456905255618341 0.967963929840386 -0.05178799259583136
v 0.023354392904590175 0.9636973713131999 -0.26597358676396166
v 0.24215738742017257 0.9656119495956642 -0.09462220942197942
v 0.06926407117124059 0.9487903731167571 -0.30821959108036934
v 0.0017371238564843614 0.9366522303785182 -0.35025645137192596
v 0.07048654653554726 0.960848049374245 -0.2679602074398372
v 0.06446349880418366 0.9604319197821104 -0.27095199719797747
v 0.3988669262062556 0.7561219265376836 -0.5188302298321823
v 0.4113517133822541 0.8117765662836044 -0.41449797868057775
v 0.3429237256358431 0.920367036097701 -0.18795700907592203
v 0.3716467053688299 0.9083318303022854 -0.19186456798532203
v 0.21788137591518414 0.9427084533044505 -0.2526429854510842
v -0.17344887600191924 0.7767331933265172 -0.605475873836821
v -0.6424227699650652 0.5636595346897292 -0.5192118195724851
v 0.3184592001394051 0.8991433804945242 -0.3002081264047485
v 0.3808419439085229 0.8961317695390854 -0.22783166018515813
v 0.16885525084241654 0.9175639204573711 -0.3599504912315629
v -0.1991039742220389 0.8388575767791262 -0.5066315952733723
v -0.6576576944415854 0.579205026385642 -0.481671977959468
v 0.2989831708388872 -0.9540182348056437 -0.021407270107333374
v 0.4824875651299103 -0.8609442159376548 -0.16118562758046162
v 0.5736722116452404 -0.42406397252932404 -0.7007638266839316
v 0.3740617890942177 -0.9258445743809175 0.05375501864059369
v 0.29218825478257593 -0.8422139408359361 0.45310230812556523
v 0.3559216652142572 -0.8857497562649719 0.29793814376083677
v 0.22939433119440375 -0.7875400469712317 0.5719780723353147
v 0.19895713048471525 -0.7624152751950255 0.615742647847769
v 0.23056708835116346 -0.7932957318000594 0.5634897511730583
v 0.2016217392945585 -0.7927052675576248 0.5752973431454657
v 0.25749177777698884 -0.8303742980661779 0.4941421956161486
v 0.3301009536711922 -0.9412802997479166 -0.07088552526321273
v 0.20209694789515273 -0.922132871827337 0.3298905732920117
v 0.05410616609504227 -0.7252215572561002 -0.6863863457860542
v 0.3235750924744264 0.006881980341377109 -0.9461774663754929
v 0.23085696538211098 0.25290742458998866 -0.9395439830693515
v 0.3297633689417957 -0.8693197126648048 0.36815670260982375
v 0.33546153355266656 -0.8958034889131956 0.29155045662361684
v 0.3435686598853317 -0.8730040500347471 0.3461567629955048
v 0.31220176924786386 -0.9457146896538383 0.09029828930521162
v 0.3112436301291852 -0.846253444927097 0.4324147426407058
v 0.31009352122096423 -0.902570960688073 0.2986765290734985
v 0.28029767626308877 -0.9598569796635552 -0.010382257590240508
v 0.20933458359495719 -0.9622793530079727 0.17377421812709554
v 0.20798295130186015 -0.9463610571938064 -0.2472728076331669
v 0.04925896431765263 -0.9763884482489211 -0.21033105467433016
v 0.2721693781041638 -0.2969194487271423 0.9152937619092367
v 0.23146120383798469 -0.970699354602564 0.0645637211755706
v 0.29875936056907765 -0.7297270052227159 0.6150132862963549
v 0.3181826417377378 -0.5856585535294361 0.7454957177439742
v 0.10606846347820616 -0.9714846159951396 0.21205452586575133
v 0.2702210865742142 -0.09543457689608625 0.9580567863667142
v 0.3312018921872474 -0.5397830541509451 0.7739118561328964
v 0.3369256131940816 -0.4628325101409755 0.8199190196174229
v 0.3242947544296875 -0.4669215404946422 0.8226889979035206
v 0.3173384935938455 -0.07731835559888048 0.9451550943475224
v 0.3284022909170367 -0.08644987624172615 0.9405734177714318
v -0.030759671849062 0.062225664706216204 -0.9975879957375228
v 0.10090008303466569 0.19300317022431923 -0.9759963880706527
v -0.3229839626122694 0.6904075473201302 -0.6473165983494307
v -0.6305452977467784 -0.7760877753417658 -0.010019603509893123
v -0.5220193301179054 -0.7278654045879653 -0.44464342094227705
v -0.37878264049381233 0.9253327350245593 0.016823815040116343
v -0.5105009630455855 0.7976289660381547 0.3212114556899145
v -0.5234379010679789 0.7827587833394801 0.3366028087084917
v -0.4752909282013428 0.756280335399012 0.44959825161833555
v 0.17162396234290533 -0.7623472425525278 0.62399671258932
v 0.11686313790009784 -0.6881962620888626 0.7160509142840753
v 0.12115140990263629 -0.4879147037375433 0.8644429291487719
v 0.1249288979211191 -0.495343996290919 0.859666851636584
v 0.048003010659213176 -0.8384202384037989 0.5429062670503706
v 0.10849396719242746 -0.3171392746720191 0.9421527156163985
v -0.032001078601789835 0.7185171685618259 0.6947726314775352
v 0.12547376149534473 0.09816910669810236 0.9872280190849053
v 0.2232856735963223 0.40647246474147286 0.8859591657484157
v 0.27363723365238485 0.31356258384377533 0.909286077300365
v -0.22467300479405705 0.9648322419900471 -0.13645799988739707
v -0.12231182977359946 0.9919474024736293 0.03286589452994698
v -0.21976598547191167 0.890491804919253 -0.3984058947872266
v -0.1937547889402967 0.9116959781743152 -0.3623113649107348
v -0.18479122262431918 0.9117543981021631 -0.36681892206151473
v -0.10212570713567794 0.9746540391934755 -0.19904734066518123
v -0.10195147414781104 0.9494488602803253 -0.29690530246440483
v 0.010719889849853103 0.8661541488745426 0.49966196007803493
v 0.27339380088816867 0.543890426475693 0.7933719390197822
v 0.09965364139680181 0.8113791964576716 0.5759626301350294
v 0.2888773956705578 0.6234791870615947 0.7265146616356817
v 0.5874814188935663 0.7002338911968836 0.4056329376099443
v -0.046612763344370624 0.9838580660404772 -0.1727731350080035
v -0.04445466247723068 0.992675332042292 -0.11233640611467313
v 0.42541618359835465 0.8640916466974174 0.2690105887141927
v 0.3976005102094008 0.9110271252851068 0.1092859152680659
v 0.40672018699935525 0.9101294156623353 0.07901351930742975
v 0.5476062203114762 -0.8153063348473986 -0.18815687028083952
v 0.5819788437456289 -0.7868620476889537 -0.2053015911756349
v 0.6616695698301377 -0.7146253463747595 -0.22694491551818366
v 0.8539286046273903 -0.42700343960356146 -0.2974457946682822
v 0.7759418222971899 -0.5784378465448987 -0.2516424965990769
v 0.8723278446389312 -0.47586820516437184 0.1122211333984651
v 0.39156150639051 0.5504473222077844 -0.7373515662067005
v 0.5511355806970276 0.38361256606942695 -0.7410067279339505
v 0.3654734571862284 0.6329339865012039 -0.6825127990184797
v 0.8954907394452417 -0.3489437574626635 -0.2762871507972315
v 0.942882826921907 -0.25113635185044036 -0.218866414680291
v 0.7923989674021519 0.1055208890938526 -0.6008071391260646
v 0.6977055599996298 0.4629188845216128 -0.5467294192732534
v 0.5532875273023539 0.6634738302375326 -0.5036619786340685
v 0.431198282183932 0.7639197973771319 -0.4800985155329142
v 0.815500634248752 0.5442268615554975 -0.19691581628029997
v 0.771414765874152 0.3796294744933976 -0.5106865193905102
v 0.5221010226928172 0.7305743459658727 -0.4400814096501372
v 0.43036637358413876 0.7452479232565483 -0.5093037574668378
v 0.4375983996191069 0.770548222654881 -0.4634253739429904
v 0.3076364766075871 0.902861142305248 -0.3003357387586966
v 0.09046417939465358 0.9546031421556146 -0.2838116862165465
v 0.28016755261723625 0.9317641833405309 -0.23091480919209526
v 0.5893847136440683 0.8002226542165909 -0.11076715669030288
v 0.5766143809146619 0.6341686312859668 0.5151174650652846
v -0.3358374933347125 0.9389204550338845 0.07511030015663604
v -0.4495058386219751 0.8616382650443052 0.23563531411101044
v 0.04993454102489379 0.597007298318704 0.8006802279105155
v 0.042298042534639445 0.9100878097721721 -0.4122512026687473
v -0.056010191315036005 0.9349715534898358 -0.3502728259994713
v -0.043950230667078885 0.9129678294522341 -0.4056576384213505
v -0.005210546346747877 0.8831646559091468 -0.4690341573485311
v -0.03741211825506941 0.9131574447735954 -0.40588645513521
v -0.0460169964417711 0.9357629911830432 -0.3496141592822608
v -0.09643560479317126 0.9432545030805666 -0.3177595262874251
v 0.01578063985163782 0.9707244031006232 -0.239677084075244
v -0.07859463298434026 0.9369904233049788 -0.34039951571765403
v -0.06906762610926082 0.9051278030161384 -0.41949174393640953
v -0.04359424120002165 0.909022264154095 -0.4144611747876477
v -0.02037051687732356 0.8695557675898702 -0.49341443948605945
v -0.034568475547339536 0.8985270860645858 -0.43755467784794333
v -0.05556612207015779 0.8580079473411566 -0.5106219427105532
v -0.07535148780424054 0.9051160068538132 -0.41843418529405013
v -0.1650630305268975 0.820763395236917 -0.5469018604763061
v -0.07730147134542771 0.7024423903014673 -0.7075303320956587
v -0.07069684073162208 0.6378732614924546 -0.7668896002577855
v -0.1958175612791854 0.5169282670298313 -0.8333310563276806
v -0.0758879332422649 0.5289752316507139 -0.8452373784259017
v -0.11365419285788655 0.4160948332100115 -0.902190564250012
v -0.8346893608134918 0.4885239183029519 0.2542401466934277
v -0.835649438315499 0.48118406122880747 0.26486206874964624
v -0.8469748918013621 0.47610105098986966 -0.236561454815472
v -0.4134457240178575 0.9087540050625869 -0.05682245659998725
v 0.06206305082913999 0.9337801057905604 -0.3524243064142279
v 0.0015700215112787734 0.949623556623943 -0.313388952800425
v -0.40418488752647636 0.8885873472592187 -0.21690344161869396
v -0.8397405438300914 0.48041765062949693 -0.2530507854395577
v -0.7898917523859635 0.5497128139368116 -0.2718213415210515
v -0.5962088247686638 0.796960865256954 -0.09689384148054031
v -0.7163844991517483 0.6912663038985736 -0.09457349771211654
v -0.6707187020752344 0.7178672091414874 -0.18655587025318937
v -0.43471440108103954 0.8715002016813052 -0.22695988183420815
v -0.8534910582569453 0.3394172075969058 -0.3954098793183583
v -0.7483673639037483 0.39351214423255004 -0.5339423948191936
v 0.31546051479849163 0.835079243589155 -0.45069648382213434
v 0.338337827409107 0.8085098708726741 -0.48149694001679494
v 0.2157412110809834 0.889395771495452 -0.40302715973904335
v 0.36997944161074575 0.5829542058364717 -0.7233806789533223
v 0.2678838973990548 0.613417420200872 -0.7429382788014085
v 0.1621721090640397 0.7322584759621371 -0.661436112881153
v -0.1599725616099059 0.926863006759586 -0.33960822462441104
v -0.15537694087050333 0.9332349005149579 -0.32392997191763606
v -0.6561016601868519 0.06449519315214138 -0.7519115516869818
v -0.7052102739664374 0.33199690427063233 -0.6264635065563665
v -0.5107322405911537 0.7263004406821169 -0.4600437460565057
v -0.5511532166621198 0.562716960216877 -0.616100441849603
v -0.3398782414548749 0.8310453409388444 -0.44027993627847894
v -0.34803275378323356 0.6666911113836745 -0.6590873722778036
v -0.4118836615235468 0.854683293712029 -0.31601948803754826
v -0.34039637603642553 0.8444563233607916 -0.41355026915387527
v -0.3049803295604013 0.8898267963616437 -0.3394042885085615
v -0.21393766664344435 0.8154000355861042 -0.5379158454231837
v -0.12182483649497747 0.9359998863202719 -0.3302467592897924
v -0.5026665442997255 0.36160700621457526 -0.7852176248011147
v -0.5312731806500635 0.1755347448793302 -0.8288162407084658
v -0.4658749844609084 0.2388081478752945 -0.8520159431383428
v -0.36630891260819465 0.45491421131414245 -0.8117085935779131
v -0.2947874510603018 0.5799825037669091 -0.7594212625556632
v -0.2342047632778181 0.7390048407924962 -0.6316802784187888
v -0.2207885824134585 0.7417965320728251 -0.6332379543904372
v -0.239114429579872 0.5312481864201664 -0.8127728181921295
v -0.2308870145379589 0.7002389244858463 -0.6755417345750397
v -0.20482964536531736 0.7124146461535463 -0.6712005574531621
v -0.17427501744589785 0.14629750829978724 -0.9737685851163539
v -0.7284045894129709 0.4306880049587941 0.5328551365115428
v -0.7434353816888066 0.4754310364354072 0.47039256249134415
v -0.6476994496183069 0.4304333825460462 0.6286593084923752
v -0.8757531531677644 0.3556232245784942 0.32647899910578043
v -0.8935566163746942 0.16577396323075397 0.41722364080643404
v -0.9140152437088311 0.2704261338256103 0.30240013295635165
v -0.8869454787201155 0.35002259474950054 -0.3013501301522399
v -0.9323979679961496 0.327020627047379 -0.1539205599073439
v -0.8661178598959216 0.306448691949135 -0.3948785281222224
v -0.6561110406757399 -0.09508701718781995 -0.7486499592371063
v -0.9893362517389866 0.09101270819126002 -0.11371221545086924
v -0.9213757733725212 0.17855254027651132 -0.3452327832101017
v -0.990796808739554 0.003718962310556856 0.13530651540427824
v -0.9784631687046447 0.19796166477723592 -0.05848937311248417
v -0.9280943353723379 0.1996072675071235 -0.3143212423749279
v -0.9559014134687965 0.07537764302940059 0.28384978185598325
v -0.8871723744690236 0.1431866604105238 0.4386601854049167
v -0.9485809664064307 -0.1762559617577168 0.2629220152750699
v -0.5509566092880984 0.18257545631088246 -0.8143175163501242
v -0.5844342451732737 -0.07241543017294362 -0.8082033274749698
v -0.5286260855553438 0.050197409531646635 -0.8473692711839074
v -0.5738908968464191 -0.057415876592291804 -0.8169165536527898
v -0.6460399619469642 -0.23931730754739497 -0.7248169381822079
v -0.7166613830791044 -0.5826838736269057 -0.38324400245573265
v -0.38673233489304537 -0.0015114099475884663 -0.9221907702791998
v -0.37739659694344196 -0.5971014255260452 -0.70784298841641
v -0.5284848287991477 -0.029413863418309434 -0.8484330323413538
v -0.34616420439279144 -0.7593747267406351 -0.5509268263432916
v -0.3661891233697453 -0.9305209788646914 -0.006019453330177236
v -0.32816292800848273 -0.7743849893887064 -0.5409593153744118
v -0.7923189604378862 -0.49707535299421207 0.35376087739645096
v -0.8003182673429347 -0.5397594929477698 0.26105624054975085
v -0.6007153680021764 -0.7948007935345164 -0.08621337044167143
v -0.7781342931816485 -0.5703933305661775 0.26297998064552325
v -0.9617296857862353 -0.24592160449500675 0.1208245667077296
v -0.9400947725582063 -0.31713975476592116 -0.12507675465787285
v -0.8547579632413722 -0.5186786402825571 0.01900769291888868
v -0.6920325753807195 0.07180751373312091 0.7182858731615125
v -0.6328651824961624 -0.2735878083901703 0.7243144150742568
v -0.48390216116736706 -0.4925087017158691 0.7233767186962133
v -0.24964103752398809 -0.38147532805627576 0.8900314188096413
v -0.12247333018337736 -0.9215541812973176 0.3684266200035281
v -0.4199772559739224 -0.8307366090036682 0.36537075816997294
v 0.6008473945933421 -0.7882026341463786 -0.13311279403236506
v 0.4055279749649856 0.4927360751761984 0.7699079306909067
v 0.23769968134109065 0.19291486197943514 0.9519888221601132
v 0.800423242243654 -0.36297580861723466 0.47704422817472747
v 0.7907567085702162 -0.31957019299127093 0.522090719705608
v 0.7071389086786777 0.40763803541148447 0.5777419804018001
v 0.7559108232436296 -0.5178784350633533 0.4005006289626402
v 0.6792310853279399 -0.23840387564578894 0.6941244303446581
v 0.7573170117662615 -0.5837297792863201 0.2927976920396816
v 0.7530219003605402 -0.4234587662063472 0.503627531912622
v 0.42762846286851547 -0.8998442466727954 -0.08610592009020132
v 0.19439443588709632 -0.9663466803531562 -0.16847817860652672
v 0.3590903300443355 -0.926325282009049 -0.11391052093422316
v 0.16667561465968797 -0.9659896638479989 -0.19769473644142674
v 0.544979697205371 -0.8382611434856807 -0.01775908094528254
v 0.2653711225706105 -0.9490268898770443 -0.17007683438939752
v 0.5597629528390012 -0.8284614166806259 0.017807798867137573
v 0.02105092933105046 -0.9692020498379909 -0.24536553336631445
v -0.1523156074071309 -0.9475500949557327 -0.28097824344525085
v 0.2422263257950129 -0.9522874749769199 -0.18567437112840984
v 0.5603056907567342 -0.8282810364247948 0.0028385920254053914
v 0.059920189184347404 -0.9380216672399183 -0.3413574705738195
v 0.3410427379735968 -0.8664834004001882 -0.36454954081221885
v -0.02031863461691658 -0.9530137023093512 -0.30224499383435177
v 0.04286624927412583 -0.9664364288332676 -0.25330438941551936
v -0.009643826402270772 -0.9575039481057951 -0.2882588870687905
v -0.19026497604609882 -0.9336768624518346 -0.3033920819867838
v -0.03888741629835347 -0.9442840153200373 -0.32682635644131625
v -0.03236977653007736 -0.9397678765950586 -0.34027714540857357
v -0.02627461512731235 -0.952115488598894 -0.3046075195559049
v 0.057232673859741325 -0.9159862837297542 -0.39710647068742005
v 0.006441391798247095 -0.9268033115276191 -0.3754918510608991
v 0.02018219054499724 -0.9201421125040947 -0.3910641532809002
v -0.6919678961153359 0.3550581507652628 0.6285810531036291
v -0.6964552020166199 0.33961478579179855 0.632148676227025
v -0.8995111574139736 0.09200723201006115 0.427099926183113
v -0.8248325463097029 0.20273209259208994 0.5277792807428916
v -0.7176118928600812 0.3800237478052247 0.5836224141770451
v -0.7413889098893449 0.30138705317462455 0.5995901337345411
v -0.7037570174291856 0.3364545574703723 0.6257190992582797
v -0.5803444018861859 0.5807872778065627 0.5708647065088259
v -0.6698402539156957 0.3395782277948492 0.6603034616309882
v -0.826674783440062 0.20502990081540845 0.5239957463529169
v -0.6731729964981978 0.5248129986681558 0.5209697046993957
v -0.5199337113019555 0.43795643289301595 0.7333915044090707
v -0.5806425400571955 0.5095307485856811 0.6350060290435388
v -0.549654570213712 0.7597353299173911 0.3473932669446725
v -0.6277482218136309 0.5177017110236896 0.5813063808465968
v -0.31048553025666514 0.7569597913131997 0.5749874866780272
v -0.3248426262047587 0.9029076654501564 0.2814871504558315
v -0.46022189281618187 0.8740329722243315 0.15576319474571507
v -0.4338971867868843 0.8998500367399381 0.04475648196138148
v -0.5969478453597161 0.24166804418679766 0.7650162261934845
v -0.47729832068086236 0.22257896411112577 0.8500852414966671
v -0.5754644172675498 0.29187951830320763 0.763967964808739
v -0.5291652313779357 0.3210495721983525 0.7854370312711203
v -0.34990454744944255 0.42481666427915404 0.8349237147338273
v -0.23643199252598573 0.5071326259115961 0.8288042064602479
v -0.2104643396105714 0.4032968237147837 0.8905371602206461
v 0.054263193798345453 0.7300279530927308 0.6812596373645226
v -0.43723523133006487 0.899332027179481 0.005220859411043334
v -0.45894426157403495 0.8879461693605426 0.030360584417997976
v -0.3697573133603315 0.9269986558558797 -0.0628730566931632
v -0.5283148382538747 0.8064580397826491 0.2655350480646751
v -0.3771709957447989 0.9037791574193097 0.2022999618964858
v -0.0980262773521105 0.9950015692095489 0.019045372640682748
v -0.41851041517053583 0.9077209478522033 -0.02986156767625247
v -0.4374811182661612 0.8992203842092698 -0.0036016361729655963
v -0.30401740054742277 0.952661930252739 0.0029439448896324207
v -0.49671289202803237 0.859756584578908 0.1187220205621488
v -0.20870855633778512 0.9766406248284747 0.051125614383049155
v -0.26751615348189056 0.9558795449758585 0.12136475239129031
v -0.19801830585069605 0.9679613310015392 0.15440081681697396
v -0.1684225142247648 0.9834797531190308 0.06634328833528784
v -0.002336064413934537 0.9953739452138745 0.09604817537267951
v -0.6639091032223607 0.3328466428206297 0.6696549970107869
v -0.4720847423910452 0.45577783614897993 0.7545876755400489
v -0.5541370844405973 0.4047700992096179 0.7273879696788437
v -0.13299176317601114 0.9691640733610805 0.2074468361616874
v -0.1631898835260533 0.9322031120711579 0.32305792013136175
v -0.28449476539128676 0.923986825123622 0.2555603166826298
v -0.09856828892568888 0.9025671811048075 0.41911427559889136
v -0.2331621548044195 0.9150992226757833 0.3289814922227952
v -0.24434116042261325 0.851825969775724 0.4633464303725432
v -0.3191451561704639 0.7710237849593298 0.5510614233639652
v -0.024255101113751537 0.7040640061489929 0.709722174738392
v -0.2783765084710333 0.63664072431257 0.7191627824618311
v -0.4506100599356918 0.3615747046594579 0.8162195212289264
v -0.08385014724772342 0.9336756404749454 0.3481651205825127
v -0.0689319936391614 0.778174628213347 0.6242536569840419
v 0.02541764677858704 0.7233831140097597 0.689978850109032
v -0.006088808043603499 0.7732795381178509 0.6340360260622826
v -0.387739316847972 0.9205059180379163 -0.04823978676819563
v -0.30006618655802386 0.950856206779359 -0.0763724931745342
v 0.1621520164099657 0.9081332412098576 -0.3860061395675731
v 0.08131989872092844 0.9958794915245257 0.04013866506088402
v 0.25698401851500463 0.9655525167200976 -0.0408356668044666
v 0.19901845424950343 0.9769306418424498 -0.077447891497685
v 0.41238253442229145 0.8270483878423528 -0.3820099599104882
v 0.2619828060726284 0.8565461486821244 -0.4446276020448255
v 0.3060833897963392 0.94978489691187 0.06497390313726638
v 0.49627112515737193 0.7294768479112647 -0.47072125371230233
v 0.41841420694050835 0.9080131637855826 0.021015371099325053
v 0.5575519796464391 0.7492908016660612 -0.3573500867930049
v 0.4639550589899394 0.6981476010575978 -0.5452849075255644
v 0.46545033874896324 0.6452545105839326 -0.6058073940862435
v 0.5527349980458565 0.7000812405968502 -0.452073310979118
v 0.5602917223570494 0.7002446282228374 -0.4424145640722412
v 0.474240260355738 0.6957619886313093 -0.5394547530919785
v 0.46748538701964165 0.6505833445871232 -0.5984970548540137
v 0.4937160241442805 0.5482367747796447 -0.6750414256046641
v 0.45322561464978844 0.6668696955720703 -0.5914992403654764
v 0.44261377709200417 0.6636969103478078 -0.6029920857881336
v -0.17865049710118003 -0.9078065123669499 -0.3794355491907104
v 0.13210933847605924 -0.8682152572443915 -0.47827752380335947
v -0.07405190003659745 -0.9118523076212297 -0.4037842062126849
v 0.09114638840366536 -0.8786801258467987 -0.46862946164621594
v -0.08292626011935503 -0.9083054883113084 -0.41000533568012587
v 0.17856827199161804 -0.8668110799518202 -0.46556624008908426
v 0.23669649535640136 -0.8261444096369575 -0.5113317744005357
v 0.19060920343360543 -0.8433406119376227 -0.5024387960966813
v 0.3187288103133527 -0.7757850838797126 -0.5445819030283525
v 0.28352946812900914 -0.8050796378959771 -0.5210161392392405
v 0.386806310835651 -0.7541669164369682 -0.530672347168824
v 0.38094696486510926 -0.7344284416872279 -0.5616887696945092
v 0.35950773672180436 -0.7461178033667434 -0.5604127146455113
v 0.39318636841944066 -0.7508037741031774 -0.5307524587616687
v 0.41162977483585517 -0.7423009989577624 -0.5287250281714414
v 0.37126237142533863 -0.7327847736402908 -0.5702549667338125
v 0.41005475866556074 -0.7244956883823205 -0.5540406956272765
v 0.42529507428833385 -0.71420537702092 -0.5559089666667432
v 0.5835922464702041 -0.7927976031163042 -0.17576134487680625
v 0.7883200173589241 -0.6142445929590112 0.03542781748632196
v 0.6352467330105147 -0.7587906404686462 -0.1438692188643896
v 0.8280176002051908 -0.5606835848784478 0.004557564951733658
v 0.8009673934983748 -0.5929611257153286 -0.08275468532252425
v 0.9811426008173016 -0.17685197609524542 -0.07799086749528988
v 0.4265577005802745 -0.7289755062067017 -0.5353907352825149
v 0.48758324050061475 -0.7098101273022052 -0.508362239709193
v 0.4337483971472084 -0.768609836772777 -0.47021404358903673
v 0.5332961274147944 -0.7223360152532382 -0.44025665418305365
v 0.3956497965787914 -0.7877210194559926 -0.472183051341715
v 0.5674582173304521 -0.7395068070071854 -0.36210613633875743
v 0.7927549943674487 -0.5048112874556295 -0.341621256602771
v 0.8335682070159369 -0.19256870714154412 -0.5177657165959042
v 0.8522585736267093 -0.1314205495240374 -0.5063437200583877
v 0.6148403897621424 -0.22351135468768304 -0.7563160512925887
v 0.7893009721417807 -0.4684507575167624 0.39693559069200557
v 0.656011097805117 -0.205884952197404 0.7261272794870041
v 0.7918998360760946 -0.2349097939835767 0.5636595056532337
v 0.7214649998313957 0.07863478486419709 0.6879715289368054
v 0.7437897670453532 0.33713997125644135 0.5771597891570627
v 0.6411846873579624 -0.17999301528157877 0.7459790286244764
v 0.6454149055880962 -0.18628417749039203 0.740768388135885
v -0.02190829193266207 0.23505445982154993 0.9717352662441517
v -0.33421436846851704 0.2976235203578113 0.8942712094432057
v -0.438666269342902 0.28869732088193345 0.851014548087384
v 0.6507932912671001 0.18441039374674406 0.7365194489759971
v 0.48574466795820437 0.06985475172334914 0.8713050161750723
v 0.26400334829085376 0.415238048554591 0.8705628036642694
v 0.5832239759776371 -1.1761315415825569e-06 0.8123113897043752
v 0.039201214588226826 0.40007683789111215 0.9156428280491561
v 0.0948524259171009 0.3822825771091362 0.9191643207481665
v 0.25120427629405095 0.67279608859819 0.6958748700294893
v -0.2454942859076682 0.566461602317512 0.7866726184929542
v -0.4129800596942224 0.5631835822271463 0.7157315998366676
v 0.7463630809236356 0.11295838143046583 -0.6558830349222246
v 0.8065787512578438 0.021329099688750446 -0.5907417265826111
v 0.8617305650833672 0.2760020691122559 -0.4257267798093679
v 0.9913302387697456 -0.10313413659096826 0.08141073375393869
v 0.9036618881798464 -0.4215523869765306 0.07542398083914696
v 0.9921668824738774 -0.028689637208169923 0.12158035219117688
v 0.9411381315983961 -0.3240886679375868 0.0960497400617026
v 0.8520535891410632 0.49825389666656894 -0.16046100986972564
v 0.6226069960161231 0.7602568843316385 0.18539147320772015
v 0.9883800800125728 0.1273667716983826 -0.08296097215843184
v 0.961329825822287 0.2751585845357356 -0.011520388048223286
v 0.9189101245261965 0.3543325984866824 0.17335683630282803
v 0.9846477380956538 0.16845379834271254 0.04574002281400318
v 0.9698621958620881 0.23564152664247043 0.06197089606561043
v 0.6927530326193287 0.6424950189209286 0.3275566919763948
v 0.8115975868178582 0.42015254793830886 0.405932498738862
v 0.9642942026051142 0.2209860569559855 0.14595154488121334
v 0.677683585756376 0.6312475684128421 0.37718889825822655
v 0.8171057421198163 0.5399727467308691 -0.20190997742247604
v 0.3464387059837133 0.8687603309530489 0.35388657838166065
v 0.49895344447837964 0.7292896221854227 0.468168887492328
v 0.250124743827258 0.8738737098287545 0.41687210484209497
v -0.16234636048939086 0.9854485599332581 -0.05034674727642832
v -0.2938305801468179 0.9496662302457006 0.10861694757957524
v -0.14443461430231924 0.9841506154830757 0.10288930088023632
v 0.6441878594358719 0.15404291668825373 -0.7491947554365321
v 0.5930802900205353 0.3511759936603144 -0.7245213530779121
v 0.5834818806491384 0.2555273923489548 -0.7708791388495916
v 0.09044478148667887 0.9511582495270487 -0.2951571206297883
v 0.27265625707513363 0.8651102696344335 -0.4210021221452648
v 0.5263613670917979 0.414484530802781 -0.742392271618214
v 0.5766218911473586 0.3321481330702618 -0.7464481310496957
v 0.45178616449227554 0.6600008243287117 -0.6002400965103711
v 0.5468638613002342 0.4629178632099776 -0.6976008666314191
v 0.5225365742203099 0.38148594720340273 -0.7625116397068477
v 0.5133037277142354 0.4624157541639726 -0.7229736879137681
v 0.4601816623080558 0.6338016337105757 -0.6217140233107176
v 0.4591861719470762 0.653960589530341 -0.6012350678675681
v -0.2879812218505459 -0.897428369379441 -0.33419924849470306
v -0.16315481197921372 -0.9078375114663444 -0.3862791220123377
v 0.15123696183525354 -0.8562008484491321 -0.49401162788929187
v -0.029890581036316127 -0.9011339218479615 -0.4325091999717735
v 0.15443381896770164 -0.8576478462345779 -0.49050011968218804
v 0.04147588608452101 -0.8910508258173898 -0.45200462020166504
v -0.12105480522804941 -0.9077650674759892 -0.40163206595279677
v -0.0830268362650154 -0.9057066301672169 -0.4156946529978063
v -0.2060810493812219 -0.8978670705676333 -0.3890569684200902
v 0.42407608760583626 -0.7001254210854219 -0.5744422222215978
v 0.4152168926195332 -0.7118766502551257 -0.5664155426053563
v 0.41241568938116346 -0.7201133654907022 -0.5579874908937601
v 0.34650983780148475 -0.7756460688787508 -0.5275453612152502
v 0.24226112649953097 -0.8321178871084222 -0.4988881322915924
v 0.16040702401601714 -0.857814085842506 -0.48828739567647117
v 0.24505044560999673 -0.8292427056224446 -0.5023015172964438
v -0.21672489521104757 -0.8968988519733881 -0.38549029705633187
v 0.26738378456744766 -0.8083143274490409 -0.5245320388603478
v 0.1242460573616391 -0.8678108949532596 -0.48111034891229565
v -0.21247907268393287 -0.8908458799271843 -0.401554805584663
v 0.36700222348445205 -0.7442214162205143 -0.5580715470226019
v 0.4103515460905884 -0.6786167931448593 -0.6091722717613228
v 0.30988000195064136 -0.6805564363204247 -0.6639407514032515
v 0.5378212717423152 -0.4656108606771734 -0.7028191844855549
v 0.5284775221501358 -0.4454995834587104 -0.722662874181432
v -0.26846302271865174 -0.8682269159693757 -0.41726445789100153
v 0.12435149602700116 -0.8655968169487208 -0.48505551839360583
v -0.4311220476975073 -0.7746601922551203 -0.4626395643742203
v 0.2569200014818892 -0.8202766301196336 -0.5110169888742682
v 0.37309872814306955 -0.7541110691233099 -0.5404755632623203
v 0.3032670396680022 -0.7856212275922487 -0.5392850724871352
v -0.19173700323039997 -0.7778467539122988 -0.5984908930136909
v -0.7929749292319453 -0.43153516292832755 -0.4300792540521025
v -0.3778213238982274 -0.7062020262407559 -0.5987735342692105
v -0.7890781530359272 -0.35692682326539354 -0.499958909546659
v -0.41888600339955295 -0.7758640120452016 -0.4717727747221885
v -0.46130158362297186 -0.6654919040931534 -0.586789037502753
v 0.5074735859978932 0.4672577384462977 -0.7239756662875418
v 0.4820395027126395 0.559824909264717 -0.6739688336943354
v 0.5044812393040602 0.4683261718773617 -0.7253752655866723
v 0.4914012212690873 0.5161762360900183 -0.7014890826172502
v 0.4766743638112416 0.44359908493953937 -0.7589475625667107
v 0.4712028828290065 0.46661335243742624 -0.7484916983779711
v 0.6230531969098491 -0.1054120906304605 -0.7750438729319343
v 0.5488962654564906 0.2245568789961125 -0.8051627772465907
v 0.4592513363853184 0.376341422291369 -0.8046460985402268
v 0.5421495413567482 0.21979424513236145 -0.811026734832683
v 0.5015993046655826 0.2654052958123169 -0.823382150956517
v 0.5341795761334873 -0.04773324268161903 -0.8440223444820316
v 0.5833730536086145 -0.018564528479160687 -0.8119921419605655
v 0.5651777528061641 0.035947155661702875 -0.8241856039344582
v 0.5495554458059153 0.1488144404238831 -0.8220967548326585
v 0.5652925046455708 0.15927257427367345 -0.8093680443875793
v 0.5463128672854717 0.07902097072094869 -0.8338452717528867
v 0.42170399614697535 -0.09934302747405979 -0.9012750426623163
v 0.5494009596688638 0.08618097425113211 -0.8311025359076082
v 0.43974286403822743 0.17617394369153275 -0.8806752835703008
v 0.3846913816573412 0.22493663996228397 -0.8952184364059108
v -0.03690967175879869 -0.6849122564693005 -0.727690096860462
v 0.19335220353075827 -0.4071152644260437 -0.8926769218822187
v 0.2932483978130564 -0.4096178140951872 -0.8638394663107006
v 0.5956246319860465 -0.1783751414242978 -0.783207256537724
v 0.449890765153032 -0.3822544165935168 -0.8071430235248085
v 0.26209786179620986 -0.2239985791591464 -0.9386849031365841
v 0.35923313466152973 -0.32867741980056064 -0.8734544685754932
v 0.21517248254567778 0.10851763163727982 -0.9705280657348172
v 0.346386101502318 -0.15999534415938765 -0.9243474230684829
v -0.5098133795412446 0.235170424749944 -0.827517485835596
v 0.12053410594623436 -0.2880416434874051 -0.9500018636407072
v 0.0639000514430473 0.15434128045073478 -0.9859490618558362
v 0.26992399070048056 -0.9601829636891963 -0.07203967993653569
v 0.4987374038585831 -0.849624923728401 -0.17145988152308225
v -0.015838373981299367 -0.9693976278383513 -0.24498445879485042
v -0.1555106776835116 -0.9459495024608889 -0.2845979056852176
v 0.019964963175717308 -0.9712382419248182 -0.23727131657277978
v -0.26424094713263574 -0.9153702865300535 -0.3037662923965322
v -0.29419000030440334 -0.9060201859747573 -0.30426906896226147
v -0.31112634901606845 -0.8867925715749901 -0.3417591695146562
v 0.008719015980237272 -0.9590893859333115 -0.2829691300308213
v -0.054975634738604943 -0.9233958067923074 -0.37989191039487963
v 0.24095267679376034 -0.9655047930206597 -0.0987031012686764
v 0.18613972120066663 -0.9681815054479207 -0.16726200016721052
v 0.20960201426433536 -0.9692563445375877 -0.1288764299240418
v 0.099763824537186 -0.9354232343200601 -0.3391615426428997
v 0.17984689689233377 -0.9496357584988416 -0.2566067416466839
v 0.31218132784604147 -0.9488911288282671 -0.046351312552067
v 0.31925092882123646 -0.9441029853494469 -0.08214863054878067
v 0.3595504433961489 -0.9329561059624811 0.017787158315935955
v -0.3530759146129767 -0.8825692980268806 -0.3104977177058623
v -0.256149882180675 -0.8920807789302077 -0.3722621679973674
v -0.2662143426427807 -0.884649726896447 -0.382785559384512
v -0.4748141348542111 -0.774774745091268 -0.4174633297804825
v -0.5370093162285565 -0.7237247478515133 -0.43340914114840906
v -0.6315372262930884 -0.6293762883972256 -0.45282029482937813
v -0.40781828493590017 -0.8144913207298676 -0.412659829554146
v -0.38627583571867147 -0.8420718604380648 -0.37643852167149183
v -0.7458437455463557 -0.4802425615298518 -0.46161043025979126
v -0.6856890717987065 -0.6092088948577578 -0.3983654342962223
v -0.7356302459550088 -0.5332450149141659 -0.4177294522838487
v -0.4508149635804523 -0.7681586228913402 -0.4546407358449474
v -0.5497903994578901 -0.49917880749039206 -0.6697395275899457
v -0.7953533249187353 0.3265083549130513 -0.5106910834474059
v -0.7081322667017753 0.5522480235551749 -0.43996683208533877
v -0.7640954899118468 0.36076569217987964 -0.5347954727205039
v -0.6034226006476765 0.11158406008985518 -0.7895759384387663
v -0.30598870942049333 0.6908888853063604 -0.6550140898235057
v -0.7776747990793778 0.09447125173024046 -0.6215280279065224
v -0.3522923586941638 0.786734704226129 -0.5068911117507664
v -0.41284575339834834 0.6391186434076601 -0.6489111985084727
v -0.14705356360197583 0.7580089357749356 -0.6354507870144699
v -0.04720582286269107 0.8100000713895068 -0.5845267270509111
v 0.3661662405813476 -0.928667745716199 0.05914813881193254
v 0.3695494198642941 -0.928535281942622 -0.03543242110975284
v 0.37203575694742164 -0.9274181053320976 -0.0385363913046031
v 0.11607119662654307 -0.9138771722194692 -0.3890449735054147
v 0.0618765234121394 -0.9093183845861502 -0.4114746302070897
v 0.11558165431398781 -0.7564290598348591 -0.6437825398559618
v 0.35632586390222026 -0.9169324003329216 -0.17962976349715334
v 0.3120134091515266 -0.8400827570686666 -0.4437438380254421
v 0.3249695467255374 -0.9178656085982161 -0.22785416005336628
v 0.24218757615086714 -0.7433309952460008 -0.6235416661817862
v 0.19744350328517163 -0.7030141141089162 -0.683218280181476
v 0.08600883644809461 -0.631803203367425 -0.770342256576585
v 0.38668046068375866 -0.8434658822948198 -0.3728854069684377
v 0.18157277964984803 -0.6485222107038641 -0.7392227458039969
v 0.05498289018700023 -0.5830218981458162 -0.8105938243467772
v 0.22936355108682246 -0.6318231052618472 -0.7403998413628405
v 0.3181582905143846 -0.68717247351236 -0.6531227249329711
v 0.3286225232895926 -0.6857745865706922 -0.6494000720669635
v 0.04833100124927258 -0.897006927890349 -0.43936623178728806
v 0.010503614455538303 -0.8709667149083778 -0.4912297381114848
v 0.012150409671477892 -0.9085104231634713 -0.4176855019606805
v -0.10613928931902353 -0.8851072771700965 -0.453122013549762
v -0.17111583918961945 -0.7569913492936629 -0.6306214923969782
v -0.2520701599501193 -0.888115834090624 -0.3843317573402391
v -0.35889584854561746 -0.8591240339839181 -0.36482826662406614
v -0.3265907518331436 -0.8936062720476288 -0.30790633539146467
v -0.3618907714398815 -0.880373867133358 -0.3065565585912396
v -0.3431818978594998 -0.7481350766951084 -0.5679085243240817
v -0.40824200799454213 -0.6859552371672784 -0.602332030952503
v 0.2657230109736976 -0.5540124965037498 -0.788962252048065
v -0.2127264321056748 -0.36340672746476155 -0.9070187514693079
v 0.06125448000567779 -0.8053536546110341 -0.5896213867253165
v 0.05940176410496506 -0.8316657062420174 -0.5520901950607205
v 0.03790165309606896 -0.8148097981480442 -0.5784880789908542
v -0.06004420067584147 -0.6791688890852857 -0.7315219163250396
v -0.022477117531163396 -0.851287490262259 -0.5242178822879611
v -0.13720627403375596 -0.7164785068160678 -0.6839831778899184
v -0.24630976288687115 -0.6587223525437401 -0.7109264117796257
v -0.11018925361053443 -0.6354176702714337 -0.764266126879621
v -0.39554874404506973 -0.5538626200296196 -0.7326509327219158
v -0.41346899981717855 -0.5220457139993362 -0.7459970902658436
v -0.41837242123965107 -0.5398630410721266 -0.7304193412214843
v 0.32750998249154883 -0.532875628355912 -0.7802440490466284
v -0.056959797030852265 0.268110962025367 -0.9617027053949866
v 0.09283292986315601 0.2601860592215473 -0.9610854601541862
v 0.3629581169706502 -0.9027249775909941 0.23097406815151109
v 0.3930858446043094 -0.9113969257611897 -0.12181610109000032
v 0.38020724094470504 -0.922902889707349 0.060767673174474096
v 0.38462286660818185 -0.9227898692334424 0.022893399097361256
v 0.3498860242778736 -0.9000139247081655 0.25991288030112675
v 0.372594645581855 -0.7332639492221704 -0.5687681521101883
v 0.3975199095150267 -0.8667881272773995 -0.3010917865869207
v 0.3745928224414458 -0.7127366178666465 -0.5930318127447846
v 0.3445604311440435 -0.6039483719169702 -0.7186963707635319
v 0.3530719203153808 -0.5721544207502732 -0.7402564001079144
v 0.39816011371027915 -0.7135486750511593 -0.576469263866646
v 0.3545179402435741 -0.9285981733835427 0.10964699008272656
v 0.363808378509051 -0.9303842881873075 -0.0450393163892632
v 0.3859107466853662 -0.9225231584079303 -0.00489058215347227
v 0.3979711594148217 -0.8928260857985794 -0.21090409382373365
v 0.3784378792967331 -0.9150251665616579 -0.13969150322121082
v 0.39865768654967826 -0.8730980510531149 -0.2806632184703061
v 0.3948313154856668 -0.846439780474159 -0.357278505290642
v 0.3502481494094443 -0.8705027299861215 -0.34576181241133214
v 0.3439089791455537 -0.44195862402412994 -0.8284921174723154
v 0.3399088749647999 -0.28749707628899757 -0.8954369815042499
v 0.3451755757533866 -0.3076669613678641 -0.8866763010174477
v -0.045708488654721276 0.8184065021962624 -0.5728189340688558
v 0.004461182322141824 0.807872749219515 -0.5893400706899127
v 0.22221039280712546 0.06124058763356684 -0.9730735489955518
v 0.032466979728451764 0.47420733977407975 -0.8798143520832692
v -0.1773391231428295 0.41291967748979225 -0.893335421521311
v 0.28131470174269757 -0.8794020488946793 -0.38407561102373733
v 0.3194597177905836 -0.8519862645126856 -0.41480705610064167
v 0.2827512909666961 -0.670313923239459 -0.6860983542962272
v 0.16000603918263842 -0.5978902025742283 -0.7854459708285684
v 0.34563435562061234 -0.4980035758869497 -0.7953171258174535
v 0.3541542822052544 -0.4831815686892853 -0.8006936468304482
v 0.21002980240621033 -0.1827179264377401 -0.9604694901242313
v 0.2861088012840956 -0.29648413511733607 -0.9111744681736331
v 0.23036862292760485 -0.13309818293326173 -0.9639580754733594
v 0.16482631894886907 -0.244628394291405 -0.9555047008195064
v 0.18800444168971628 -0.422243233449103 -0.886772226511061
v 0.24404798650605322 -0.29696854625055574 -0.923174015459801
v -0.025994313646759068 -0.10725514377549428 -0.9938916589808631
v 0.07249957813957877 -0.28071462266291 -0.9570491689525692
v 0.2667383807491033 -0.9261047978759942 -0.26679681329882954
v 0.008787656067075399 -0.915975930221146 -0.4011369745565136
v 0.7542303900343037 -0.6469307995824108 0.11232568406364078
v 0.4328879980138541 -0.8983715340878822 0.07440811727320285
v 0.9287487826564667 -0.32297575532784106 -0.18196801967527634
v 0.2658426082179053 -0.8210030727469647 -0.5052540570801423
v 0.567087129362406 -0.8005385104782079 0.19377894868338524
v 0.4557849996289117 -0.8509824554014237 0.2609384883688814
v 0.32573054105984905 -0.9415715628672179 0.08568901108451878
v 0.37899390096328833 -0.9211871055117795 0.0881926282149405
v 0.5251151788696324 -0.8332232963345729 0.17318483584327604
v 0.4908154910902566 -0.8666040091523266 0.08998691586527795
v 0.6019467830781481 -0.780726996515462 0.16770637213241155
v 0.42409628948259187 -0.8795741352547315 0.2156192891139124
v 0.3829336768019397 -0.8983514242497753 0.21523595823966746
v 0.39092592413645294 -0.8991432291849207 0.1967698535065099
v 0.3634302474488669 -0.9145290261010036 0.17763759640910812
v 0.3589735614677177 -0.9125502369904726 0.19593378252821844
v 0.30910956501260517 -0.9332969188725478 0.18277893215774874
v 0.286649522034472 -0.9372535193744552 0.19846383030065345
v 0.44896657175361515 -0.8305987648631556 0.3294460642587891
v 0.4645440624283465 -0.8844632503514446 0.04385855492747401
v 0.9193906480055865 -0.3349913144303658 0.2061592967005937
v 0.16977416147962604 -0.9826140916025636 -0.0751417399183603
v 0.42055594556169656 -0.8415282555894655 0.3390617815343664
v 0.1557353264390777 -0.7584489346862092 0.6328520534629466
v 0.2096022513310626 -0.7818512471110134 0.5871758881526923
v 0.46859331280203015 0.13531504030191105 0.8729892021470316
v 0.8654517703881426 -0.33707324350160295 -0.3706411494253423
v 0.929597671663594 -0.1033692636987973 0.3537837816520046
v 0.7321559577680232 0.2742719325807468 0.6234761908070034
v 0.31613038083668943 0.015255146411771165 0.9485930965487812
v 0.36838215261935836 0.2792802604667996 0.8867339655979827
v 0.3109051024650453 0.3212596261489494 0.8945000111055544
v 0.3050713115463665 0.6081202168951017 0.7328855958980462
v 0.31430728133086144 0.07573534126064671 0.9462954564968259
v 0.28827561333808555 -0.9393244236705149 0.18592148302604894
v 0.31694936897455256 -0.9274345840432883 0.1985149612172488
v 0.3727795284902205 -0.9034645973802937 0.21162973425082052
v 0.29172836326354845 -0.9383956400447506 0.18522468737339995
v 0.24780325330920844 -0.9298252116934841 0.2720636384167127
v 0.23345598886368973 -0.9210897452382362 0.3115958640300575
v 0.24125656780497237 -0.8214150315233341 0.5167906872985278
v 0.3611231747657632 -0.8819907049312546 0.3027910980560104
v 0.22999850117430853 -0.8433146474677169 0.4857170934031166
v 0.48428947112775894 -0.7884976539644958 -0.37912419844594697
v 0.2370133247956127 -0.8688368614329898 0.434680563269858
v 0.10914125679599435 -0.4440455732033259 0.8893321735906784
v 0.21925395826477037 -0.8817864096675411 0.41758882828789595
v 0.24484142602939893 -0.9258370300479948 0.2878862099715771
v 0.2168932227775461 -0.7645916521495856 0.6069241594930433
v 0.17887371020650536 -0.7441346982801017 0.6436363465595625
v 0.11214911600507922 -0.38360277009616345 0.9166632372653707
v 0.1708203654019152 -0.33033605460182275 0.9282771643178872
v 0.2470516299349405 -0.07739129289616814 0.9659068691806414
v 0.2507158242205427 0.016585570795666114 0.9679186403447326
v 0.3283019010698164 -0.38985953689349984 0.8603646920039957
v 0.28947691365225253 0.04522497866618114 0.9561160064380315
v 0.3283489257192335 -0.1451287093583155 0.9333405812987106
v 0.2181146790516642 -0.938985614139628 0.2659548894474686
v -0.008928382256522347 -0.9554708770052421 0.29495031307851666
v 0.14720941480688712 -0.9548657170629993 0.2579938963812479
v 0.21633734319603443 -0.8957120421393657 0.38845603548588103
v -0.1674127685505663 -0.9596314306602927 0.22600991618757446
v -0.3908787912819169 -0.9063393285388787 0.16050791902483227
v -0.2662671301388876 -0.8672707057692174 0.42064633401726476
v -0.11605747388182502 -0.9885311162612643 0.09662760961251256
v -0.4129363929626952 -0.8999293066596113 0.1400384889311144
v 0.3346183886880625 -0.5044997376815895 0.7959337589466927
v 0.3388982740696431 -0.30467544533271707 0.890124054749633
v -0.2513591636728399 -0.9658017001066194 0.0636053999975956
v -0.009684546325668904 -0.9944280699031457 0.1049715359093612
v 0.11532149533051864 -0.9624803944398959 0.24562663339620916
v -0.07330054085642093 -0.9969959392514796 0.02502254635756096
v -0.3011179658361273 -0.763841400155815 -0.5708539971470087
v 0.9246154555792293 -0.37980623798317714 -0.028870069156138812
v -0.5899597816454512 0.7973606728112507 -0.12713541400743383
v -0.24275768646053247 0.9521869374644885 -0.18549593468949185
v -0.5746729516039746 0.7022048871157807 -0.42030857141567995
v -0.5693161556429432 0.7826756189308204 -0.25159091886472595
v -0.48057770312687187 0.7315209783375963 -0.48365496948682946
v -0.07380740748367565 0.9088413657385632 -0.4105603957068945
v -0.4104772524917836 0.8880516174617976 -0.20705735898605918
v -0.0549594231907694 0.9517039175381463 -0.3020581320624941
v 0.016294881248333302 0.916789946179926 -0.39903718050892345
v 0.03564819271315701 0.9502942310063591 -0.309305804782772
v 0.10268115080798781 0.9365160827952393 -0.33525245403219284
v 0.9958823298008328 0.07736789656240839 -0.04725033091919836
v 0.48523371738590043 0.8619751310943295 -0.14678934868298069
v 0.984567783809228 0.16920014519842516 -0.044694406247503884
v 0.9812586302576368 0.18374350040139376 -0.05805020762365683
v 0.33110468657181263 0.888514130890442 -0.3176670044845453
v 0.44822039261220253 0.8051542748071254 -0.3883620390902989
v 0.3850054498771119 0.7505703153000407 -0.5370428338180488
v 0.7750781538920853 0.4495821505300826 -0.443992956345011
v 0.6869659206065484 0.35249443370977246 -0.6354726572629418
v -0.6487253014503251 0.6989300401314769 -0.30108517442743155
v -0.70572288242275 0.559015102462225 -0.4352669622703675
v -0.7009479718272356 0.6412177053250192 -0.3122687867350846
v -0.675376979300505 0.5895049646211935 -0.4431137918389483
v -0.6695854067300593 0.5426984817266457 -0.5070835641447422
v -0.09711501405835785 -0.17387958215660287 -0.9799666142035096
v 0.4679902002464385 0.29348591431825477 -0.8335773452836135
v 0.46722174939578937 -0.0072593842111147895 -0.8841103654139645
v 0.0621632487454337 -0.29490824804525323 -0.9535013664071451
v 0.07056123480553958 -0.20436100317618058 -0.9763491652700599
v -0.2928441826487144 -0.2925586077007149 -0.9103031065249781
v -0.463784623259859 -0.2895369799761092 -0.8373005197980142
v -0.19880919658995425 -0.5737613155266025 -0.794526812736008
v -0.5022857649211797 -0.2815201563821827 -0.8175912254348726
v -0.05766822241838082 -0.7995082919032759 -0.5978803118526401
v -0.21757236599108898 -0.4784177998115819 -0.8507518289022273
v 0.9165255337987336 0.39190758885304133 0.07993364557144851
v 0.7251805074421688 -0.5126442209935781 0.4596837329162367
v 0.647837067268753 -0.43042611043647205 0.6285224719348951
v 0.10581022182622966 -0.23548860535603877 0.9661000536717467
v 0.07326956736100355 -0.3356201404986017 0.9391435948727064
v -0.19344260627359455 -0.38529901579661324 0.9022885494697582
v 0.13173788114665227 -0.9332330793415753 0.3342471395444271
v 0.037119076982901456 -0.8220374130543869 -0.5682223734268024
v 0.07336057803864532 -0.8809918442161306 -0.46740945220919183
v 0.07790864813569896 -0.8855738760042263 -0.45791828166662985
v 0.043672789416248664 -0.8862692610637903 -0.4611068036345234
v 0.16909316693337115 -0.9360809483701958 -0.3084800787648982
v 0.2769035552720557 -0.8544719557318787 -0.43954760600580434
v 0.6105545284329021 -0.7696651704638199 -0.18665126087164716
v 0.8688345792073733 -0.3814577944115074 -0.31562069807960114
v 0.7247685505201491 -0.6811900389206799 0.10339574000975427
v 0.22113648744652822 -0.9461732976775045 -0.23633608417228208
v 0.6273376641617805 -0.7720371506277776 0.10201026014369088
v 0.2616194600822945 -0.9480315855808417 -0.1810838779331942
v -0.04479155877052029 -0.954375463263219 -0.29523074261333854
v 0.20308957297423322 -0.9730352180942229 0.10934847825860067
v -0.04643545805591386 -0.8936988940801139 -0.44625781220626126
v -0.0289864213774453 -0.8688847717149432 -0.4941649935574152
v -0.02246799340278922 -0.7880751780315052 -0.6151688410859768
v -0.12285632861701296 -0.9363118313878667 -0.32897792771225176
v -0.09655717306306763 -0.8451270209637037 -0.5257727938635514
v -0.21587506381109048 -0.9764128114210476 -0.003997313773442967
v -0.09310756731027424 -0.7931403694611442 -0.6018798345522155
v -0.14389389502251726 -0.8377157528342638 -0.5268081856127251
v -0.23105878758868836 -0.2805695872491494 -0.9316075050088892
v -0.2528842389190253 0.005919032458914158 -0.9674784373623505
v 0.6014004135392308 -0.13303542759690412 -0.7877938293734923
v 0.3767198930241577 0.8170145151439306 -0.4365425571968844
v 0.29128351780962736 0.5095189895016742 -0.8096569098017019
v 0.2649250904849176 0.4772714942041766 -0.8378702866504283
v -0.1423246596732206 0.08149883963494926 -0.9864591377178574
v 0.5646942275512982 0.18683399341122417 -0.8038740500079956
v 0.13751567902008371 0.03221904289943147 -0.9899754397449918
v -0.08562898727873627 0.1568627517595315 -0.9839012926346046
v -0.16210884163789663 -0.7103151208644811 -0.6849621540888934
v -0.33562191501941724 -0.15092239480608194 -0.9298281351436384
v -0.4941852456533618 -0.19701073266403052 -0.8467394606333807
v -0.23305327206092188 -0.10632319247031681 -0.9666341350917719
v 0.37481348189291785 0.835961456500907 -0.40085321133326274
v 0.3636171564139573 0.8097803246228668 -0.4604762636826269
v 0.24402333622644234 0.8655276380519491 -0.4373951521737878
v 0.32587276904602247 0.8362580981858215 -0.4409981084006037
v 0.22377569744240602 0.32553555775293513 -0.9186680781831108
v -0.5747250863778871 0.23022458440511365 -0.7852946681491114
v -0.20339647098729835 -0.045075598429346934 -0.9780583142206549
v -0.32425657200537394 -0.1300691337871366 -0.9369843627015275
v 0.14921923886410227 0.4974191027024224 -0.8545805140649622
v -0.0008216894625260046 0.7270738648402867 -0.6865587519598274
v -0.3178986054329181 -0.3308123768196817 -0.8885401780486456
v -0.135736080672515 -0.47370962826840746 -0.8701579767430002
v -0.28942499026711166 -0.0019791617810782365 -0.9571986512357435
v -0.12055049722560746 -0.2114807038602401 -0.9699193211362666
v 0.332182029197614 0.7337344081746554 -0.5926963115616155
v -0.033531900322394254 -0.34721450370958273 -0.9371860541399862
v 0.17587181697386042 -0.0221110290016832 -0.9841647252319093
v 0.1845081973692731 0.18615710584042647 -0.9650400287286831
v 0.18177939534477527 0.052247851557233875 -0.9819503110828679
v -0.3423280842165945 0.06123228353503649 -0.9375831110945211
v -0.22286214100162682 -0.05716331815966212 -0.9731725546711376
v -0.15268316571133167 -0.21158119989362964 -0.9653606822115441
v -0.11542437652434001 -0.27619075993896525 -0.9541466750077287
v -0.18431237228250547 -0.10481653199159882 -0.9772627303058523
v -0.16631171913914153 -0.19300220051659664 -0.9670008080000424
v -0.281402833091633 0.23358344405502038 -0.9307261789545827
v -0.14417188858586247 -0.11304975496642225 -0.9830738626591685
v 0.07548478325551687 -0.7043393991873882 -0.7058385497046877
v -0.008176217606458471 -0.6880014538202243 -0.7256632476616889
v -0.08660819686338062 -0.30803987338264094 -0.9474230610674834
v -0.09176362653780777 -0.3770305205553066 -0.9216438701659249
v -0.0486293298343962 -0.5755087705494749 -0.8163484815325435
v -0.03877709853899574 -0.6104387375116704 -0.7911136987652627
v 0.22706489199128724 -0.6701342013679045 -0.7066552815779317
v -0.15301932892647646 -0.8687728493534143 -0.4709764550391459
v -0.17130239985547696 -0.8342351525958679 -0.5241251739585719
v 0.01699572243101501 -0.968718542890973 -0.24757934097625714
v -0.40007383877659214 0.0876513527569274 -0.9122818445450079
v -0.4647375704725114 -0.021410301635647062 -0.8851895783249926
v -0.47952806412990273 -0.15981513796631486 -0.8628510632714289
v -0.5302230554449221 -0.08573111152784785 -0.8435127076641173
v -0.2877912155528476 -0.6161032594128408 -0.7332073308358886
v 0.05440236098256935 -0.9012550529663342 -0.42986010820053094
v -0.28778569079750027 -0.7432961656032848 -0.6038958572234618
v -0.31490403719251214 -0.6657887561512583 -0.6764323909618886
v -0.24008967644277351 -0.3588252399745209 -0.9019985556656018
v 0.11677748798147507 -0.8842987862169103 -0.4520825975372594
v -0.19650098959424644 0.24026284968668404 -0.9506109215388364
v -0.36372942271391406 0.3676736744904128 -0.8558720559399756
v -0.08069453670834487 0.41130490996981095 -0.9079188635446184
v -0.21631617019290558 0.41238315835956024 -0.8849561826522643
v -0.0773271105858012 0.7706572446143363 -0.6325408518759009
v -0.162752613019866 0.6332011334607485 -0.7566821733986001
v -0.08013152829176652 0.8068987060677292 -0.5852293706913986
v 0.35763324413432157 -0.6428881895524574 -0.6773427776421067
v -0.024715440423111926 -0.1999633752326395 -0.9794916005613638
v -0.359316078766528 0.317765821958111 -0.8774490514754303
v -0.3802564291225338 0.3302939567854046 -0.863892904370687
v -0.45117807638254576 0.05966334671177521 -0.8904373242687529
v -0.4192665811074622 -0.10256956110911879 -0.9020504526357396
v 0.14962807637337552 -0.9887419645541122 -0.0008753801903408303
v -0.4174716951893689 -0.9021509829249529 -0.10881630265385857
v -0.5693631102157173 -0.815857097102473 -0.10100913737385873
v -0.6957404942630857 -0.7115822970201099 -0.09795815029971441
v -0.5562986277598315 -0.8247822323174273 -0.10132179432881167
v -0.5112447537398705 -0.8058671212571805 -0.2986753834016522
v -0.16125317312464882 0.2465832218211556 -0.9556119133170802
v 0.3199531933157161 0.23261217600997627 -0.9184342816222508
v -0.1464417817054513 0.11546243135155626 -0.9824577504998981
v 0.19691304636976892 -0.5062867753346656 -0.839582606591277
v -0.15767204779011915 -0.5434220780039115 -0.8245192359694109
v -0.6076047558220679 -0.6655228963702038 -0.43346941657909405
v -0.4572631883015014 -0.6998356884997803 -0.5487625950503406
v -0.6251077001857955 -0.6805383247737273 -0.38224069862142396
v -0.6166949635515266 -0.7164482966357306 -0.32617351237944087
v -0.7883872863619432 -0.5583544260136138 -0.2582359805562717
v -0.8194415759467183 -0.5549947937007093 -0.14316522823320513
v -0.8861938939848263 -0.45027198697615933 -0.10915823381015267
v -0.9794462018962414 -0.1839018911225276 -0.08285669576192994
v -0.9814202444552873 0.139454289362819 -0.13178317400804715
v -0.9217329352394887 -0.3778642245298459 -0.08733283411898876
v -0.8439846064692944 -0.53015297329964 -0.08141135636028417
v -0.7512478608064671 -0.6467495368560243 -0.13168784382100326
v -0.7711672010069338 -0.627540842542901 -0.1072083906775831
v -0.7790580434864666 -0.6200979980630619 -0.09245019024978554
v -0.7557206203480195 -0.6402722038843519 -0.1376148571698546
v -0.8363882431826641 -0.5152871628372712 -0.18690598299929337
v -0.8578433165956421 0.5007954982482749 -0.1153633958691016
v -0.7536785723774169 0.646175603677056 -0.12010703040093566
v -0.9948917510959873 -0.07182920371334037 -0.07092932464832603
v -0.996136672914096 0.016388009760514386 -0.08627376201212295
v -0.9966452199851296 0.030726096083115738 -0.07585652575938247
v -0.8190759718800555 -0.5674494452957337 -0.0843544860828795
v -0.9874265364837403 -0.1362597101240438 -0.0801381709588892
v -0.8731221168527696 0.4750916812841761 -0.10929621876859803
v -0.8423067244972224 0.5283134653608313 -0.10679074953005029
v -0.833238929160564 0.5444643986026454 -0.09628813834328863
v -0.8571411311621933 0.5026756524554604 -0.11236667521321876
v -0.8928286984674008 0.44044431465869005 -0.09415795706069702
v -0.7251059324675457 0.6726539994269068 -0.14750587701972326
v -0.6744029032049048 0.7008064544819086 -0.23248879006371984
v 0.4106415050769797 0.677457805096392 -0.6102659064883864
v 0.6652161914646741 0.586799982367358 -0.4616851733669843
v 0.8714537866457355 0.27078105351404824 -0.4089571111970438
v 0.7829172162721152 0.5242675854639398 -0.3349389963807331
v 0.7955076482901937 0.5233937064145092 -0.30533032865650267
v 0.8044483026859579 0.507851312811037 -0.30813953394815763
v 0.8882019430393692 0.06696228978895792 -0.4545474234085028
v 0.8092670151543809 -0.3847831541886838 -0.4438792881355545
v 0.7962447982993649 0.44996025503767456 -0.40438841485338645
v 0.881911943969845 0.1710789104035069 -0.43927591499930624
v 0.9110829550299291 -0.07955587164523226 -0.40447337655363624
v 0.8639345059400761 -0.2990091377680847 -0.40522920054860706
v 0.8873649781694218 -0.12971888620721964 -0.4424436756012453
v 0.3598322343839105 -0.7136327262223034 -0.601040011282781
v 0.38220218841243436 -0.6960520614464955 -0.6078100154890755
v -0.061905421200270996 -0.7404544458463044 -0.6692495292881866
v 0.27164539439082236 0.7183162020608503 -0.6404924773665419
v 0.015255516941159735 0.7513797677222113 -0.6596936515236248
v -0.09282775045808855 -0.6724535096871724 -0.7342950946685498
v 0.08130970625768433 -0.6909998188511386 -0.7182673471737265
v -0.09797418989173443 -0.6281907895723058 -0.7718661736412482
v 0.27908561433136997 -0.6002377321613452 -0.749550455114989
v -0.009359780161954746 -0.5961955883465961 -0.8027846628775216
v -0.028530469139635167 -0.37978872016428084 -0.9246331923344793
v 0.4022765724742612 0.7705684043432488 -0.49436615323690986
v 0.5932478682464745 0.43757347422217596 -0.6757117887665927
v 0.22845195115221478 -0.024695428588457195 -0.9732419235840483
v -0.13423399985752782 -0.2795704624248789 -0.9506953191332062
v -0.15358338198299393 -0.5846698725022117 -0.7966010827050847
v -0.2672302192210899 -0.3031507342146884 -0.9147063147700162
v -0.17198599848064045 -0.3271519166640309 -0.9291891302365026
v -0.23043202114293823 -0.04600109893456563 -0.9720005054159143
v -0.19979495912879033 0.14083619387804514 -0.9696634162433223
v -0.1888781235761194 -0.2287039510466473 -0.9549971503674852
v -0.3294420766102677 0.025608943706346997 -0.9438284272901297
v -0.6596472961531189 0.332568406394219 -0.6739908751209389
v -0.5076514447814662 0.6258451196683389 -0.5921215219856584
v 0.030654499486743085 0.39756364392094823 -0.917062402835006
v -0.06161054521915213 0.6792650766031221 -0.7313023290166342
v 0.0858082058408683 0.4108469541511771 -0.907657276770848
v 0.056066288418679715 0.5704139447837249 -0.8194415799184364
v 0.09234359976320161 0.4090939855874462 -0.9078076726592214
v 0.28239559394491665 0.33175396131579427 -0.9001066812727123
v -0.10677583127678573 0.6723959973888016 -0.732449687385195
v -0.05442709289839155 0.2738894677424509 -0.9602198972206246
v 0.2299199901995321 0.47186430653154826 -0.8511644226165402
v 0.19953008490472232 0.4032167580104538 -0.8930867770141115
v 0.22703873638765792 0.42241683532645774 -0.877506370012364
v 0.36243697589245777 0.2922333059572842 -0.885007984933021
v 0.3411939371886933 0.3007549434655829 -0.890580238499986
v 0.30607664089284825 0.4223151815532699 -0.8532098085051408
v 0.11410898937315918 0.38633381599046707 -0.9152733587111995
v 0.30195833601876887 0.4186458408997569 -0.856479318609686
v 0.29171442868011904 0.41633291492306107 -0.8611443526212658
v 0.5286708517917109 0.13692500942606137 -0.8377103749265015
v 0.39661584120899185 0.4075778021856467 -0.8225425275738645
v 0.4562855768137022 0.6040783227887077 -0.6533703791331293
v 0.46150956512416014 0.5536056153269037 -0.6932025273882293
v 0.4833057106717795 0.5526079337593137 -0.6789993089674745
v 0.4681582626497524 0.6326067416194558 -0.6169574957567016
v -0.7592684696798915 0.6011537746736925 -0.24924993509633467
v -0.7871057541823082 0.589286767779703 -0.1822241395996982
v -0.7984676024974391 0.571807634657984 -0.1883759982291615
v -0.8262828870646942 0.5465663217827891 -0.1360949904914445
v -0.9939360522000241 -0.036981370806280084 -0.10355434491280029
v -0.9959708935009763 0.021297550192333134 -0.08711138648117037
v -0.9910236181694898 0.0801299707121931 -0.10701110233950567
v -0.8830539632668103 0.4618538667650524 -0.08310658044311545
v -0.883951979252263 0.4567205918365015 -0.100175842240146
v -0.8870996856322154 0.4540407295590541 -0.08307324270008125
v -0.8956169420283182 0.4355646906753624 -0.09029780389754807
v -0.7490086444707378 0.6581689794482125 -0.07615540033514574
v -0.8633162126402169 0.49421612383534247 -0.10215449052156926
v -0.948521959378679 0.2982021511085427 -0.10668443959017389
v -0.8284118257531641 0.553684018059181 -0.08466318620362569
v -0.7725401591331602 0.6295920259381331 -0.08243532860144855
v -0.6479870947417187 0.7515704015797522 -0.12350974260129015
v -0.701514892714755 0.7055348675268238 -0.10048584976658603
v -0.6875892503796042 0.7217807502272845 -0.07907952556605517
v -0.6535101678942276 0.7559303199480658 -0.03864986212230829
v -0.9241750351377869 -0.3422754116052267 -0.16955249051117754
v -0.8269202596699179 -0.48377980558426015 -0.286635629076867
v -0.5953069174598701 -0.64769708457733 -0.47549780299645394
v -0.6016767400771785 -0.6449455521400329 -0.4712009499405616
v -0.6849994117398237 -0.616561031318834 -0.3881086195579161
v 0.09575990034623434 -0.5894400219821897 -0.8021162646221026
v 0.5050820273791585 -0.4842447889916925 -0.7144222350633763
v 0.3743753793649613 0.39217952338180634 -0.8402608504300082
v 0.6140695999020662 -0.44853857412238946 -0.6494087110598149
v 0.506837779259583 -0.6004354019164638 -0.6185408585054255
v 0.18182520931124982 -0.6288214490938924 -0.7559915200704156
v 0.34100049597278376 -0.7117682623252946 -0.6140884321437313
v 0.5919016086501376 -0.639744989926869 -0.4902844414631671
v 0.6709106139168783 -0.5689932312173351 -0.47552670898965665
v 0.46884337289554673 -0.6852696393009239 -0.5573072878980759
v 0.20142357939923572 -0.7545105455225233 -0.6246137833552059
v -0.10726114363486397 -0.7375496248982809 -0.6667200296065405
v -0.47448124344621845 -0.5035645690392525 -0.7220043451573143
v -0.47600370833749744 -0.7059646572186427 -0.5244371958653534
v -0.3929880682059337 -0.585456704283637 -0.7090844982490524
v -0.25481310880143127 -0.666774750606472 -0.7003439951456905
v -0.21637048580601262 -0.6675491341849129 -0.7124338329424308
v -0.3705482292407353 -0.5309548625328941 -0.7620898528121411
v -0.2697879413298078 -0.6126579287198686 -0.7428759849999894
v -0.501100830746035 -0.09702351143112396 -0.8599327855450146
v -0.3729226162135706 -0.010974334631262482 -0.9277975459634645
v -0.6840322093890667 0.7183361164633302 -0.1268588203582747
v -0.8015132061922017 0.586460383147947 -0.11679383244615459
v -0.681460776317053 0.7029405223673469 -0.20368071178999927
v -0.5189654150720154 0.8404665800536961 -0.15585514355315574
v -0.5040640085171736 0.8378367666654666 -0.20964023407055038
v -0.5016186834214517 0.7906013374782598 -0.35118118061780645
v -0.32578014185786963 0.7543589488216741 -0.5699209379411544
v -0.986789222172691 -0.06970022844157046 -0.14624947575635383
v -0.9920456961184239 -0.02603728221172345 -0.12315598543286095
v -0.83095732291346 -0.3417833730532611 -0.43896930803967493
v -0.18286443989085222 0.8178807966225428 -0.5455562291271906
v -0.3729182389193146 0.7688116504060137 -0.519481119273163
v -0.3213587040847359 0.726162403331622 -0.6077966331731545
v -0.815170610804396 0.4942564210200806 -0.3020057376296164
v -0.8435249052668037 0.17645850149098308 -0.5072752028693958
v -0.5786890485237768 0.13434166432329395 -0.8044074231044199
v 0.06777580554848635 0.49123533591083685 -0.8683860229960068
v -0.3795924389155752 0.9223100795372029 -0.07248239442929419
v -0.09788880756924201 0.9897326549688877 -0.10414918646301823
v -0.004541119851028457 0.9508729875569137 -0.3095479603633142
v -0.09685637095543255 0.9951514704693735 -0.01709953882381786
v 0.13500793608397466 0.963113896252364 -0.23277560018166876
v -0.09555148670095007 0.7764861898765396 -0.6228475819333752
v 0.3623394956646509 0.8553550794718706 -0.3702401624664135
v 0.4206318550022315 0.7659359277391506 -0.486221140177747
v -0.006939562081949756 0.8378214945129514 -0.545900161027816
v 0.15139931002316792 0.8666087688810334 -0.47546555145773517
v 0.4278012967480882 0.7909683041940208 -0.43744164440653005
v 0.44444499403560117 0.7959594092169968 -0.4109954575851463
v 0.41663622160636665 0.7051734930155305 -0.5737112545469595
v 0.43588241224218405 0.7429185878169471 -0.5080142661126826
v 0.4560944343306385 0.6728031677067837 -0.5825064501757319
v 0.48592248891554346 0.7083173339834761 -0.512021375671626
v -0.7159973724180572 0.5635889985975174 -0.4119650511272594
v -0.7207489501622055 0.5824231754093445 -0.3759045032799879
v -0.6601125589695116 0.5167861108170452 -0.5451454165241744
v -0.5323518668934899 0.10294586167518327 -0.8402402271844464
v -0.7897622083514294 0.6068359776224171 -0.08958655324834419
v -0.6789379519922772 0.7321718340650958 -0.054476258556239304
v -0.6871062695783882 0.6975950994177248 -0.20309123953151215
v -0.6333292332565529 0.7141737002050798 -0.2980771850344331
v -0.5145235612792568 0.7466493092071211 -0.42164002887420415
v -0.5467241978973749 0.47238310300127395 -0.691337005687067
v -0.5243365734525799 0.6102963216491412 -0.593809361261285
v -0.7347686558439104 0.6090221925040272 -0.29867539474640487
v -0.6477328201568925 0.6570656112074372 -0.3856254351831525
v -0.6229414557533478 0.6511027935242221 -0.4336001556374883
v -0.4272682710276518 0.7676512940973135 -0.47765397019574884
v -0.37804003070366116 0.7968903298864866 -0.47122344733574295
v -0.40194819829938777 0.37416153422640364 -0.8357277021788975
v 0.17858352581710638 0.29870005373739345 -0.9374893077811656
v -0.1119304053551042 0.16435782416067363 -0.9800296373040007
v -0.42386555659230546 0.7577554789141273 -0.49612964445829727
v 0.4530524206667658 0.410629382294485 -0.7912818805738152
v 0.12540700756769446 0.9918566234974759 -0.022215329777036913
v -0.8073782320938436 0.5592279684386737 -0.18816075482675265
v -0.6333490451505915 -0.11676972869256279 -0.7650057630292071
v -0.42442371863762873 0.5139954654440824 -0.7454348855270513
v 0.4384691129240304 0.8193334480702332 -0.36937452251739855
v 0.49502571454645705 0.7549973894502092 -0.4300331194932999
v 0.4825640716266136 0.770991747667496 -0.41557627675766656
v 0.5391948663649492 0.7177713739082633 -0.4405373433473359
v 0.5587435820037833 0.69574589889225 -0.45137927925880306
v 0.42563518055144056 0.6942299152252732 -0.5804132302793006
v 0.132841985934507 -0.29064863388909506 -0.947563390170483
v 0.4766307487592743 0.8216755717272767 -0.3125258135959755
v 0.6247881856336279 0.6919451265953952 -0.361734246199502
v 0.4395959845310011 0.7208287227140566 -0.5358743536451819
v 0.589087951896961 0.7802374130664844 -0.21024976618575358
v 0.585824481469394 0.8092999875528349 -0.04293258736783137
v 0.5136422783986732 0.8554091886664751 0.06668380452840741
v 0.36859887350577836 0.8920788061351583 0.26140060079261856
v 0.6136187418724569 0.19016952875592558 -0.7663599610859195
v 0.5346088008870914 0.8277119050754065 -0.1705474485605329
v 0.00037274310153829083 0.9100478714528579 -0.41450299483441944
v 0.3757018411117824 0.913895658077146 -0.15376232546679724
v 0.36763606027091933 0.9188060100391974 -0.14366364572962528
v 0.5447338764012493 0.6564954599878314 0.5218033297289641
v 0.48517344806437324 0.7028964946482704 0.5201377155182084
v 0.5311448326806619 0.7299604700520601 0.4301661061473894
v -0.08778286178925156 0.8623030172610412 -0.49872605265676007
v -0.2512877100991412 0.844864535993555 -0.4722905912396784
v -0.5818341502900916 0.6849916632875328 -0.4384694319821924
v 0.37292764362612274 0.7569077254900638 -0.5366709119310696
v -0.4987875516696815 0.6215459825966382 -0.6040625545565166
v 0.0733730255672052 0.5681285766035099 -0.8196623204500643
v 0.4210607854014323 0.7887752120032729 0.4478185792553954
v 0.45995787358814144 0.8356604925293477 0.3001837699641395
v 0.37873944817422733 0.7963733419994381 0.47153571503050307
v 0.035310100705055115 0.9146564584453548 -0.4026869253059998
v 0.4314083394988592 0.8861029887883314 -0.16943535012276306
v 0.4635982938841116 0.8494973923643577 0.25185472454154484
v 0.4829742067065357 0.8721854035889834 0.0776436566791827
v 0.49547323632708207 0.8133359308141076 -0.3049441518217994
v 0.30453288626391456 0.7311866580224121 0.6104308251667717
v 0.2605263737529171 0.7344813154256828 0.6266284432338782
v 0.27848207293762045 0.7614315080362299 0.5853800420428071
v 0.4180869902709941 0.8346430288473765 0.3585725630365759
v 0.570953646900064 0.7892478389765228 -0.22605260839549207
v 0.5618230538846832 0.8272572452936149 -0.0005533831477638172
v 0.5426895437165413 0.837600110236727 0.06256288414191727
v 0.41711239193688227 0.8351405220550787 0.3585492447548355
v 0.6104049828997344 0.5521449895488396 0.5679275194664251
v 0.6177021303890221 0.384214901421584 0.6861654229400268
v 0.7087016733046073 0.3311402928675025 0.6229671297065955
v 0.22762901039470013 0.6961243438103417 0.6808787936052574
v 0.1710886851219655 0.5970689182857696 0.7837329702394165
v -0.04472803301865097 0.5128403943170124 0.8573179882745103
v 0.11510641687250887 0.7197982806194276 0.6845735519373268
v -0.2111517219111631 0.34668518315092006 0.9139060860490885
v 0.08009422773374544 -0.122678667830454 0.9892092089861881
v -0.058153496655239514 0.38790568100378503 0.9198626818562425
v -0.03020772532060591 -0.9966730940975589 -0.07569832780817227
v 0.3419588908482719 -0.9027313416422198 0.26103685905760027
v 0.5579430502498158 -0.7876697374360588 0.2612966463721677
v 0.4542749199638696 -0.8761129784609943 0.1614321717131533
v 0.3860797817552117 -0.9099404537740284 0.1514951243616886
v 0.376622338109065 -0.9097742797165861 0.17454619561430748
v 0.6561378968313553 -0.7075290813659042 0.26246077680911767
v 0.5949353731944336 -0.7982362186683647 0.09418514175829894
v 0.3139748757774556 -0.9487949277119819 -0.034755755329820275
v -0.36344098296892885 -0.7765684056389334 -0.5146378952836487
v 0.32523913666551035 -0.928054960742671 -0.18147587669437754
v 0.5009090420794221 -0.8403987814256113 -0.2069299875354543
v 0.5159142658576841 -0.6595408959914479 -0.5466610254987315
v -0.16433315141243335 -0.5285629599831203 -0.8328360058743502
v -0.2029586982416029 0.11499352724714344 -0.9724115669300394
v -0.3846478604846638 -0.32667177094371336 -0.8633258813988312
v -0.8405376578660323 -0.5166707846058621 0.1629347907717925
v -0.5814717403025905 -0.40628294752242344 0.7048579869604716
v -0.11894530103764873 -0.353277880606581 0.9279260500897609
v -0.2058523698460417 -0.8684962498716834 0.45093133156567305
v -0.06400487913356193 -0.008086914033132253 0.9979168188123291
v 0.34481084843286375 0.4502064568013528 0.8236623246557901
v -0.18341669521845208 0.49907582237577547 0.8469248133306079
v 0.06143177740304052 0.7175552502960071 0.6937871427878568
v 0.27316772696261193 0.7619301651336451 0.5872323359672016
v -0.8163107487216397 -0.5772899778955831 -0.019314319631639817
v -0.5115651466865068 -0.8544662262778147 -0.0904907113805794
v -0.4818318564275223 -0.8762598018544184 0.0026118548318863483
v -0.7165781401805167 -0.6949106787466162 -0.060124184646021754
v -0.46439149464476326 -0.36833791950166855 -0.8053991040215933
v -0.3308079459484309 -0.41604256401680706 -0.8470387758678473
v -0.35977926298236396 0.2506704184672082 -0.8987342339275509
v -0.329733026626822 0.1189961594147817 -0.9365447374237108
v -0.29168240711188725 0.2235595789172619 -0.9300228427601936
v 0.1564820911895822 0.9293932123568724 0.33427774673452104
v -0.18037039122633902 0.9826353448537603 0.043523568477191056
v -0.33164379489268364 0.9387593685538127 -0.09350530071405769
v -0.8460931267282527 -0.355561373578377 -0.3971177791565958
v -0.5741716081907743 0.7831748155834093 -0.23867168366505664
v 0.03734641387023973 0.9350953212209565 -0.3524230208168997
v -0.33784450606857114 0.9344752276913111 -0.11232603683276499
v -0.16351340614414808 0.7906798959226726 -0.5899903966971417
v -0.0728232293565025 0.9109682588544064 -0.4059970549472761
v -0.08708950690448784 0.9736323877775468 -0.21084447172673532
v 0.050763483681872765 0.9294716964777494 -0.3653839544523742
v -0.0008853965721073726 0.39469426110750766 -0.9188120897777241
v 0.062472634496402536 0.11379566162128117 -0.9915380564230775
v 0.03407160384882236 -0.5901141382254773 -0.8066005391007194
v 0.4628721838276789 -0.2836113585843359 -0.8398297081674014
v 0.11077622391137654 0.5212960754676383 -0.8461554407542238
v 0.19290140486531956 0.04221429399779348 -0.9803096456647021
v 0.18306733757363805 0.2476521946475043 -0.9513962057943968
v 0.7126045314727478 -0.6957359585708127 0.09025662123111994
v 0.8938972710913432 -0.4387113404012727 0.09208707042124963
v 0.8025912081284032 -0.02855426303308443 -0.5958456232092566
v 0.9014755309304453 0.3143300243269031 -0.29755420168487
v 0.8725671698880995 0.42707013245223174 -0.23714475748096506
v 0.3763550705220897 0.6783436541336051 -0.631036249187779
v 0.44365238634709603 0.8747667769705811 -0.19482208806249018
v 0.4800779764218248 0.8553794796907332 -0.19455354604513453
v 0.6539991700858326 -0.7270904838880227 0.2088648217544621
v 0.7181620253409889 -0.6525424062300967 0.24172652611900952
v 0.6858234972730649 -0.6744124030519174 0.2735215552710251
v 0.380880541067717 -0.8484912618307754 0.3674133803126685
v 0.21599068484175177 -0.885602885847792 0.41116365675926886
v 0.520298576137214 -0.6801482751994065 0.5164181594530348
v 0.21029442057097797 0.12488257648495363 0.9696291037129591
v 0.41616455948381 0.664209673225872 0.6209932120585753
v 0.7351701490192901 0.6641967677672086 0.13552677107696315
v 0.951737024185593 -0.04678546005991521 0.3033278053877257
v 0.7480561025681086 -0.6465259523350231 0.1497206076928057
v 0.8393122524368477 -0.46510341476182054 0.2814849134257097
v 0.7738996271309085 0.5959165704649579 0.21438938446649727
v 0.7721068968198912 0.5364833427779778 0.34064139913540264
v 0.6918834386970009 0.55028948859404 0.46741714345937646
v 0.5513726169289632 0.734504305459079 0.3955902710671521
v 0.3712896129235985 0.8193342924516664 0.43684704479688485
v 0.42716170301872297 0.8989333712401852 -0.09721971788119678
v 0.26933596053888076 0.9580217729787636 0.09824674477673542
v -0.027052337029813824 0.9007357677641514 -0.4335242181603584
v 0.23113430134927718 0.6279127425899055 -0.7431705877071594
v 0.42278249818999986 0.7204301690260966 -0.5497593389668363
v 0.7330934395409728 0.5879306889706299 -0.3419232572793294
v -0.011561231728992061 0.9552944113456419 -0.29543006883642037
v -0.31169829447885106 0.8039570538879269 -0.5064555545384218
v -0.6246933604313967 0.6196061198323121 -0.4752330604022363
v -0.530479798592857 0.6172918528062306 -0.5809836071215202
f 1404 1816 421
f 1404 50 1816
f 1331 783 438
f 1331 438 437
f 437 1332 1331
f 419 1332 437
f 421 1816 419
f 419 1816 1332
f 422 421 419
f 422 419 437
f 420 422 437
f 422 420 434
f 422 28 421
f 28 422 1333
f 1333 422 434
f 71 424 426
f 425 426 424
f 426 423 71
f 423 426 1334
f 439 1334 426
f 439 426 1335
f 439 1335 432
f 424 72 427
f 427 1832 429
f 428 427 121
f 429 791 478
f 1336 429 447
f 1336 427 429
f 1336 121 427
f 430 121 1337
f 121 1336 1337
f 1336 447 1337
f 430 1337 1338
f 426 425 430
f 430 425 428
f 428 425 424
f 428 424 427
f 1335 426 430
f 430 432 1335
f 432 430 1339
f 430 428 121
f 1338 1339 430
f 439 432 431
f 1341 431 432
f 1339 1338 1377
f 1340 1339 1377
f 1340 432 1339
f 1340 1341 432
f 443 1341 1340
f 443 1340 476
f 433 1333 434
f 434 420 1342
f 435 433 434
f 435 434 1342
f 420 437 438
f 1342 420 1334
f 438 783 423
f 1334 420 438
f 1334 438 423
f 1342 1334 439
f 436 435 1342
f 122 436 1342
f 1343 122 1342
f 1343 1342 439
f 436 122 1344
f 440 122 1343
f 1344 122 440
f 1343 439 431
f 431 1341 1343
f 1341 440 1343
f 443 440 1341
f 1333 433 442
f 433 435 441
f 435 436 441
f 442 433 441
f 513 442 445
f 442 441 445
f 473 440 443
f 440 473 471
f 444 1344 471
f 471 1344 440
f 446 444 471
f 515 445 1345
f 1345 445 444
f 444 441 436
f 444 436 1344
f 444 445 441
f 1345 444 123
f 123 444 446
f 124 515 1345
f 515 124 516
f 1368 123 446
f 1346 123 1368
f 124 1345 123
f 1346 124 123
f 516 124 1346
f 478 1901 1349
f 447 478 1349
f 447 1349 479
f 1347 1348 1351
f 448 1347 1351
f 479 1349 448
f 1349 1901 1347
f 448 1349 1347
f 479 448 449
f 449 448 453
f 1912 450 125
f 125 450 1350
f 1352 125 1350
f 1352 1350 452
f 451 1350 126
f 452 1350 451
f 452 451 463
f 128 452 463
f 128 463 1360
f 448 1351 453
f 454 453 1351
f 1348 1912 125
f 1351 1348 125
f 1352 1351 125
f 455 1351 127
f 127 1351 1352
f 127 1352 452
f 128 127 452
f 480 453 454
f 454 1351 455
f 127 128 129
f 455 127 129
f 129 128 1360
f 456 129 1357
f 481 454 456
f 456 454 455
f 456 455 129
f 135 456 1
f 456 1357 1
f 1353 1942 457
f 457 863 1355
f 457 1355 1358
f 1355 1943 1354
f 1354 1943 1356
f 130 1355 1354
f 1358 1355 130
f 1356 868 458
f 461 1356 458
f 130 1354 459
f 459 1354 1356
f 1356 461 459
f 459 461 460
f 1361 460 461
f 467 1 1357
f 467 1357 29
f 1357 129 1360
f 1360 29 1357
f 29 1360 462
f 463 451 465
f 463 465 464
f 465 451 1353
f 465 1353 457
f 1358 465 457
f 1358 464 465
f 464 1358 130
f 1359 462 466
f 464 1360 463
f 466 462 1360
f 466 1360 464
f 466 464 130
f 1359 466 130
f 1363 1359 460
f 1359 130 459
f 460 1359 459
f 1363 460 942
f 942 460 1361
f 29 462 468
f 468 462 1365
f 468 467 29
f 467 468 1362
f 1362 468 1365
f 1362 1365 1366
f 494 1362 1366
f 462 1359 1365
f 1365 1359 1363
f 942 469 1363
f 1364 469 942
f 469 1366 1365
f 469 1365 1363
f 1366 469 1386
f 1367 469 1364
f 1386 469 1367
f 472 1368 446
f 1369 496 1346
f 1368 1369 1346
f 1369 1368 470
f 1369 470 6
f 1370 1369 6
f 446 471 472
f 1371 472 471
f 1371 471 473
f 1371 473 1381
f 1371 1381 137
f 1371 137 474
f 470 1368 472
f 1372 470 472
f 1372 472 1371
f 475 6 1372
f 1372 6 470
f 1372 1371 474
f 1373 6 475
f 1374 1373 475
f 475 1372 474
f 1375 475 474
f 1374 475 1375
f 482 1374 1375
f 143 1374 1376
f 1374 482 1376
f 1376 482 489
f 443 476 1381
f 1381 476 131
f 1377 1338 1378
f 477 1377 1378
f 476 1340 1377
f 477 476 1377
f 477 131 476
f 1381 131 132
f 131 477 132
f 1338 1337 1378
f 1378 1337 30
f 447 429 478
f 30 1337 447
f 30 447 479
f 449 133 479
f 479 133 30
f 132 477 134
f 1380 132 134
f 134 477 1378
f 134 1378 30
f 1380 134 480
f 134 133 480
f 133 134 30
f 480 133 449
f 453 480 449
f 1379 132 1380
f 1379 1380 481
f 1382 1379 481
f 481 480 454
f 481 1380 480
f 1382 481 135
f 481 456 135
f 488 1376 489
f 1375 474 31
f 136 489 482
f 31 482 1375
f 482 31 136
f 136 484 490
f 137 1381 483
f 473 443 1381
f 483 1381 132
f 31 474 137
f 485 31 137
f 485 137 483
f 484 136 485
f 485 136 31
f 486 484 485
f 486 485 483
f 486 483 132
f 490 484 138
f 138 484 487
f 486 132 1379
f 1382 484 486
f 1382 486 1379
f 1382 487 484
f 487 1382 135
f 487 135 1
f 140 488 489
f 488 140 1383
f 489 136 139
f 489 139 140
f 136 490 139
f 140 139 32
f 492 1383 140
f 492 140 32
f 138 487 1384
f 490 138 1384
f 467 487 1
f 1384 487 467
f 490 1384 491
f 491 1384 467
f 491 467 1362
f 493 491 1362
f 493 1385 492
f 490 32 139
f 32 490 491
f 493 492 32
f 491 493 32
f 494 493 1362
f 1385 493 1386
f 503 1385 1386
f 493 494 1386
f 1386 494 1366
f 1367 503 1386
f 516 1346 495
f 495 1346 496
f 33 495 496
f 496 1369 497
f 1370 6 499
f 497 1369 1370
f 497 1370 499
f 497 499 142
f 33 496 497
f 33 497 141
f 497 142 141
f 6 1373 499
f 1373 1374 1387
f 499 1373 1387
f 143 1376 488
f 1387 1374 143
f 1387 143 1388
f 1392 1388 1400
f 7 141 144
f 144 141 498
f 498 141 142
f 498 142 1389
f 144 498 1390
f 1390 498 1389
f 1389 142 499
f 1390 1389 1387
f 1389 499 1387
f 1392 1390 1388
f 1390 1387 1388
f 144 1391 501
f 144 1390 1391
f 500 1392 1399
f 500 1390 1392
f 500 1399 1393
f 1391 1390 500
f 1393 501 500
f 500 501 1391
f 488 1383 1394
f 502 492 1385
f 502 1385 1397
f 502 1383 492
f 502 1394 1383
f 504 503 1395
f 35 502 1396
f 1396 502 1397
f 1396 1397 145
f 34 1396 145
f 1397 1385 503
f 504 1397 503
f 504 145 1397
f 145 504 1395
f 35 1396 34
f 1398 34 145
f 508 1393 505
f 505 1393 1399
f 505 1399 507
f 146 508 505
f 146 505 507
f 1388 143 1394
f 35 1388 1394
f 35 1400 1388
f 1394 143 488
f 35 1394 502
f 146 507 506
f 1399 1392 1400
f 507 1399 1400
f 507 1400 35
f 35 506 507
f 146 506 1401
f 506 35 34
f 1401 506 1398
f 1398 506 34
f 147 508 146
f 508 147 509
f 545 508 509
f 509 147 36
f 1401 1398 1402
f 1402 1398 286
f 1402 286 1403
f 162 509 36
f 147 146 1401
f 36 147 1401
f 36 1401 1402
f 36 1402 1403
f 162 36 898
f 36 1403 898
f 1404 421 1405
f 1404 1405 510
f 49 1404 510
f 1405 421 511
f 511 421 28
f 28 1333 523
f 523 511 28
f 511 523 522
f 511 510 1405
f 1406 510 511
f 522 1406 511
f 510 1406 512
f 512 1406 1408
f 1407 1406 522
f 1408 1406 1407
f 1408 1407 1413
f 153 512 1408
f 512 153 1409
f 523 1333 148
f 1333 442 513
f 148 1333 513
f 513 445 515
f 148 513 149
f 149 513 150
f 514 149 151
f 1410 516 1471
f 1410 515 516
f 515 1410 1411
f 1410 1471 1412
f 1412 1411 1410
f 151 149 150
f 150 513 515
f 1411 150 515
f 151 150 518
f 518 150 1411
f 151 518 520
f 151 520 517
f 518 1411 519
f 519 1411 1412
f 520 518 519
f 520 519 1469
f 152 520 1469
f 1422 517 520
f 1422 520 152
f 526 1409 153
f 153 1408 1413
f 153 1413 1414
f 154 153 1414
f 1413 1407 521
f 1407 522 521
f 1414 1413 521
f 524 1414 521
f 1414 524 1420
f 522 523 525
f 148 525 523
f 514 525 148
f 514 148 149
f 1416 524 1415
f 1416 1420 524
f 37 1416 1415
f 521 522 525
f 1415 524 521
f 1415 521 525
f 37 1415 514
f 514 1415 525
f 1420 1416 1421
f 1421 1416 1417
f 1416 37 1417
f 517 37 514
f 517 514 151
f 1418 1417 37
f 1422 37 517
f 1422 1418 37
f 154 1414 528
f 526 153 154
f 155 526 154
f 1414 1420 528
f 528 1420 527
f 1419 528 527
f 1419 154 528
f 529 155 1419
f 155 154 1419
f 156 155 529
f 156 529 530
f 1420 1421 527
f 1421 1417 531
f 527 1421 38
f 1421 531 532
f 38 1421 532
f 1424 1422 157
f 1424 1418 1422
f 1424 157 1425
f 1423 532 531
f 531 1417 1418
f 531 1418 1424
f 1423 531 1424
f 1423 1424 1426
f 1426 1424 1425
f 532 1423 1426
f 534 532 1426
f 533 530 158
f 158 529 1427
f 158 530 529
f 1427 529 1419
f 1427 1419 527
f 1427 527 38
f 534 158 1427
f 38 534 1427
f 1429 158 534
f 1429 534 159
f 534 38 532
f 159 534 1426
f 159 1426 1456
f 1546 530 533
f 158 1429 1430
f 535 158 1430
f 535 533 158
f 533 535 1428
f 1428 535 1431
f 159 1456 561
f 159 561 170
f 1431 535 1430
f 1431 1430 170
f 1430 1429 159
f 1430 159 170
f 537 1431 536
f 1431 170 536
f 1472 495 33
f 1472 33 1473
f 33 141 538
f 1473 33 538
f 1432 1473 538
f 144 501 539
f 7 144 539
f 7 539 1436
f 1393 508 1439
f 1433 501 1393
f 1433 1393 1439
f 1436 539 1434
f 1434 539 501
f 1434 501 1433
f 1432 538 540
f 540 538 1435
f 538 141 7
f 1435 538 7
f 160 540 1435
f 160 1435 1436
f 1435 7 1436
f 1434 160 1436
f 160 1434 542
f 1432 540 541
f 540 160 541
f 160 542 1437
f 1437 542 164
f 544 543 541
f 544 541 160
f 544 160 1437
f 544 1437 164
f 161 543 544
f 161 544 1438
f 1439 508 545
f 1444 1439 545
f 1444 545 547
f 509 162 347
f 347 162 39
f 347 39 348
f 547 545 347
f 545 509 347
f 1438 544 1440
f 1440 544 163
f 544 164 163
f 546 1440 163
f 164 542 165
f 164 165 1441
f 546 163 164
f 1441 546 164
f 548 546 1441
f 549 1441 1445
f 542 1434 165
f 1434 1433 1442
f 1442 165 1434
f 1442 1433 1439
f 1442 1439 1444
f 1445 1441 1443
f 1442 1441 165
f 1443 1441 1442
f 1443 1442 1444
f 547 1443 1444
f 1445 1443 547
f 1445 547 554
f 551 547 2150
f 1440 546 166
f 546 548 166
f 596 1440 166
f 596 166 40
f 548 1441 549
f 1446 166 548
f 1446 548 549
f 40 166 1446
f 1446 549 550
f 1447 1446 550
f 1447 550 8
f 167 554 551
f 554 547 551
f 167 551 2148
f 168 167 2148
f 168 2148 556
f 552 8 550
f 550 553 552
f 553 549 1445
f 553 1445 554
f 552 553 1448
f 553 550 549
f 1448 553 554
f 552 1448 1449
f 1448 554 167
f 168 1449 1448
f 168 1448 167
f 1496 8 1450
f 1450 8 552
f 555 1450 557
f 1449 168 1451
f 1452 1449 1451
f 1451 168 556
f 1451 556 2146
f 1450 552 1452
f 1452 552 1449
f 558 557 1452
f 557 1450 1452
f 558 1452 1451
f 558 1451 2146
f 1497 557 558
f 558 2146 1047
f 559 1497 558
f 559 558 1047
f 537 536 560
f 601 537 560
f 536 170 560
f 560 170 1453
f 560 1453 1499
f 169 561 1462
f 169 170 561
f 170 169 41
f 41 169 564
f 41 1453 170
f 1499 1453 1454
f 1453 41 1454
f 1455 41 172
f 1455 172 1460
f 1454 41 1455
f 1454 1455 562
f 1456 1426 563
f 1456 563 42
f 1426 1425 1458
f 563 1426 1458
f 1458 1425 157
f 1458 157 1457
f 171 42 563
f 171 563 1458
f 1457 171 1458
f 1459 42 171
f 171 1457 585
f 1465 171 585
f 562 1455 1460
f 1504 562 1460
f 1461 1504 1460
f 1461 1460 172
f 1461 172 1463
f 1462 561 1456
f 1462 1456 42
f 564 169 1462
f 1463 564 1462
f 1463 1462 42
f 172 41 564
f 1463 172 564
f 1459 1463 42
f 1461 1463 1464
f 566 1464 1465
f 1465 1464 1459
f 1464 1463 1459
f 1465 1459 171
f 1504 1461 568
f 565 1504 568
f 565 568 1466
f 1506 565 1466
f 1506 1466 569
f 1464 566 173
f 566 1465 581
f 173 566 567
f 567 566 581
f 568 1461 1464
f 173 568 1464
f 173 1466 568
f 1466 173 569
f 569 173 1467
f 569 1467 174
f 173 567 1467
f 174 1467 1477
f 1468 1422 152
f 1469 519 175
f 1468 152 1470
f 1470 152 1469
f 1470 1469 175
f 1470 175 44
f 519 1412 570
f 570 1412 574
f 570 574 43
f 43 175 519
f 43 519 570
f 175 43 571
f 44 175 571
f 1412 1471 572
f 574 1412 572
f 1472 516 495
f 1471 516 1472
f 572 1471 1472
f 1473 572 1472
f 575 572 1473
f 1432 575 1473
f 577 571 573
f 571 43 573
f 574 572 575
f 576 573 177
f 177 573 176
f 573 43 574
f 176 573 574
f 575 176 574
f 177 176 575
f 177 575 1432
f 577 573 576
f 1474 577 576
f 177 1432 541
f 543 576 541
f 541 576 177
f 1474 576 1475
f 1475 576 161
f 161 576 543
f 1474 1475 578
f 578 1475 1486
f 1486 1475 161
f 1486 161 1438
f 1476 174 1477
f 1476 1477 579
f 579 1477 1487
f 1467 567 178
f 580 1467 178
f 1487 1477 580
f 1477 1467 580
f 178 567 581
f 178 581 1478
f 1478 581 180
f 1478 180 45
f 583 1478 45
f 1487 580 582
f 1479 580 178
f 582 580 1479
f 583 1479 1478
f 1478 1479 178
f 582 1479 584
f 582 584 179
f 1479 583 584
f 583 45 1480
f 584 583 1481
f 583 1480 1481
f 179 584 1481
f 179 1481 593
f 593 1481 9
f 581 1465 180
f 1465 585 180
f 585 1457 181
f 586 180 585
f 586 585 181
f 586 181 183
f 1457 157 1468
f 157 1422 1468
f 44 1468 1470
f 181 1457 1468
f 181 1468 44
f 182 44 571
f 182 181 44
f 182 571 577
f 9 1481 587
f 587 1481 1480
f 46 587 1480
f 46 1480 1483
f 1482 45 180
f 1482 180 183
f 183 180 586
f 1484 46 1483
f 1484 1483 183
f 1483 1480 1482
f 1482 1480 45
f 1483 1482 183
f 182 183 181
f 1484 183 182
f 184 9 587
f 184 587 46
f 184 46 590
f 46 1484 588
f 46 588 589
f 1484 182 588
f 588 182 577
f 588 577 1474
f 589 588 1474
f 589 1474 578
f 591 590 589
f 589 590 46
f 591 589 578
f 590 591 1485
f 1485 591 1486
f 591 578 1486
f 595 1486 1438
f 1516 1476 579
f 1516 579 592
f 579 1487 582
f 579 582 185
f 1488 579 185
f 592 579 1488
f 179 593 598
f 185 582 179
f 185 179 1489
f 179 598 1489
f 1518 1488 185
f 1518 185 1489
f 1518 1489 594
f 594 1489 1490
f 1518 594 186
f 9 184 1491
f 1491 184 1492
f 1491 1492 1493
f 1485 1486 595
f 595 1438 1440
f 596 595 1440
f 596 1485 595
f 1485 596 597
f 1493 1492 597
f 184 590 1485
f 1492 184 1485
f 597 1492 1485
f 40 597 596
f 1493 597 1447
f 1495 1493 1447
f 1447 597 40
f 1447 40 1446
f 594 1490 599
f 186 594 599
f 1494 186 599
f 1494 599 1495
f 1490 1489 598
f 1490 598 187
f 598 593 9
f 598 9 1491
f 187 598 1491
f 187 1491 1493
f 187 599 1490
f 187 1495 599
f 1495 187 1493
f 1494 1495 1496
f 1496 1495 1447
f 1496 1447 8
f 1494 1496 555
f 555 1496 1450
f 186 1494 600
f 600 1494 555
f 555 1497 600
f 557 1497 555
f 1035 600 1497
f 1035 1497 559
f 633 537 601
f 633 601 602
f 1500 560 1499
f 601 560 1500
f 602 601 1500
f 602 1500 1498
f 209 602 1498
f 1454 562 603
f 1499 1454 603
f 1499 603 1501
f 1498 1500 1499
f 1498 1499 1502
f 1502 1499 1501
f 209 1498 188
f 188 1498 1502
f 1502 1501 1503
f 608 188 1502
f 608 1502 1503
f 1505 1504 604
f 604 565 1506
f 604 1506 1509
f 604 1504 565
f 1505 604 1512
f 1512 604 1509
f 1512 1509 1508
f 174 1476 1507
f 189 174 1507
f 190 569 189
f 569 174 189
f 190 189 198
f 605 1509 190
f 1509 1506 569
f 190 1509 569
f 1508 1509 605
f 190 198 615
f 605 190 615
f 191 605 615
f 191 614 613
f 1503 1501 606
f 1510 1503 606
f 1513 1503 1510
f 1501 603 606
f 606 603 1511
f 603 562 1505
f 562 1504 1505
f 1511 603 1505
f 1512 1511 1505
f 1508 1511 1512
f 192 1510 1508
f 1508 1510 606
f 1508 606 1511
f 47 1510 192
f 192 1508 605
f 607 192 191
f 191 192 605
f 607 191 613
f 608 1503 1513
f 608 1513 1514
f 1513 1510 47
f 1513 47 193
f 1514 1513 193
f 47 192 609
f 194 609 610
f 609 192 607
f 610 609 607
f 193 47 194
f 194 47 609
f 1576 193 194
f 1576 194 658
f 194 610 1515
f 658 194 1535
f 1535 194 1515
f 1507 1476 1516
f 592 1488 1517
f 611 1516 592
f 611 592 1517
f 1518 186 1522
f 1519 1518 1524
f 1520 611 1517
f 1517 1488 1518
f 1519 1517 1518
f 1520 1517 1519
f 1520 1519 1524
f 1521 1520 196
f 617 1520 1521
f 1522 186 195
f 195 600 1035
f 195 1035 2084
f 195 186 600
f 1523 195 2083
f 1521 196 10
f 196 1520 1523
f 196 1523 1525
f 1524 1518 1522
f 1524 1522 195
f 1523 1524 195
f 1523 1520 1524
f 104 1525 1523
f 1527 1525 104
f 612 196 1525
f 1526 10 612
f 10 196 612
f 612 1525 1527
f 1526 612 325
f 612 1527 325
f 1526 325 2080
f 1536 1535 1515
f 610 607 1532
f 1532 607 613
f 1515 610 1532
f 1528 1536 1515
f 1528 1515 1532
f 1536 1528 622
f 1528 1532 1529
f 1528 1529 1531
f 1531 622 1528
f 613 614 1533
f 191 615 614
f 1533 614 197
f 614 615 197
f 48 1533 197
f 189 1507 611
f 611 1507 1516
f 198 189 611
f 48 197 616
f 197 615 198
f 616 197 198
f 616 198 611
f 1520 616 611
f 48 616 617
f 1530 48 617
f 617 616 1520
f 1521 1530 617
f 1540 1531 618
f 1531 1529 619
f 618 1531 619
f 619 1532 1533
f 1532 613 1533
f 1534 1533 48
f 619 1529 1532
f 618 619 1534
f 1534 619 1533
f 1530 1534 48
f 10 618 1530
f 1530 618 1534
f 10 1530 1521
f 1540 618 620
f 618 10 1526
f 620 618 1526
f 199 1536 1537
f 199 1535 1536
f 1536 622 1537
f 622 623 1537
f 1538 199 1537
f 1538 1537 625
f 199 1538 200
f 200 1538 625
f 1531 1540 623
f 624 623 1540
f 620 1526 1539
f 1526 621 1539
f 1539 1540 620
f 624 1540 1539
f 626 200 625
f 625 1537 623
f 622 1531 623
f 625 623 624
f 2059 625 624
f 1212 625 2059
f 626 625 1212
f 1404 49 50
f 50 49 11
f 1541 510 512
f 627 512 1409
f 627 1541 512
f 1541 627 201
f 628 11 49
f 1541 49 510
f 628 49 1541
f 628 1541 201
f 11 628 201
f 11 201 629
f 11 629 202
f 526 155 631
f 1409 526 631
f 631 155 630
f 51 631 630
f 630 155 156
f 630 156 638
f 630 638 203
f 51 630 203
f 51 203 204
f 1546 533 1428
f 1546 1428 632
f 1431 537 634
f 634 537 633
f 635 634 633
f 632 1428 1542
f 636 632 1542
f 1542 1428 1431
f 1542 1431 634
f 1542 634 635
f 1543 1542 635
f 636 1542 1543
f 636 1543 712
f 640 636 1693
f 1693 636 712
f 204 203 1544
f 637 204 1544
f 1544 203 638
f 1544 638 639
f 637 1544 1545
f 1545 1544 639
f 156 530 1546
f 632 638 1546
f 1546 638 156
f 639 638 632
f 1545 639 1548
f 1548 639 640
f 640 632 636
f 640 639 632
f 1548 640 1693
f 204 637 641
f 641 637 1547
f 637 205 1547
f 205 637 1545
f 1548 1693 1689
f 1547 205 642
f 205 1545 1548
f 642 205 1548
f 642 1548 643
f 1547 642 1549
f 1549 642 1550
f 642 643 1550
f 1550 643 708
f 1549 1550 650
f 1550 708 650
f 1552 202 629
f 1551 629 201
f 629 1551 206
f 206 1552 629
f 1552 206 1558
f 1558 206 1554
f 1554 206 1553
f 1551 627 644
f 51 1409 631
f 644 627 1409
f 51 644 1409
f 644 51 204
f 644 204 641
f 1554 1553 1556
f 206 1551 1553
f 1551 201 627
f 1555 1556 1553
f 1555 1553 1551
f 641 1555 644
f 1555 1551 644
f 1554 1556 1560
f 1560 1556 645
f 1556 1557 645
f 1555 1547 1557
f 1547 1555 641
f 1557 1556 1555
f 1549 1557 1547
f 645 1557 649
f 1557 1549 649
f 649 1549 650
f 202 1552 1558
f 202 1558 646
f 1558 1554 647
f 1558 647 648
f 648 647 1565
f 646 1558 1559
f 1559 1558 648
f 778 1559 648
f 647 1554 1560
f 647 1560 652
f 1560 645 651
f 1560 651 652
f 645 649 651
f 651 649 1561
f 1561 649 650
f 653 651 1561
f 653 1561 698
f 652 651 653
f 652 653 1566
f 653 698 207
f 1566 653 1562
f 1562 653 207
f 1562 207 1563
f 778 648 1564
f 648 1565 1564
f 1566 1564 652
f 1564 1565 647
f 1564 647 652
f 1569 1564 1566
f 1564 1569 1568
f 654 1568 1569
f 1568 654 1572
f 778 1564 1568
f 1567 778 1568
f 1572 1567 1568
f 1569 1566 1570
f 1569 1570 654
f 1566 1562 1570
f 208 1570 1562
f 654 1570 1571
f 1570 208 1571
f 1571 208 1659
f 1573 1571 1659
f 655 1567 1572
f 1573 1572 1571
f 1572 654 1571
f 655 1572 1573
f 655 1573 656
f 780 655 656
f 1574 633 602
f 1574 602 209
f 209 188 210
f 188 608 657
f 657 210 188
f 714 1574 1575
f 1575 1574 209
f 210 1575 209
f 52 1575 210
f 1697 1575 13
f 13 1575 52
f 1583 608 1514
f 1514 193 1576
f 1514 1576 1577
f 1583 1514 1577
f 1583 1577 1578
f 658 1535 211
f 1580 1576 658
f 1580 658 211
f 1580 1577 1576
f 1578 1577 1580
f 1581 1578 1580
f 1584 1578 1581
f 1584 1581 12
f 13 52 1582
f 663 13 1582
f 1582 52 660
f 53 1582 660
f 663 1582 53
f 52 210 660
f 660 210 659
f 210 657 659
f 657 608 1583
f 1583 659 657
f 53 660 1579
f 1579 660 1578
f 660 659 1583
f 1578 660 1583
f 53 1579 661
f 661 1579 1584
f 1584 1579 1578
f 13 663 1585
f 1585 663 1706
f 663 53 662
f 663 662 1586
f 1706 663 1586
f 1706 1586 664
f 1706 664 1589
f 53 661 662
f 662 661 1588
f 1588 661 665
f 661 1584 665
f 1584 12 665
f 1588 665 1587
f 666 1587 672
f 1590 1589 664
f 1586 662 1588
f 1590 664 666
f 664 1586 1588
f 666 664 1588
f 666 1588 1587
f 1590 666 1591
f 666 672 1591
f 1591 667 1590
f 667 1591 212
f 667 212 1592
f 1592 212 1601
f 1535 199 1593
f 1593 199 1594
f 668 1593 1595
f 199 200 1594
f 1595 1593 1594
f 670 1594 200
f 1595 1594 670
f 1596 1595 670
f 1596 670 1597
f 1617 1596 1628
f 1596 1597 1628
f 200 626 669
f 1597 670 671
f 671 200 669
f 671 670 200
f 1628 1597 1631
f 1631 1597 1598
f 1597 671 1598
f 1631 1598 1600
f 1598 671 1599
f 1600 1598 1599
f 1601 212 1602
f 212 1591 1602
f 1591 672 1610
f 1602 1591 1610
f 1602 1610 1608
f 1603 1601 1607
f 1607 1601 1602
f 1607 1602 1608
f 54 1603 1607
f 1587 665 1604
f 213 1587 1604
f 672 1587 213
f 1604 665 12
f 673 213 1605
f 213 1604 1605
f 54 1607 1609
f 1606 54 1609
f 1609 1607 1608
f 1609 1608 214
f 1610 672 213
f 214 1608 673
f 673 1608 1610
f 673 1610 213
f 1605 214 673
f 1609 214 1611
f 1606 1609 1611
f 214 1612 1614
f 214 1605 1612
f 1614 1612 1613
f 215 1606 1615
f 1606 1611 1614
f 1615 1606 1614
f 1611 214 1614
f 215 1615 674
f 1615 1614 1619
f 1615 1619 14
f 674 1615 14
f 12 1581 675
f 675 1581 676
f 1581 1580 676
f 675 676 216
f 679 675 216
f 679 216 55
f 1580 211 1616
f 211 1535 1593
f 1616 211 1593
f 1616 1593 668
f 55 216 217
f 216 676 217
f 676 1580 217
f 1616 217 1580
f 217 1616 668
f 217 668 1618
f 1618 668 1595
f 1618 1595 1596
f 55 217 1618
f 1617 55 1618
f 1617 1618 1596
f 1620 14 1619
f 1612 1605 1621
f 1613 1612 1621
f 1613 1621 1623
f 1620 1619 1623
f 1619 1614 1613
f 1623 1619 1613
f 1620 1623 1622
f 1622 1623 1630
f 1605 1604 678
f 677 1605 678
f 678 1604 675
f 1604 12 675
f 679 678 675
f 677 678 679
f 1630 1623 1624
f 1621 1605 677
f 1624 1623 1621
f 677 1624 1621
f 1625 1624 677
f 1625 677 679
f 1625 679 55
f 1630 1624 1627
f 1624 1625 1627
f 1626 1630 1627
f 1627 1625 55
f 1617 1627 55
f 1626 1627 1628
f 1627 1617 1628
f 14 1620 1629
f 14 1629 680
f 1641 14 680
f 1620 1622 1629
f 1629 1622 218
f 680 1629 218
f 1630 1626 1632
f 1626 1628 1631
f 1632 1626 1631
f 1632 1631 1600
f 218 1622 1630
f 218 1630 1632
f 1600 218 1632
f 680 218 681
f 681 218 219
f 219 218 1600
f 733 1601 1633
f 1601 1603 1633
f 1603 54 1634
f 1634 54 682
f 683 1634 682
f 220 1633 683
f 1633 1603 1634
f 683 1633 1634
f 1635 683 684
f 1635 684 56
f 1606 215 1636
f 1637 215 674
f 1637 674 1643
f 1638 1636 1637
f 1637 1636 215
f 1638 1637 687
f 1638 687 1639
f 682 54 1606
f 682 1606 1636
f 682 1636 1638
f 684 683 682
f 685 684 682
f 685 682 1638
f 1639 685 1638
f 56 684 1640
f 684 685 1640
f 686 685 1639
f 238 1640 686
f 686 1640 685
f 238 686 15
f 674 14 1641
f 674 1641 221
f 1641 680 221
f 1644 383 222
f 1642 686 1639
f 1642 1639 224
f 1642 224 223
f 15 686 1642
f 223 15 1642
f 1639 687 224
f 1643 674 221
f 224 687 1643
f 687 1637 1643
f 224 1643 221
f 224 221 383
f 688 223 1647
f 1647 223 1644
f 1644 223 224
f 383 1644 224
f 222 1647 1644
f 1647 222 2366
f 741 15 1645
f 688 15 223
f 1645 15 688
f 1645 688 1646
f 1647 2366 1648
f 1649 1647 57
f 57 1647 1648
f 1650 1646 688
f 1649 1650 688
f 1649 688 1647
f 1651 1646 1650
f 1651 1650 1743
f 1743 1650 689
f 1650 1649 690
f 690 1649 57
f 689 1650 690
f 1652 689 690
f 1743 689 1653
f 1653 689 1652
f 1653 1652 1744
f 1744 1652 764
f 1656 1573 1655
f 1654 656 1656
f 1658 1654 1656
f 1656 656 1573
f 1658 1656 1657
f 1657 1656 1655
f 691 1658 1657
f 691 1657 1661
f 208 1562 1563
f 208 1563 225
f 1663 1659 225
f 225 1659 208
f 1663 225 1682
f 58 691 1661
f 58 1661 1665
f 1661 1657 1660
f 1661 1660 1662
f 1665 1661 1662
f 1655 1573 1659
f 1663 1655 1659
f 1662 1660 1663
f 1660 1657 1655
f 1663 1660 1655
f 1662 1663 1664
f 1664 1663 1682
f 58 1665 693
f 1665 1662 1666
f 1665 1666 692
f 693 1665 692
f 1662 1664 1667
f 1666 1662 1667
f 1664 1682 1667
f 1666 1667 1668
f 226 692 1669
f 226 1669 1670
f 1669 692 1666
f 1669 1666 1668
f 1670 1669 1668
f 1756 226 1670
f 1756 1670 1671
f 1670 1668 699
f 1671 1670 699
f 1671 699 1678
f 701 1563 694
f 694 1563 207
f 701 694 1672
f 698 1561 695
f 1561 650 695
f 695 650 723
f 698 695 1673
f 1673 695 696
f 1673 696 1711
f 1672 694 1674
f 697 1672 1676
f 1676 1672 1674
f 694 207 698
f 1674 694 698
f 1673 1674 698
f 1676 1674 1675
f 1675 1674 1673
f 1675 1673 1711
f 697 1676 227
f 1684 697 227
f 1676 1675 227
f 227 1675 1711
f 1684 227 1677
f 1678 699 1679
f 1668 1667 1680
f 1679 699 1681
f 1681 699 1668
f 1681 1668 1680
f 700 1679 1681
f 700 1681 703
f 1682 225 701
f 1682 701 1683
f 701 225 1563
f 1683 701 1672
f 1683 1672 697
f 1681 1680 702
f 703 1681 702
f 703 702 704
f 1680 1667 1682
f 702 1680 1682
f 702 1682 1683
f 704 702 1684
f 1684 702 1683
f 1684 1683 697
f 228 703 704
f 1677 704 1684
f 228 704 706
f 706 704 1677
f 1678 1679 229
f 1679 700 229
f 705 229 700
f 750 229 705
f 59 703 228
f 59 228 1685
f 1685 228 706
f 59 1685 1686
f 1768 750 705
f 700 703 59
f 705 700 59
f 705 59 230
f 1768 705 230
f 1768 230 707
f 1687 1768 707
f 1687 707 760
f 708 643 709
f 1690 1688 708
f 1688 650 708
f 710 1688 1690
f 643 1548 709
f 709 1548 1689
f 1689 1693 1694
f 709 1689 1701
f 1701 1689 1694
f 1691 710 1690
f 1690 708 709
f 1691 1690 1701
f 1690 709 1701
f 710 1691 1692
f 1701 1699 1698
f 1691 1701 1698
f 1692 1691 1698
f 1693 712 1694
f 1694 712 713
f 711 712 1543
f 713 712 711
f 714 635 633
f 714 633 1574
f 716 713 1695
f 1695 713 711
f 711 1543 635
f 714 1695 711
f 714 711 635
f 1696 716 1695
f 1695 714 1697
f 1697 714 1575
f 1696 1695 1697
f 1696 1697 13
f 717 1696 13
f 16 1692 231
f 231 1692 1698
f 231 1698 1700
f 1700 1698 1699
f 1699 1701 715
f 715 1701 1694
f 715 1694 713
f 715 713 716
f 1703 1700 1702
f 1702 1700 1699
f 1702 1699 715
f 1702 715 716
f 1703 1702 1705
f 1702 716 717
f 717 716 1696
f 717 1705 1702
f 1705 717 1585
f 1585 717 13
f 231 1700 1704
f 1704 1700 718
f 1727 16 1704
f 1704 16 231
f 1727 1704 60
f 718 1703 1705
f 718 1705 232
f 232 1705 1706
f 1706 1705 1585
f 60 1704 719
f 1704 718 232
f 1700 1703 718
f 232 719 1704
f 719 232 1589
f 1589 232 1706
f 719 1589 1590
f 667 719 1590
f 1730 60 667
f 667 60 719
f 1592 1730 667
f 707 230 1707
f 61 707 1707
f 1708 59 1686
f 1685 706 1686
f 1686 706 720
f 1708 1686 720
f 1708 720 1709
f 1709 720 725
f 1707 230 1708
f 1708 230 59
f 1707 1708 721
f 721 1708 1709
f 721 1709 725
f 61 1707 722
f 721 725 1714
f 722 1707 721
f 722 721 1714
f 1677 227 1710
f 1716 1677 1710
f 227 1711 1710
f 1710 1711 1712
f 1716 1710 1719
f 1719 1710 1712
f 1719 1712 1720
f 696 695 723
f 696 723 233
f 1688 723 650
f 233 723 710
f 710 723 1688
f 233 1711 696
f 1713 1712 1711
f 233 1713 1711
f 1713 233 724
f 724 233 710
f 1720 1712 1723
f 1712 1713 234
f 1723 1712 234
f 724 710 1692
f 234 1713 724
f 234 724 1692
f 728 234 1692
f 728 1692 16
f 722 1714 729
f 729 1714 1725
f 1714 725 235
f 1725 1714 235
f 1725 235 1715
f 1715 235 62
f 725 720 726
f 725 726 236
f 720 706 1677
f 726 720 1677
f 726 1677 1716
f 1717 236 726
f 1717 726 1716
f 1717 1716 1719
f 235 725 236
f 1721 62 727
f 727 62 235
f 727 235 236
f 1721 727 1718
f 727 236 1717
f 727 1717 1719
f 1719 1718 727
f 1718 1719 1720
f 1726 62 1721
f 1726 1721 731
f 731 1721 1724
f 1721 1718 1722
f 1722 1718 1723
f 1723 1718 1720
f 728 1724 1722
f 1724 1721 1722
f 728 1722 1723
f 728 1723 234
f 730 1725 1715
f 63 729 730
f 729 1725 730
f 1724 728 1727
f 1727 728 16
f 731 1724 1727
f 1728 731 1727
f 1728 1727 60
f 63 730 732
f 730 1715 732
f 732 1715 1726
f 1726 1715 62
f 1726 1731 732
f 1731 1726 1728
f 1726 731 1728
f 63 732 1735
f 1735 732 1729
f 1729 732 1731
f 1731 1728 1730
f 1730 1728 60
f 1729 1731 733
f 733 1731 1730
f 733 1730 1592
f 733 1592 1601
f 707 61 734
f 734 760 707
f 760 734 736
f 61 722 735
f 734 61 735
f 735 722 739
f 1732 734 735
f 1732 735 1733
f 237 736 1732
f 1732 736 734
f 1733 237 1732
f 237 1733 1734
f 762 237 1734
f 722 729 739
f 729 63 737
f 739 729 737
f 737 63 1736
f 739 737 738
f 739 738 64
f 1729 733 220
f 220 733 1633
f 1735 1729 220
f 1735 220 683
f 1635 1735 683
f 738 737 1736
f 1735 1736 63
f 56 738 1736
f 1635 1736 1735
f 56 1736 1635
f 64 738 238
f 738 56 238
f 238 56 1640
f 741 238 15
f 1734 1733 1738
f 1737 1734 1738
f 1733 735 1739
f 1733 1739 64
f 739 1739 735
f 1739 739 64
f 1737 1738 740
f 740 1738 1740
f 1740 1738 64
f 64 1738 1733
f 1740 64 238
f 740 1740 741
f 741 1740 238
f 762 1734 239
f 1734 1737 239
f 1737 740 742
f 239 1737 742
f 763 239 1741
f 1741 239 1742
f 240 742 740
f 240 740 741
f 240 741 1645
f 240 1645 1646
f 1782 1741 1742
f 1742 239 742
f 1742 742 240
f 1651 1742 240
f 1651 240 1646
f 1782 1742 241
f 1742 1651 1743
f 241 1742 1743
f 241 1743 1744
f 1744 1743 1653
f 780 656 1745
f 1745 656 1654
f 1746 1745 1654
f 1654 1658 1751
f 1658 691 1748
f 1751 1658 1748
f 691 58 1747
f 1748 691 1747
f 1751 1748 1750
f 1748 1747 1749
f 1750 1748 1749
f 1750 1749 744
f 1746 1654 1751
f 1746 1751 1752
f 1752 1751 1750
f 1752 1750 744
f 1752 744 1753
f 1753 1746 1752
f 1746 1753 792
f 58 693 1762
f 692 226 1754
f 693 692 1754
f 693 1754 743
f 1762 693 1755
f 1755 693 743
f 1755 743 243
f 1671 1678 751
f 1757 1756 751
f 751 1756 1671
f 1757 751 242
f 243 743 1758
f 1754 226 1756
f 743 1754 1756
f 743 1756 1757
f 1758 743 1757
f 243 1758 1759
f 1758 1757 1760
f 1760 1757 242
f 1759 1758 1760
f 1759 1760 1763
f 792 1753 1761
f 1761 1753 744
f 1761 744 244
f 244 744 746
f 1762 1747 58
f 745 1749 1762
f 1749 1747 1762
f 745 1762 243
f 243 1762 1755
f 745 744 1749
f 746 744 745
f 746 745 243
f 244 746 747
f 746 243 1759
f 747 746 1759
f 747 1759 1763
f 792 1761 1835
f 1761 244 748
f 1835 1761 748
f 244 747 1764
f 1764 747 245
f 748 244 1764
f 748 1764 245
f 1837 748 749
f 748 245 749
f 1837 749 248
f 1678 229 750
f 1678 750 1774
f 750 1768 1766
f 1765 750 1766
f 1765 1774 750
f 1774 1765 752
f 752 1765 1766
f 752 1766 1767
f 1687 246 65
f 1767 1766 1769
f 1767 1769 65
f 1769 1766 1768
f 1687 1769 1768
f 1769 1687 65
f 1767 65 755
f 755 65 1804
f 1804 65 246
f 248 749 247
f 749 245 247
f 245 747 1770
f 1770 747 1763
f 1771 1770 1763
f 247 245 1770
f 1772 247 1770
f 1772 1770 1771
f 1772 1771 1780
f 1780 1771 753
f 1763 1760 1773
f 1773 1760 242
f 1773 242 1775
f 751 1678 1774
f 1775 242 752
f 242 751 1774
f 752 242 1774
f 1776 1780 753
f 1776 753 754
f 1771 1763 1773
f 1775 1771 1773
f 753 1771 1775
f 754 753 1775
f 754 1775 752
f 754 752 1767
f 755 754 1767
f 755 1776 754
f 757 1776 755
f 248 247 756
f 247 1772 756
f 756 1772 1780
f 756 1780 1781
f 248 756 1777
f 1780 1776 1778
f 1778 1776 757
f 757 755 1803
f 1778 757 758
f 758 757 772
f 1841 1777 1779
f 1777 756 1779
f 1781 1780 1778
f 1779 756 1781
f 758 1779 1781
f 1781 1778 758
f 1779 758 771
f 1687 760 759
f 736 237 760
f 1789 237 762
f 760 237 1789
f 759 760 761
f 1806 759 1788
f 759 761 1788
f 762 239 763
f 763 1741 1782
f 762 763 1786
f 250 1782 1784
f 241 1744 1783
f 1744 764 249
f 1783 1744 249
f 1782 241 1783
f 1784 1782 1783
f 250 1784 1785
f 1785 1784 2256
f 1783 249 2256
f 1784 1783 2256
f 1786 763 250
f 763 1782 250
f 765 1786 250
f 765 250 1785
f 765 1785 2256
f 1790 1786 1787
f 1787 1786 765
f 766 1790 1787
f 1788 761 760
f 1797 760 1789
f 1790 762 1786
f 1790 1789 762
f 1791 1789 251
f 251 1789 1790
f 251 1790 766
f 1788 760 1806
f 760 1797 252
f 1806 760 767
f 767 760 252
f 774 1806 767
f 774 767 67
f 251 766 1792
f 1791 251 1792
f 768 1791 1792
f 768 1792 66
f 1793 67 767
f 767 252 1794
f 1793 767 1795
f 1795 767 1794
f 1795 1794 1796
f 1797 1789 1791
f 768 1797 1791
f 1796 1794 768
f 1794 252 1797
f 1794 1797 768
f 1796 768 1800
f 1800 768 66
f 67 1793 769
f 1795 1796 1798
f 1793 1795 1798
f 769 1793 1799
f 1798 1796 1800
f 1800 66 1117
f 1800 1117 1801
f 1798 1800 1801
f 1799 1793 770
f 770 1793 1798
f 1801 770 1798
f 1799 770 2
f 770 1801 1802
f 2 770 1114
f 74 1779 771
f 771 758 772
f 757 1803 772
f 772 1803 253
f 773 771 772
f 253 773 772
f 773 253 1813
f 253 1804 1805
f 1805 1804 246
f 246 1687 1806
f 1806 1687 759
f 1807 1805 246
f 1807 246 1806
f 1803 755 1804
f 253 1803 1804
f 253 1805 1807
f 1813 253 1808
f 253 1807 1809
f 1809 1807 774
f 774 1807 1806
f 1809 1808 253
f 769 1809 774
f 769 774 67
f 1814 1808 1810
f 1808 1809 1811
f 1809 769 1811
f 1811 769 1799
f 1810 1808 1811
f 1810 1811 2
f 2 1811 1799
f 773 1813 1812
f 1813 1808 1814
f 1813 1814 1812
f 773 1812 254
f 1810 2 1111
f 1814 1810 1111
f 1110 1814 1111
f 775 1814 1110
f 775 1812 1814
f 1812 775 1109
f 254 1812 1109
f 254 1109 1106
f 1846 771 254
f 254 771 773
f 120 1846 254
f 120 254 2233
f 11 202 1826
f 68 11 1815
f 1815 11 1826
f 1816 50 68
f 68 50 11
f 776 1816 68
f 776 68 1815
f 1332 1816 776
f 776 1815 777
f 1332 776 1331
f 783 1331 776
f 1826 202 1817
f 1817 202 646
f 69 1559 778
f 1559 69 1818
f 1819 1559 1818
f 1817 646 1559
f 1819 1817 1559
f 1567 655 779
f 1820 1567 779
f 778 1567 1820
f 1821 655 780
f 1821 780 1833
f 1821 1833 1881
f 69 1820 781
f 779 655 1821
f 781 1820 779
f 781 779 1821
f 781 1821 1881
f 255 69 1879
f 69 781 782
f 781 1881 782
f 69 782 1822
f 1819 1818 255
f 255 1823 1819
f 1823 255 1824
f 69 778 1820
f 1818 69 255
f 1823 1824 70
f 255 1879 1824
f 1824 1879 818
f 1824 818 256
f 256 70 1824
f 70 256 1876
f 257 70 1876
f 783 776 1825
f 777 1825 776
f 1825 777 258
f 258 777 784
f 1815 1826 1827
f 1827 1826 1817
f 1827 1817 1819
f 1823 1827 1819
f 258 784 70
f 784 777 1827
f 1827 777 1815
f 70 784 1823
f 1823 784 1827
f 1829 258 1828
f 258 70 1828
f 257 1828 70
f 785 1828 257
f 783 1825 258
f 783 258 71
f 423 783 71
f 71 258 788
f 424 71 1830
f 1829 1828 786
f 788 1829 786
f 1859 1828 785
f 1859 786 1828
f 787 786 1859
f 1831 786 787
f 1830 71 788
f 788 258 1829
f 1831 1830 788
f 72 1830 789
f 789 1830 1831
f 1831 788 786
f 789 1831 787
f 424 1830 72
f 427 72 1832
f 790 789 805
f 789 1832 72
f 1832 789 790
f 429 1832 791
f 1856 1832 790
f 791 1832 1856
f 780 1745 1833
f 1745 1746 1834
f 1833 1745 1834
f 1834 1746 792
f 1834 792 259
f 815 1834 259
f 792 1835 1836
f 1835 748 1837
f 1836 1835 1837
f 1837 248 1838
f 1836 1837 1838
f 794 1836 1838
f 1836 259 792
f 794 259 1836
f 73 259 1839
f 1839 259 794
f 1840 1839 1844
f 248 1777 1841
f 793 248 1841
f 793 1841 1842
f 1838 793 1842
f 1841 1779 74
f 1843 1842 1841
f 795 794 1838
f 1838 248 793
f 1843 1838 1842
f 799 1838 1843
f 1839 794 1844
f 1844 794 795
f 1838 799 795
f 822 795 1845
f 1845 795 75
f 74 771 1846
f 74 1846 260
f 796 1846 120
f 796 120 1330
f 796 1330 1847
f 797 74 260
f 260 1846 796
f 796 1847 260
f 74 797 801
f 1848 797 1847
f 797 260 1847
f 802 1845 75
f 261 802 75
f 75 795 799
f 75 799 798
f 798 799 800
f 261 75 798
f 261 798 1849
f 798 1851 1849
f 799 1843 1841
f 799 1841 800
f 800 1841 74
f 1851 798 800
f 801 1851 800
f 801 800 74
f 1851 801 1848
f 76 1851 1848
f 1848 801 797
f 1848 1847 417
f 76 1848 417
f 803 261 1849
f 836 261 803
f 803 1850 804
f 1849 1851 1853
f 1853 1851 76
f 1853 76 1852
f 1853 1852 2500
f 1854 1853 2500
f 262 804 1850
f 803 1849 1850
f 1850 1849 1853
f 262 1850 1853
f 1854 262 1853
f 1324 1854 2500
f 1855 263 1854
f 263 262 1854
f 1855 1854 1324
f 841 263 1855
f 478 791 1856
f 478 1856 270
f 1856 1857 1858
f 270 1856 1858
f 1857 790 805
f 805 789 787
f 806 805 1864
f 1857 805 806
f 1856 790 1857
f 1858 1857 806
f 1903 1858 17
f 1858 806 1862
f 806 809 1862
f 17 1858 1862
f 1861 1864 787
f 1888 785 1860
f 1861 1859 1888
f 1888 1859 785
f 1861 787 1859
f 807 1861 1888
f 808 1861 807
f 807 1888 1887
f 807 1887 826
f 827 807 826
f 808 807 827
f 808 827 1867
f 17 1862 1863
f 1862 809 1865
f 1865 1863 1862
f 1863 1865 77
f 809 806 1864
f 805 787 1864
f 77 1865 1866
f 1865 809 1866
f 1866 809 1864
f 1866 1864 1861
f 1866 1861 808
f 1867 1866 808
f 17 1863 1868
f 264 1863 77
f 264 1868 1863
f 77 1866 1869
f 1866 1867 1869
f 1869 1867 1870
f 77 1869 1871
f 1871 1869 810
f 78 264 1872
f 1872 264 77
f 1872 77 1871
f 811 1872 1871
f 78 1872 1873
f 1910 78 1873
f 811 1871 812
f 1873 1872 811
f 1873 811 1885
f 1873 1885 1909
f 785 257 1874
f 257 1876 1874
f 1889 1874 1891
f 1874 1875 1891
f 1876 256 1877
f 1877 256 818
f 1875 1874 1876
f 1875 1876 816
f 816 1876 1877
f 816 1877 817
f 1891 1875 816
f 1878 1891 816
f 1878 816 265
f 1878 265 1893
f 1879 69 814
f 1879 814 819
f 1822 782 813
f 1822 813 1880
f 814 69 1822
f 1880 814 1822
f 814 1880 79
f 819 814 79
f 1882 1881 1833
f 1882 1833 815
f 815 1833 1834
f 73 815 259
f 813 782 1881
f 813 1881 1882
f 813 1882 815
f 1880 813 73
f 73 813 815
f 1880 73 1840
f 1840 73 1839
f 79 1880 1840
f 79 1840 1844
f 265 816 817
f 265 817 1884
f 1877 818 819
f 818 1879 819
f 1883 817 1877
f 1883 1877 819
f 1883 819 79
f 1844 1883 79
f 1893 265 820
f 817 1883 1884
f 820 265 1884
f 822 1883 1844
f 822 1844 795
f 821 820 822
f 820 1884 822
f 1884 1883 822
f 1845 821 822
f 802 821 1845
f 830 1885 266
f 1885 811 812
f 1885 812 266
f 830 266 823
f 810 1869 1870
f 267 810 1870
f 1894 267 1870
f 266 812 267
f 812 1871 810
f 267 812 810
f 267 823 266
f 823 267 825
f 267 1894 824
f 825 267 824
f 825 824 1886
f 834 825 1886
f 1890 826 1887
f 1887 1888 1889
f 1860 785 1874
f 1889 1888 1860
f 1860 1874 1889
f 268 1890 1892
f 1890 1887 1889
f 1889 1892 1890
f 1891 1892 1889
f 1892 1891 1878
f 268 1892 1893
f 1893 1892 1878
f 1886 824 80
f 1894 1870 828
f 1870 1867 827
f 828 1870 827
f 828 827 826
f 1890 1894 828
f 1890 828 826
f 80 824 1894
f 268 80 1894
f 268 1894 1890
f 1895 80 268
f 1893 1895 268
f 834 1886 829
f 1886 80 1896
f 829 1886 1896
f 829 1896 81
f 80 1895 1896
f 820 1895 1893
f 1895 820 1897
f 81 1896 1897
f 1897 1896 1895
f 821 1897 820
f 81 1897 821
f 81 821 802
f 1909 1885 1898
f 1885 830 1898
f 1920 1898 832
f 832 1898 830
f 823 825 838
f 838 834 831
f 838 825 834
f 838 830 823
f 838 832 830
f 837 832 838
f 848 832 833
f 833 832 837
f 834 829 269
f 834 269 831
f 829 81 269
f 269 836 835
f 81 802 261
f 836 81 261
f 836 269 81
f 835 836 1899
f 836 803 804
f 1899 836 804
f 833 837 1900
f 1900 837 839
f 835 838 831
f 835 831 269
f 1899 1900 839
f 1899 839 835
f 837 838 835
f 835 839 837
f 840 833 1900
f 1900 1899 842
f 1923 1900 842
f 1923 842 841
f 1899 804 262
f 1899 262 263
f 842 1899 263
f 841 842 263
f 270 1901 478
f 270 1858 1903
f 1903 17 1902
f 1904 1903 1902
f 843 1903 1904
f 1901 270 271
f 271 270 1903
f 1905 271 843
f 843 271 1903
f 1901 271 1905
f 1347 1901 1905
f 1905 843 272
f 1347 1905 1348
f 1348 1905 1912
f 17 1868 1902
f 1902 1868 1907
f 264 78 1906
f 1906 1868 264
f 1907 1868 1906
f 82 1907 1906
f 1908 78 1910
f 1910 1873 1909
f 844 1908 1910
f 1908 844 845
f 845 844 857
f 1906 78 1908
f 82 1906 845
f 1906 1908 845
f 1911 845 857
f 82 845 1911
f 1917 82 1918
f 1918 82 1911
f 1918 1911 855
f 1912 1905 1913
f 450 1912 1913
f 1913 1905 272
f 843 1904 1914
f 272 843 1914
f 1914 1904 1902
f 1907 1914 1902
f 272 1914 1915
f 1915 1914 1907
f 1915 1907 82
f 1916 1913 272
f 1915 1916 272
f 1916 1915 82
f 1913 1916 847
f 847 1916 1917
f 1917 1916 82
f 847 1917 1918
f 846 450 1913
f 1350 450 846
f 847 1918 275
f 1919 846 847
f 847 275 1919
f 1350 846 126
f 846 1913 847
f 126 846 1919
f 126 1919 1928
f 126 1928 1353
f 451 126 1353
f 1909 1898 1933
f 1933 1898 1920
f 1933 1920 1922
f 848 833 849
f 1922 1920 1921
f 1920 832 848
f 1921 1920 848
f 1921 848 849
f 1922 1921 273
f 1922 273 1936
f 1921 849 273
f 273 849 850
f 273 850 274
f 859 273 274
f 840 1900 1923
f 840 1923 83
f 1923 841 1855
f 1923 1855 1924
f 1924 83 1923
f 862 859 274
f 850 849 1925
f 274 850 1925
f 851 274 1925
f 274 851 1926
f 849 833 840
f 1925 849 840
f 851 840 83
f 851 1925 840
f 852 851 83
f 862 274 1926
f 1926 851 1927
f 1927 862 1926
f 851 852 1266
f 1266 1927 851
f 853 1927 3
f 3 1927 1266
f 1353 1928 1942
f 1942 1928 863
f 1928 1919 1929
f 1929 1919 275
f 1929 275 1930
f 275 1918 855
f 1930 275 860
f 1930 860 84
f 1931 1928 854
f 1930 1928 1929
f 1930 854 1928
f 854 1930 84
f 863 1928 1931
f 854 84 1938
f 854 1938 1931
f 1931 1938 1941
f 1932 1911 857
f 855 1911 1932
f 856 855 1932
f 857 844 858
f 844 1910 1933
f 1933 1910 1909
f 858 844 1933
f 858 1933 1922
f 1934 856 1935
f 856 1932 1935
f 1935 1932 857
f 858 1935 857
f 1934 1935 1936
f 1935 858 1936
f 858 1922 1936
f 859 1934 1936
f 1936 273 859
f 85 1941 1937
f 275 855 860
f 856 860 855
f 1939 860 856
f 1941 1938 1937
f 1937 1938 1939
f 1938 84 860
f 1939 1938 860
f 85 1937 861
f 1937 1939 861
f 861 1939 1934
f 1939 856 1934
f 862 861 859
f 861 1934 859
f 1940 1941 86
f 1941 85 86
f 853 85 861
f 853 861 862
f 853 862 1927
f 3 86 853
f 86 85 853
f 457 1942 863
f 1355 863 1943
f 863 1931 864
f 1931 1941 864
f 1943 863 864
f 1941 1940 864
f 864 1940 865
f 865 1940 86
f 86 3 865
f 865 3 2449
f 1943 866 1356
f 866 864 865
f 866 1943 864
f 867 866 865
f 868 1356 866
f 868 866 867
f 2446 868 867
f 869 87 946
f 1945 869 879
f 879 869 1944
f 869 97 1944
f 391 87 1945
f 1945 87 869
f 1945 879 1953
f 391 1945 1953
f 391 1950 1216
f 97 870 871
f 278 872 1946
f 871 870 872
f 871 872 278
f 18 871 278
f 873 1946 276
f 874 1946 873
f 276 1947 1987
f 1987 1947 283
f 873 276 1987
f 874 873 279
f 873 1987 875
f 279 873 875
f 277 18 278
f 874 278 1946
f 279 277 874
f 874 277 278
f 18 277 281
f 281 277 1949
f 1955 281 1949
f 279 875 1948
f 277 279 1948
f 277 1948 1949
f 1949 1948 876
f 1951 1950 391
f 282 1950 1951
f 1951 391 1953
f 877 282 1951
f 878 877 1951
f 879 1944 880
f 1944 97 871
f 880 1944 871
f 880 871 18
f 881 880 18
f 885 878 1952
f 1953 879 880
f 1954 1952 280
f 1952 878 280
f 280 878 1953
f 878 1951 1953
f 880 280 1953
f 1954 280 281
f 281 280 881
f 881 280 880
f 281 881 18
f 885 1952 883
f 1952 1954 883
f 1955 1954 281
f 883 1954 1955
f 1216 1950 282
f 882 1216 282
f 882 282 877
f 882 877 884
f 1955 1956 1957
f 1958 885 1957
f 883 1955 1957
f 1957 885 883
f 1958 1957 1980
f 1958 1980 19
f 1959 882 884
f 877 878 885
f 885 884 877
f 886 884 1958
f 1958 884 885
f 1959 884 886
f 1959 886 888
f 886 1958 1960
f 887 1958 19
f 1960 1958 887
f 1960 888 886
f 888 1960 1978
f 888 1978 1961
f 889 888 1961
f 1947 1036 283
f 88 283 1036
f 88 1036 890
f 891 890 1036
f 891 896 890
f 2133 1037 284
f 284 341 893
f 284 893 1962
f 1041 1053 894
f 894 1963 1041
f 1964 1963 894
f 1962 893 895
f 893 341 1963
f 895 893 1963
f 895 1963 1964
f 1962 895 1966
f 895 1964 902
f 1966 895 902
f 892 890 896
f 891 2133 1965
f 1965 2133 284
f 1966 896 1965
f 1965 896 891
f 1965 284 1962
f 1966 1965 1962
f 1966 902 901
f 892 896 1968
f 1968 896 1966
f 1967 892 1968
f 1966 901 1968
f 1968 901 897
f 897 1989 1968
f 1989 897 1995
f 1053 346 1970
f 904 1053 1970
f 899 1970 346
f 905 1970 899
f 898 346 348
f 898 39 162
f 905 899 285
f 899 346 898
f 285 899 898
f 1403 285 898
f 905 285 1398
f 1398 285 286
f 286 285 1403
f 1995 897 900
f 900 897 1969
f 1969 906 89
f 1969 897 901
f 89 900 1969
f 900 89 1972
f 906 1964 903
f 906 902 1964
f 1964 894 904
f 1964 904 903
f 904 894 1053
f 1971 906 903
f 1971 903 1970
f 1970 903 904
f 1971 1970 905
f 287 900 1972
f 1969 901 906
f 906 901 902
f 1972 89 906
f 1971 1972 906
f 1972 1971 905
f 1398 287 1972
f 1398 1972 905
f 1995 900 907
f 1973 907 900
f 1973 900 1974
f 926 907 1973
f 1997 1973 1975
f 1976 287 1398
f 1976 1398 145
f 1973 1974 1975
f 1975 1974 908
f 1974 900 287
f 1974 287 1976
f 1976 908 1974
f 908 1976 145
f 503 1975 908
f 1977 1975 503
f 908 145 1395
f 503 908 1395
f 1977 503 1367
f 909 1961 1978
f 1978 1960 887
f 911 1978 887
f 887 19 1981
f 911 887 1981
f 909 1978 911
f 909 911 928
f 928 911 288
f 1979 19 1980
f 1980 1957 1956
f 1956 1955 916
f 1980 1956 910
f 913 1979 1980
f 913 1980 910
f 1990 913 910
f 288 911 912
f 1981 19 1979
f 912 1982 288
f 912 911 1981
f 913 912 1981
f 913 1981 1979
f 1982 912 913
f 2003 928 288
f 288 1982 914
f 2003 288 914
f 2003 914 289
f 1982 913 1983
f 1982 1983 914
f 1983 913 1991
f 289 914 915
f 914 1983 915
f 290 289 915
f 290 915 1984
f 1955 1949 916
f 916 1949 876
f 916 1986 922
f 1985 1948 875
f 1985 876 1948
f 1985 1986 916
f 1985 916 876
f 1986 1985 291
f 1986 291 918
f 1986 918 1993
f 292 875 1987
f 919 875 292
f 919 292 917
f 292 1987 88
f 88 1987 283
f 292 88 890
f 917 292 890
f 917 890 892
f 1988 918 291
f 291 1985 919
f 919 1985 875
f 1988 291 919
f 917 1988 919
f 293 1988 917
f 892 293 917
f 918 1988 920
f 920 1988 293
f 1993 918 920
f 293 892 1967
f 1989 920 293
f 1989 293 1967
f 1989 1967 1968
f 298 1989 1995
f 915 1983 294
f 1984 915 294
f 294 1983 1991
f 921 1984 294
f 921 294 295
f 296 921 295
f 1991 913 1990
f 1991 1990 297
f 910 1956 916
f 297 1990 90
f 90 1990 922
f 1990 910 922
f 922 910 916
f 90 922 1986
f 1993 90 1986
f 923 296 295
f 923 295 1992
f 1992 294 297
f 297 294 1991
f 295 294 1992
f 923 1992 1993
f 1992 297 1993
f 1993 297 90
f 296 923 91
f 91 923 1994
f 920 923 1993
f 1989 1994 923
f 1989 923 920
f 91 1994 298
f 1994 1989 298
f 939 1984 925
f 925 1984 921
f 921 296 924
f 925 921 924
f 1998 925 924
f 303 925 1998
f 296 91 924
f 924 91 1996
f 91 298 1995
f 1996 91 1995
f 907 1996 1995
f 1996 926 1997
f 926 1996 907
f 1997 926 1973
f 303 1998 927
f 1998 924 1996
f 1999 92 927
f 927 1998 1999
f 1999 1998 1996
f 92 1997 1975
f 1999 1996 1997
f 92 1999 1997
f 303 927 2000
f 927 92 2000
f 1977 92 1975
f 2011 2000 1977
f 1977 2000 92
f 2011 1977 1367
f 889 1961 1231
f 1231 1961 2001
f 1961 909 2001
f 2001 909 928
f 2001 928 299
f 1232 2001 2002
f 299 2002 2001
f 1232 2002 300
f 2002 299 931
f 300 2002 931
f 933 928 2003
f 2003 289 929
f 933 2003 929
f 289 290 2004
f 2004 290 930
f 933 929 934
f 934 929 301
f 2004 929 289
f 929 2004 301
f 934 301 2008
f 2005 931 302
f 299 928 933
f 2005 302 932
f 302 931 299
f 302 299 933
f 933 932 302
f 2005 932 2006
f 932 933 934
f 2006 932 934
f 2008 2006 934
f 2007 931 2005
f 935 2007 2005
f 935 2005 2006
f 2009 2008 936
f 2006 2008 2009
f 937 935 2006
f 938 937 2006
f 938 2006 2009
f 937 938 2443
f 939 925 303
f 93 939 303
f 303 2000 2010
f 2010 2000 2011
f 1364 2011 1367
f 2010 2011 1364
f 304 93 941
f 941 93 305
f 940 941 305
f 2010 305 303
f 305 93 303
f 2010 940 305
f 940 2010 1364
f 942 940 1364
f 941 940 942
f 2443 938 2012
f 938 2009 2012
f 2443 2012 943
f 2012 2009 936
f 943 2012 936
f 2015 943 94
f 936 2008 301
f 936 301 2013
f 301 2004 930
f 2013 301 930
f 290 1984 939
f 939 930 290
f 306 2013 2014
f 930 2014 2013
f 2014 930 939
f 93 2014 939
f 306 2014 304
f 304 2014 93
f 94 943 306
f 943 936 306
f 306 936 2013
f 94 306 304
f 2015 94 1361
f 94 304 941
f 1361 94 941
f 1361 941 942
f 2443 943 944
f 1244 944 307
f 944 943 2015
f 307 944 2015
f 95 2015 1361
f 461 95 1361
f 307 2015 95
f 945 307 95
f 2016 945 95
f 20 307 945
f 2016 95 461
f 2016 461 458
f 458 945 2016
f 1246 945 458
f 87 308 946
f 946 308 309
f 2161 947 96
f 309 2161 96
f 309 96 948
f 308 2161 309
f 946 2017 97
f 869 946 97
f 946 309 2017
f 309 948 2017
f 2017 948 2031
f 4 98 2018
f 2185 1077 2024
f 98 2185 2024
f 949 98 2024
f 949 2018 98
f 2030 2018 2019
f 2018 949 2019
f 2019 949 953
f 1077 950 2024
f 2021 2024 950
f 951 99 2020
f 2020 99 2038
f 951 2020 100
f 2021 951 2022
f 951 950 99
f 2021 950 951
f 2022 951 100
f 952 2021 2022
f 952 2022 2023
f 2022 310 2023
f 2027 953 949
f 2025 949 2024
f 2025 2024 2021
f 952 2027 2025
f 2025 2027 949
f 952 2025 2021
f 2026 2027 952
f 2026 952 2023
f 953 2027 2028
f 953 2028 2033
f 2026 2023 999
f 1001 2026 999
f 2033 2028 954
f 2028 2027 2026
f 2028 2026 1001
f 954 2028 1001
f 954 1001 955
f 954 955 2097
f 2034 954 2097
f 870 97 2029
f 97 2017 2029
f 2029 2017 2031
f 958 948 2030
f 96 947 4
f 2030 96 4
f 2030 4 2018
f 2030 948 96
f 958 2030 2019
f 956 2029 957
f 2029 2031 2032
f 948 2032 2031
f 958 2032 948
f 2032 957 2029
f 957 2032 958
f 957 958 2033
f 2033 958 2019
f 2033 2019 953
f 959 956 957
f 959 957 2033
f 2034 959 2033
f 960 959 2034
f 2033 954 2034
f 870 2029 311
f 2029 956 311
f 870 311 963
f 872 870 963
f 1946 872 963
f 311 956 959
f 959 961 962
f 2034 2097 2035
f 2035 960 2034
f 960 2035 327
f 961 959 960
f 961 960 327
f 992 962 961
f 962 992 2037
f 2037 992 2090
f 1946 963 101
f 101 963 2036
f 2036 963 311
f 2036 311 959
f 2036 959 962
f 2037 2036 962
f 276 1946 101
f 101 2036 964
f 2036 2037 964
f 964 2037 2090
f 276 101 964
f 276 964 1947
f 312 2040 965
f 965 2040 2041
f 1167 2340 313
f 966 1167 313
f 966 313 967
f 2042 965 2041
f 2040 2039 2041
f 2041 2039 966
f 2041 966 967
f 2042 2041 314
f 2042 314 2102
f 314 2041 968
f 2041 967 968
f 314 968 315
f 2102 314 315
f 2340 2355 2048
f 2048 2355 969
f 969 102 2043
f 2048 969 2043
f 2048 2043 970
f 102 2044 2045
f 2044 2376 2045
f 2046 970 2043
f 2043 102 2045
f 2046 2043 2047
f 2047 2043 2045
f 970 2046 974
f 974 2046 316
f 2046 2047 316
f 316 2047 971
f 974 316 972
f 2107 315 2053
f 2053 315 973
f 973 315 968
f 968 967 2051
f 2051 967 313
f 2051 313 2049
f 313 2340 2048
f 2049 313 2048
f 2049 2048 970
f 2050 2053 973
f 973 968 2051
f 2050 973 2051
f 2050 2051 2049
f 2050 2049 970
f 2053 2050 2052
f 2050 970 974
f 2052 2050 974
f 2052 974 317
f 317 974 972
f 2107 2053 977
f 975 2053 2052
f 975 2052 976
f 2052 317 976
f 978 977 975
f 975 977 2053
f 318 977 978
f 978 975 976
f 318 978 979
f 2054 980 982
f 981 2054 982
f 980 390 982
f 2057 982 390
f 981 982 2055
f 2069 981 2055
f 2055 982 2056
f 2055 2056 322
f 2059 2058 1212
f 983 322 2056
f 319 2056 982
f 319 983 2056
f 982 2057 2058
f 319 982 2058
f 624 983 319
f 2059 319 2058
f 624 319 2059
f 985 983 2060
f 2060 983 320
f 320 983 624
f 320 624 1539
f 2060 320 1539
f 2060 1539 621
f 979 978 2062
f 2061 979 2062
f 978 976 2062
f 2062 976 2063
f 2061 2062 103
f 103 2062 2063
f 976 317 984
f 2063 976 984
f 317 972 2066
f 984 317 2066
f 321 103 2063
f 321 2063 984
f 103 321 2064
f 321 984 2065
f 2065 984 2070
f 2065 2064 321
f 2075 2064 2065
f 2075 2065 21
f 2066 972 316
f 2066 316 971
f 2066 971 2067
f 2047 2045 2068
f 2045 2376 2054
f 2054 2068 2045
f 2068 2054 981
f 2067 971 2068
f 971 2047 2068
f 2069 2067 2068
f 2069 2068 981
f 2071 2067 2069
f 2071 2069 322
f 322 2069 2055
f 21 2065 2072
f 2065 2070 2072
f 2070 984 2066
f 2070 2066 2071
f 2071 2066 2067
f 2071 2072 2070
f 2072 2071 985
f 985 2071 322
f 21 2072 2073
f 2073 2072 985
f 985 322 983
f 2074 2073 985
f 2074 985 2060
f 621 2080 2074
f 621 2074 2060
f 979 2061 2124
f 323 2124 2061
f 323 2061 987
f 103 2064 986
f 324 986 2075
f 986 2064 2075
f 324 2075 990
f 2076 324 990
f 2061 103 986
f 2076 987 986
f 987 2061 986
f 2076 986 324
f 2077 2076 989
f 2077 987 2076
f 21 2073 2075
f 2075 2073 2079
f 2073 2074 2078
f 2079 2073 2078
f 2079 2078 988
f 990 2079 988
f 2078 2074 2080
f 2080 621 1526
f 2082 988 325
f 325 988 2078
f 2080 325 2078
f 2082 325 1527
f 2082 1527 104
f 990 2075 2079
f 2081 990 2082
f 2082 990 988
f 989 2076 2081
f 2081 2076 990
f 104 989 2081
f 2082 104 2081
f 2077 989 1030
f 1030 989 2083
f 989 104 2083
f 1030 2083 326
f 326 2083 2084
f 1034 326 2084
f 2083 104 1523
f 2084 2083 195
f 1947 964 2085
f 2085 964 2090
f 991 2085 2090
f 2130 1947 2085
f 991 2130 2085
f 2130 991 2093
f 2090 992 2087
f 992 961 327
f 992 327 2087
f 327 2035 993
f 2035 2086 105
f 105 993 2035
f 994 2087 993
f 327 993 2087
f 2088 993 105
f 994 993 2088
f 994 2088 995
f 994 995 2089
f 996 2093 2091
f 991 2090 2091
f 2091 2090 2087
f 2093 991 2091
f 2092 996 2091
f 997 996 2092
f 2091 2087 994
f 994 2092 2091
f 2092 994 2089
f 2093 996 2094
f 328 2093 2094
f 996 997 2094
f 328 2094 2095
f 2095 2094 997
f 2109 2092 2089
f 997 2092 2109
f 997 2109 2096
f 997 998 2095
f 998 997 2096
f 955 2098 2097
f 2097 2098 2086
f 1001 999 2099
f 2099 999 1000
f 2099 1000 1003
f 2111 2098 2100
f 2098 955 2100
f 2100 955 1001
f 2100 1001 2099
f 1003 2100 2099
f 2111 2100 1002
f 1002 2100 1003
f 22 1002 2101
f 2023 310 1004
f 2022 100 310
f 1004 310 1005
f 1005 310 106
f 312 2020 2038
f 312 2038 2040
f 1006 100 312
f 312 100 2020
f 312 965 2042
f 1006 106 310
f 1006 310 100
f 1006 312 2042
f 106 1006 2102
f 106 2102 1007
f 2102 1006 2042
f 1007 2102 315
f 1002 1003 2105
f 2105 2101 1002
f 2103 2101 2105
f 999 2023 1004
f 1000 999 1004
f 1005 1000 1004
f 2106 1000 1005
f 2103 2105 2106
f 2104 2103 2106
f 2105 1003 2106
f 2106 1003 1000
f 2104 2106 106
f 106 2106 1005
f 2103 2104 2108
f 1007 2104 106
f 2107 2104 1007
f 2107 1007 315
f 22 2101 2115
f 2115 2101 329
f 2115 329 1008
f 2101 2103 329
f 329 2103 2108
f 1008 329 1010
f 2108 2104 1009
f 1009 2104 2107
f 1009 2107 977
f 1010 329 2108
f 1010 2108 1009
f 1010 1009 318
f 1009 977 318
f 1023 1010 318
f 1023 318 979
f 2134 998 330
f 2116 2134 330
f 998 2096 330
f 2116 330 1013
f 2096 2109 2110
f 2109 2089 2110
f 330 2096 2110
f 2110 1013 330
f 1011 1013 2110
f 1011 2110 1014
f 1013 1012 2118
f 1012 1011 1014
f 1012 1013 1011
f 1015 2088 105
f 995 2088 1015
f 995 1015 1016
f 2086 2035 2097
f 1016 1015 1017
f 1017 1015 105
f 1017 105 2086
f 1017 2086 2098
f 2111 1017 2098
f 1016 1017 331
f 331 1017 1018
f 1018 1017 2111
f 1018 2111 1002
f 331 1018 1019
f 1019 1018 22
f 1018 1002 22
f 23 1012 1020
f 1020 1012 2112
f 2112 1012 1014
f 332 2112 1014
f 2114 1014 2110
f 2110 2089 995
f 2114 2110 995
f 1016 2114 995
f 332 1014 2113
f 1019 332 2113
f 2113 1014 2114
f 2113 2114 1016
f 2113 1016 331
f 1019 2113 331
f 2115 1019 22
f 1020 2112 332
f 1021 1020 332
f 1021 332 107
f 1022 332 1019
f 333 1022 1008
f 1022 1019 1008
f 1008 1019 2115
f 333 1008 1010
f 107 332 1022
f 333 107 1022
f 107 333 1023
f 1027 107 1023
f 1023 333 1010
f 2116 1013 2117
f 2116 2117 2122
f 1024 2116 2122
f 2118 1012 1025
f 1025 1012 23
f 1025 2119 2120
f 2120 2122 2117
f 2117 1013 2118
f 2120 2117 2121
f 2121 2117 2118
f 2121 2118 1025
f 2120 2121 1025
f 24 2122 2123
f 2123 2122 2120
f 23 1020 1021
f 1021 107 334
f 23 1021 334
f 1026 23 334
f 2127 23 1026
f 323 107 1027
f 1027 1023 2124
f 2124 1023 979
f 323 1027 2124
f 1026 334 1028
f 2125 1026 1028
f 1028 334 323
f 323 334 107
f 2125 1028 987
f 987 1028 323
f 2128 1026 2125
f 2129 2128 2125
f 2129 2125 987
f 2129 987 2077
f 335 24 2123
f 2123 2120 1029
f 2123 1029 2126
f 2126 335 2123
f 2127 1025 23
f 2119 1025 2127
f 2128 2127 1026
f 337 2126 1029
f 337 1029 336
f 1029 2120 2119
f 1029 2119 2127
f 336 1029 2127
f 336 2127 2128
f 2129 337 336
f 2129 336 2128
f 337 2129 1030
f 1030 2129 2077
f 1045 24 335
f 335 2126 1031
f 335 1031 338
f 1032 1045 335
f 1032 335 338
f 2126 337 1031
f 1031 337 1033
f 337 1030 1033
f 1033 1030 326
f 1034 1033 326
f 339 1032 338
f 339 338 1034
f 338 1031 1033
f 1034 338 1033
f 1035 1034 2084
f 339 1034 1035
f 339 1035 559
f 1947 2130 1036
f 2130 2093 2131
f 2131 2093 2132
f 2132 2093 1038
f 2131 1036 2130
f 2132 1036 2131
f 891 1036 2132
f 891 2132 2133
f 2132 1037 2133
f 2093 328 1038
f 1038 328 2141
f 328 2095 2136
f 2141 328 2136
f 2136 998 2135
f 2135 998 2134
f 2141 2136 1039
f 2136 2095 998
f 1039 2136 2135
f 2137 1039 2135
f 2141 1039 2138
f 340 1039 2137
f 2138 1039 340
f 2142 2138 340
f 1037 2132 1040
f 2139 1037 1040
f 2139 1040 2140
f 2141 2132 1038
f 1040 2132 2141
f 2140 1040 2141
f 2140 2141 2138
f 1037 2139 284
f 284 2139 341
f 2140 2138 2143
f 2143 2138 2142
f 2143 2142 2151
f 2143 2151 1041
f 341 2139 2143
f 2139 2140 2143
f 1041 341 2143
f 1963 341 1041
f 2134 2116 343
f 343 2116 1024
f 342 1024 2122
f 1042 343 1024
f 1042 1024 342
f 2122 24 344
f 344 24 2144
f 344 2144 2147
f 2154 1042 1044
f 1042 342 1043
f 1044 1042 1043
f 342 2122 344
f 1044 1043 344
f 1043 342 344
f 1044 344 2147
f 1051 1044 2147
f 2145 1044 1051
f 1046 1045 1032
f 1047 339 559
f 1046 1032 339
f 1046 339 1047
f 1047 1048 1046
f 1048 1047 2146
f 108 1046 1048
f 1048 2146 556
f 108 1048 556
f 1049 1051 2147
f 2147 2144 1050
f 2144 24 1045
f 1050 2144 1045
f 1050 1045 1046
f 108 1050 1046
f 108 1052 1049
f 1050 1049 2147
f 108 1049 1050
f 1052 108 2148
f 2148 108 556
f 1051 1049 1052
f 2149 1052 2150
f 1052 2148 551
f 2150 1052 551
f 1053 1041 2151
f 1053 2151 2152
f 1053 2152 345
f 2156 340 1055
f 2156 1054 2153
f 2137 2135 2155
f 2135 2134 343
f 2155 2135 343
f 2154 2155 343
f 2154 343 1042
f 1054 2156 1055
f 340 2137 2155
f 1055 340 2155
f 1054 1055 2155
f 2154 1054 2155
f 2153 1054 2145
f 1054 2154 2145
f 2145 2154 1044
f 2153 2145 1051
f 2152 2151 2156
f 2151 2142 2156
f 2156 2142 340
f 2153 2152 2156
f 2149 345 2153
f 2153 345 2152
f 1051 2149 2153
f 2149 1051 1052
f 2150 345 2149
f 1053 345 346
f 346 345 1056
f 345 2150 547
f 1056 348 346
f 547 1056 345
f 348 1056 347
f 347 1056 547
f 898 348 39
f 87 2157 308
f 308 2157 2158
f 2159 2158 1057
f 1058 308 2158
f 1058 2158 2159
f 2160 1058 2159
f 308 1058 2161
f 2161 1058 2160
f 2173 2161 2160
f 947 2161 2173
f 1059 395 2162
f 2162 395 2425
f 2425 1060 2169
f 109 2425 2169
f 2162 2425 109
f 2162 109 1069
f 1060 2431 1061
f 1061 2431 2165
f 2164 2163 1062
f 349 2165 2164
f 2165 2163 2164
f 2166 349 2164
f 1064 1061 350
f 350 1061 2165
f 350 2165 349
f 2166 350 349
f 1064 350 1065
f 350 2166 2167
f 2167 2166 2283
f 1065 350 2167
f 1065 2167 2168
f 2168 2167 2283
f 1069 109 351
f 351 109 2169
f 2169 1060 1061
f 2169 1061 1064
f 1063 351 2169
f 1064 1063 2169
f 1063 1064 1065
f 1063 1065 2170
f 2170 1065 2168
f 1069 351 2179
f 351 1063 2171
f 2179 351 2171
f 2179 2171 2182
f 1066 2170 1131
f 2182 2171 1066
f 2171 1063 2170
f 2170 1066 2171
f 2182 1066 2183
f 2183 1066 2172
f 2172 1066 1131
f 947 2173 2176
f 2174 2173 2160
f 2174 2160 352
f 2176 2173 2174
f 2175 2174 2177
f 2175 2176 2174
f 2176 2175 2187
f 2187 2175 354
f 2160 2159 352
f 352 2159 1068
f 2159 1057 1068
f 1067 1057 1059
f 1067 1059 2162
f 1068 1057 1067
f 1068 1067 2162
f 353 1068 1069
f 1069 1068 2162
f 354 2175 1070
f 2175 2177 1070
f 1070 2177 353
f 2174 352 2177
f 2177 352 1068
f 1068 353 2177
f 354 1070 2180
f 2178 354 2180
f 1070 353 2180
f 2179 353 1069
f 2180 353 2179
f 2181 2178 2180
f 2182 2181 2180
f 2182 2180 2179
f 1074 2178 2189
f 2178 2181 2189
f 2181 2182 2189
f 2189 2182 2183
f 4 947 2176
f 4 2176 1071
f 98 4 1071
f 2176 2187 2184
f 98 1071 2185
f 2185 1071 2184
f 1071 2176 2184
f 2185 2184 1072
f 354 2178 2186
f 2186 2178 1074
f 2187 354 2186
f 2188 2186 1074
f 2187 2186 2188
f 1074 2189 355
f 355 2189 1073
f 1073 2189 2183
f 2188 1074 1075
f 1075 1074 355
f 2188 1075 356
f 1075 355 2190
f 356 1075 2190
f 356 2190 2191
f 1077 2185 1078
f 1078 2185 1072
f 1072 2184 2192
f 1078 1072 2192
f 1078 2192 1076
f 2193 2184 2187
f 2193 2187 2188
f 2193 2192 2184
f 2195 2192 2193
f 2195 2193 2188
f 1076 2192 2195
f 1076 2195 2194
f 2196 1076 2194
f 2195 2188 356
f 2194 2195 356
f 2194 356 2191
f 950 1077 1079
f 1079 1077 1078
f 99 950 1079
f 2194 2191 1080
f 2196 2194 1080
f 1079 1078 2196
f 1078 1076 2196
f 2197 1079 2196
f 2197 2196 1080
f 2197 1080 357
f 1079 2197 99
f 2038 99 2197
f 2038 2197 357
f 1081 2198 1082
f 1082 2198 2199
f 1083 1082 2200
f 2285 1081 1083
f 1083 1081 1082
f 2285 1083 2286
f 1083 1085 1084
f 2286 1083 1084
f 2286 1084 110
f 2206 2199 2201
f 2206 2201 358
f 2201 2498 2202
f 358 2201 2203
f 2201 2199 2498
f 2203 2201 2202
f 2203 2202 1096
f 2204 2203 1096
f 110 1084 2205
f 2205 1084 1085
f 1082 2199 2206
f 2206 2200 1082
f 2200 2206 358
f 2205 1085 2207
f 2208 2205 2207
f 1085 1083 2200
f 2207 1085 2200
f 2207 2200 358
f 2208 2207 1086
f 2207 358 2203
f 2207 2203 2204
f 1086 2207 2204
f 2205 2208 2209
f 110 2205 2209
f 1088 110 2209
f 1088 2209 1087
f 1088 1087 2211
f 1089 2208 1086
f 1086 2204 2210
f 1089 1086 2210
f 1089 2210 359
f 2211 1087 2212
f 1087 2209 1089
f 2209 2208 1089
f 2212 1087 1089
f 2212 1089 359
f 2212 359 1090
f 2211 2212 1090
f 2213 2211 1090
f 2213 1090 2216
f 2213 2216 1101
f 2202 2222 1091
f 2214 2222 1093
f 1091 2222 2214
f 1091 2214 360
f 1092 1091 360
f 111 1092 360
f 2214 1093 2215
f 360 2214 2215
f 360 2215 2236
f 360 2236 1099
f 1090 359 2217
f 2226 2216 2218
f 2216 1090 2217
f 2218 2216 2217
f 359 2210 2219
f 2219 2210 1094
f 1094 2210 2204
f 2219 1094 1098
f 361 2218 2220
f 2218 2217 2220
f 2217 359 2219
f 2220 2217 2219
f 361 2220 2221
f 2220 2219 2221
f 2221 2219 1098
f 2221 1098 1095
f 2221 1095 2225
f 1097 2204 1096
f 1097 1096 2223
f 2202 2498 2222
f 2223 1096 2202
f 1092 2223 1091
f 1091 2223 2202
f 1097 2223 111
f 111 2223 1092
f 2224 1095 1098
f 1098 1094 1097
f 1094 2204 1097
f 2224 1098 111
f 1097 111 1098
f 2225 1095 2224
f 2225 2224 1099
f 2224 111 1099
f 111 360 1099
f 2225 1099 1104
f 1101 2216 2226
f 2218 361 1100
f 2226 2218 1100
f 1101 2226 2227
f 2226 1100 2227
f 361 2221 2228
f 2221 2225 1105
f 2228 2221 1105
f 2228 1105 2229
f 1100 361 2228
f 1102 2227 2228
f 2228 2227 1100
f 1103 2227 1102
f 1102 2228 2229
f 1103 1102 2303
f 2231 2225 1104
f 2230 2231 1113
f 2232 1102 2229
f 2232 2229 2230
f 1105 2225 2231
f 2231 2230 2229
f 2231 2229 1105
f 2303 1102 2232
f 2232 2230 1112
f 362 416 2234
f 2233 2502 120
f 2234 2502 2233
f 1106 2234 2233
f 1106 2233 254
f 1108 1107 1106
f 1106 1107 2234
f 775 1108 1109
f 1109 1108 1106
f 1110 1108 775
f 2241 1108 1110
f 1111 2241 1110
f 2320 1112 365
f 1112 2230 2242
f 365 1112 2242
f 2231 1104 1113
f 2235 1113 1104
f 2242 2230 1113
f 2235 2242 1113
f 1104 1099 363
f 363 1099 2236
f 1108 363 2236
f 2236 2215 362
f 362 2215 416
f 1108 2236 1107
f 1107 2236 362
f 1107 362 2234
f 2235 1104 363
f 2238 2235 363
f 2237 2242 2235
f 112 2242 2237
f 2237 2235 2238
f 363 364 2238
f 2238 364 2237
f 364 363 2241
f 2241 363 1108
f 112 2237 2244
f 2237 364 2239
f 2244 2237 2240
f 2240 2237 2239
f 1114 2240 2239
f 1114 2239 1111
f 2239 364 2241
f 1111 2239 2241
f 1114 1111 2
f 2243 365 1115
f 1116 2243 1115
f 2242 112 2249
f 365 2249 2251
f 365 2242 2249
f 1115 365 2248
f 365 2251 2248
f 2244 2240 2247
f 2244 2247 2245
f 2240 1114 1802
f 1802 1114 770
f 2246 2245 2247
f 2247 2240 1802
f 2246 2247 1801
f 1801 2247 1802
f 1117 2246 1801
f 2251 2249 2250
f 2249 112 2244
f 2250 2249 2244
f 2250 2244 2245
f 2250 2245 2246
f 1118 2248 2251
f 1118 2251 2246
f 2246 2251 2250
f 1118 2246 1117
f 1118 1117 66
f 2248 1118 2252
f 2252 1118 66
f 2252 66 1792
f 2253 2248 2252
f 1792 2253 2252
f 2253 1792 766
f 1119 2253 766
f 1116 1115 2248
f 1120 1116 1121
f 1121 1116 2248
f 1121 2248 2253
f 1119 1120 1121
f 1119 1121 2253
f 1122 1116 1120
f 1122 1120 2254
f 2255 1120 1119
f 1119 766 1787
f 2255 1119 1787
f 2255 1787 765
f 2256 2255 765
f 2254 1120 2255
f 2257 2254 1123
f 1123 2254 2255
f 1123 2255 2256
f 2257 1123 2256
f 2257 2256 249
f 2257 249 764
f 2258 2038 357
f 2258 357 366
f 1080 2191 2259
f 357 1080 2259
f 2259 366 357
f 2260 366 2259
f 366 2260 1124
f 1124 2260 2261
f 25 1124 2261
f 2190 355 1125
f 1127 2191 2190
f 2263 1127 2190
f 1125 355 1073
f 1125 1073 367
f 2262 367 2312
f 2263 2190 2262
f 2262 2190 1125
f 2262 1125 367
f 1126 2263 2262
f 2264 2262 2312
f 2264 2312 2311
f 1126 2262 2264
f 368 25 2261
f 2260 2259 2266
f 2261 2260 2266
f 368 2261 2265
f 1128 368 2265
f 2266 2259 1127
f 2259 2191 1127
f 2265 2261 2266
f 2267 2265 2266
f 1127 2267 2266
f 1128 2265 2267
f 1128 2268 2270
f 2267 1127 2263
f 2267 2263 1126
f 2268 1128 2267
f 2268 2267 1126
f 2268 1126 2264
f 2271 2268 2264
f 25 368 2341
f 2273 368 1128
f 2341 368 2273
f 2341 2273 2269
f 2270 2268 2271
f 2270 2271 2305
f 1129 2270 2272
f 2272 2270 2305
f 1129 2272 2274
f 2276 2269 1129
f 2273 1128 2270
f 1129 2273 2270
f 1129 2269 2273
f 2276 1129 2274
f 2275 2269 2276
f 2277 2275 2276
f 2276 2274 1130
f 2277 2276 1130
f 2277 1130 5
f 2278 2183 2172
f 2279 2278 2172
f 2279 2172 1133
f 1131 2170 1132
f 2170 2168 1132
f 2280 1131 1132
f 2280 1132 2296
f 1134 2279 1133
f 1133 2172 1131
f 1133 1131 2280
f 2281 1133 2280
f 2281 2280 2296
f 2281 2296 1138
f 2282 1134 2281
f 1134 1133 2281
f 2282 2281 1135
f 2313 2282 1135
f 1132 2168 2283
f 1132 2283 369
f 2283 2166 1136
f 369 2283 2288
f 369 2288 2289
f 369 2289 113
f 2166 2284 1136
f 2166 2164 2284
f 1136 2284 2287
f 2164 1062 2285
f 2285 1062 1081
f 2284 2164 2285
f 2286 2284 2285
f 2287 2284 2286
f 2287 2286 2291
f 2291 2286 110
f 2289 2288 1137
f 2289 1137 370
f 2288 2283 1137
f 1137 2283 1136
f 370 1137 2290
f 2290 1137 2287
f 2287 1137 1136
f 2292 2290 2291
f 2291 2290 2287
f 113 2289 370
f 113 370 371
f 370 2290 2292
f 2292 2291 110
f 2292 110 1088
f 2292 1088 2211
f 2293 371 370
f 2293 370 2292
f 2293 2292 2211
f 371 2293 2294
f 2294 2293 2211
f 2294 2211 2213
f 2294 2213 1101
f 1135 2281 1138
f 2295 1135 2297
f 2297 1135 1138
f 1138 1139 2297
f 2296 369 1140
f 2296 1132 369
f 1140 369 113
f 1141 2297 1139
f 1139 1138 2296
f 1140 1139 2296
f 1141 1139 1140
f 1141 1140 113
f 2300 2297 2301
f 2297 1141 2298
f 2301 2297 2298
f 2298 1141 113
f 2301 2298 2299
f 2298 113 371
f 2298 371 2294
f 2294 2299 2298
f 2299 2294 1101
f 1155 1135 2295
f 1155 2295 2319
f 2295 2297 2300
f 2295 2300 1142
f 2319 2295 1142
f 2319 1142 1144
f 2300 2301 1143
f 2299 1101 2227
f 2301 2299 2227
f 1143 2301 1103
f 2301 2227 1103
f 1144 1142 2302
f 1144 2302 2303
f 1142 2300 1143
f 2303 2302 1143
f 2302 1142 1143
f 2303 1143 1103
f 1158 1144 2303
f 1158 2303 1145
f 1145 2303 2232
f 1145 2232 1112
f 1159 5 1130
f 1159 1130 1146
f 1146 1130 2307
f 2272 2305 2274
f 2274 2305 2304
f 2304 2305 1147
f 2305 2271 1147
f 2304 1147 2306
f 2306 1147 1154
f 2306 1154 114
f 2309 2307 2308
f 2307 1130 2274
f 2308 2307 2274
f 2309 2308 2306
f 2306 2308 2274
f 2306 2274 2304
f 2307 2309 2310
f 2309 2306 114
f 2309 114 372
f 2310 2309 372
f 2271 2264 1148
f 1148 2264 2311
f 1152 1148 2311
f 1152 2311 1150
f 1152 1150 1153
f 1149 2312 367
f 367 1073 2278
f 1073 2183 2278
f 1149 367 2278
f 1149 2278 2279
f 1149 2279 1134
f 2311 2312 1149
f 1150 2311 1149
f 1134 1150 1149
f 1153 1150 2313
f 1150 1134 2313
f 2282 2313 1134
f 2314 2310 2316
f 2316 2310 372
f 372 114 2315
f 2315 2316 372
f 2316 2315 1151
f 1147 2271 1148
f 1152 1147 1148
f 1152 1154 1147
f 1151 2315 2317
f 2318 1151 2317
f 2315 114 1154
f 2317 2315 1154
f 2317 1154 1152
f 2317 1152 1153
f 1155 1151 2318
f 2317 1153 2318
f 2318 1153 2313
f 2318 2313 1155
f 1155 2313 1135
f 2314 2316 374
f 374 2316 1156
f 1156 2316 373
f 1151 1155 1157
f 2319 1157 1155
f 1157 2319 1158
f 1158 2319 1144
f 373 2316 1158
f 2316 1151 1157
f 1158 2316 1157
f 1156 373 1145
f 1145 373 1158
f 1156 1145 2320
f 2320 1145 1112
f 1146 2307 2321
f 1179 1159 1160
f 1160 1159 2321
f 1159 1146 2321
f 1160 2321 115
f 2307 2310 1161
f 2310 2314 1162
f 1161 2310 1162
f 115 2321 2322
f 2321 2307 1161
f 2322 2321 1161
f 1162 2322 1161
f 2323 2322 1162
f 375 115 2322
f 2324 2322 2323
f 375 2322 2324
f 375 2324 2325
f 2326 2314 374
f 2326 374 1164
f 1156 1163 1164
f 1156 2320 1163
f 1163 2320 365
f 1163 365 2243
f 1164 374 1156
f 2243 1164 1163
f 2326 1164 2243
f 2326 2243 1165
f 1165 2243 1116
f 2327 2325 376
f 2325 2324 2323
f 376 2325 2323
f 2327 376 2328
f 2323 1162 2329
f 2329 1162 2314
f 2326 2329 2314
f 2328 376 1166
f 1166 376 2330
f 2329 376 2323
f 2330 376 2329
f 2330 2329 2326
f 1165 2330 2326
f 1165 1166 2330
f 1122 1166 1165
f 1122 1165 1116
f 2327 2328 2331
f 2332 2327 2331
f 2332 2331 2334
f 2332 2334 2363
f 2328 1166 2333
f 2333 1166 1122
f 2333 1122 2254
f 2331 2328 2333
f 2335 2334 2333
f 2334 2331 2333
f 2335 2333 2254
f 2363 2334 2336
f 2363 2336 1184
f 2335 2254 2257
f 2336 2335 2257
f 2336 2334 2335
f 2336 2257 764
f 2038 2258 2040
f 2258 366 377
f 2337 2258 377
f 2337 2040 2258
f 2040 2337 2039
f 2039 2337 966
f 366 1124 377
f 377 1124 2338
f 25 1168 2348
f 2338 1124 2348
f 2348 1124 25
f 2338 2348 1174
f 966 2337 2339
f 2337 377 2339
f 2338 2339 377
f 1167 2339 2338
f 966 2339 1167
f 1167 2338 1174
f 2340 1167 2353
f 25 2341 1168
f 1168 2341 2343
f 2341 2269 2343
f 2349 2343 1169
f 2275 2277 2342
f 2275 2342 1173
f 2277 5 2342
f 2342 5 1170
f 1173 2342 1171
f 1171 2342 1170
f 1169 2343 2344
f 1172 1169 2344
f 2343 2269 2275
f 1173 2343 2275
f 2344 2343 1173
f 1171 2344 1173
f 2344 1171 2345
f 378 1172 2345
f 2345 1172 2344
f 378 2345 26
f 2352 378 26
f 2353 1167 2346
f 2346 1167 1174
f 1175 2353 2346
f 2346 1174 2347
f 1175 2346 2347
f 2349 1174 1168
f 1174 2348 1168
f 2349 1168 2343
f 1176 2347 2350
f 2350 2347 1174
f 2350 1174 2349
f 2350 2349 1169
f 1176 2350 2351
f 2350 1169 1172
f 2351 2350 1172
f 2351 1172 378
f 2356 1176 2352
f 2352 1176 2351
f 2352 2351 378
f 2340 2353 2355
f 1175 2347 1177
f 2354 1175 1177
f 2355 2353 1175
f 2355 1175 2354
f 969 2355 102
f 102 2355 2354
f 1177 1176 2356
f 2352 26 2378
f 2356 2352 2378
f 2356 2378 1178
f 1177 2356 1178
f 102 2354 379
f 1177 2347 1176
f 379 2354 1177
f 379 1177 2357
f 2357 1177 1178
f 102 379 2044
f 2044 379 2357
f 2376 2044 2357
f 2376 2357 1192
f 5 1159 381
f 381 1159 1179
f 1160 115 380
f 1179 1160 380
f 2359 1179 380
f 381 1179 1180
f 1180 1179 2359
f 115 375 380
f 380 375 2358
f 2325 2327 2369
f 375 2325 2369
f 2358 375 2369
f 116 2358 1186
f 1180 2359 1182
f 2359 380 1181
f 1182 2359 1181
f 1181 380 2358
f 2360 1181 116
f 116 1181 2358
f 2388 1180 1182
f 1182 1181 2360
f 2388 1182 2361
f 2360 116 2368
f 1183 2360 2368
f 2361 1182 1183
f 1183 1182 2360
f 2362 2332 2364
f 2362 2327 2332
f 2370 2362 2365
f 2363 1184 382
f 1184 2336 764
f 1184 764 1652
f 1184 1652 690
f 382 1184 690
f 382 690 57
f 2365 2362 2364
f 2364 2332 2363
f 2364 2363 382
f 2365 2364 382
f 57 2365 382
f 1648 2365 57
f 2366 2365 1648
f 2367 2371 1183
f 2367 1183 1185
f 1185 1183 2368
f 1187 1185 2368
f 2367 1185 1187
f 2367 1187 1189
f 2358 2369 1186
f 2369 2327 2362
f 2370 1186 2369
f 2370 2369 2362
f 2368 116 1186
f 1187 2368 1186
f 1187 1186 2370
f 1188 1187 2370
f 1189 1187 1188
f 1188 2370 2365
f 1188 2365 2366
f 222 1189 2366
f 2366 1189 1188
f 2371 2367 1190
f 2367 1189 2372
f 1190 2367 2372
f 1191 1190 2372
f 2402 1190 1202
f 1202 1190 1191
f 1202 1191 2404
f 383 1189 222
f 2404 1191 2373
f 2404 2373 2375
f 2373 1191 2372
f 2373 2372 2374
f 2375 2373 2374
f 2372 1189 383
f 2374 2372 383
f 2375 2374 221
f 2374 383 221
f 2375 221 680
f 1205 2375 681
f 681 2375 680
f 1192 2357 2377
f 117 1192 2381
f 2378 26 2393
f 2380 2378 2393
f 2380 1178 2378
f 2379 1178 2380
f 2379 2380 1193
f 1193 2380 1199
f 2381 1192 2377
f 2382 2381 2377
f 2377 2357 1178
f 2377 1178 2379
f 1193 2382 2377
f 1193 2377 2379
f 2382 1193 2383
f 1193 1199 2383
f 2381 2382 2383
f 1194 2381 2383
f 1206 1194 1198
f 2345 1171 2386
f 2384 2345 2386
f 384 2393 2385
f 2393 26 2385
f 2385 26 2345
f 2385 2345 2384
f 384 2385 2384
f 2394 384 2384
f 2386 1171 1170
f 2386 1170 385
f 1170 5 381
f 381 385 1170
f 385 381 1196
f 1180 1196 381
f 2394 2384 2387
f 2387 2384 1195
f 1195 2384 2386
f 1196 1195 2386
f 1196 2386 385
f 2388 1195 1196
f 2388 1196 1180
f 2387 1195 2389
f 2387 2389 388
f 2389 1195 2388
f 1197 2389 2388
f 1197 2388 2361
f 388 2389 1197
f 1197 2361 1183
f 2371 1197 1183
f 1198 1194 2383
f 1198 2383 386
f 2390 2383 1199
f 2390 386 2383
f 386 2390 2391
f 2392 386 2391
f 2392 2391 2395
f 1199 2380 387
f 387 2380 2393
f 387 2393 384
f 2394 387 384
f 2395 2391 2396
f 2391 2390 1200
f 2396 2391 1200
f 1200 2390 1199
f 1200 1199 387
f 2394 2396 1200
f 2394 1200 387
f 2395 2396 1201
f 1201 2396 2397
f 1201 2397 388
f 2396 2394 2397
f 2397 2394 2387
f 2397 2387 388
f 388 1197 2371
f 1198 386 2398
f 2398 386 2392
f 2398 2392 1203
f 2409 2398 2399
f 2398 1203 2399
f 1201 388 2403
f 2395 1201 2403
f 2395 2403 2401
f 2403 388 2402
f 388 2371 2402
f 2402 2371 1190
f 1202 2403 2402
f 2401 2403 2404
f 2404 2403 1202
f 2400 2399 389
f 389 2399 1203
f 1203 2392 2401
f 2401 2392 2395
f 2405 389 2401
f 2401 389 1203
f 2405 2401 2404
f 2400 389 1204
f 1204 389 1205
f 389 2405 1205
f 2405 2404 1205
f 1205 2404 2375
f 681 1204 1205
f 2054 2376 1192
f 2054 1192 980
f 980 1192 117
f 2381 1194 2406
f 2406 1194 1206
f 2406 1206 1209
f 2408 2381 2407
f 2407 2381 2406
f 2406 1209 2407
f 390 980 2408
f 980 117 2408
f 2408 117 2381
f 390 2408 2407
f 390 2407 118
f 1198 2398 2409
f 1206 1198 2410
f 1198 2409 2410
f 2409 2399 1207
f 2399 2400 1207
f 1207 2410 2409
f 2410 1207 2411
f 1204 681 219
f 1204 219 1600
f 2412 1204 1600
f 2412 1600 1599
f 1207 2400 1204
f 1207 1204 2412
f 1599 2411 2412
f 2412 2411 1207
f 2413 2411 1599
f 2413 1599 671
f 1208 2057 2414
f 390 118 2414
f 2057 390 2414
f 1208 2414 1210
f 118 2407 1209
f 118 1209 2415
f 1209 1206 2410
f 2415 1209 2410
f 2415 2410 2411
f 1210 2414 118
f 2415 1210 118
f 2413 1210 2415
f 2411 2413 2415
f 1211 1210 2413
f 671 1211 2413
f 2058 2057 1208
f 2058 1208 1212
f 1208 1210 1211
f 1211 671 669
f 1211 1212 1208
f 1212 1211 669
f 1212 669 626
f 2157 87 2416
f 2416 391 1214
f 1214 391 1213
f 2416 87 391
f 2157 2416 2158
f 2158 2416 1215
f 2416 1214 1219
f 2158 1215 1057
f 1057 1215 1059
f 1216 882 2420
f 392 1217 1216
f 392 1216 2420
f 392 2420 394
f 1217 392 2419
f 882 1959 2421
f 1959 888 393
f 2421 1959 393
f 888 889 2417
f 393 888 2417
f 393 2417 1286
f 393 1286 2418
f 2419 392 394
f 2420 882 2421
f 2421 394 2420
f 394 2421 393
f 2422 394 2418
f 394 393 2418
f 2419 394 1218
f 1221 2419 1218
f 1218 394 2422
f 2422 2418 1289
f 2422 1289 2478
f 2422 2478 1282
f 1218 2422 2423
f 1221 1218 2423
f 2476 2422 1282
f 2476 2423 2422
f 1223 1059 1215
f 1215 2416 1219
f 1219 1214 2424
f 1223 1215 1219
f 1219 2424 2426
f 1223 1219 2426
f 2424 1214 1213
f 1213 391 1216
f 1217 1213 1216
f 1220 1213 1217
f 2426 2424 1220
f 1220 2424 1213
f 2427 2426 1220
f 1220 1217 2419
f 1221 1220 2419
f 1222 2427 1221
f 2427 1220 1221
f 1222 1221 2423
f 395 1059 1223
f 2425 395 1224
f 2425 1224 1060
f 1227 2426 2427
f 1222 2423 2468
f 2427 1222 1275
f 1227 2427 2428
f 1224 395 396
f 1060 1224 396
f 395 1223 1227
f 1223 2426 1227
f 396 395 1226
f 1226 395 1227
f 1226 1227 2428
f 1226 2428 1225
f 2431 2430 2165
f 396 1226 2429
f 396 2429 2462
f 2431 1060 396
f 2430 2431 396
f 2430 396 1228
f 1228 396 2462
f 2165 2430 2163
f 1229 2430 1228
f 1229 1228 397
f 2163 2430 1229
f 2163 1229 1062
f 1062 1229 1230
f 1231 2001 1232
f 398 1231 1232
f 2479 1231 398
f 300 931 2435
f 1233 300 2435
f 1233 2435 1234
f 398 1232 1233
f 1233 1232 300
f 2479 398 1234
f 2479 1234 2480
f 398 1233 1234
f 2435 2007 399
f 935 937 1235
f 399 2007 935
f 1235 937 2432
f 937 2443 2441
f 2432 937 2441
f 399 935 1235
f 2433 399 1235
f 2433 1235 1253
f 1253 1235 2432
f 1253 2432 1254
f 1236 2433 1253
f 1237 1236 1253
f 27 1234 1238
f 1238 1234 2434
f 2436 2434 1239
f 2435 931 2007
f 399 1240 2435
f 1239 2434 1240
f 1241 1239 1240
f 2434 1234 2435
f 2434 2435 1240
f 2433 1240 399
f 1240 2433 1241
f 1241 2433 1236
f 1237 1241 1236
f 1238 2434 2436
f 1238 2436 2482
f 2482 2436 2437
f 1239 1241 1242
f 1242 1241 1237
f 1242 1237 1249
f 1248 1242 1249
f 2437 2436 2438
f 2436 1239 2438
f 2438 1239 1242
f 2439 2437 2438
f 1248 2438 1242
f 2439 2438 1248
f 2482 2437 1243
f 1243 2437 2439
f 1243 2439 2440
f 1296 1243 2440
f 1296 2440 1260
f 2441 2443 2444
f 2443 944 2442
f 2442 944 1244
f 2442 2444 2443
f 2444 2442 1245
f 1244 307 20
f 1244 20 2445
f 1245 2442 1244
f 2445 1245 1244
f 1245 2445 1247
f 20 945 2446
f 1246 458 868
f 2446 945 1246
f 2446 1246 868
f 2445 20 2446
f 1247 2445 2446
f 867 1247 2446
f 2453 1247 2447
f 2447 1247 2448
f 2447 2448 2449
f 2448 1247 867
f 2449 2448 867
f 2449 867 865
f 1260 2440 2450
f 1260 2450 403
f 2440 2439 2450
f 2450 2439 400
f 400 2439 1248
f 403 2450 400
f 403 400 1261
f 1237 1250 401
f 2451 1249 401
f 401 1249 1237
f 400 1248 2451
f 2451 1248 1249
f 1251 400 2451
f 1251 2451 401
f 404 400 1252
f 1252 400 1251
f 404 1252 2452
f 1250 1237 1253
f 1253 1254 402
f 1250 1253 402
f 2432 2441 1254
f 2444 1254 2441
f 1255 402 1254
f 1245 1255 2444
f 1255 1254 2444
f 2453 1245 1247
f 2456 2452 1256
f 2452 1252 1256
f 1256 1252 1251
f 1251 401 1257
f 1257 401 1250
f 1257 1250 402
f 2453 1256 1258
f 1256 1251 1258
f 1258 1251 1257
f 2453 1258 402
f 402 1258 1257
f 2453 402 1255
f 2453 1255 1245
f 2456 1256 2454
f 2454 1256 2453
f 2454 1259 2456
f 1259 2454 2447
f 2454 2453 2447
f 1259 2447 2449
f 1266 1259 2449
f 2494 1260 1263
f 1263 1260 403
f 400 404 1261
f 1264 1261 404
f 1264 404 1262
f 1264 403 1261
f 2455 1263 1264
f 1263 403 1264
f 1264 1262 2455
f 1315 1263 2455
f 404 2452 2456
f 404 2456 1265
f 2456 1259 2457
f 2457 1265 2456
f 1266 2449 3
f 2458 1265 2457
f 2458 2457 1266
f 2457 1259 1266
f 852 2458 1266
f 1315 2455 2460
f 2460 2455 1267
f 1267 2455 1262
f 2459 1262 404
f 1265 2459 404
f 1268 1267 852
f 1267 1262 2459
f 852 1267 2459
f 852 2459 2458
f 2459 1265 2458
f 2460 1267 1268
f 2460 1268 1269
f 1268 852 83
f 1924 1268 83
f 1269 1268 1924
f 1269 1924 1855
f 1230 1229 397
f 1230 397 2496
f 397 1228 405
f 1228 2462 405
f 2496 397 1270
f 1270 397 405
f 1270 405 2461
f 2466 2462 2429
f 1226 1225 2463
f 2463 1225 2464
f 2466 2429 2463
f 2464 2466 2463
f 2463 2429 1226
f 2465 1270 2461
f 2465 2461 2467
f 2461 405 2466
f 2466 405 2462
f 2467 2461 2466
f 2467 2466 2464
f 1271 2467 2464
f 2465 2467 1271
f 1277 2465 1271
f 1225 2428 1272
f 2428 2427 1272
f 1272 2427 1273
f 1274 1272 1273
f 1275 1222 2468
f 2468 2423 2486
f 1274 1273 1276
f 1273 2427 1275
f 1276 1273 1275
f 1276 1275 2468
f 1276 2468 2469
f 2472 1274 1276
f 2472 1276 1302
f 1278 1277 1271
f 1271 2464 2470
f 2470 1225 1272
f 2470 2464 1225
f 2470 1272 1274
f 2471 1278 1271
f 2471 1271 2470
f 2471 2470 1274
f 1279 1278 2472
f 1278 2471 2472
f 2472 2471 1274
f 1279 1277 1278
f 2473 1277 1279
f 2474 2473 1279
f 1279 2472 1280
f 2474 1279 1281
f 1281 1279 1280
f 2474 1281 2475
f 2475 1281 1297
f 2423 2476 2486
f 2486 2476 2477
f 2476 1282 2477
f 2477 1282 406
f 1282 2478 406
f 406 2478 1289
f 406 1289 1284
f 1283 2477 1303
f 1303 2477 406
f 1303 406 1284
f 1303 1284 1292
f 1285 1303 1292
f 1285 1292 1304
f 1289 2418 1286
f 1287 1289 1286
f 1287 1286 2481
f 1231 2417 889
f 2417 1231 2479
f 2481 1286 2479
f 2479 1286 2417
f 2481 2479 2480
f 2481 2480 27
f 27 2480 1234
f 1292 1284 1288
f 1290 1284 1289
f 1287 1290 1289
f 1293 1288 1290
f 1293 1290 1291
f 1288 1284 1290
f 1287 1291 1290
f 1291 1287 2481
f 407 1293 1291
f 407 1291 2481
f 27 407 2481
f 1292 1288 1294
f 1294 1288 1293
f 1294 1293 408
f 1295 1292 1294
f 1294 408 1295
f 1293 407 2482
f 407 27 1238
f 2482 407 1238
f 2483 1295 408
f 408 1293 2482
f 1243 408 2482
f 2483 408 1296
f 408 1243 1296
f 1297 1281 1299
f 1281 1280 1299
f 2472 1302 1298
f 1280 2472 1298
f 1299 1280 1298
f 1299 1298 2488
f 2493 1297 2484
f 2484 1297 1299
f 2488 2484 1299
f 2493 2484 1300
f 1300 2484 2488
f 1302 1276 2469
f 1302 2469 2487
f 1298 1302 2485
f 2485 1302 2487
f 2469 2468 2486
f 2487 2469 2486
f 2487 2486 1283
f 1283 2486 2477
f 1307 2485 1305
f 1305 2485 2487
f 1305 2487 1303
f 1303 2487 1283
f 1304 1307 1305
f 1305 1303 1285
f 1304 1305 1285
f 1301 1300 1306
f 1306 1300 2488
f 2489 1306 2488
f 2485 1307 1298
f 1308 2489 1307
f 2489 2488 1307
f 1307 2488 1298
f 1304 1308 1307
f 1308 1304 1292
f 1306 2489 2490
f 2490 2489 1308
f 1306 2490 2491
f 1308 1292 1295
f 1309 1308 1295
f 2492 2491 2490
f 1309 2490 1308
f 2490 1309 2492
f 2492 1309 2483
f 1309 1295 2483
f 409 2492 2483
f 409 2483 1296
f 409 1296 1260
f 1321 1297 2493
f 1321 2493 410
f 1300 1301 1314
f 2493 1300 1314
f 1314 410 2493
f 410 1314 1313
f 410 1313 412
f 1310 410 412
f 1311 1301 1306
f 1306 2491 1311
f 1311 2491 1312
f 2492 409 2494
f 2491 2492 2494
f 2494 409 1260
f 2494 1312 2491
f 1312 2494 1263
f 411 1312 1315
f 1315 1312 1263
f 411 1314 1311
f 1311 1314 1301
f 411 1311 1312
f 1316 1313 411
f 411 1313 1314
f 1316 411 1317
f 1315 1317 411
f 412 1313 1316
f 2495 412 1316
f 2495 1316 1318
f 1317 1315 2460
f 1269 1317 2460
f 1318 1316 1317
f 1318 1317 1269
f 1318 1269 1855
f 1062 1230 1081
f 1230 2496 1081
f 2496 1270 1319
f 1081 2496 1319
f 1081 1319 2198
f 2198 1319 2497
f 2497 1270 2465
f 2497 1319 1270
f 2199 2198 2497
f 2199 2497 2498
f 2497 2473 1320
f 2474 2475 413
f 2475 1297 1327
f 1327 413 2475
f 2473 2474 413
f 1320 2473 413
f 1320 413 1327
f 2222 2498 2497
f 2465 1277 2473
f 2497 2465 2473
f 414 2222 1320
f 2222 2497 1320
f 2222 414 1093
f 2215 1093 416
f 1297 1321 1327
f 1322 1327 1321
f 1323 1327 1322
f 2499 410 1310
f 1323 1322 2499
f 1322 1321 2499
f 2499 1321 410
f 1323 2499 415
f 415 2499 1310
f 1310 412 2495
f 1318 1855 2495
f 2495 1855 1324
f 2500 2495 1324
f 119 415 1310
f 2500 119 1310
f 2500 1310 2495
f 415 119 1852
f 415 1852 1325
f 119 2500 1852
f 76 1325 1852
f 1325 76 417
f 1326 1320 1327
f 1326 414 1320
f 1328 414 1326
f 1328 1326 1323
f 1326 1327 1323
f 1328 1323 415
f 418 1093 1329
f 1328 1093 414
f 1329 1093 1328
f 1329 1328 2501
f 2501 1328 415
f 1325 2501 415
f 417 1329 2501
f 417 2501 1325
f 1093 418 416
f 2502 416 418
f 2234 416 2502
f 418 1329 1330
f 1330 1329 417
f 1330 417 1847
f 120 2502 1330
f 1330 2502 418
