v 0.1782737849510025 0.6790264897787228 0.7121386689248309
v -0.0980458641969879 -0.06601722971637737 -0.992989795463398
v -0.049588896282721825 0.9736788585198791 -0.22246442825064583
v -0.9797887782130452 -0.0570431249580563 0.1917290587855883
v -0.5929052486428517 -0.5153625398468366 -0.6187607119512165
v 0.3911552266423411 0.3330129065538515 0.8579626989204919
v 0.19077369976024605 0.14164006479368202 0.9713616666952786
v 0.12595019296196122 -0.14218990775241597 0.9817935521412862
v 0.23697300760993784 -0.3587245024403591 0.9028624064680162
v 0.0812182840193584 -0.715693467224954 0.69367604204879
v 0.9186748762563053 0.39499927191089734 0.003470868093641986
v 0.4425643134746891 -0.8574296562717089 -0.26258562981331707
v 0.7397277848885152 -0.6680436786590769 0.08074928896020538
v 0.12505995343304707 -0.7818081190320463 -0.6108486498821929
v -0.024036089097205338 -0.45559598287921377 -0.8898621055001916
v 0.6974206707258261 -0.4902068895005354 -0.5227825681203886
v 0.5754871263106924 0.8032506269174857 -0.15363267167932515
v -0.6864749302588279 0.41486005324795894 0.5971962042287593
v -0.6238499660102028 0.5744288609461101 0.5299459440558286
v -0.133460334440415 0.9755372889583352 0.17468639610133926
v -0.13612532592111343 -0.6172217457281313 0.7749240041727891
v -0.6381076997198586 -0.24857163733054652 0.7287185359746532
v -0.21969560674417624 -0.2669029041778653 0.9383478460137954
v -0.05113467428325097 -0.14505227753088432 0.9881017568393697
v -0.8800447440243023 -0.4469322043340445 -0.16053925764221116
v -0.5676015210296124 -0.7447117176733596 -0.3510455396168205
v -0.630765652306129 0.7756851931874919 0.021146464019000766
v 0.8178183317924892 0.3283316891030361 0.47262191878381754
v 0.08751681358276403 0.7241938916405957 0.6840204782393352
v 0.4875055488805916 0.5960082499949795 0.6380536856319812
v 0.29263705009375673 0.4614149547930171 0.8375319673933541
v 0.17370422187481205 0.5587659318369455 0.8109300072887032
v 0.4385474464657297 0.21504582137544617 0.8726003850029792
v -0.009044006223580807 0.3847283541278926 0.9229855359004663
v 0.09476504810611655 0.4118646221504743 0.9063040983457443
v 0.016736533738088234 0.2971556392039304 0.9546823631594633
v 0.7054832175314506 -0.023861852154659826 0.7083248137635877
v 0.7936353135763973 -0.1580698239469959 0.5875005700438591
v 0.017206666498469924 0.23189604151855253 0.9725883798175035
v 0.17864329315865024 -0.16741231586877753 0.969566753918927
v 0.721907704917081 -0.48305432481823996 0.4954874214909468
v 0.7085553122385083 -0.2998879940414211 0.6387617400317606
v 0.507279422841917 -0.028663313682471787 0.8613048250241674
v 0.564449742455096 -0.05661155465446361 0.8235239037951362
v 0.39100208675455445 -0.30501075389340704 0.868381142219797
v 0.26497868261126184 -0.2602722445871002 0.9284635999645828
v 0.46719869276218584 -0.7502652562815949 0.46778993864556057
v 0.17132076522729237 -0.6918387309471107 0.7014330800321767
v 0.9288417296360417 0.32554825293320405 0.17683714626419758
v 0.8904467070339833 0.3413535881052444 0.30096908449209625
v 0.9980403517091817 0.013918405196366883 0.06100601902273955
v 0.6596504371523331 -0.7444241056118834 0.10341204837292242
v 0.6747412299130432 -0.735416651198505 -0.06234277660972836
v 0.26771826866884657 -0.6952135932813076 -0.6670869421131314
v 0.25151325685548437 -0.95755493461467 -0.1408177148694101
v 0.20467126998074694 -0.508122724950625 -0.8366127943279493
v -0.12890891050558326 -0.4673122639326661 -0.8746437793584254
v 0.3907392033273387 0.38468818036192864 -0.8362642398625838
v 0.32013608159820084 -0.09268739846346956 -0.9428265669915249
v 0.5699495067441315 -0.538307674030297 -0.6207917588388341
v 0.11344348717035842 -0.3132004583463297 -0.9428870813147658
v 0.5319046685270361 -0.4569923677778443 -0.7129063047778041
v 0.28255137985607626 -0.5181166923872612 -0.8072916516421507
v 0.08161870222654319 -0.3929210288358968 -0.9159429308343371
v 0.020662166156388093 0.02332991211498065 -0.9995142770818399
v -0.09870075258632577 -0.19709912793263215 -0.9754025298342673
v -0.06448633246940025 -0.154350085000853 -0.985909511154485
v 0.8685175507724625 0.49122111473131824 0.06617462083249259
v 0.6936176758379161 0.5551523397905711 -0.4590211317469622
v 0.7735604476915562 0.567093157447899 -0.28285965520556633
v 0.7973011411986065 0.5995950196727395 0.06925823147501639
v 0.7355626382550523 0.6696823692801851 0.10233830894901967
v 0.48493157701481926 0.6003945677250206 -0.6358991497558448
v -0.01890442988111572 0.4375249607070579 -0.8990075257133042
v 0.157601979301346 0.5427359131444178 -0.8249844511889864
v -0.040558462609229406 0.5323101694965882 -0.8455772552294021
v 0.48398426401959455 0.7474226938073109 -0.45510278944787225
v 0.4189038796921771 0.8535594985375908 -0.3097672061970061
v 0.4926856587327256 0.6031698106535726 -0.6272535541511373
v 0.38411091039514794 0.5893680515175963 -0.7107067667932834
v 0.21773639506590511 0.5925527978687195 -0.7755462874655881
v 0.3967719102754837 0.9179099064633803 0.0036680829778129483
v -0.007687143506646363 0.7662287956030843 -0.642521860027622
v 0.12198570518014701 0.9925156143637895 0.005678289863332103
v 0.011633047482799506 0.9785058389914707 -0.20589073623128634
v 0.005624593901989122 0.9928800092994232 -0.11898592806300831
v -0.9321666418874501 0.2803579820570381 0.22905185799111077
v -0.40247476046503117 0.30390059008572573 0.8635151987858486
v -0.08694358412737652 0.4152022944224439 0.9055649440462147
v -0.4308867554832252 0.5761841217773406 0.6945131112951101
v -0.2306607336681904 0.537632063338095 0.8110162701293203
v -0.028412710455063057 0.5706720026716929 0.8206864098127105
v -0.1296486792677032 0.8197023497461456 0.5579240788716576
v -0.1296370317153626 0.8461559028383107 0.5169278751430547
v -0.12023918527081032 0.9254863147659835 0.35919022746490586
v -0.9576739027359753 0.0561893194570112 0.2823180057973698
v -0.8680387878310389 0.22733343921545573 0.4413934415408699
v -0.9792265872169741 -0.0676361008507692 0.19115608478178908
v -0.9036628171321053 -0.2939786494671856 0.31140017114689744
v -0.8669469851018707 -0.34819717119417837 0.3565973289231828
v -0.7370451677447899 0.1366529813157771 0.6618839652095861
v -0.5748902418414819 -0.7749899503884397 0.2624724492825233
v -0.3344532519333055 -0.5935718875276591 0.7319927845328046
v 0.02794518440317267 -0.5610586464326734 0.8273042136552968
v -0.6178056680873956 -0.10846946217929902 0.7788135413907622
v -0.7765165201818077 -0.27953458439796375 0.5646968301754439
v -0.39986112255678125 -0.3941347688154917 0.8275076233355132
v 0.017707875898380517 -0.024250198093486924 0.9995490778464029
v -0.898534511512115 0.28656238572327924 -0.3324420712098084
v -0.3830930193906598 0.4337890553455076 -0.8155162744891115
v -0.17215909228397447 0.3247200354974958 -0.9300097555888663
v -0.11994644335092677 -0.0332728503565609 -0.9922226404172668
v -0.4528495365096951 0.2274022121648699 -0.8620994903057756
v -0.6274816891946426 -0.2700467026574976 -0.7303023402052407
v -0.40733551561016007 -0.424836277123733 -0.8084503171885404
v -0.3358020287778481 -0.5290376297329396 -0.779330599806805
v -0.27747292381101796 -0.9566110325485003 0.08890505586442865
v -0.0469040244939176 -0.976873539495546 0.20860992382846477
v -0.08481052654878908 0.578694087208267 -0.8111228809599123
v -0.07521378168237867 0.3333271053015072 -0.9398063246841626
v 0.6200733516237974 0.6602563689864857 0.4237576734630448
v 0.6392924659217256 0.49140878562604534 0.5914579853423697
v 0.5557933242926564 0.27884626182367767 0.783159334323916
v 0.6256756364526955 0.20575601754600725 0.7524589418653496
v 0.2647864502100783 0.868965152566583 0.4180761885231935
v 0.16715568805007266 0.9462383205163052 0.2769332351650642
v 0.23580665427505676 0.8508599251791678 0.4695025127980733
v 0.15548179590334354 0.7883850106106768 0.5952096153348617
v 0.22134387664876448 0.7953762454332112 0.5642548329174194
v 0.06383529613178848 0.8976473713971277 0.43606679716712454
v 0.4988575047395221 0.5901658701835827 0.6347010600554504
v 0.47519011269084804 0.5923836070847808 0.6505966637311348
v 0.4360250561018767 0.6709064434863435 0.5998055472733317
v 0.47107274426515594 0.6091904159682142 0.6379478871373186
v 0.27020219341967067 0.7046870427610391 0.6560540727988055
v 0.29280889274681565 0.508858716294321 0.8095219324883541
v 0.4943983883256014 0.49547491913721364 0.7141952381016129
v 0.19689041512886213 0.6010536827331341 0.7745764228940366
v 0.21693369435731796 0.5096124514323537 0.8326073033535035
v 0.16782977225585474 0.505234034272266 0.846505604327295
v 0.3049478280169085 0.24923159658094243 0.9191792172658629
v 0.26282386527975254 0.27734868256207884 0.9241219205929974
v 0.18860276408105683 0.4195724897015449 0.8879121146074269
v 0.19993881873007827 0.23201709391314446 0.9519414566541999
v 0.03708618309959124 0.4860601654523187 0.873138093650465
v 0.08392685928878643 0.3381435846574073 0.9373447596508763
v 0.04117094850069357 0.3374844368208568 0.9404303312331342
v 0.763277897281178 0.19402310501250417 0.6162482342719776
v 0.7085326110858594 0.1512183084104846 0.6892855447703268
v 0.7069524116228743 0.14037712701706523 0.6931901253704043
v 0.6803172368561179 0.11181459414482738 0.7243382868333582
v 0.6461272630533399 -0.038678373068833156 0.7622490035388358
v 0.9338867340665638 0.09929162199660808 0.34350653812667065
v 0.9265484513163778 0.0343932223802047 0.37459988470036654
v 0.9435436646912788 -0.15790546854280044 0.291189312690611
v 0.928469881240884 -0.22704052225203747 0.29393244272121627
v 0.737132052541729 -0.14947319397278386 0.6590099402886062
v 0.8440523377884211 -0.23343683030609064 0.48278659605517876
v 0.7493438800297555 -0.3353445238123882 0.5709884410484979
v 0.19533276824286225 -0.020022635294108103 0.9805326122707289
v 0.3212331442060406 -0.17183142126587 0.9312804248609827
v 0.027941500385138148 0.21580991790566267 0.9760355279854206
v 0.163876590013351 -0.06969974736681611 0.9840154513332593
v 0.15632633558303236 -0.03853289254400256 0.9869535414574353
v 0.14469314021155086 -0.033126430480737094 0.9889219052985556
v 0.18304799399638372 -0.09384637983598333 0.978614474083426
v 0.04937770679887731 -0.018559744478179013 0.9986077197559555
v 0.04615014451413378 -0.0830382524623402 0.9954771784372183
v 0.73418859677711 -0.45801686462262925 0.5011862488972684
v 0.7524749749362726 -0.4382108350156073 0.49168351220025697
v 0.6549611915784381 -0.27485215790742834 0.7039049146154491
v 0.5784921264642817 -0.42402278631802814 0.696815281334967
v 0.46382474876586305 -0.4817639901102545 0.7434850773655989
v 0.38624764157181607 -0.527221460536674 0.7568687408856216
v 0.5509972608684403 -0.02917730941760506 0.8339968244127945
v 0.4524573708205123 -0.04709101336309937 0.8905418373387216
v 0.37221240158381574 -0.0897287642780946 0.9238001282573708
v 0.40956190898055983 -0.43370918215624665 0.802592915509201
v 0.2338650826635855 -0.4278257093812391 0.8730820611507225
v 0.49300183030751443 -0.2952824960790023 0.8183870983970819
v 0.5820796355974719 -0.1629937126663181 0.7966281111371631
v 0.48044026493324016 -0.16319405040706253 0.8617104233689038
v 0.46002562425336646 -0.2647309327826171 0.8475222464681065
v 0.21933549719430928 -0.2962584287450199 0.9295821013057735
v 0.24041583689492696 -0.4589916797524094 0.8552934369490822
v 0.15235090413646715 -0.4266775772437076 0.8914793587550084
v 0.16650735795243832 -0.3386886981779776 0.926048198245753
v 0.6302803945979137 -0.7120228518990217 0.30946741760495877
v 0.3906657556862568 -0.5337275042776882 0.7500101456057754
v 0.4102167556549789 -0.5779580605351249 0.705469130183866
v 0.33850085104773114 -0.6852493270489749 0.6448647405610642
v 0.40135983303210443 -0.7066272637733068 0.5827419622102827
v 0.4895253765403739 -0.8104036593635509 0.32188633803436123
v 0.4369214271683735 -0.8381137770573236 0.3265960244520108
v 0.10935678107904585 -0.4286287183151045 0.8968380657998302
v 0.07890958915185688 -0.582479464832666 0.8090061494130537
v 0.3037795835069954 -0.6083452427690833 0.7332353171012302
v 0.24503755410887543 -0.5855610061373235 0.7727062217736992
v 0.1665959224512986 -0.9592961558594385 0.22802781404009614
v 0.10230740671339002 -0.9620911329733609 0.2528118794392703
v 0.9355400265271921 0.34089479677817996 0.09249646639231209
v 0.8704084896941522 0.43242389837065576 -0.2353691423833416
v 0.9705389769302265 -0.1686076003540566 0.17212080455911274
v 0.9996145926573765 -0.0008154389827541128 0.027748895576093714
v 0.9840865072418772 -0.17422653266084934 -0.034912198175722185
v 0.9021653248669111 0.3413303253017877 -0.26380169756306804
v 0.7649073645245055 0.29359130751729584 -0.573341842051023
v 0.5897173987114429 0.35824339046696063 -0.7238059566235593
v 0.7431697263624503 -0.5877667765703498 0.3197326604813177
v 0.638165362061038 -0.7605038134122679 0.11991213637869592
v 0.26354724674368357 -0.9461870895545191 0.18781065010848683
v 0.382610164562441 -0.6497387329505634 -0.6568478064797799
v 0.4136563025806552 -0.7709153465818516 -0.4843325218688963
v 0.26951359234678435 -0.7437441280865558 -0.6117246892819516
v 0.10547674335905254 -0.7520412512111527 -0.6506217127387715
v 0.2916075098779138 -0.9363391660198586 -0.19553523048299593
v 0.3309091050200046 -0.9415597415200246 -0.06296361936550345
v 0.10795360897933962 -0.9283948286141832 -0.35556864388016174
v 0.09168769140261525 -0.9418929125660401 -0.323158024042605
v 0.3059231290961616 -0.6074419504305927 -0.7330929790559247
v -0.03566515289410767 -0.7600186316624734 -0.6489219339758376
v -0.11964636153588026 -0.6435164524412982 -0.7560233618140328
v -0.12578493051323852 -0.4798851698911073 -0.8682674558995994
v -0.07877451925140792 -0.66178113846261 -0.7455469803384905
v 0.5452463980486394 0.31021337051175124 -0.7787644253371643
v 0.3494361313434138 0.3299898552389472 -0.8769270696877406
v 0.6776333286677603 -0.17951990983025795 -0.7131519290117552
v 0.34930167214876345 -0.1314956292918807 -0.9277377007059755
v 0.2599171974717276 0.12085909928468275 -0.9580376446562725
v 0.19906461014532117 -0.09874981590093634 -0.9749983358176681
v 0.7832677528518832 -0.4504579373891602 -0.42846151984217273
v 0.6703275441083373 -0.6032905372417846 -0.4320897028213056
v 0.7767156861919154 -0.1753871839385449 -0.6049397313233189
v 0.6335421594525593 -0.2877793444758317 -0.7181973134795538
v 0.498206143711598 -0.3657491988653872 -0.7861413116592628
v 0.49083384804303 -0.3499734694630431 -0.7978726115660774
v 0.00037853371798547144 -0.253756895973715 -0.9672679538049472
v 0.0010663664332745098 -0.3561973236559629 -0.9344101505671689
v -0.06848064762249628 -0.3020172150380791 -0.95083963039087
v -0.029154243348517163 -0.3480482170336319 -0.9370231953983238
v -0.08473799098883164 -0.3170367599265956 -0.9446201171573804
v 0.1697305853783878 0.24999099042636572 -0.95325549203388
v 0.27991406714244466 0.3608147402968324 -0.889640847870816
v 0.2062206021015641 0.4636535961312566 -0.8616834720843972
v 0.14866678656784185 0.4771905120230205 -0.8661335935101462
v -0.013868995209904318 0.0017492367154436853 -0.9999022907978465
v 0.08626635703229218 0.4574253885417117 -0.8850537438832974
v 0.06553454997611076 0.47921243061888386 -0.8752489183653814
v -0.08938185521096567 -0.32615814502729373 -0.9410800966928379
v -0.09875950963667487 -0.2902730230003413 -0.9518340881553712
v -0.09988070334368386 -0.24066956820475413 -0.9654542993014783
v -0.039927576688391045 -0.2206350689907118 -0.9745388421973014
v -0.058638855401167596 0.06456724920161959 -0.9961890156831569
v -0.07058885856910053 0.29126043055872336 -0.9540359399082713
v 0.7457634401949033 0.5517987442119399 -0.37330287589943534
v 0.7685513647518428 0.5622349013847867 -0.3053206763436092
v 0.7559109957909284 0.5729145355838454 -0.31680830380391495
v 0.8138153445127717 0.5760346945400421 -0.07673731635729113
v 0.332215073915138 0.5671841141288205 -0.7536148388556748
v -0.06293778258426982 0.4405061550765713 -0.8955407097742855
v 0.1369429538084771 0.5633870256360206 -0.8147648045584734
v 0.025451362791388397 0.627380901765744 -0.778296493780913
v 0.037276725080283214 0.6761593535665796 -0.735811779160754
v 0.44702969158786005 0.843999029605379 -0.2963614226987736
v 0.44977311512986706 0.5918301060593386 -0.6689105100595798
v 0.4247820027882845 0.7282394756815537 -0.5377987692122672
v 0.42653552545313395 0.6617720137720073 -0.6165429809141949
v 0.4842625453065723 0.6007674547944066 -0.6360567997223604
v 0.2437235386980967 0.6187193160063 -0.7468502156960082
v 0.5697062439019478 0.809745412155099 0.14052459981406643
v 0.49964986238160514 0.848464258328756 0.1745234006105683
v 0.3871395753757307 0.9062636193197517 0.1697327354265022
v 0.11636431978909678 0.942034555708364 -0.31469070677629835
v 0.1051599884439771 0.9212523045424474 -0.3744803976254198
v 0.1974575125776536 0.9755476992922852 0.09652573300511424
v -0.6523425856372376 0.2289894501200529 0.7225046592914396
v -0.6664005866549768 0.4098943896420479 0.6228136538691775
v -0.7057524818136373 0.3530306851062713 0.6142334814932254
v -0.5969408294620819 0.35871023893530235 0.717627069308356
v -0.7703519680556905 0.4198216490286994 0.47990376985344463
v -0.6779355989244736 0.4364078580495531 0.5915669912558649
v -0.8529643801211141 0.476141216658609 0.21387217688017188
v -0.3777932865642582 0.2741764614897538 0.8843638960246702
v -0.22689934494709474 0.2933334238498782 0.9286938083755524
v 0.0010878290840161925 0.3660790408857098 0.9305831249555747
v 0.005627237334636824 0.3480001525366115 0.9374775880171615
v -0.011740341847130298 0.43008478730516686 0.9027121579451459
v -0.5207789368513732 0.6584827435925495 0.5433136988175268
v -0.36341180273904594 0.7559840004096458 0.5444447196498331
v -0.26014448979089333 0.7537071618665937 0.6035315721504886
v -0.48960535423580875 0.44992615077495135 0.746895612487089
v -0.395614263605026 0.36119141583514575 0.8444111057768342
v -0.38787466251553837 0.40891366529271117 0.8260404714754224
v -0.28532671148335503 0.7052711228604169 0.6489848310810515
v -0.2747521495654919 0.6473886912963139 0.7109142977116072
v -0.1298400131120279 0.67949703651431 0.7220978800435154
v -0.370714730807368 0.5996609007447288 0.7092089906934635
v -0.25601573356507223 0.5161233155405153 0.8173571234916863
v -0.4301031532828764 0.8426460277083768 0.32397368646762015
v -0.5408282964102484 0.8188507330972942 0.1923232453657449
v -0.22898361926737187 0.858475674501649 0.45889652253656726
v -0.4184170205104955 0.8589790627925747 0.2950968766881646
v -0.06371924380824436 0.7321649862460324 0.6781403179902022
v -0.15165674926218778 0.8310936980339972 0.535054665890693
v -0.050777793986481204 0.7392268028953736 0.6715395368248626
v -0.17202390875231138 0.8654332302185908 0.47056678468735147
v -0.12958713901521504 0.9442291128367875 0.3027186084027617
v -0.9622782507172246 0.23817545592754366 0.13150292920807805
v -0.9659113493861378 0.2041287955431648 0.15920646958320273
v -0.8259898882145859 -0.2938155634100836 0.48105417497956615
v -0.7837767927643271 0.08794371663110673 0.6147843864552617
v -0.8936561090588627 -0.34289734274871186 0.2894825920114138
v -0.7080358612989295 -0.5946134438106935 0.38094628434238653
v -0.7855807163246258 -0.4455908817682855 0.4293153901548949
v -0.7548204792715755 -0.4677018224896138 0.45989243232752036
v -0.45871897904240766 -0.7128927150709281 0.5304346096033814
v -0.441624995911596 -0.6308575957071915 0.637954588450169
v -0.41852006924083707 -0.5096124452458751 0.7517553506914102
v -0.1068660313751737 -0.8803683674609887 0.4620943506603323
v -0.030649128361142995 -0.8380188025270792 0.5447798798980947
v -0.3104616793482646 -0.6023908324199572 0.7353494615981212
v -0.2256136359471533 -0.8624106738710445 0.4531515385254652
v -0.2821526694513856 -0.42633933531785817 0.8594327444786962
v -0.1547695644063906 -0.5847496608893917 0.7963128882689252
v 0.002810069818982403 -0.6677155928347197 0.7444111703843457
v -0.007249209777965247 -0.3989303675209883 0.9169525673813037
v -0.662171380711333 -0.050683612565607786 0.7476364316859807
v -0.25178689444671826 0.16054822857608067 0.9543728967683229
v -0.5859303441678992 -0.4361273292188879 0.6829923751343694
v -0.19267858035060095 -0.08627139400224151 0.9774621277834692
v -0.508643024898351 -0.19982729475565508 0.8374672086075324
v -0.4288008587758802 -0.31733684896055386 0.8458292663444877
v -0.42176195411908496 -0.4304220150972221 0.7980311666703861
v -0.2565974997238578 -0.3375140133461619 0.905672133793699
v -0.06906242403078999 -0.26792772533944925 0.9609605171813356
v -0.1520990250491919 -0.2833902961441455 0.9468663193030044
v -0.12898941280233672 -0.3332814624303308 0.9339620967604672
v -0.025642956334363795 -0.34841425826919814 0.9369898310148081
v 0.010898602559429753 -0.25353928087253896 0.9672636938895657
v -0.1581999520497471 0.10701918532905241 0.9815903774706453
v -0.19234723788443028 0.2858641796136364 0.938767389128986
v -0.07621397515584635 -0.03652175937268101 0.9964223959161437
v -0.13630486392532168 0.018202139349950828 0.9904997052969702
v -0.07454052794400584 -0.05541942766399899 0.9956768535680759
v -0.015116657804709764 0.15300483854573305 0.9881098147667645
v -0.0028969741000110924 0.26047608899905966 0.9654759523679594
v 0.024604030242845683 0.1827508660473311 0.9828513431108287
v 0.008174589079124321 0.2420982770285517 0.970217295430871
v -0.5612482640851928 0.49192023495816656 -0.665593621138349
v -0.6746311618559885 0.4347910328483876 -0.5965145037695827
v -0.8798872976806077 0.26317814415580837 -0.39564581107225466
v -0.9783000072343844 0.1973939687828789 -0.06296599823196149
v -0.9794568089095606 0.14241637249845202 -0.14276531905572412
v -0.9928239916827055 0.04981625098154361 -0.10871459275259643
v -0.9584217617343016 -0.007560032709912717 -0.285255276094138
v -0.980454810902699 -0.0627832102101236 -0.18645812477192927
v -0.9485949064366858 -0.29575168537457674 0.11268826061517082
v -0.3167853589691776 0.5344821720479067 -0.7835661070424891
v -0.3083734231979505 0.27049765058845104 -0.911996081620588
v -0.15808926766552692 0.33857850524033095 -0.9275626012502878
v -0.15332601176520902 0.12803908674267972 -0.9798454604590847
v -0.09126409975537253 0.2887159742397996 -0.9530550615334904
v -0.11160923241350304 0.14222266048291568 -0.9835222895721429
v -0.09882242825758912 0.14052430039287767 -0.9851330106500167
v -0.14888656247646517 -0.1906700347290483 -0.9702977529451284
v -0.9422569809452594 -0.330551942411782 0.053732627217764437
v -0.8582036002079217 -0.06839829299812675 -0.5087320061732937
v -0.8417163943577805 -0.3693370193747702 -0.3938320423590471
v -0.49334953809203047 0.4164177748037938 -0.7636769409192848
v -0.4064905843863843 0.3590424080457003 -0.8401511495141577
v -0.4321550427436587 0.1486826234170105 -0.8894579790664998
v -0.42040587733617785 -0.2613395336425204 -0.8688846565895318
v -0.22654531173235556 -0.1660659699792312 -0.9597391913155089
v -0.3235964343890152 -0.23123488415273538 -0.9175051912668325
v -0.3662121533202229 -0.4199206089368865 -0.8303946898617791
v -0.21449666208472976 -0.34437633867294315 -0.9140000652717306
v -0.8947715666723962 -0.41349668052065647 0.1685358676158402
v -0.6162638815505385 -0.7229433117047769 -0.31236484494512784
v -0.5746304564814864 -0.8069551893441267 0.1364667024385924
v -0.4593867168030741 -0.474350794488648 -0.750969485527129
v -0.5680883045625189 -0.5613493963349273 -0.6017994129722092
v -0.12274309182899117 -0.41574201098916336 -0.9011618687599617
v -0.09754867432930067 -0.7141374089898933 -0.6931753149224211
v -0.4160347921462713 -0.8577229861149748 -0.30203696928326473
v -0.5221561072024311 -0.6380035666577157 -0.5659544580999756
v -0.19206161104908326 -0.9773926881049275 -0.08840741371771284
v -0.2964978436480265 -0.9145097357138519 -0.2752471107871095
v -0.23786132455844836 -0.761312362820062 -0.6031794728740651
v -0.11051594061894862 -0.9443521395614549 -0.30981488565724447
v -0.21312318928109517 -0.9506113906737219 0.2256468260623823
v -0.9063617615901288 0.4003561103748289 0.1349938591669122
v -0.8313065858950868 0.5537010104315371 0.048420566854900225
v -0.7619425108848511 0.6279019389714192 0.1586907846802108
v -0.8202138272291964 0.5693857452350097 0.05521911575900723
v -0.9065824965852158 0.3554393801328282 -0.2275324678724078
v -0.8175614227383079 0.43289993646515734 -0.3797248544124768
v -0.5498980549206929 0.5554334253801243 -0.6237834874096466
v -0.6543659153373752 0.7441219694676584 0.13449068146251858
v -0.40345838113705507 0.9071652634088345 0.11946765066178798
v -0.1967584959826303 0.839623215550849 -0.5062795178226215
v -0.23399001983780576 0.8935461546991482 -0.3831761214359124
v -0.25414763857887135 0.9652453701150719 -0.06091266925854986
v -0.21656580093080136 0.795564103833544 -0.5658418600269254
v -0.17006375327111262 0.8452226394893224 -0.5066330126610832
v -0.6806762890538698 0.5346622538467554 -0.5008153989559032
v -0.7562194084198258 0.6259751113131143 -0.19049243120319198
v -0.6102606278776586 0.7854587494595415 -0.10313350066694778
v -0.4484741195299409 0.8108850534698184 -0.37594732898518407
v -0.3126311503435093 0.7760852454952197 -0.5476800667903832
v -0.1818856565054426 0.6099148073859288 -0.7713115684915984
v -0.1837401953872342 0.6655271856588962 -0.7234038331029289
v -0.13915139185053005 0.6272913058366167 -0.7662522481323316
v -0.41518372940851594 0.5783746018925217 -0.7022145617402871
v -0.2510546755569302 0.4827203564507447 -0.839018836111008
v -0.11614921434565653 0.5672242338722865 -0.8153318517725678
v -0.08989334113928335 0.30068404001061483 -0.9494779066948906
v -0.0723667311392023 0.47422239671334954 -0.8774258798779945
v -0.0923414544687523 0.3770855026177537 -0.9215636600377163
v 0.7983234170253654 0.3509579942336442 0.48939575816760206
v 0.7800519288003739 0.38275968703063334 0.49498889922808187
v 0.8416844404547774 0.3381930746190876 0.42094268846960214
v 0.7641344835012162 0.3624326715859788 0.5336113283012078
v 0.7938290400638013 0.5297201573702345 0.29871727440347007
v 0.7421794238308798 0.6470431778940339 0.174656316183679
v 0.7173615512532733 0.5767187064355921 0.3908809773201492
v 0.7288190946151019 0.5786154229196431 0.3660968719942112
v 0.7081198391725603 0.6598576530098123 0.2513049365504178
v 0.716582035544567 0.6333810582598488 0.2921277483780665
v 0.6906024950517895 0.6824148482567789 0.23953740565289694
v 0.6262571390344259 0.6305055797986625 0.4585463004443154
v 0.6768703515757688 0.5663934769951999 0.4701541836195687
v 0.6505004335036195 0.5896451890647207 0.47871467182908944
v 0.6840389130860033 0.27825807430861904 0.6742871861945607
v 0.7398937726375774 0.34972936340763283 0.5746708428158027
v 0.7007331959595248 0.3499068802724116 0.6217219340013498
v 0.6187814765974506 0.36155456476238373 0.6974150707572655
v 0.8023042277207095 0.3694286789676096 0.46886072275007523
v 0.7960751291727609 0.500051048529276 0.3409007737998604
v 0.7262068832549984 0.5336787496633335 0.43337115140586135
v 0.6218741094849746 0.5055266170509272 0.5980931628143856
v 0.6498471334670278 0.31844477588508374 0.6901388467809837
v 0.6666832765254146 0.31771489207942355 0.6742333840387154
v 0.5963864464543562 0.5588654883677935 0.5761879662028468
v 0.6074300440313466 0.3447026838463639 0.7156876423113577
v 0.6508952260529095 0.2610695943005121 0.7128660965660365
v 0.5340718865583761 0.31224064674438334 0.7856672314082003
v 0.5927078158348232 0.7374143656046303 0.32390970724606855
v 0.36912206429766775 0.7946958786526468 0.4818789911389851
v 0.44682666808890853 0.6927246802721684 0.5661081575338643
v 0.201289763907238 0.9038883368994284 0.37744973885718086
v 0.14848179701406755 0.8945308714227901 0.4216250419828703
v 0.18882463531713126 0.8877381968374503 0.41984062568210895
v 0.31501910018797735 0.7332460183839564 0.6025887843636253
v 0.2981387114087772 0.7534070674264997 0.5860811373106249
v 0.2847792999043431 0.7924899698270943 0.5393147486110904
v 0.25942519590878854 0.7733976767017097 0.5784069513760052
v 0.0938897322567732 0.9413283326536576 0.3241692279045568
v -0.06647975407346739 0.9849029863472416 0.1598328807930855
v 0.00382052693251074 0.8325478561508667 0.5539399523346858
v -0.004593200457154228 0.8120130172446259 0.583621249043281
v -0.07656172955165408 0.9038006959013968 0.4210494076188807
v 0.0670040223433355 0.7537402281498068 0.6537477567521675
v 0.1446486893144988 0.8348219789020835 0.5311770140184973
v 0.0747617136940299 0.868546084609699 0.48993712359311326
v 0.10762231279662368 0.8927490572086313 0.4375117811458405
v 0.047634251126345784 0.7990295593957937 0.5994019864259678
v 0.15277303288924396 0.6476070349195646 0.7465021960748087
v 0.08903306937915939 0.7073139710838827 0.7012703179705199
v 0.015866955263645604 0.7149044551183811 0.6990421015808365
v 0.46452402865227393 0.30285710903267365 0.8321628436267943
v 0.5989094074667175 0.36711921669697 0.7117099144874046
v 0.5412614319850846 0.36933854040241865 0.7553973158668665
v 0.5956741690601929 0.5163045120228449 0.6153063750517306
v 0.35458438265877823 0.4402768265826641 0.8248795254755641
v 0.3290319212856355 0.39409239408814567 0.8581545197089842
v 0.5268125608942067 0.5870285439381265 0.6147080724099621
v 0.48694419183842297 0.603925455524594 0.6309987307469302
v 0.5492586129554633 0.7691414352252216 0.3267054158013411
v 0.4980744135270664 0.6962107655573119 0.516925960377084
v 0.37179086600634115 0.6614581349966312 0.651340684742657
v 0.3334378271578792 0.6555889649522666 0.6775118629611205
v 0.24850941470517035 0.4311109878608691 0.8674020906987251
v 0.4886460604013452 0.5366462171087055 0.6879214092591981
v 0.370027053077607 0.571465112938894 0.7324667942538003
v 0.3435229426168497 0.5252445162874306 0.7785307868066897
v 0.4124726135280087 0.5531816008311856 0.7237792892803862
v 0.2540182554945191 0.6180965034824284 0.743929726693535
v 0.15444647945228107 0.46115676426069435 0.8737738401676961
v 0.22115443857178066 0.4817795035736354 0.8479264261929462
v 0.22186237821646282 0.5579834249513611 0.7996446602158261
v 0.14133989085609472 0.5981034413273241 0.7888569634130128
v 0.15802253849495929 0.5511995899686108 0.8192727807916265
v 0.11731217722328824 0.6044899094929805 0.7879275362597122
v 0.11288344001381827 0.639632015967667 0.7603474292188968
v 0.5251887883252949 0.19268227194511628 0.8288849610745009
v 0.4325271730156562 0.23687101300280802 0.8699496352100553
v 0.40974465138587 0.27400215014491874 0.8700759405802652
v 0.23016499111769168 0.25731123929558 0.9385174494893346
v 0.2998059777190479 0.31198521459479533 0.9015440097955092
v 0.14219627701291582 0.2627504032237839 0.9543282686840021
v 0.18094998008418087 0.2458282432463284 0.9522738994270286
v 0.12451289037519815 0.4961701443368496 0.8592506782069851
v 0.02649314202115006 0.5410677954315537 0.8405615707208399
v 0.03459679712260246 0.49245861148349107 0.8696479618814786
v 0.09931008696723993 0.2966917365279096 0.949795514888659
v 0.014765327367075748 0.3809429441475855 0.9244806425295841
v 0.08042108653168913 0.35047659960531313 0.933112320125589
v 0.0687090465351241 0.2798807195401707 0.9575728952690289
v 0.04092135010363538 0.19012134929311114 0.9809073940228317
v 0.9021288311606113 0.32435872160676904 0.2845259069160695
v 0.8696775914225563 0.31830874562667977 0.37728030618497854
v 0.9772485743770051 0.17096045071559635 0.1255298696296276
v 0.7105865109575602 0.17543564924503213 0.6813876601605985
v 0.709252874667965 0.12439450455000875 0.6938921868799113
v 0.652288984210733 0.20216311837877524 0.7305129394094942
v 0.5446268738399689 0.18242107756655374 0.8185988753661712
v 0.6595080575952867 0.09073256076672422 0.7462015306762675
v 0.6469396723465113 0.10757464712644645 0.7549150651827061
v 0.6146769921792733 0.09399049833553208 0.7831589758842581
v 0.6303044946812265 0.09155470032815809 0.7709305940436304
v 0.8270152613189543 0.10881887021044204 0.5515471068110724
v 0.8496178833246711 0.16157914402975354 0.5020374812197964
v 0.8353814479548562 0.2303884917677628 0.49905809208329993
v 0.8186047221822672 0.09763531791592751 0.5659979271307881
v 0.7710252245465109 0.12810202945496668 0.6237868010486605
v 0.9316296395451255 0.09447470281501709 0.3509141565241193
v 0.8189263845255438 -0.1375791509274446 0.5571638483947113
v 0.8439887436181739 -0.03249633357183012 0.5353755587904672
v 0.8779222592706624 -0.2158204859745056 0.4274038190175939
v 0.8939454810026001 -0.2367092185788189 0.3805656616601593
v 0.7769827059428656 -0.103957299840933 0.6208790175835264
v 0.7868719185126877 -0.1382876645447861 0.601422568325226
v 0.8784683072264265 -0.2606410437961589 0.400449346968609
v 0.8014627449967393 -0.18123854677386378 0.5699210976491302
v 0.8577250038523861 -0.2340222755009978 0.4577569140228894
v 0.8129609599433885 -0.4539451821737763 0.36473037875825703
v 0.7808570357624753 -0.5302604978793767 0.33028184038629205
v 0.3120057457634358 0.13284074820680175 0.9407474423172564
v 0.1783316314548068 0.18354030468220983 0.9667009805414642
v 0.2578891458559321 0.018072281720797678 0.9660054767355629
v 0.29463185274763526 -0.06852608158441235 0.9531506950578079
v 0.16039166670559937 -0.04386732899692419 0.9860781767679861
v 0.26176543875897695 -0.08964069225958568 0.9609596252510001
v 0.2173666982720263 -0.07852190296729382 0.9729265281801668
v 0.04469716130540279 0.13126184672715885 0.9903395838625328
v 0.14839959175414064 -0.060318770881829915 0.9870862206750279
v 0.045585524551390935 0.10577226334495282 0.9933449492790812
v 0.14525333931353626 -0.0597208840034473 0.9875904431656444
v 0.1343582500771209 -0.05126919156972377 0.9896056439976487
v 0.1382391251155689 -0.11685969846301973 0.9834804294760595
v 0.03550505064333773 0.05704235465033768 0.9977402272910315
v 0.08834229217503944 -0.16322695123100825 0.9826253618776029
v 0.08272976578640243 -0.09104176879651456 0.9924047471608191
v 0.05275527297187628 -0.00324838975994254 0.9986021876291031
v 0.08644000604085708 -0.3222467902127214 0.9427009767435562
v 0.03548002326953232 -0.10809578658054318 0.9935071559240664
v 0.05492338195755069 -0.3013699150578547 0.9519241547583328
v 0.04312232576587641 -0.25235674698303623 0.9666729215575873
v 0.032058051201222654 -0.2747484238964136 0.9609815736628964
v 0.7678845889061555 -0.49858264779796857 0.40220467604839144
v 0.70655690952562 -0.336628262150541 0.6224618435881121
v 0.645581702857522 -0.5132430419008681 0.5655137884047795
v 0.7112281541479512 -0.27348986297741734 0.6475784181053995
v 0.6399766668609 -0.4382478334680886 0.631164560423143
v 0.5075134258437154 -0.5075135428140303 0.6963189832603495
v 0.5400827705334641 -0.36675679907671876 0.7574959084403672
v 0.46906153706467585 -0.41615758742666575 0.7789699203908589
v 0.5245794975236714 -0.4798427981354593 0.7032547474815547
v 0.42190909321658554 -0.5309810063250666 0.7348822272875962
v 0.527950591657048 0.11394476801788755 0.8415965557262712
v 0.5581274762517092 -0.04527499650260104 0.8285190975135017
v 0.47970463842874017 0.11833601495425855 0.8694136227565664
v 0.3914607607182476 -0.11985332017001263 0.9123561006877279
v 0.5003840530339209 -0.007095420631499291 0.8657744824579945
v 0.4325565967126328 0.0458884468335956 0.900438249458332
v 0.3578468394776807 -0.14217052194954835 0.9228939170697941
v 0.42721776088220803 -0.16246697856716807 0.8894321028960265
v 0.26227768290889547 -0.1892476625199066 0.9462535280138682
v 0.26570329050004843 -0.46487518711336734 0.8445666473545818
v 0.30813112360995265 -0.42938888587013324 0.8489289695575678
v 0.5466844633578906 -0.3187942426883413 0.7742779399878716
v 0.2682907351000631 -0.4319770525464488 0.8610551129473366
v 0.3054672207076989 -0.3489189818969977 0.8859713997331272
v 0.27300172286790503 -0.3874894838813129 0.8805236846289539
v 0.6460196816506181 -0.25002457335852124 0.721211677413035
v 0.5847286323253318 -0.2023777902674489 0.785579821880254
v 0.2623055011425265 -0.2994839958601644 0.9173359037419156
v 0.36701542311261126 -0.22039574943396736 0.903728605737868
v 0.27669156483039065 -0.24486003839160894 0.9292391186075679
v 0.2497789200333363 -0.2465898098956753 0.9363781056617008
v 0.2397863979871565 -0.23637005127608388 0.9416112160547403
v 0.23373967661684816 -0.5027803641570253 0.8322125143214204
v 0.2351637428190184 -0.3854500585636507 0.8922590803217577
v 0.18866287153960654 -0.43896721143761824 0.878472599564216
v 0.23158466406566994 -0.16351015992149034 0.9589749584697401
v 0.19825372458649285 -0.17782208641775432 0.9638852453843352
v 0.19072542520269264 -0.22409140696158672 0.9557232096727738
v 0.22357158820847922 -0.3888226727136067 0.8937743977815574
v 0.15033725613725218 -0.33943796603661763 0.9285367933636482
v 0.09584771435934836 -0.3507050956022711 0.9315681142947576
v 0.7849688041345613 -0.5331266471636888 0.31559460486446966
v 0.7840217823937345 -0.5178457427038144 0.34226544011291343
v 0.7003077577393074 -0.5391009599377456 0.4679093923446555
v 0.5126772157243077 -0.5360903758527031 0.6706483291526785
v 0.4362818187971052 -0.5724475859271201 0.6942347844593372
v 0.5348077016087054 -0.6358283491215504 0.5565096879240988
v 0.38681969247238407 -0.7192256614669792 0.5771351431016455
v 0.5976543118191797 -0.7274276201815094 0.33713258661987633
v 0.41773890709870765 -0.7905682188431996 0.4477679051149916
v 0.35339353703127024 -0.7507435688797 0.5581192540759544
v 0.20639508609112528 -0.5623504413574865 0.8007265760186039
v 0.024648340370828112 -0.6681344977610777 0.743632135009318
v 0.3319365631321468 -0.6839398154649606 0.6496494800103929
v 0.33784078753978475 -0.6115137774433207 0.7154820069516066
v 0.3615926134655204 -0.6122599767423301 0.7031276575179335
v 0.20530286064597938 -0.6205192759637054 0.756839853316444
v 0.1632626240614722 -0.7036681893191769 0.6915174581489855
v 0.09027883511581865 -0.7753040746734077 0.6251026505502454
v 0.20123638517936002 -0.782075793778134 0.5897977365726713
v -0.009142358182800115 -0.8025967301680875 0.5964519310140186
v 0.0014277328913616509 -0.76477209829341 0.6442993087460874
v 0.14482604528929316 -0.8605893133387187 0.4882739501274427
v 0.021356283416309713 -0.862081126755672 0.5063200964314111
v -0.022876123530414162 -0.8504348625210861 0.5255827504598706
v 0.033431771991474554 -0.9060843341074357 0.42177422408984994
v 0.05595026932330123 -0.9394884460935911 0.33798080865531405
v 0.9929823825978267 0.10348924373763436 -0.057236040053064215
v 0.9385231741352498 0.32159593095335093 0.12550023428401816
v 0.9289299364876551 0.3570240654896922 -0.09809683867614283
v 0.9585307134833787 -0.134355520807199 0.2513313855006405
v 0.9749991225861048 -0.07184190366812342 0.21027470564398804
v 0.939516545987714 -0.29039776666459566 0.1815978990284052
v 0.8050316822199513 -0.5111223099684831 0.30112783809305593
v 0.8736865025064738 -0.3885282760122425 0.2927758085582898
v 0.8936928168471586 -0.374674384950839 0.24684459560116326
v 0.9453673198674291 -0.30442651851907215 0.11664101057960269
v 0.9920038168720426 -0.11957238403496909 -0.04038405981935313
v 0.961911542698417 -0.22116169745450673 0.16066638603825256
v 0.9714860265445946 -0.2161947872321951 0.09733814361400693
v 0.9592115179376216 -0.27176588854448586 0.0778239402718073
v 0.979452580805965 -0.08380062056844101 -0.18343963024624438
v 0.9462619503362225 -0.13136524483853596 -0.2955190244204251
v 0.9105838187850755 -0.2794362326046916 -0.30455295249674635
v 0.9933201556937029 0.07771397779092795 -0.08529716260550123
v 0.879719375745587 0.24713983838708573 -0.4062212700238629
v 0.8091627256742442 0.4899549427186118 -0.3243452442768816
v 0.822354569465125 0.3558375882419688 -0.4439736173174801
v 0.8055600147863975 0.4263323104719907 -0.41147761011378675
v 0.9289494171804837 0.07337675729568495 -0.3628620010538579
v 0.9061198995140215 -0.10642337416442976 -0.4094151843009216
v 0.8701837484704463 0.2479759736956832 -0.42577947386834036
v 0.8161172534480042 0.34289359174213124 -0.46516299655783744
v 0.7949086277456907 0.34822808311649733 -0.4968475376455768
v 0.7357108112097662 0.3938916604673271 -0.5509800015276053
v 0.6983755298590927 0.5148842966258697 -0.4971577017226177
v 0.6473115391521707 0.477834516064269 -0.5938534722792094
v 0.6222384688605654 -0.7608293681675353 0.18427685802576593
v 0.4720241780746368 -0.8230028419939639 0.3160055337851254
v 0.6431165503530295 -0.7610583770814422 0.08480123428453583
v 0.6460780529761359 -0.7610995648092341 0.05753783024897478
v 0.6382166955283326 -0.7573430964631308 -0.13824212016796056
v 0.6596595311079337 -0.7321960868322093 -0.16952343037486334
v 0.6841438121890786 -0.7040332064012015 -0.19048487742557943
v 0.6457336818293541 -0.6839197921178412 -0.3395316334314015
v 0.5725629213338724 -0.793284103966027 -0.20705562418934526
v 0.4747111130057958 -0.655797431529575 -0.5870085927718698
v 0.41855672911900216 -0.6112014046319767 -0.6717463118507618
v 0.3256877189263276 -0.9446381772750994 0.03982742490977396
v 0.05006918232031594 -0.9460589264776519 0.3201024595558866
v 0.17566182757989685 -0.9770120973979618 0.1207902474098239
v 0.0970334773326646 -0.977415997686263 0.1877297838482182
v 0.49878504357145204 -0.6943648899371047 -0.5187204255975056
v 0.32778280270706744 -0.7109187135507818 -0.6222162140066758
v 0.07936710578401647 -0.748409439964669 -0.6584710872097873
v 0.4000129782303344 -0.8669867694653368 -0.2971927973880877
v 0.31067740864414467 -0.9415964096239448 -0.12990669398247165
v 0.2760520560392228 -0.8772154842144929 -0.3927954386329488
v 0.35493835813416114 -0.8587101987037743 -0.36964247127075445
v 0.30604294013695926 -0.8998899915942524 -0.31070198232522117
v 0.05748938609677316 -0.8203507795879488 -0.5689635919069522
v 0.04306901582839256 -0.9116245274687323 -0.40876127604383483
v 0.18991015032769434 -0.6972501069522666 -0.6912137318930847
v 0.24120508924627296 -0.5999712202353016 -0.7627939694380527
v 0.19724096447650966 -0.6294573183179446 -0.7515846501548299
v 0.11193555975733367 -0.6547517690175438 -0.7475095661128421
v 0.022422453241600835 -0.47533466146547804 -0.8795192966616069
v 0.02762181402484141 -0.6961830759301815 -0.7173326705081601
v -0.06425447126346212 -0.41679106490049544 -0.9067284991339822
v -0.07509503511816697 -0.3430844501494255 -0.9362979204111626
v -0.06660336732672908 -0.3898879129851753 -0.9184505467192042
v 0.4845088510475054 0.44966559881320595 -0.7503679247546414
v 0.34571130720029264 0.3288112191348479 -0.8788440557032403
v 0.32383463056926565 0.32780281244507414 -0.8875113791930596
v 0.7854273321099707 0.19099302448866284 -0.5887491575970933
v 0.8249965102419913 -0.06789520127192471 -0.5610445612719018
v 0.8133776881891671 -0.0889733104762039 -0.5748917170902283
v 0.7139525925177459 0.043471918371897345 -0.6988432499139249
v 0.804398240121327 0.1715113972396379 -0.5687946131132213
v 0.402134707680213 0.2556386079539507 -0.8791681175988562
v 0.3243921186893351 0.05856999619556689 -0.9441076786457653
v 0.6526506594431606 0.2324917152193444 -0.7211065934262251
v 0.5669255476315791 0.10045431521963423 -0.8176211555460074
v 0.488716749889734 0.014435574064132687 -0.8723230780958705
v 0.4735607757279899 -0.12699201804773708 -0.87155792638474
v 0.27526698292136076 0.08683658912049176 -0.957437984886379
v 0.39944351229244385 -0.1471345918550859 -0.9048736333693856
v 0.16420778031262656 -0.14546961296589556 -0.9756405058157194
v 0.9160752880707921 -0.20767139290879744 -0.34304323219287575
v 0.8991187103558658 -0.3176706116278314 -0.3011161357284003
v 0.8341571973107798 -0.2140885261817461 -0.5082793258946825
v 0.8978018970219906 -0.43300958843904275 0.08033959188075133
v 0.9443866871423316 -0.328427200356913 0.016412166647099494
v 0.8999470458137862 -0.43399075534505394 -0.04180118426634248
v 0.7966731741542055 -0.594588698523512 0.10851789332261828
v 0.921909114447497 -0.37079058450735247 -0.1122404879681487
v 0.8944355454006552 -0.43624497831770026 -0.09836347907847685
v 0.8131148962878568 -0.5652681255676663 -0.13898241490204802
v 0.7404677895618174 -0.573994106735393 -0.3496258257830425
v 0.5968490887084221 -0.554508348363726 -0.5799065932569304
v 0.35992204891284496 -0.2421522337324049 -0.9010096638797981
v 0.33970921999279413 -0.33164496063668797 -0.8801188930685316
v 0.19257740355923073 -0.3315121109797782 -0.9235873883461795
v 0.8964628633815183 -0.10334701921565258 -0.43089874471510015
v 0.7319295332062649 -0.22280297697767984 -0.6439239022356159
v 0.409065588056368 -0.31859688485592497 -0.8550797446017525
v 0.44778999374811806 -0.3305033049520551 -0.8308138701988727
v 0.5364347471899634 -0.36624127060803935 -0.7603322258793516
v 0.6887245469377048 -0.38949496605662165 -0.6115162874870991
v 0.2432587646740957 -0.407693852002644 -0.8801198193703396
v 0.41593070727311693 -0.4124658120252103 -0.8104773905900576
v 0.5849533191290381 -0.4368824509074954 -0.683347158133391
v 0.37317239737379315 -0.5559734199310534 -0.7427219655890516
v 0.3725591869934896 -0.6369493440139933 -0.6749038341474242
v 0.11163028773008882 -0.2616603170162487 -0.9586827198610883
v 0.0654707756502105 -0.3347939047031872 -0.9400141588877016
v 0.008750237078792713 -0.21649160425736025 -0.9762452656157362
v 0.25252043264272783 -0.4241489959434286 -0.8696729617149834
v 0.14510710937417234 -0.4357225073295529 -0.8883072798393131
v 0.13329522880865938 -0.37446636305005243 -0.9176095710708959
v -0.038006413470620996 -0.32528929916936467 -0.944850456093981
v -0.007441521933603811 -0.35468990289299746 -0.9349543820620705
v -0.06285419936655871 -0.31121447355050413 -0.9482588787217717
v 0.2928295004794131 0.32640351558075276 -0.8987277834058002
v 0.23834304471589635 0.45358302832952907 -0.8587520185984834
v 0.3109812182122471 0.3903206835472018 -0.8665682003826772
v 0.25590409576202167 0.369200214763314 -0.8934227975549678
v 0.160123989662828 0.42469720698490654 -0.8910626186265912
v 0.16930150823090762 0.49129463041798815 -0.8543808199118192
v 0.10429363088444953 0.4739159616652002 -0.8743720603014983
v 0.16404372691473149 0.20306991545921318 -0.9653249531092176
v 0.3337415884519528 0.26177040538886626 -0.9055897564571478
v 0.12288785363401449 0.20718474093268874 -0.9705529653521644
v 0.09887168423891901 0.3252426619185447 -0.9404475535211407
v 0.032848028515876655 0.2533143891934607 -0.9668261618564964
v 0.021555506509981996 0.1926784743213915 -0.981025160570451
v 0.020778094374263673 0.40630895458998395 -0.913499482328353
v -0.007592966270774717 0.2599908216495056 -0.9655812340353482
v -0.03582224937177413 0.3054333512686156 -0.9515394024331147
v 0.0020511897902080593 -0.20109594789318172 -0.9795694015032255
v 0.019371764945536135 -0.20826443449616583 -0.9778806982689081
v -0.009843050596225332 -0.20663992683636256 -0.9783675459621618
v -0.07798765013463972 -0.2628586470288224 -0.9616773149599891
v -0.08399461132002248 -0.2828405215970168 -0.9554821529531182
v -0.09580542740208982 -0.35804147670469866 -0.9287774873668191
v -0.1047518621494814 -0.29769212774582077 -0.9488974889071958
v -0.10629681601458214 -0.2443420190660106 -0.9638454049399765
v -0.04883285661307407 -0.1891616018643765 -0.9807309725378872
v -0.08218635341677191 -0.231327285310233 -0.9693983135858303
v -0.07315881007074851 -0.11537994590716959 -0.9906236705184724
v -0.09933995388783941 -0.11685654957228526 -0.9881680628231324
v -0.05129047059629985 0.3406255833264224 -0.9387989665575611
v -0.05142492496244213 0.29420101912596774 -0.9543590715437503
v -0.07325560302470731 0.23098291226583187 -0.9701961197957255
v -0.03493418626962627 -0.14695599839369938 -0.9885259415745195
v -0.0852600329438408 0.1770886947303536 -0.9804949367442521
v 0.85765535416457 0.5091141504286711 0.07231925957957784
v 0.8608559160773778 0.5086909282886762 -0.012674037690641944
v 0.7726329606728546 0.47036046128527953 -0.4263793434740927
v 0.6839496016594018 0.548078828124028 -0.4814795328486331
v 0.6034132112893216 0.5760480124903239 -0.5514174314867607
v 0.6711213569334454 0.5587796530099997 -0.4871975201597762
v 0.6495067240146206 0.570703643758857 -0.5024324496488649
v 0.8250895117821379 0.5572262586385357 0.09341410081359992
v 0.8365990489760006 0.5429528299161175 -0.07283032155998531
v 0.7566656641904506 0.5871280622475239 -0.2876416366882449
v 0.7490431087248774 0.6165259732220087 -0.24254926430403095
v 0.7294293323245703 0.6569911617168734 -0.1905136807960123
v 0.7564218317821615 0.6426776638173151 -0.12162003467208024
v 0.7299803466466963 0.683464292715573 0.0022921807020011517
v 0.7024373567897532 0.7113470661047601 0.023814099402981542
v 0.665271846193653 0.7250711616174886 0.1780033180947874
v 0.31669049081234163 0.5491403498181017 -0.7734028764044591
v 0.0717351870022668 0.49419003055370603 -0.8663892177578602
v 0.19722734037365752 0.5333683341336559 -0.8225689006719269
v 0.1489546225467565 0.5285187081220512 -0.835751455629574
v -0.07686732998226256 0.3996888570918662 -0.9134222633032303
v -0.0533799747342876 0.46046559701545986 -0.8860711101613478
v 0.021851518925513264 0.5096479763079323 -0.8601054885104951
v 0.06792559905543978 0.500749027607265 -0.862923243598953
v -0.0006457251236226606 0.47993865736119873 -0.8773018113564993
v -0.03784158372608668 0.4633452577804615 -0.8853695198240445
v 0.20014638853080993 0.5627842278360542 -0.8020070673360992
v 0.17193602910422312 0.6283231957195523 -0.7587146786616437
v 0.16929306803283597 0.6562063206955501 -0.7353455798434083
v 0.6834889555240065 0.7295376041119511 -0.02485421218419672
v 0.6391682726867373 0.7666823211002181 -0.06051559884059024
v 0.5792081575398427 0.6480182341679162 -0.4945606923575678
v 0.5254198173551902 0.664808443216181 -0.5310025888438928
v 0.668456138748101 0.741105741405506 -0.0626791083677396
v 0.48292265589690614 0.6996261961449574 -0.5266012666992137
v 0.4187990841262695 0.7801020802169899 -0.46480971544936883
v 0.441186656719668 0.719934427830841 -0.5357693100172883
v 0.5725987075762164 0.5911282118812639 -0.5680652754746642
v 0.5563476212875286 0.600811779223633 -0.5740231094945927
v 0.49587014164366994 0.5927318155840514 -0.6346509256439486
v 0.681041244026653 0.5835112051440449 -0.4423770986454583
v 0.6240008569419342 0.5898182531006084 -0.5125791244725816
v 0.7499389502023784 0.5633737131926929 -0.34670106756805974
v 0.5696607191087657 0.5932027242205332 -0.5688560389780725
v 0.36396314610015174 0.582221773467397 -0.7270135038507597
v 0.2706057183859815 0.5836010984899586 -0.7656254325831401
v 0.27009582528843973 0.5712583578324234 -0.775056213295758
v 0.41676221731160656 0.7038165576624759 -0.5752838494010204
v 0.38991328857504726 0.619504938101022 -0.6813084903779204
v 0.36531943854027593 0.6599533163611039 -0.6565084371495908
v 0.5627142086517437 0.6344228275521718 -0.529962635722698
v 0.5390222067897731 0.6441115365909346 -0.542747997709755
v 0.5343623374403498 0.6374663589606698 -0.5550617384748405
v 0.29486896086873804 0.6148878978551888 -0.731413131538816
v 0.37903427519807475 0.7585420107821896 -0.5300443718252114
v 0.2131583587260671 0.6329357613619168 -0.744282094433569
v 0.2056468398752762 0.8257808005396476 -0.5251623051109164
v 0.1491129338360343 0.8594794781429781 -0.48893799158368173
v 0.2753137676714385 0.6391485189037852 -0.7181166340599939
v 0.24115629514494372 0.6698995352718095 -0.7021953104048606
v 0.19038513360991235 0.6410005852407664 -0.7435534618447626
v 0.2599789430677313 0.6833323671357372 -0.6822520246844677
v 0.2995788767939081 0.6939273045248475 -0.6547651430961944
v 0.20554977968449825 0.6574389063363073 -0.7249299086856428
v 0.12484824503783215 0.8499345796012158 -0.5118829222674633
v 0.02352360239899976 0.6764351441989193 -0.7361264401057479
v 0.0004287510104705981 0.7036988029645654 -0.7104982835157372
v 0.4420539634924945 0.8840145990147446 0.1520081645484105
v 0.21205388203441095 0.9604192999596539 -0.1806319998758372
v 0.2679967927359576 0.9557740631161621 -0.12113488084636392
v 0.1860469151965118 0.9296804090592442 0.3179321977360871
v 0.2642477367406703 0.9468979084778084 0.18318702068592566
v 0.2471792698806327 0.8948761616185792 -0.3716168240379813
v 0.13696217485577683 0.93309135014769 -0.33253856158096406
v 0.11193023143637626 0.9258601120559603 -0.3609081270826747
v 0.001394090102586056 0.8674425185181771 -0.4975354596203449
v -0.07011103483717335 0.8047894133455824 -0.5894051602768118
v -0.0031890754557507583 0.969698490822921 -0.2442839877959401
v 0.07052813510284071 0.9970936831799666 -0.02880918467301906
v 0.13146582824194944 0.9911141450679157 -0.020235796276720914
v 0.07928848363851561 0.9865926801704821 -0.14264718642977073
v 0.1610619189928584 0.9690429628570499 -0.18712240482520634
v 0.14208264815127894 0.9598319522080877 -0.2419403740898387
v 0.052809700189960306 0.9632344573989848 -0.26342079577195443
v 0.12424896578954847 0.9920886407051259 -0.017953369713877846
v 0.030227228472216316 0.978594744922549 -0.2035648296461341
v 0.0624843339962885 0.940417404150286 -0.33423167709880225
v 0.11547965626001441 0.9732698948625579 0.19851992530800108
v 0.010515966103371691 0.9993654453457718 0.03403117843625481
v -0.006581251555392444 0.9943359023152154 -0.10607921801630692
v -0.04132448856057617 0.9984768816070783 0.036554117981585095
v -0.047495550314442886 0.9980374122859134 -0.04081049347859159
v -0.04592096228798401 0.9959064597010158 0.07785620558654881
v -0.8796477561242823 0.2785172775326935 0.38554889607064335
v -0.8477566777950931 0.19325722078045077 0.49392333602497746
v -0.8090233018025762 0.28220116120205146 0.5156004283906984
v -0.7714698645432962 0.27484204770365656 0.5738432685983249
v -0.610692978066561 0.311723142388501 0.727930469921155
v -0.665832670288796 0.37734454671085355 0.6436442715069186
v -0.5298465158783393 0.4033119333364969 0.7460577417599539
v -0.6070087909401599 0.4365447193606154 0.6640549944994971
v -0.8278774821992569 0.49171227378119403 0.2698850019551792
v -0.7565642959345231 0.48181024168475695 0.4421191662038363
v -0.8556200247556557 0.3049588110491829 0.41822780491091244
v -0.8057389389022767 0.36022927517044084 0.47012725048311366
v -0.8124572671026934 0.3596210733724965 0.4588963638104319
v -0.8235575234403477 0.5189112474262646 0.22909413541013862
v -0.707785230988754 0.49325472459125835 0.5057072705257442
v -0.7141088953784585 0.5896155203942629 0.37736192660569284
v -0.7124365813836939 0.5461367937677655 0.440645798799195
v -0.707587072549931 0.6032125885362667 0.3680422635942718
v -0.5887955804223102 0.6360787107555985 0.4987220049272448
v -0.7262209001037605 0.6595536702144763 0.19388697831236046
v -0.7134702750288093 0.6788947676021776 0.17338414337159183
v -0.31438590574175423 0.31855231710177534 0.8942515996854726
v -0.28581433517564075 0.2899631885754636 0.9133627510903085
v -0.2689125200275028 0.3984441447102855 0.8768855798327094
v -0.1974943667002848 0.32200045633855634 0.9259112707162684
v -0.09674479785397272 0.30773415092334294 0.9465411435556741
v -0.14709459261787142 0.34240024218011966 0.9279683480472692
v -0.20569866542248422 0.3519041099944692 0.9131547275311065
v -0.17088817396025455 0.4547964100334928 0.8740465991131005
v 0.007115590573355376 0.28801155515296084 0.9576004973208636
v -0.00775026609291008 0.3181968156701474 0.947992995687662
v -0.11054508926435383 0.4821879063892998 0.8690653635782754
v -0.12217342346052701 0.4367684956927507 0.8912389891438921
v -0.13252941721267333 0.3741774766085968 0.9178383134147823
v -0.09561470211157362 0.33998391043222753 0.9355579989435857
v -0.08959615392446806 0.29671234624904297 0.9507546017692111
v -0.0709384920820202 0.34637053411734614 0.9354117721284
v -0.09481544435644472 0.38895743516866904 0.9163635441998447
v -0.16125812355971356 0.5357922963841921 0.8288078382359534
v 0.018700402792551953 0.5259949181316429 0.8502820949750044
v -0.5807826792685079 0.7089354843505137 0.40012742781568494
v -0.5679351183606961 0.5462423038538108 0.6156858345074241
v -0.5586043464251056 0.6448187038832169 0.5216991693278313
v -0.5605882333878192 0.6245635735730695 0.5437473449615743
v -0.5609218583821307 0.6059221806699732 0.5641143321714859
v -0.39968029317188836 0.7051149940865682 0.5857205036229587
v -0.24014133082702913 0.7406059014748038 0.6275627776799042
v -0.5655792086145474 0.4766627341383785 0.6729879617546424
v -0.3648179687445932 0.37164835201628876 0.8536892596985427
v -0.48210420750861377 0.4644919757449048 0.7428477216570609
v -0.43664317823264726 0.41886875048413863 0.7961731625536929
v -0.32499068105267287 0.4942276736986853 0.8063002317867123
v -0.17534583086572889 0.6803811608023881 0.7115724247209149
v -0.493073786508245 0.5476648093915788 0.6759744800009151
v -0.26557764946513424 0.5211396986188731 0.8110992088690533
v -0.11615423899819592 0.6563183001057349 0.7454894242771446
v -0.12372501183854619 0.7217640511182793 0.6809910248739565
v -0.1344509497441063 0.5274796385296384 0.8388612358725068
v -0.04645275319943664 0.6615751243270823 0.7484387059684966
v -0.4836503004720314 0.742435227285424 0.4635432235929617
v -0.3416211998766671 0.7779033310668455 0.5274100523406168
v -0.21828730122157078 0.8310358477643651 0.5115956155558474
v -0.4389302495768898 0.8641221444681062 0.24623800569004578
v -0.4071007461049161 0.8522060475107922 0.3286545832737679
v -0.4255252159573742 0.8102667381772506 0.4029839991712189
v -0.2736472935677759 0.8809926115826113 0.3859652536950466
v -0.4039287898459703 0.9033907232627573 0.14396782229499167
v -0.21157506210466512 0.8759108281549421 0.4336083650211683
v -0.30963488961140656 0.9398377831886894 0.14433009535887606
v -0.3266030993943659 0.914781023124954 0.23771010747643123
v -0.15636275272344222 0.8119005035678044 0.5624662317571549
v -0.05026371998002689 0.7692438572437849 0.6369752322865253
v -0.11832748623422694 0.8282843184869357 0.5476711547544942
v -0.0296047853485384 0.7731121403105096 0.6335780734755347
v -0.1889591164908403 0.8847126013752427 0.4261197780704998
v -0.2053095791331665 0.9091103022263046 0.36244507873905396
v -0.07531153702823301 0.9939358573766999 0.0801229293728678
v -0.958978741459285 0.20121941330952972 0.19967604046688883
v -0.9685052326469388 0.0387644433951532 0.24595717567040665
v -0.9422973415241818 0.14044331052660808 0.3038937259714102
v -0.9301374112344669 -0.12377825879426461 0.34572147586157326
v -0.9275001880302597 -0.2624106902646735 0.2662405507030264
v -0.8926461884376036 -0.30042494550884813 0.3360470716786925
v -0.8322288772252755 -0.17718724747290585 0.5253568075559054
v -0.8872357509543614 -0.1370224497974588 0.4404969585365529
v -0.7491491211284697 -0.1663032647446053 0.6411854789744752
v -0.727082922387255 -0.13358869324359313 0.6734274162894456
v -0.8362921542136066 0.1003782472424996 0.5390172912637301
v -0.9064470731306292 0.08668457267482688 0.41332733816322703
v -0.9240237339238806 0.08639712025029023 0.37244553529049906
v -0.7452222793455123 0.061665110654177444 0.6639587099323929
v -0.6561624706338705 -0.08102192999828965 0.7502574618029516
v -0.7241158453707822 0.07124842691741153 0.6859882682267618
v -0.6515977762616089 0.07791111081451192 0.7545529781152382
v -0.792772545996135 0.20582125863952955 0.5737153473690992
v -0.6163427233447935 0.1303488234659154 0.7766149828589295
v -0.8865331173630773 -0.3627708873323266 0.287152076646889
v -0.867056061632494 -0.4334240906940089 0.24567731599075326
v -0.7538823779032502 -0.5079349256634326 0.41672949449040037
v -0.7470570583479886 -0.49481762915682687 0.4439158314906856
v -0.622401320183984 -0.7036768532296095 0.3427177889490251
v -0.5898350153897086 -0.6595739868523425 0.46589356132911763
v -0.46622562972532955 -0.7393351392509897 0.48581602902327115
v -0.42704888150300335 -0.6757355650917273 0.600841658739803
v -0.6384518216569947 -0.5385320569833327 0.5498749812677112
v -0.5051705534449272 -0.6763771504077983 0.536019274222833
v -0.49836425140113405 -0.584320031738926 0.6404710558909027
v -0.3722162868848313 -0.5747095251783666 0.7288099872030607
v -0.5406976076171521 -0.4984621692196475 0.6776293699168682
v -0.39587144564660437 -0.5259759180880542 0.7527517068151333
v -0.3226359550822677 -0.5302003479983012 0.7840877702595759
v -0.23779181799019292 -0.9307353695261453 0.277824986655176
v -0.21329023480765585 -0.9035521599456612 0.37161911952054527
v -0.17695382196693293 -0.9240752111798844 0.338780679753358
v -0.10348621588440522 -0.8755042160870896 0.4719989096763434
v -0.34540988685866164 -0.6330005796932467 0.6928219657085796
v -0.2438312207334659 -0.8274390467260334 0.5058566592906939
v -0.22891248474711054 -0.577298788999106 0.7837889910856554
v -0.2453102104896756 -0.4593379610348323 0.8537163101299364
v -0.08424399342412779 -0.5834388667122706 0.8077759827956369
v -0.11866776336782263 -0.48451312018187637 0.8666977548770398
v -0.11637497806882827 -0.5854355194748269 0.8023229505733458
v -0.42833190292909523 0.1397723034779054 0.8927460356191008
v -0.6379062558122586 0.02976304635286454 0.7695386734059457
v -0.5862830546697904 -0.09502130438288617 0.8045142208316983
v -0.5716500566121973 -0.10224215425679929 0.8141024227136292
v -0.46141008867772254 -0.15651703743305945 0.8732715196659026
v -0.39687146339146273 0.014284139698444958 0.917763043981721
v -0.3013141444595539 0.00910633940583875 0.9534814423633177
v -0.2678513402917257 0.007151465175356718 0.9634337112898695
v -0.7631981910980217 -0.20450022275422344 0.6129503895081403
v -0.7526133298863896 -0.1941794508126297 0.6291800350928387
v -0.7571945978874813 -0.18484590733147752 0.6264888917393653
v -0.6816579323872727 -0.19204884241554102 0.7060167882850654
v -0.7179280582329838 -0.21910050720028132 0.6607376718081064
v -0.7550339526673535 -0.22228868338861343 0.6168561190073983
v -0.7607386673779712 -0.24818431030994056 0.5997342978952992
v -0.8412161489299517 -0.3870194199459254 0.37758622772047834
v -0.7466968028292019 -0.4023956743737046 0.5296429041250147
v -0.47484440874252404 -0.4123462982955795 0.7774916834075434
v -0.5380640245242776 -0.49058637552281975 0.6854284161487036
v -0.4956828492561855 -0.4600980897660553 0.7366194816503949
v -0.268245757951083 -0.19813659415973672 0.9427545297669107
v -0.2788812432985148 -0.21927079618627293 0.9349575231400156
v -0.25592351932948676 -0.18618094595202525 0.9485988654950094
v -0.28605016669605154 -0.2208696205558766 0.9324118794013
v -0.5491231425830658 -0.15932783663499248 0.8204135632428996
v -0.5173991458510295 -0.17771997778922655 0.8370864551330538
v -0.6274064732343679 -0.16461354304108564 0.7610936202538247
v -0.6397716018164441 -0.21018607794973437 0.7392659265415453
v -0.5823585080680016 -0.25540091202162496 0.7717700060376366
v -0.3112964642842831 -0.2607622927659923 0.9138367129829743
v -0.28450479097875386 -0.3273420083166128 0.9010572864703897
v -0.4150860488815178 -0.4050717119068051 0.8146290445575953
v -0.39847723681928426 -0.4428753925455786 0.8031670302088277
v -0.08519462545812821 -0.006698429070232752 0.9963418122517194
v -0.22091594670039474 -0.22456839546199353 0.9490864977719861
v -0.2307449996259751 -0.33752635345048493 0.9125966830281749
v -0.3523045169256783 -0.41751486241869595 0.8375934974755129
v -0.24338566308275802 -0.34565476670954187 0.9062484213816533
v -0.11107175109765711 -0.25468097837521825 0.9606251429990482
v -0.051478377283267464 -0.3950961647000782 0.9171962697872088
v -0.08878273953943763 -0.32475981944732446 0.9416202444894722
v -0.03228192421442637 -0.30755282557575986 0.9509832474073244
v -0.03911449642703771 -0.3699036385619738 0.9282463866602831
v 0.013253143164590857 -0.37116178923050963 0.928473629357057
v 0.06066363827471053 -0.3367189225848475 0.939649024989956
v -0.32983393594529425 0.27026371809223443 0.9045258964683084
v -0.28870775614461613 0.22759205357654763 0.9299729505156323
v -0.3175668921189582 0.1965490175117674 0.9276420391212684
v -0.1967971685351337 0.1275792374805668 0.9721082309189812
v -0.2430728804712488 0.2069490742587291 0.9476748680021355
v -0.11422389311868925 0.2841080590798125 0.9519640292609339
v -0.0737493222663553 -0.005297037520527621 0.9972627431418261
v -0.06852098702970658 -0.04258160888175547 0.9967405283831474
v -0.06871661657868854 -0.0032877869072176946 0.997630801981991
v -0.027039900724957173 -0.19522582323695456 0.98038549648097
v 0.021977606099512936 -0.17654189878120935 0.9840477340072787
v 0.02748836794458024 -0.21998438435285386 0.9751160240036255
v 0.03427288749371054 -0.16864824286341712 0.9850802705170404
v 0.0015298536663150399 -0.021865722067046994 0.9997597460121339
v -0.031683219954262765 -0.14160179529861147 0.9894165478409687
v -0.06444764312638074 0.026922557988185557 0.9975578565511014
v 0.0210383776464392 0.06102592293809502 0.9979144369110807
v -0.0995352652615521 0.2731733643294466 0.9568014652947832
v -0.0953721740587182 0.03392206712703875 0.9948635292225473
v -0.13333557625532572 0.092784340547169 0.9867181412408954
v 0.01807747554569838 0.1727822416503099 0.984794141863257
v -0.9652036252492864 0.2287570886291378 -0.1266971041798352
v -0.9807191435533015 0.16471945724895706 0.10515446672247392
v -0.9334180085778265 0.3004262083666619 -0.19615023474122006
v -0.8316977344218882 0.39658164377563543 -0.3885896014791357
v -0.7184711479587342 0.46113899188371993 -0.5207206926129645
v -0.5250691570292908 0.5347145247934156 -0.6621047933005026
v -0.8710226177498889 0.3120770707853154 -0.37937778171393766
v -0.7768585781189946 0.38972082573703426 -0.4945790407910331
v -0.7538073444498887 0.3939068949650026 -0.525939013149279
v -0.9060640694871963 0.1667810400945069 -0.388885570122235
v -0.9384560076479741 0.27370724066511737 -0.2106766909672568
v -0.9754991544658536 0.18437501339407567 -0.12003022149583648
v -0.9429772627910327 0.2582760514449809 -0.2099699100088423
v -0.9930843277141421 0.07298620778704315 -0.09195940148466115
v -0.9862484669617247 -0.06536408904187033 0.15179425970495175
v -0.9861503777033339 -0.10371818985692943 0.12942167379683328
v -0.9325235773382234 0.04809062500220371 -0.35789253903262597
v -0.9779435368392538 0.04671643140713075 -0.2035780287528934
v -0.9677606259403972 0.0057292789458023505 -0.2518065651292913
v -0.9767705515058236 -0.21266954174956218 0.026286036655243834
v -0.9479364303027064 -0.2015994291631661 0.2465242265296622
v -0.9805270136204117 -0.1320357110847639 0.14537312873766423
v -0.9446805509312759 -0.24700823270513364 0.21579061533826607
v -0.9596492167384096 -0.21434546002935503 0.1820148471366043
v -0.49138019916006265 0.5461070140624245 -0.6784634323714432
v -0.40029928295473655 0.5390157040391095 -0.7410955099480409
v -0.39464319661722214 0.5282027893440949 -0.7518367912604825
v -0.40638012017970476 0.45880628764849757 -0.7901594701937911
v -0.3617198518122723 0.506460517150929 -0.7827237656875644
v -0.33611317683334124 0.505686004245362 -0.7945499339055784
v -0.31709021008938815 0.43366866804711895 -0.8434365921749575
v -0.34972517530651404 0.40800827456236327 -0.8433395221649885
v -0.30874214481828355 0.4520268093616734 -0.8368691962495163
v -0.30214318867137485 0.2397409039299837 -0.922623321037534
v -0.20555308429148575 0.4079854289131983 -0.8895480983807291
v -0.17400566270858248 0.3694584270723175 -0.912810221245685
v -0.165013085963524 0.3998421525004505 -0.9016079716509838
v -0.2564912567402364 0.36018431574312354 -0.8969278086381712
v -0.15221593595306077 0.13829475866907984 -0.9786239668874837
v -0.26958411377812913 0.5038309548075126 -0.820657525753716
v -0.2738899718905307 0.42563641927309853 -0.8624487937762909
v -0.17321553174203835 0.27348895604895523 -0.9461501838939607
v -0.13116462515262248 0.20979029807548885 -0.9689085983424698
v -0.15767685756743213 0.0989123516389475 -0.9825244807539978
v -0.22649503874992405 0.0792188615301683 -0.9707854394249712
v -0.18704419949565732 -0.010155617432397075 -0.9822990027835699
v -0.21859069373005593 0.03070241873791537 -0.9753335173663699
v -0.11896110338899753 0.09805373819035969 -0.988045403970571
v -0.13940314940949658 0.060422103712659214 -0.9883905762994962
v -0.08707125917427012 0.265197477796643 -0.9602545983207299
v -0.09223805641669736 0.2295867946224426 -0.9689076553952202
v -0.09537493133398132 0.20320805531316863 -0.974479403953146
v -0.08267980772301793 0.23618124032301296 -0.9681851429940288
v -0.09679046543818028 0.16695493272173909 -0.9812021485097452
v -0.09761969618155501 0.01431266053894506 -0.9951208683701281
v -0.19521261369171322 -0.08696025778685501 -0.9768981262246814
v -0.14671189075539398 -0.004100862975906967 -0.9891707658608953
v -0.10066096873152507 -0.06938482174287355 -0.992498421099873
v -0.1346262156669819 -0.20676801338073067 -0.9690834694172495
v -0.1486657702886314 -0.22556884271119312 -0.9628173170141991
v -0.10091868949562421 -0.16398090071193966 -0.9812877673303518
v -0.10125615831904536 -0.16750265509933107 -0.980657968374878
v -0.11632983686893984 -0.2588043750085285 -0.9588991941442494
v -0.12228532018831309 -0.2728713748602579 -0.9542470923447
v -0.12369828485154125 -0.2416247599836711 -0.9624532246751634
v -0.14686041277177644 -0.2813412113290897 -0.9483032964027827
v -0.09898179394473455 -0.311668092264523 -0.9450214837408062
v -0.9291750101317798 -0.3688898353707261 -0.023539114400615298
v -0.9154683303529709 -0.025920140331512135 -0.40155433311812067
v -0.871480159159901 -0.18426286884005913 -0.4544992050130179
v -0.9513772930156636 -0.24536021301690386 -0.18622462834568348
v -0.8403890832313463 -0.35565556105729373 -0.40896859375091266
v -0.762417903868537 -0.3499949395481325 -0.5442632471069541
v -0.6227360004127476 -0.4341222430863726 -0.6509514204974063
v -0.7974686142009781 0.09750580901436888 -0.5954296151291312
v -0.7498759604875782 0.18982564309788588 -0.6337604193268198
v -0.8013922798942685 0.09498379450580408 -0.59054931420428
v -0.762494996227419 0.0593011288183388 -0.6442707170506968
v -0.593468410954941 0.07348605840775188 -0.8014955049270768
v -0.4853443683666662 0.42344276731779 -0.7649425252272315
v -0.4464937223891698 0.41080547504703335 -0.7949101946373843
v -0.6414898689531426 0.07841977892730383 -0.7631127611981551
v -0.5881235372912181 0.13194556017851294 -0.7979355074398203
v -0.526600346875609 0.2558173583581481 -0.8107092905802592
v -0.46016419982458623 0.1505758211972894 -0.8749719031320722
v -0.3839865177854811 -0.052692114904030966 -0.921833984612154
v -0.35430540497471885 -0.010969509492374074 -0.9350654254474375
v -0.2933134369334023 -0.07164717181821993 -0.953327808513297
v -0.22810728065991612 -0.15662183056727408 -0.9609561231917378
v -0.5958581677081972 -0.39031036246246026 -0.7018624259282248
v -0.7807830058510793 -0.2515598714503813 -0.5719226598501069
v -0.8450597437181687 -0.12649791918007736 -0.5194923541209185
v -0.8250384987028608 -0.04030350660315901 -0.5636373861035292
v -0.7813979347431665 -0.015288810725269315 -0.6238457500422048
v -0.475008942883893 -0.2164112806154196 -0.8529552519345435
v -0.7917808153342935 -0.1839721906830773 -0.5824408755606282
v -0.7403134473696953 -0.144284089004178 -0.6565958431971923
v -0.6892153864725199 -0.24852956109006868 -0.6805991539180114
v -0.5978938044523777 -0.08972838427938663 -0.7965373912454285
v -0.2527252875068145 -0.1917745743158678 -0.9483419434468592
v -0.4007412654586177 -0.2295741242437412 -0.8869623214299157
v -0.2853360001169672 -0.15725304591802497 -0.9454389703131311
v -0.5852248488942761 -0.4565095562224724 -0.6701573705587613
v -0.5161604292346502 -0.4605402926644649 -0.7221364484118157
v -0.5010482544407557 -0.3807847296965728 -0.7771445401929938
v -0.42365368334514597 -0.35582807556297485 -0.8330089658756625
v -0.1615023629644481 -0.19918530427679917 -0.9665620524917469
v -0.22622406189615865 -0.19295351677097292 -0.9547730694698698
v -0.22019488161553968 -0.2827217102758984 -0.9335859085531388
v -0.17317578281565968 -0.3188687927318629 -0.9318437858718099
v -0.8066642505652901 -0.5822728388773425 0.10124785412866509
v -0.8520590680545421 -0.4476409596496685 -0.2713170023974711
v -0.6895363323534266 -0.6216400887858902 -0.3716224513923448
v -0.5696642538536775 -0.5756277879360473 -0.5866304523609271
v -0.6095064903175875 -0.593282519443732 -0.525849494041056
v -0.6605062742366912 -0.6962498517798232 -0.2810117534740123
v -0.644659974760287 -0.5533074821813413 -0.527507674924461
v -0.8136668568886656 -0.5635569072847668 -0.14265292935144552
v -0.7213365519296304 -0.6860644954003048 0.09481079580615742
v -0.695293375968168 -0.6988547674907103 -0.1678366327423577
v -0.6146341333130556 -0.788352905714249 0.02691799060869081
v -0.4801072125678791 -0.8700894532426882 -0.11154105879066002
v -0.5333012334297564 -0.5148365622080058 -0.6712176313507734
v -0.5605419673637972 -0.5660987882587663 -0.6044210988672388
v -0.4056361795357984 -0.5463419529547702 -0.7327822052241507
v -0.43670154098821456 -0.5574019950013571 -0.7061124415183648
v -0.32246803777186295 -0.6088221813618588 -0.7248102621357897
v -0.08733034135180336 -0.4018442143937541 -0.9115342225268583
v -0.3247901179721478 -0.5529532193911796 -0.767303145068863
v -0.3101208792064979 -0.5019876941520256 -0.8073619976194826
v -0.26876839044873424 -0.5557318009704986 -0.7867183216918765
v -0.17492403571354656 -0.4856199846839664 -0.8564898202577952
v -0.19562811027351792 -0.5984829856833113 -0.7768833621068233
v -0.1793223255240538 -0.7623598695364922 -0.6218126187919862
v -0.13517228891359986 -0.7731149386884255 -0.6196948796679301
v -0.37193110549049874 -0.921958162139584 0.10798333219907662
v -0.32030605503560755 -0.9457957826059876 -0.05361313936204527
v -0.19596128323161716 -0.9803250977111715 0.023703971646119187
v -0.438124117608121 -0.7061897194688569 -0.5561864235007922
v -0.5159037066103381 -0.6417223699463752 -0.5674819516214783
v -0.31586290179440646 -0.6375238739149144 -0.7027047299246943
v -0.14779024705584665 -0.9890031322918034 -0.005554024862516689
v -0.23991446762136584 -0.968971857827254 -0.05945239242247973
v -0.22618121448339576 -0.9498116434242506 -0.21610159701062012
v -0.20099160660881016 -0.8453435098944742 -0.49497143791546244
v -0.15358735404640544 -0.7721669604551206 -0.6165785512475473
v -0.14366208743149556 -0.9754883491573604 -0.16668438827038723
v -0.030881428323809884 -0.9604283968332248 -0.2768097396065449
v -0.07260470954640993 -0.8858952066306345 -0.4581683522686253
v -0.13380014670397397 -0.986996450093859 0.08908158195786368
v -0.050084973724561735 -0.9894814265714796 -0.13571293923970384
v 0.004269547401654245 -0.9321940468718815 0.36193373694864306
v -0.10272742360332483 -0.9801962095415522 0.16929993278261132
v 0.01528174885509414 -0.9632657713315196 0.26811475515723243
v 0.049976187916900554 -0.9654292277336878 0.2558296051649025
v 0.003015283924320372 -0.9263338093770038 0.376691626755818
v -0.8802136149713735 0.472845938781181 0.04050568104810249
v -0.9032140456763211 0.42768280574302614 0.03594169396099403
v -0.952231514231958 0.29661067440104255 -0.07264469103018673
v -0.8462807638200703 0.5154485833617843 0.13461659146794636
v -0.8455216711056439 0.5268261218838045 0.08687543376346465
v -0.8435749052330775 0.5354242819927572 -0.041257938794188646
v -0.9281573352807722 0.3721480849234188 0.005455625750368474
v -0.8880426780183628 0.4594512028549753 -0.016875847033282945
v -0.8537328802445842 0.5067577263642689 -0.11973627670594889
v -0.8369212167122343 0.517959615142674 -0.1768635465497816
v -0.9121276717360401 0.3954649077533575 -0.10784533920860451
v -0.880472381414959 0.3811853840705639 -0.28189730139972574
v -0.7970672127676659 0.4886881103637457 -0.35477850712789244
v -0.8291634283834728 0.44781921314818385 -0.3345832652221376
v -0.8663642908500979 0.45975798899761655 -0.1950269394024179
v -0.7007884826182151 0.5233646378201117 -0.48475247138006733
v -0.5897923755817551 0.5278226845150357 -0.6111858697785568
v -0.5398888086991165 0.5371268054007855 -0.6480855415463268
v -0.6655204044526621 0.7268624847296034 0.16956862784687537
v -0.6175738470763549 0.7612603260995235 0.19769992239289857
v -0.568221855810005 0.8086816206521085 0.15217739319397292
v -0.6068908185107083 0.7891092998526966 0.09481585992538251
v -0.3929474427495774 0.9096539865140444 0.13461772563698524
v -0.32595764793195936 0.9437740903313567 -0.055155037611130046
v -0.29060739602421226 0.9365446485475599 -0.19603944157478662
v -0.5258565654251621 0.8396076008855423 -0.13613944738567263
v -0.3638409522420696 0.9082364816813554 -0.20670330141208926
v -0.41991466034235475 0.9075250678250986 -0.008362373982022624
v -0.36415339252288054 0.9178603030762729 -0.15787580799732875
v -0.3307886641196749 0.9168240742085615 -0.22363469462839428
v -0.4169253692561411 0.8093533022540746 -0.41366709876548674
v -0.19089107898815638 0.9700178262164562 0.15041945613862093
v -0.2370736081266677 0.957323587452046 0.16531077774225164
v -0.06320431005010238 0.994373822001427 0.08500539576618067
v -0.08178952683843026 0.9919862213836009 -0.09630062245194056
v -0.23418125238099655 0.8554432962093685 -0.4619263014851165
v -0.27424110082706543 0.9005646195838735 -0.33730577310640975
v -0.269798616225637 0.9535356489328938 -0.1340838278721809
v -0.19223502267468995 0.8865349020687386 -0.4208343658391427
v -0.17373231205397982 0.8719397943010001 -0.45775329475898746
v -0.3098220617131415 0.9484106939770082 -0.06728629597375808
v -0.23758960076477292 0.9699638546870727 0.05216610210693693
v -0.22020822754372604 0.9727648772637651 0.07236594561022831
v -0.1840324330058915 0.8944529814489462 -0.4075364125805488
v -0.25160731835630723 0.933421146964743 -0.2557708344369465
v -0.2389490037989521 0.9456480777138196 -0.22057444706866228
v -0.07468620718045688 0.8981639019661615 -0.4332707879166534
v -0.28042067774020113 0.7881518485809413 -0.5478876774250093
v -0.20706888965698408 0.7916124461825638 -0.5748671237643369
v -0.1408052494783496 0.7903458078136499 -0.5962611724661677
v -0.16857341060172026 0.7644921817268813 -0.6222015021812285
v -0.157313787386264 0.7705037161289329 -0.6177187027520651
v -0.10783344645582751 0.8634659676091473 -0.49274584788332537
v -0.06386429631968378 0.9050933576760202 -0.4203895402437355
v -0.10141673388092097 0.7744308831778753 -0.6244769437451335
v -0.07719588580423506 0.7257240998786625 -0.6836412261341505
v -0.12261233319818288 0.6798721130638203 -0.7230076940294854
v -0.5758401998754334 0.5570985097780317 -0.5983722207877946
v -0.6615057003577485 0.553868585216768 -0.5056083451686499
v -0.7662998591983716 0.5244340551869979 -0.37115151562761656
v -0.8311043651638413 0.4970701620841466 -0.24937278955661704
v -0.759376412421944 0.5391699388036265 -0.36420219843882257
v -0.8125525885954575 0.5275436681692321 -0.24790314427488022
v -0.7392838888040713 0.5528171476351642 -0.38451597240589463
v -0.6191518251758995 0.5652397659633763 -0.5451192753471666
v -0.646618183653455 0.5603465682049824 -0.5175873337607921
v -0.5379681063894536 0.5792841113800882 -0.6123889571263733
v -0.5835595979923247 0.604748655683286 -0.5419753306565668
v -0.5275674598691701 0.5901602515851763 -0.6110511048481241
v -0.7965453971172537 0.5836286656652343 -0.15777519115860664
v -0.7749829973045274 0.5927203259751408 -0.21928057156258438
v -0.7154868639143906 0.6621524119957607 -0.2227840453312285
v -0.709138631550198 0.6254643123422494 -0.32544860612598997
v -0.712879987295855 0.6921590026125864 -0.11277428259763428
v -0.6692556628724746 0.7279307066565815 -0.1490427590310066
v -0.5695587336733111 0.7761975525927223 -0.2704074855574867
v -0.7353662460402408 0.6586540687133767 -0.15940922793865714
v -0.6169936100679144 0.746835903402759 -0.24810283860517898
v -0.6061053916890798 0.7754120297638557 -0.17712266445298436
v -0.6048073695715839 0.7217963260284536 -0.3364789881162387
v -0.519188984272383 0.822820296708926 -0.23110507985339956
v -0.5035893800902628 0.798721960045161 -0.3293037606859678
v -0.46372414932857425 0.8037579367151059 -0.37273729689550295
v -0.39210198827063636 0.7993522123297603 -0.4552933905052123
v -0.4008335682698821 0.5979156931660684 -0.6941392327291217
v -0.647541493090003 0.6141953174305375 -0.45105889501612895
v -0.5289002058067837 0.6379779763226802 -0.559686228189295
v -0.3640637126547055 0.6624996613197388 -0.654638688040436
v -0.3371468072389394 0.6946007324422403 -0.635501261099687
v -0.7180867128984677 0.5819079664044849 -0.38175200247499774
v -0.7514185817495248 0.6263027693548232 -0.2076414122953608
v -0.6494422993491711 0.6656937827752988 -0.3675275328330862
v -0.6942845992066983 0.6290711536235494 -0.3496260559270876
v -0.41687943330480814 0.6871206932139342 -0.5950434362671893
v -0.6066488686720165 0.6697298940096007 -0.4282978160215759
v -0.5352514418834367 0.7346781429192759 -0.41683800244026
v -0.42690938594896344 0.7971113389272243 -0.4270385106080328
v -0.1302554904546327 0.5961424689271274 -0.7922421750625828
v -0.4051033154031161 0.7210986893110592 -0.5620569224938664
v -0.2540852084653254 0.694253522713037 -0.6733890057312126
v -0.1664018228138745 0.6303740293893768 -0.7582473319673607
v -0.2628292295010266 0.6662577402404886 -0.6978691995564315
v -0.1322099834342495 0.6917149360633804 -0.7099654692357573
v -0.1286147592282222 0.6444560762211999 -0.7537470461170919
v -0.1391529193085152 0.6657765232351263 -0.7330607656646652
v -0.13838100349671184 0.664267160898411 -0.7345745958193813
v -0.44297538916845663 0.5687989478605905 -0.6929939115921147
v -0.42743668614807695 0.5657392831111602 -0.7051502980780914
v -0.3493819905107423 0.5871355511548361 -0.7302082369275619
v -0.3507022165034078 0.5548698667606067 -0.7544053196396905
v -0.2785375015299865 0.5552277725101136 -0.7836701990473355
v -0.029980260405678166 0.6210311570606274 -0.7832122866413334
v -0.0536286775322317 0.5203459319348251 -0.8522699549233342
v -0.29477695034083895 0.5265857186656477 -0.7973794770654296
v -0.37071866345870397 0.570304166090419 -0.7330217123000548
v -0.23824874743031654 0.4982629662383074 -0.8336495371697201
v -0.14831259902797153 0.44763693058782755 -0.8818302281865124
v -0.09015342757605137 0.37300656224827267 -0.9234383921063793
v 0.855318445091845 0.5138280150043478 0.06641632692614442
v 0.8529262241788893 0.3936891436512803 0.34282023609913204
v 0.7125088638601184 0.26662675926145646 0.64903103944765
v 0.7874435166478975 0.4983475497244221 0.3627429224297242
v 0.6547767071864954 0.6027101422863064 0.4560788836497812
v 0.6502968049286109 0.707991432196164 0.27543093042805605
v 0.5720898246112476 0.648502139293267 0.5021535700443922
v 0.5633134789229798 0.6211755844768992 0.5448108091011709
v 0.5945746501164757 0.6195747264432074 0.5124530649646808
v 0.5868036127845172 0.5964940716889743 0.5475914010126046
v 0.63592816149952 0.5830445225581324 0.505622841777149
v 0.6976507993958411 0.442107255679946 0.5637592895709044
v 0.6446951656002197 0.5278059538361966 0.5529819332914668
v 0.607669198814112 0.36138904892722307 0.7072030119619772
v 0.5893202836451619 0.25288846909712737 0.767299827630697
v 0.5261175987185844 0.23548239551418795 0.8171586833176836
v 0.3981104105806207 0.8295129295201995 0.39168405730402917
v 0.3437166664065264 0.8610280467762863 0.3748193643596848
v 0.5378642202077739 0.7752814151920622 0.33112053376086015
v 0.17595675545355732 0.9127913833303344 0.36857985665002274
v 0.2897781284812545 0.8349421216286073 0.4678678122976848
v 0.22664833578874094 0.8710409255343146 0.43579609673391834
v 0.1247864542476678 0.9257599149134755 0.3569270524570663
v 0.03170017844081714 0.8882011396391823 0.4583599396003954
v 0.07556361964457964 0.9554670539464799 0.28525926489606535
v -0.016799904416425253 0.9411161749268885 0.3376656756357996
v 0.16459410463550234 0.694554825976483 0.7003587469518852
v 0.07581701364415235 0.9094936056612168 0.408745839983041
v 0.02926302779941146 0.7983861911211978 0.6014342566157975
v 0.0840535395183835 0.7645734524611211 0.6390324235014317
v -0.11574199882382111 0.8592503892350584 0.4982896329522295
v 0.11732010330804844 0.6579582493201384 0.743859486402753
v -0.002428838843545802 0.7501051250127355 0.661314147868848
v -0.02019035561549213 0.7306729791388024 0.6824290051694369
v 0.06044788384387366 0.738780573722795 0.6712297052638653
v 0.04375373030429888 0.6560979284973416 0.7534063440839586
v -0.0012359498378277127 0.6515636735533987 0.7585929420536409
v 0.5070955979643794 0.2999382176447307 0.8080167820789681
v 0.5101653822595019 0.26529145399785226 0.8181391857011384
v 0.32141634970196925 0.3025578112775093 0.8973016777980661
v 0.48212914147561664 0.45265726196609374 0.7501019224940995
v 0.5045429545918096 0.4077529304755672 0.7610347920169973
v 0.2068060963276919 0.37256175069956365 0.9046706474940909
v 0.22785631159447267 0.43199963571535605 0.872615502961277
v 0.23221021340987355 0.4342306743084145 0.8703574772918314
v 0.22171923021352877 0.4462371063507248 0.8670138567919501
v 0.5616195998375395 0.5971994855218442 0.5726571396313562
v 0.5026860666607476 0.6094103911261058 0.6131277954657359
v 0.38757804047704075 0.6304067249853661 0.672585030782876
v 0.39094798348917376 0.6312842452707881 0.6698058493911802
v 0.5572852892858037 0.5442267764611987 0.6270967406455646
v 0.33005677715759313 0.6274926615974129 0.7052059865696957
v 0.1320565253923212 0.48336647594524956 0.8654004414336625
v 0.19693271791619624 0.6005666628269863 0.7749433451001414
v 0.07261493050933714 0.5503603205112817 0.8317635418037048
v 0.04511408459758004 0.566887225416994 0.8225591729656565
v 0.18080665360393242 0.3361291905311059 0.9242976367412453
v 0.1418105100150768 0.35640577530058937 0.9235067420336733
v 0.214926528178963 0.29269954094778405 0.9317368545967761
v 0.1917506429884172 0.2819314133385075 0.9400778526731072
v 0.1882145032562089 0.27825681552452014 0.941885579769736
v 0.1306634989191523 0.29356739026833834 0.9469663338372921
v 0.13570438642943572 0.26094478818995687 0.9557678258972253
v 0.11941819311563344 0.4381094842765625 0.8909541935138539
v 0.029351622762345108 0.5196941550886461 0.8538480353130266
v 0.1017497637617584 0.45265397476825786 0.8858619332045621
v 0.03712830854174297 0.49092793294870546 0.8704086703127103
v -0.00787175922575773 0.38614208284329804 0.9224057281175845
v 0.10623800698461897 0.29187532691641055 0.9505378895180215
v 0.10982704303879537 0.3126335252740424 0.943503205872709
v 0.021072381871642853 0.36562945927041096 0.930521925177415
v 0.009545422680290102 0.33738997404123827 0.9413165728501264
v 0.006903478435643542 0.329457717974574 0.944145091631829
v 0.8807523329361008 0.34094952773812076 0.3286772696168209
v 0.8871880109667777 0.32034730130808575 0.33207685818412486
v 0.9032155510298883 0.27056483736178033 0.33316112792636654
v 0.9113104412101835 0.13865593453824518 0.38766971968239466
v 0.9158842808857585 0.1974383101042655 0.34953411525850964
v 0.9917069472501899 0.009931408296120806 0.12813546700646453
v 0.5408613174818514 0.13685999351416028 0.829902631293033
v 0.6307571884911128 0.1268682341576865 0.7655389084354219
v 0.5232037814314325 0.11707282629841537 0.8441278081181492
v 0.9198271110234092 0.10214784193431097 0.37879269292647655
v 0.9259874697335295 0.057604357467334416 0.3731339490012554
v 0.795712149616158 0.08361187219724765 0.599876012006568
v 0.7962100993166041 -0.015157743820096057 0.6048303237673588
v 0.7888059384605386 -0.07531924497742705 0.6100100022011274
v 0.7299392644902404 -0.06831007931788513 0.6800899964115273
v 0.8689202279486309 -0.11035221243007058 0.48249355091388296
v 0.8203915844068421 -0.011350007721374749 0.5716894485287934
v 0.7968178616978702 -0.10522986566715191 0.5949856894505171
v 0.6986834345565154 -0.04235641603858016 0.7141760233280577
v 0.7804199025587814 -0.11137464668651546 0.6152564211494229
v 0.7696714094264053 -0.1645149484099032 0.6168798531815235
v 0.7141730484662987 -0.18730760565145255 0.6744425236515514
v 0.7823338832465317 -0.19265610400106975 0.5923152207359955
v 0.8387807300969536 -0.17636204667359529 0.5151148564263334
v 0.8810692962874731 -0.28020555051691387 0.38105346685079555
v 0.7623822755441659 -0.3271982584930479 0.5583140384901817
v 0.768836907312604 -0.3757129300605616 0.5174259407290069
v 0.8600539757442549 -0.3824066049497027 0.3377459804310673
v 0.35256153987409355 -0.011370112127063611 0.9357195526181048
v 0.1286550512498963 0.19045905142500658 0.9732282504727108
v 0.14395618629846993 0.07227698048411525 0.9869410592930559
v 0.263843052998836 0.09056090367779455 0.9603049339190728
v 0.16333375499315075 0.07686512234252488 0.983571978783
v 0.16448341576032208 -0.010339073937549209 0.9863256609710258
v 0.25316272342620266 -0.12280444344608502 0.9595976782679945
v 0.08293658371614021 0.2463109354336158 0.9656357730362484
v 0.2042850923748869 -0.09278483679292873 0.974504271460466
v 0.1339416014920403 -0.0442530654043313 0.990000663430115
v 0.12207493989839459 0.0954432252206214 0.9879212012140893
v 0.04767308107713784 0.1156679501138654 0.992143236965847
v 0.0890651636370909 0.10501950374451656 0.9904737757555995
v 0.08508074897202121 -0.000489652936750792 0.9963739390381312
v 0.1373162838998283 -0.07575589957362426 0.9876260840296457
v 0.171840598275074 -0.20497356163280095 0.9635645530093089
v 0.06583354076888624 -0.10107764558571095 0.9926979673962674
v 0.05604628338981005 -0.11875972265685675 0.9913399731639271
v 0.11334745345526415 -0.2701644935645048 0.9561189785859505
v 0.04587321367710054 -0.14764768139071602 0.9879756122733397
v 0.060185184969418215 -0.2167902311179096 0.974361195451687
v 0.7082110403139211 -0.5049136924823195 0.4934564677064668
v 0.7052688444012728 -0.5111850061289692 0.4912084553688169
v 0.5607615440582117 -0.4601394185446556 0.6883445403334267
v 0.7248151584059539 -0.3223074100412221 0.6089014038228779
v 0.6470086081836731 -0.14814797528088805 0.7479518957502547
v 0.6737211595586111 -0.18125763263015157 0.7164115226434549
v 0.6383005589567197 -0.2907327135429018 0.7127740776091119
v 0.559698735748328 -0.4561727263159599 0.6918408552313081
v 0.5602674319752674 -0.43407761731455063 0.705462278803312
v 0.6772490657745308 -0.3662917289428315 0.6380940935438885
v 0.6378325682377842 -0.4054341823299494 0.654822677290301
v 0.6014758809077007 -0.3821411614779997 0.701566032095733
v 0.6154003024414547 -0.29778412953251854 0.7297993422534215
v 0.5006369772331942 -0.4961867327050434 0.709338666163282
v 0.4158647545118196 -0.474396099868358 0.7758897127714188
v 0.6834379318183422 -0.07923686576174377 0.7256956059231187
v 0.6216983581428877 -0.027328482681088447 0.7827798576335415
v 0.5562594097185836 -0.04273539243477618 0.8299091247437751
v 0.5241115667920988 0.13727220034475143 0.840513776548155
v 0.48083180081548443 0.15133579848799172 0.8636540137234009
v 0.41833039061558075 0.1344534334947198 0.8982883493115654
v 0.31083643041721726 -0.18848012941304107 0.9315878672148569
v 0.2973477070379601 -0.1904420895762158 0.9355833215898582
v 0.2675886502637836 -0.5237959787841511 0.8087237395177413
v 0.3633917221798752 -0.4842849211599307 0.7958734644327979
v 0.41171482244949775 -0.3537066205240457 0.8398705445322138
v 0.3464966131356722 -0.41125477673008437 0.8430952530421442
v 0.34141020129325994 -0.28962382560928496 0.894179575975843
v 0.2476419363651918 -0.35155523672223854 0.9028191329864853
v 0.47257748066403493 -0.2860177817911418 0.8335852405534234
v 0.3606161085742479 -0.28343479121558934 0.8886060664689059
v 0.4046850454979629 -0.2493936741742389 0.8797913441448407
v 0.21179579737527476 -0.25163756152002 0.9443627893169181
v 0.24717614018781178 -0.15793668024388635 0.9560125316936989
v 0.263660521500186 -0.45427737106865956 0.8509495869540084
v 0.2321479172251112 -0.4886956355704688 0.8410017362065422
v 0.19931558287633855 -0.4536290464347733 0.8686161330837368
v 0.19395575626098183 -0.39091225131223123 0.8997603994326677
v 0.1820311599236471 -0.3399471825347446 0.922659509192606
v 0.19098911124370727 -0.286476883658576 0.9388578990004876
v 0.18155833509792818 -0.2760087236934484 0.9438515536892346
v 0.13767677307812562 -0.3040476875654576 0.9426558809241536
v 0.1744273462611607 -0.29071727302670103 0.9407755141585095
v 0.16058670741263048 -0.2579620858362203 0.9527158399404287
v 0.061975316286024665 -0.320799960191856 0.9451171597808132
v 0.7520453679879231 -0.5421287991754691 0.37486548199650666
v 0.7477696565015255 -0.5164734911293448 0.41724773669399023
v 0.7759667004207026 -0.5183117686677555 0.35948378308167245
v 0.6848568577748391 -0.5755214325952744 0.4469297092186385
v 0.6291072580251147 -0.7085634904286306 0.3196276551422257
v 0.6516649710892325 -0.6203279076298918 0.4364929008251917
v 0.5304081020732259 -0.5044926932165107 0.681288755041671
v 0.560930789385885 -0.5312395146095988 0.6349340340825068
v 0.5019746658281662 -0.5054260756038392 0.7018304047035888
v 0.2284389716051971 -0.548154621168332 0.8045757562490699
v 0.49676505647372043 -0.6256233304441382 0.6015146939773341
v 0.4752540548401419 -0.5586959141432984 0.6797002713531808
v 0.49978224566619445 -0.718256846432383 0.4840710789438509
v 0.5480747098300707 -0.5950259370471221 0.5878420252804984
v 0.4918837557629275 -0.5547937755693747 0.6710098638664227
v 0.552216930289877 -0.727503133439679 0.40718012320921776
v 0.5989651921482028 -0.7515735968408209 0.2763653869908779
v 0.3627108806428317 -0.8012713391683963 0.4758204052902593
v 0.24816960437945965 -0.49324427819228733 0.8337397252696503
v 0.19985581108810496 -0.5290812351930184 0.8247003706443604
v 0.18933045592634778 -0.49228407828975773 0.8495942353389205
v 0.19881991367867985 -0.5244866134927941 0.8278794804750644
v 0.1905375352033803 -0.5663766149797449 0.801818544112511
v 0.16152548018856006 -0.6647611654201896 0.7293847490858625
v 0.12190294634860434 -0.4434458475959078 0.8879726639494463
v 0.05534802413502758 -0.5672531225016745 0.8216815023088013
v 0.17491172212389342 -0.4995302354293627 0.8484547326496208
v 0.03392825755678325 -0.6137957448763696 0.7887354796830325
v 0.029667724996206672 -0.7327979251974674 0.6797992548685506
v 0.02507976230389789 -0.6147337526442177 0.78833585411469
v 0.2086679985455134 -0.8133856081487822 0.5430115273541118
v 0.21021163878284077 -0.7941804844389464 0.5701652611800835
v 0.1052037873056752 -0.722962637898101 0.6828302771113489
v 0.19571508966820708 -0.794325516208597 0.5751022326300876
v 0.3504074670618634 -0.7622478754359281 0.5442359629983148
v 0.31262741587915926 -0.7132295942662709 0.6273496988948746
v 0.23040228650894062 -0.747794068770577 0.6226707132048188
v 0.2594835790687933 -0.9269994937783409 0.27081397808892593
v 0.16709597796358305 -0.8963104260721195 0.410739034257531
v 0.10032501649088725 -0.8690175588669744 0.48450322336078216
v 0.032003629818374256 -0.8973973759470076 0.44006103817751663
v -0.02767090534099314 -0.8000181626018134 0.5993373511677947
v 0.05841420691326249 -0.8011835268080555 0.5955608590245842
v 0.9487192509462045 0.2640042561723078 0.17387793306506502
v 0.8958984433754581 -0.32913841216042 0.29838546344945976
v 0.9083578911270925 -0.4086371128436251 0.08889123485455486
v 0.9889597492729625 -0.148157864099722 -0.002803858656795062
v 0.9856717209622552 -0.1676027979035298 0.018988434116976247
v 0.9155034498899679 -0.26172183946900807 0.30554068793619943
v 0.9696332295386676 -0.1182717552495689 -0.21406352347983024
v 0.9641316433030008 -0.24650483437542545 -0.09841514624995053
v 0.9198770649493385 -0.10649778553696296 -0.37747106783952794
v 0.9331000339909585 -0.18290461004196337 -0.30962918175047605
v 0.9564319741113813 0.23628887535748136 -0.17148016293350887
v 0.9088205549338824 0.3521503779036283 -0.22368573998358074
v 0.9412731899436628 0.26129383099919323 -0.21384647711628663
v 0.8774046833483624 0.3152073457930325 -0.3616702238178746
v 0.9722423961485934 0.15425552006027607 -0.17592600052913018
v 0.881155501331395 0.2522691437400431 -0.3999065660752315
v 0.9334607031548402 0.08419786540558205 -0.3486571885488883
v 0.8379188186739851 0.40240966018934043 -0.36872553301648786
v 0.7570640762301197 0.5310259809787705 -0.3806118653002953
v 0.867391173370003 0.257825958309285 -0.42562698173601277
v 0.9239090363518684 0.07983316289895516 -0.3741908051367788
v 0.7489003291761218 0.35488896689904187 -0.5596446355797822
v 0.6914631084356976 0.2347038656437709 -0.6832224126331873
v 0.7860525463563999 0.3886140550835124 -0.4807291446939417
v 0.835659267243365 0.34741777235468696 -0.42541095486880576
v 0.8033958621055967 0.3699839872860511 -0.46654789454408707
v 0.7272934251360418 0.498935155516486 -0.4712833376469243
v 0.7576080219546076 0.4019246387967904 -0.5142826749931367
v 0.7487616459684127 0.39640313315979264 -0.5312443444854481
v 0.7876884559081135 0.3761248327319224 -0.487931354425472
v 0.671544640743455 0.3863232894310703 -0.632283252610649
v 0.7003450307141921 0.39870250570565274 -0.5920752907341865
v 0.6721878885796878 0.40336105244666187 -0.6208569109029087
v 0.7469607863124104 -0.6123082687180686 0.2590910414719649
v 0.737925656696725 -0.6383020371641202 0.21917170104929465
v 0.5151141668212759 -0.8087180250593694 0.28395871369636866
v 0.4929498982694959 -0.8516606419645298 0.17797344949362165
v 0.5956494275042769 -0.8028623807679026 -0.024774120802215936
v 0.6490888656618268 -0.7595714662386269 0.041651316305077256
v 0.40953863489560294 -0.9108126955834918 0.05194554929711995
v 0.35547266932358246 -0.9175264416285515 -0.17828182822827274
v 0.7012432762524178 -0.712411940951539 0.02696467875640966
v 0.6171965429829394 -0.7661939059243228 0.17892827013733467
v 0.5376147011081558 -0.8228775181140692 -0.1839647339432696
v 0.7321849616518485 -0.6707884846744411 -0.11810161200867733
v 0.6707479621957221 -0.704833941824846 -0.23088154032303174
v 0.5216148408113879 -0.7068725158959817 -0.4777543344818502
v 0.6357065725173411 -0.7375837250927297 -0.22770024623743174
v 0.6219596207485117 -0.6308809532535051 -0.4638485237448928
v 0.4891022799018477 -0.6215010436608196 -0.6119766437727233
v 0.43133415031294786 -0.6553352191344549 -0.6200698358538361
v 0.3804165880908448 -0.6423753755822715 -0.6653097747296789
v 0.25341508157429526 -0.9564886763067508 0.14460362556883855
v 0.17056193713268156 -0.9695628765540912 0.1756600524015157
v 0.2547381719006481 -0.961355148057156 0.10442577785546868
v 0.23136523911658574 -0.9690447918366494 0.08615287309655001
v 0.14997869647535694 -0.9883203991221328 0.027003319844441067
v 0.10725852267720062 -0.9939398039950771 -0.02406813967327699
v 0.07064694002456817 -0.9942927896321354 0.07994284427458875
v 0.028600654624481178 -0.9726013058118146 -0.23071346403754658
v 0.35178799995566046 -0.6545053359955437 -0.6692293838741367
v 0.36028977841230664 -0.6659554056875605 -0.6532187024321391
v 0.30435087288083235 -0.6521675310924074 -0.6942968079758897
v 0.405710340196034 -0.7821908779382862 -0.47283882066529964
v 0.3052897638755115 -0.7930004854780496 -0.52720810891375
v 0.19460141303095124 -0.730066068184294 -0.6550830681160085
v 0.3290707913904968 -0.6540665176407858 -0.6811089521911219
v 0.33832502120051633 -0.6641929602782617 -0.666621250446211
v 0.2663435017408122 -0.712317563653368 -0.6493572418872158
v 0.38950026423295386 -0.7007656607973988 -0.597676361260544
v 0.2309666684117475 -0.7449863025268308 -0.6258193086907585
v 0.2558899405426914 -0.771418005736375 -0.5826101601884163
v 0.22329272327403957 -0.7855863106582619 -0.5770567634463738
v 0.21728483318299158 -0.751000795531897 -0.6235263477825915
v 0.15654849673279764 -0.7608201463574337 -0.6297978033205216
v 0.3561515722398337 -0.9328028053307009 0.05509068848969959
v 0.2292143838968114 -0.9729820627928129 -0.02768883706926019
v 0.273260692786228 -0.9619295039888041 0.004497013880827079
v 0.19511392839560993 -0.8042553044230404 -0.5613412155306571
v 0.19655222603129663 -0.84455051202079 -0.4980980376266939
v 0.2537321157503429 -0.8197067835689624 -0.5135180643442654
v 0.15836923963992222 -0.8786994160005817 -0.450340449278221
v 0.22431174461169395 -0.8463872104690694 -0.4830247728467408
v 0.20995396848452566 -0.8941332007354924 -0.39553147846928993
v 0.22531072040622813 -0.9231785549840003 -0.31141039624212935
v 0.06228474168357228 -0.9724211414314502 -0.2247615061583413
v 0.17154014010077318 -0.9706278074318888 -0.16868799534694576
v 0.19303449213865015 -0.9789268156745907 0.06663313288432132
v 0.16309367962726457 -0.8533979426469257 -0.49508827814000395
v 0.11111854148985063 -0.9456782538978497 -0.3055246468648364
v 0.043973415163799205 -0.9682046571265716 -0.2462642496937997
v 0.07765084632494045 -0.9514518634078789 -0.29784173260759744
v 0.32753978893133956 -0.6403758656392655 -0.6947204023012242
v 0.26718521249176863 -0.6699924191481599 -0.6926198239364253
v 0.2244556315473211 -0.502552719687208 -0.8349014513112812
v 0.1305419589109844 -0.7382871270085151 -0.6617332657930955
v 0.06811492724445925 -0.7053713439469629 -0.7055576686741754
v 0.09240610712214327 -0.688654020941674 -0.7191778297524162
v 0.00347663797000229 -0.5437711886967598 -0.8392263147278799
v 0.13532077122318611 -0.4985689963527501 -0.8562226607322265
v 0.039514350306004 -0.7560940984676968 -0.6532689571548728
v -0.0679041658011008 -0.47455683111351327 -0.8776017538213773
v -0.009252978729352332 -0.7467720877469198 -0.6650156624822763
v -0.11518633838499408 -0.5748002060346487 -0.8101461785332219
v -0.0536632268613097 -0.41448181598762535 -0.9084740405198335
v -0.060330967469008 -0.36812632159510505 -0.9278163534412996
v -0.1338483834382714 -0.4851176958519663 -0.8641443348320006
v -0.1442344451984928 -0.4729396425920983 -0.8692091343762682
v -0.06611004025016115 -0.4130707980773212 -0.9082961952765669
v -0.0627804578640448 -0.37262016953761773 -0.925857885079637
v -0.05610247951673447 -0.338960998743765 -0.9391261646459989
v -0.07798253025028874 -0.3535144750337434 -0.9321728599982836
v -0.07994474593419472 -0.3382448710015535 -0.9376562508929698
v 0.480646850148047 0.5441882378922256 -0.6876319998244085
v 0.5013039723405041 0.41105954467440925 -0.7613963344065288
v 0.5626507119347508 0.485362324042404 -0.6692141591146102
v 0.4985101634733953 0.4311008340265779 -0.7520902125512058
v 0.5118768837693386 0.5011480287786613 -0.6977339816246971
v 0.5595331986477472 0.3651601664330398 -0.7440300077695894
v 0.46130969876334665 0.3724665262071296 -0.8052714130540486
v 0.4564217506884559 0.39722473706712297 -0.7961731556391737
v 0.38598597825474956 0.3557385446059143 -0.8511550460829038
v 0.44826460117881006 0.35117444035773876 -0.8220312401420226
v 0.4263609127785074 0.28285135320281185 -0.8591923440336374
v 0.34191865700288315 0.33476971319994475 -0.8780779413681747
v 0.3733332672756183 0.3425131510235783 -0.8621525462011995
v 0.41793987974200775 0.28090909945892456 -0.8639538962018818
v 0.4129429522774 0.266783227401757 -0.8708069979860792
v 0.3628084771375367 0.34480459111424494 -0.8657250157317159
v 0.3741245421511382 0.29898372138078577 -0.8778607869756445
v 0.36196902166001943 0.2895541612806173 -0.8860794631654468
v 0.7776482091530506 0.06762770843969028 -0.6250518025349977
v 0.7960818067978116 -0.08566272451573363 -0.5990956972922385
v 0.7774583556028278 0.03357401361480709 -0.6280376508722544
v 0.757047122872547 -0.10516187528275826 -0.6448415570800414
v 0.7316629717499966 -0.06973785606986277 -0.6780899108530838
v 0.6002590863050372 -0.2093532113385591 -0.7719198547844683
v 0.3852131598135178 0.25991357358038664 -0.8854692291520684
v 0.4278764916379617 0.1932782347818098 -0.8829299133358306
v 0.527089648184118 0.217824225672251 -0.8214189609982393
v 0.5412190433752673 0.14292666826639122 -0.8286458318161202
v 0.5347152905611939 0.24344493947860368 -0.8092058572961005
v 0.6287525441957499 0.10064905140849825 -0.7710642039531737
v 0.5581924920652794 -0.04206737701220818 -0.8286443613476566
v 0.3382548825900819 -0.16703734614298404 -0.926111310479188
v 0.3399239382531643 -0.18991160073803384 -0.9210783354892117
v 0.05218483782477834 -0.12787255187816957 -0.9904167573185375
v 0.8997835735404914 -0.16550060567420544 -0.4037314333912761
v 0.9575179416786779 -0.26511676500607223 -0.11345700628935619
v 0.8715707520668643 -0.2567986500824636 -0.4176348614009908
v 0.8229842823194805 -0.3468383832244155 -0.4498888829226204
v 0.7195405519998939 -0.38760942724855607 -0.5762120494537881
v 0.9599443149913025 -0.27060519243927345 -0.07266183276509645
v 0.9548930392012962 -0.273568150444455 -0.1154978387127316
v 0.8705785420313417 -0.4902184847575506 0.042176289032993274
v 0.814040616157058 -0.5786752394157416 0.04972768377645966
v 0.7975908161621961 -0.5988145152758796 0.07259522207855995
v 0.8087568707831112 -0.37955839111434947 -0.4492746951429568
v 0.8832700567426288 -0.3845647357988375 -0.2682237328087206
v 0.7904758471546008 -0.48315435275598845 -0.3764436298812325
v 0.8896501231957905 -0.3523636306054313 -0.2904522854519723
v 0.8038828180611637 -0.5267972648007907 -0.27614680266924596
v 0.8091728416088557 -0.5109912082691682 -0.29004706079232306
v 0.6853388603710137 -0.5105022389617203 -0.5193246676987634
v 0.7264458892374587 -0.6098076278958268 -0.3168769902818173
v 0.7005080006043553 -0.6536892244143769 -0.286319644757077
v 0.17972921245925189 -0.25705009979308385 -0.9495381279259631
v 0.25240983030652425 -0.22721363329769276 -0.9405653844408125
v 0.33913087075926013 -0.29938242796239645 -0.8918298124224188
v 0.6467239826184649 -0.24463208017634053 -0.7224287062781406
v 0.7418277118469199 -0.16295926457326648 -0.6504889883969623
v 0.6421177153929308 -0.2664298098749069 -0.7188184722087935
v 0.7189050425887646 -0.1931180490607981 -0.6677431833178066
v 0.43389057300458944 -0.3560800964303651 -0.8276146057096208
v 0.5095356125832687 -0.4372457167191123 -0.7410733045523791
v 0.5295770900344049 -0.2833482597340819 -0.7995385352916764
v 0.5226268446099529 -0.32190980930144825 -0.7894525039345619
v 0.5739464900630086 -0.34935924192441403 -0.7406305061407824
v 0.5679764688060912 -0.3029804507298743 -0.7652487029443992
v 0.5549372804781814 -0.31889696927944416 -0.7683419406227058
v 0.5738678093554275 -0.4208220251854778 -0.7025557348028666
v 0.6418507203414129 -0.3833041980218167 -0.6641577708467027
v 0.5905015866653357 -0.3208647538955846 -0.7405090720938177
v 0.5926440573217641 -0.4242086752867875 -0.6847043311770613
v 0.4094551790425536 -0.3648153059702488 -0.8362154321017187
v 0.544262019038187 -0.4956333789322528 -0.6768503588834639
v 0.6052045812476213 -0.4651234554269292 -0.646055404782442
v 0.5632859785363521 -0.5141163246720339 -0.6468332946672304
v 0.35437856772578075 -0.5793499086849969 -0.7340092056938454
v 0.4182144231344729 -0.6051061492567272 -0.6774534998167737
v 0.42260198471845517 -0.5756422505346012 -0.7000311149595294
v 0.05248521022466672 -0.2645294046452238 -0.9629483354706606
v 0.0437153800974147 -0.31349605486088655 -0.9485827265608407
v -0.025217872104976804 -0.27666257131895927 -0.9606361853259947
v 0.26226666327743187 -0.5223663518337159 -0.8113874486367513
v 0.2220773543041377 -0.4742284561917306 -0.851932520827373
v -0.06868587754287885 -0.30234749538382577 -0.950719854773893
v -0.0178992769035636 -0.3008593641015192 -0.9535005290605554
v 0.09135477924131609 -0.4047566159679685 -0.9098496502938983
v -0.023969861062505017 -0.3387510488686701 -0.9405706632949064
v -0.08071895893950466 -0.28770980808978774 -0.9543099685095301
v -0.07162063476455123 -0.30962082403987684 -0.9481589687371998
v -0.08181101805655844 -0.33251341776587456 -0.9395433914036151
v -0.08692101493080073 -0.33630075268090653 -0.9377347924171606
v 0.5537813750123695 0.5686581376585688 -0.6082385314694374
v 0.4474584171438042 0.5417923507441356 -0.711506861247525
v 0.39191318664543995 0.42790834911673786 -0.8144313960608373
v 0.4023925433985463 0.4931355311324349 -0.7712960449477103
v 0.33967086579856687 0.42786049930610054 -0.837591246409122
v 0.29395719111345664 0.4576963093167076 -0.8391086093173825
v 0.43267393928165726 0.5261660024462155 -0.7320810065397559
v 0.37923421431177345 0.5096005069324366 -0.7723268310951883
v 0.3460669215834642 0.5382681288013795 -0.7684433012932093
v 0.34290713841862974 0.3120497087631645 -0.886024646204817
v 0.30185729999410826 0.3211999240577513 -0.8976150506901952
v 0.33715853308915594 0.30170833313935513 -0.8917938132098926
v 0.25383513402721575 0.31307512429004264 -0.915178502415873
v 0.2119746460330365 0.35313391029791596 -0.9112426629810921
v 0.19651552157059252 0.372888463184503 -0.9068273506052503
v 0.1795012234862324 0.32851153024239804 -0.9272860859868134
v 0.27283057527150273 0.5243197705761647 -0.80663018501664
v 0.34693475094598225 0.379639200457745 -0.857619004023263
v 0.11067629571772815 0.34175972935713317 -0.9332475796678721
v 0.178834918607932 0.4828858094811102 -0.857227721721753
v 0.12818200632149554 0.20099972004056 -0.9711686186234667
v 0.12420440152339475 0.15169894577127574 -0.980592013272645
v 0.06406990922341582 0.15043059922326688 -0.9865422857381391
v 0.07831481380795868 -0.010294292680823939 -0.9968755275742436
v 0.05187017481832968 -0.026867704527669834 -0.998292347670626
v 0.1130328383110391 0.45014750887594307 -0.8857713010230877
v 0.103598651126427 0.3364657959566149 -0.9359797474497332
v 0.03927813316211785 0.4155132534033105 -0.9087386667802219
v 0.13169086543539715 0.2914868317485462 -0.9474665919588251
v 0.17173711163159064 0.23887660981643885 -0.9557428157046454
v 0.12150027416027251 0.24778435381322744 -0.9611662693750443
v 0.004099260726654146 0.29705566736549277 -0.9548513635888765
v 0.049924120030968466 0.4957864212672792 -0.8670083083374217
v -0.01753425306957158 0.31684811763502313 -0.9483141991557624
v 0.018201196497875233 0.4527450555724247 -0.8914542226613589
v 0.0387191666151711 0.4098688732371395 -0.9113222991280001
v -0.00935579096929978 0.3434552178082438 -0.9391224534295997
v -0.08008658810807191 -0.30514726014657395 -0.948931656142974
v -0.08891421016543676 -0.31197753862847516 -0.9459198055976917
v -0.08579194331067379 -0.30294030768550223 -0.9491400910521015
v -0.09417263388146548 -0.3049002250325162 -0.9477169238770343
v -0.10138619035824355 -0.27829893211996853 -0.9551285488276055
v -0.1037266503860374 -0.2810684749045607 -0.9540656656721891
v -0.004987665204877852 -0.1996619718082918 -0.9798521420140026
v -0.07323185787378524 -0.2476372862967633 -0.9660811919439942
v -0.10409783755087067 -0.24954727264043527 -0.9627511614820067
v -0.07830353368949633 -0.24200151623520633 -0.967111070535127
v -0.09410898595198305 -0.2323958507450984 -0.9680576776822502
v -0.08162158113553684 -0.16298011480969893 -0.9832473746059799
v -0.05354898296716742 -0.19678496221391928 -0.9789832404437006
v -0.07803835244907756 -0.2038841933235927 -0.9758797319648673
v -0.08396664442144197 -0.2252836288373825 -0.9706682693909715
v -0.06167945192087819 -0.23410396717897672 -0.9702530483135855
v -0.0965035540867063 -0.19476296319711112 -0.9760914159110893
v -0.08993715001593727 -0.08843472614218259 -0.9920134113302945
v -0.09858740247435593 -0.1971016899747283 -0.9754134753439002
v -0.10200975423270055 -0.14775712293395754 -0.9837488717470853
v -0.10220652120619692 -0.12036687264483818 -0.987454121968524
v -0.006894422056528832 0.2150601329268366 -0.9765764722590842
v -0.05489826866567905 0.06502392573076432 -0.9963724550488492
v -0.05015740072663671 0.02474480787980355 -0.9984347397979195
v 0.006104350410331294 -0.14839820517959545 -0.9889088479761635
v -0.025557685971797188 -0.038424522186391606 -0.998934612866385
v -0.0778868358139946 0.00677420521300419 -0.9969391912000533
v -0.05602705919676069 -0.01913935150827018 -0.9982457883014612
v -0.0951773461510493 -0.020261587018890175 -0.9952541086934127
v -0.08565916544707582 -0.04143773960572092 -0.9954624157200909
v -0.08034165344608654 0.2148795748884766 -0.9733303586230609
v -0.0695864806615141 0.06949466994602961 -0.9951523564551495
v -0.0906293799996188 0.03924628278252827 -0.9951110715737408
v 0.8624775551810817 0.5058181463054351 0.016747228934888874
v 0.8548647449703995 0.3806168494397596 0.35261463629470213
v 0.8105628197440131 0.5179225720772883 -0.2733937171580228
v 0.7522107782801295 0.5375782212339578 -0.3810362201866583
v 0.8194022751084531 0.5190862688134121 -0.24316528756477815
v 0.6973974646782864 0.5384623400095078 -0.4729641473217431
v 0.6627675616815781 0.552721776464884 -0.5052106461706429
v 0.5982154120609627 0.5868577087561018 -0.545652224815652
v 0.7919561572110798 0.5472937760896288 -0.27069349402786685
v 0.7413317830639844 0.5666536059817987 -0.35962602554180934
v 0.8301793820645634 0.5560595647304657 -0.03999942582919065
v 0.8735943048699684 0.4745163231163104 -0.1080150433732928
v 0.8637472429643004 0.49980636910797177 -0.06429847331528134
v 0.7655704822257499 0.5838123336367121 -0.2703053751561173
v 0.7757302579567988 0.5995484062930029 -0.19693723721480083
v 0.7545018320788933 0.6557228586247518 -0.027468492251623924
v 0.7417448636068209 0.6679808518310121 -0.060134340438837953
v 0.72136354372564 0.6922353277036356 0.02109238873685866
v 0.5734583986485886 0.5887032601417495 -0.5697139076043979
v 0.41963217683000414 0.5623703635318689 -0.7124944984980204
v 0.2087938785112277 0.5123533911565643 -0.8330060737273214
v 0.17804132313155602 0.5230275446404721 -0.8335127322392405
v 0.09803337620479498 0.48657770583351534 -0.868119573178535
v 0.09172299543450518 0.4966454220207639 -0.8630933998672098
v 0.3256655249355958 0.5716244483365294 -0.7531184873128407
v 0.45089117886652225 0.5984049023385845 -0.6622754092350909
v 0.05245386442737485 0.4876809041624115 -0.8714447359540176
v 0.06505221477639671 0.4975049113037529 -0.8650185388656885
v 0.050965242380681015 0.49254383422438525 -0.8687940581269071
v 0.2844760390384753 0.5642357191106822 -0.775055763472946
v 0.22848560561141779 0.5655374049185109 -0.7924403899766971
v -0.06823236279636588 0.36957963865171883 -0.9266904744094925
v -0.07951337182819306 0.44117353067977105 -0.8938923534341575
v -0.030534600246417097 0.49739270289747733 -0.8669879683664207
v 0.09479391699491453 0.5666597767753959 -0.8184807943291156
v -0.01008121390841521 0.598986646057599 -0.8006955519863972
v 0.028101894686484125 0.5200628367356475 -0.8536655840324718
v -0.07562843188155653 0.5733604685255455 -0.815805193304936
v -0.0132782783404552 0.580803115065079 -0.8139357645754448
v -0.019526197228749556 0.6365790140291878 -0.7709642576147167
v -0.041840494634644794 0.6757826483501335 -0.7359124847409562
v 0.6991223727684416 0.7124802277581962 0.059998607885960016
v 0.6510134358321912 0.7590621841755945 0.0024712184325611235
v 0.6291552453910991 0.7772102081907611 0.010390836392687614
v 0.7360807667631151 0.604998577322143 -0.30358166321371866
v 0.7445686509067654 0.5804927189458853 -0.32961451323886365
v 0.5877686553277119 0.656953944656078 -0.47216471957895373
v 0.6335444501277442 0.7674394849528845 -0.09827546310033738
v 0.5550087091714454 0.7879088687635394 -0.26676759036210834
v 0.6594573159176188 0.7378197859015593 -0.1440069859934139
v 0.5305794742860592 0.7420739568965621 -0.40964821977180443
v 0.5183005092141134 0.716214267486575 -0.46733468221078966
v 0.5114881755486205 0.6537374614785498 -0.5576801751304464
v 0.45198410411675394 0.8819865363004521 -0.13345455934701805
v 0.4920834945653869 0.7093011451044826 -0.5047234093340495
v 0.4812138891387524 0.6567899212682776 -0.5805688522650578
v 0.47143831405503567 0.7389552122862681 -0.4813430276589679
v 0.44491306621400545 0.8108856120814132 -0.3801537684035292
v 0.43688974617492776 0.8185672721384529 -0.37292756759325174
v 0.7306532902970534 0.584689410254681 -0.3525394487346388
v 0.7116273014992683 0.5794723487988946 -0.3972384431778495
v 0.738930030466617 0.575370925301332 -0.350614757807616
v 0.6902831243759543 0.5797476493049679 -0.4328993778317717
v 0.5658567597410625 0.5978302187487832 -0.5678073238398107
v 0.6419512033941062 0.5824608523426037 -0.49863614785651744
v 0.5257888368579431 0.6019869476876843 -0.6009640703480007
v 0.6262659030894752 0.5778908340962945 -0.523290743750559
v 0.5698531413239738 0.5910905889850109 -0.5708584000753183
v 0.48048850605563215 0.593708635654555 -0.645477227714219
v 0.4113025383473756 0.5882209161723737 -0.6962947477371484
v 0.403583675419506 0.7877563264744043 -0.46536027659699825
v 0.3455702520362563 0.6163616969677856 -0.7075870684365212
v 0.6412666983080425 0.620406085660743 -0.4515233222284504
v 0.6624223218980296 0.6158756420153119 -0.4264901652130452
v 0.6474447780074352 0.6146829519045727 -0.450533159788249
v 0.5361180666179014 0.6182058350669066 -0.5748034134685635
v 0.6856376302416887 0.5855873406776846 -0.4324216766474581
v 0.5455436011080541 0.6047217384215973 -0.5802532191814342
v 0.47865253307162414 0.5969448643882491 -0.6438544722719666
v 0.5005194295810657 0.6165321624055127 -0.6077568537922278
v 0.36532283127404946 0.5830375392102447 -0.7256765511035717
v 0.34568384732206403 0.5827287027296338 -0.7354793924479829
v 0.3480324589758993 0.5808285334535838 -0.7358747326993557
v 0.3519230350883344 0.8421215563440941 -0.40863365220551223
v 0.1431987188602733 0.7050437741179739 -0.6945555438510731
v 0.1201962946136798 0.8169657719227701 -0.5640210796306943
v 0.5217040122508859 0.8139073202998518 0.25569473511130825
v 0.4869708648107294 0.8728290943917694 0.03207411430942493
v 0.5606573711221589 0.8196490489590708 0.11763821125331923
v 0.45541414624756316 0.8782642326897713 0.14577343027949521
v 0.4232221441100578 0.8484535752716639 0.31781999204520855
v 0.4212301646127525 0.8624044572435114 -0.28075558862975125
v 0.4203333776345242 0.9060329863644474 -0.04923493948278832
v 0.39942501883707304 0.8737483416553042 -0.2775310609312217
v 0.390511693076962 0.8265468744765903 -0.40536512166581934
v 0.36134333868310264 0.8479244251368757 -0.38788549965891655
v 0.2625764030978449 0.960935838538733 -0.08749826711461496
v 0.3201035447816747 0.900834441627403 0.2933104658822312
v 0.2873845180035928 0.930605266757781 0.22668033945298866
v 0.4304823616154994 0.8911787992938652 0.14312681100020064
v 0.39805080686227134 0.9167867911321033 0.03251975956239386
v 0.3144577563092873 0.9370542744307191 0.1518077938316983
v 0.34913968972540294 0.9365574251855354 0.031010746335575313
v 0.2905876282764738 0.9562653302487226 0.03339833015220343
v 0.20285223102327976 0.9695925246384459 0.1368988989514626
v 0.2752772411535204 0.886705047065301 -0.37145201575954506
v 0.18947392222555023 0.9206005962364866 -0.3414588921165938
v 0.19357605732906188 0.9224247507006047 -0.33415698305416724
v -0.04645407266934334 0.6786433076240135 -0.7329974625805811
v -0.042615225718812294 0.7231033792351049 -0.6894239954307557
v 0.10226056239067657 0.9127949161567892 -0.3954089255667639
v 0.015288369097167577 0.8845989948453771 -0.4661017958438879
v -0.04674986979175798 0.9479952774617272 -0.3148323420246345
v 0.12386868477381317 0.973750550287966 0.19096181489054104
v 0.15116944832406437 0.9776678078705818 0.14599128517459314
v 0.09811941680727267 0.9942114416976405 0.04377429888530597
v 0.05829015585714494 0.9978418967454498 0.030229237992265356
v 0.13298588816924717 0.9850422955942939 -0.10957385380719496
v 0.2834192084669591 0.8946748552390047 -0.34529763346282655
v 0.058543738157472526 0.9811067004943316 -0.18439705249183158
v 0.10216814447140035 0.9765040344767403 -0.1897407202102923
v 0.061851028156616444 0.9740924804277091 -0.21752767614757162
v 0.044739059524159644 0.9902328851062513 -0.13205017912537495
v 0.0610016007030639 0.9960517786630896 -0.06449541792840505
v 0.07313601867608704 0.9863740183615872 -0.14736830959682773
v -0.0025690228206758934 0.9914181200952417 -0.13070390686036815
v 0.025732735099295537 0.9954596100279942 -0.09164055405344845
v 0.10589775022874653 0.9596005703761871 0.26067683408808423
v -0.012718144582172203 0.9653356868631026 0.26070147768459023
v -0.818322222142005 0.33674700125441 0.4657791299475893
v -0.9063505259139936 0.33664853033441566 0.2553360358412132
v -0.7063824770615986 0.23615802060864843 0.6672729467036148
v -0.43828090227400235 0.24799107672849222 0.8639503901063588
v -0.6564288455131302 0.41986580631363213 0.6267486541404798
v -0.6185832189373102 0.462649980603988 0.6350667655422425
v -0.8825314095948293 0.4378719725809442 0.17148307994270595
v -0.8775868995044239 0.42171381308641637 0.2280322206845497
v -0.7383001946928854 0.4657960111446402 0.48779800995718503
v -0.8833462285540712 0.3685497048631826 0.28960413592447154
v -0.7557966431639451 0.4199065715440865 0.5024439325498947
v -0.634334802292699 0.5081025570119296 0.5826243645422162
v -0.6180568383153938 0.534615897158113 0.5763606398058466
v -0.6486911040053059 0.5409933802101133 0.5352812477130252
v -0.6670150941375858 0.5778221593584673 0.4703322403864591
v -0.7697264188765134 0.613947445267838 0.17489932685014326
v -0.6630302611103797 0.6470648562105861 0.37642787451127363
v -0.6560894554801284 0.6774754500580122 0.3325261508159662
v -0.18479170321751445 0.3498675447699201 0.9183924692301423
v -0.17107872049949646 0.3156937179835086 0.9333110670178535
v -0.10096972575891926 0.3451272815484348 0.9331089293384542
v -0.22895722273594882 0.2997264128297578 0.9261439777967824
v -0.19156294001748256 0.3515771538835711 0.9163499030823249
v -0.291882157957607 0.43167938539210465 0.853497342757144
v -0.26930792806492093 0.41087094975624594 0.8710099325081085
v -0.09655510564630208 0.4691221700921299 0.877839108892787
v -0.08707279450090886 0.29258823389708005 0.952265957515436
v -0.08569273545957484 0.3634473297203585 0.9276652379002872
v -0.06490020459529057 0.406797630778738 0.9112099928316716
v -0.13165633464542406 0.5045719397135416 0.8532723874598582
v -0.04394925938007784 0.5096263241082434 0.8592726414682726
v 0.0006353589688915882 0.5482983314675958 0.8362825694876291
v 0.027445251916201705 0.4900055092695631 0.8712871851649904
v -0.019456990362891648 0.6069212601483266 0.7945237627069348
v -0.6428769069113689 0.6645269770080997 0.3809372381226959
v -0.5819675637460362 0.5924142905689449 0.557098791128824
v -0.6214419451217538 0.5442502272038172 0.5635615308303826
v -0.5812807062461 0.634808280402369 0.5090492978863861
v -0.4766769233920854 0.6616264702456226 0.5788173499263601
v -0.4501764402514824 0.6629065309462661 0.5982441841516648
v -0.2032281668298039 0.752414025459786 0.6265552222257813
v -0.5186914597014688 0.4322704322117578 0.7376323224128803
v -0.44971954342506987 0.5105771247035404 0.7328460493111854
v -0.5063906875993271 0.26323830134948195 0.8211419293979089
v -0.41680220932153733 0.43681744425095304 0.79716148847191
v -0.2579820762418706 0.5166765170295996 0.8163887707998535
v -0.4495468643297578 0.5701970794735552 0.6875921082524948
v -0.49497659165366026 0.6201309818194115 0.6086343229744923
v -0.2841232580833866 0.6644497275164517 0.6912167053966465
v -0.38075666005268555 0.5110507320251235 0.7706176192652936
v -0.2335731836005629 0.5325968604661702 0.8135011690982852
v -0.22208394873663648 0.5090617750333385 0.8315857315475355
v -0.11872205769437418 0.5767630765642738 0.8082384713244769
v -0.12321637855184682 0.537926327170281 0.8339382414745471
v -0.06896955882975883 0.6996648795825662 0.7111344853356093
v -0.05301632524240321 0.5985294904625192 0.7993445554355573
v -0.03556321520920881 0.6570469633669673 0.7530103224088173
v -0.6286512638740199 0.7479002316355977 0.21317324398014156
v -0.5095125776627089 0.8350593214387563 0.2075400271796899
v -0.3939815622841552 0.7696698315876163 0.502381208768826
v -0.24846737030442667 0.7674462283083786 0.5910078278240035
v -0.41296937913380183 0.8705028343857675 0.2677332762735844
v -0.3507639659677911 0.9098341612492449 0.22173506534246995
v -0.43873321951598276 0.8902390203807174 0.12242405272135438
v -0.24599158374198443 0.884691615946481 0.3959910168199709
v -0.3489735047108803 0.9119913418558317 0.2156137411896669
v -0.04932933130720605 0.7315028802755449 0.6800515812946588
v -0.020476337419482078 0.6975128625303377 0.7162796424655793
v -0.25560563155884786 0.9056745508858082 0.338259322108338
v -0.1979491925285389 0.8687135547121213 0.4540406116601574
v -0.1815134587283601 0.8351661311619646 0.5191824319643568
v -0.15564753677704213 0.8945868865377977 0.41891305390241634
v -0.08747028348559202 0.976837897802143 0.19528612578583296
v -0.9288874559977915 0.18540568171216273 0.3206132050911179
v -0.9790726883061656 -0.06860352867211489 0.19159913065218312
v -0.9481621238414095 -0.0801773528686713 0.3075063885507428
v -0.8771715741964028 -0.3297267005117933 0.34907066962351774
v -0.9231994399070588 -0.25267459317277907 0.289583052197921
v -0.857306721269011 -0.3223546491621634 0.40138842264135777
v -0.8279215417854453 -0.21404110725930092 0.5183939863181516
v -0.9355903667741425 -0.16606652477816305 0.3115968147262247
v -0.8590383044116435 -0.16800398808298045 0.4835574955905269
v -0.81378790614224 -0.1982356748186138 0.5463074784824363
v -0.84259914652693 -0.1573383705834884 0.5150449644586599
v -0.8275575781924308 -0.1524165247110003 0.540294047506818
v -0.9218118255031764 0.14852621977363592 0.35805435397751406
v -0.9525889059140464 0.06653339071531413 0.2968967568859645
v -0.930749673157858 0.13820035794145438 0.33853464664845545
v -0.9333239361107408 0.13431360268564033 0.3329658937734581
v -0.8408220279875304 -0.059405106443846334 0.53804214572776
v -0.7636376954376785 -0.05529817521796984 0.6432725564830155
v -0.6542893908253282 -0.09582776168058887 0.7501482741063323
v -0.7176376355814502 0.08571032861193667 0.6911222493642494
v -0.6422949386304406 0.09928576409242756 0.7599997031961928
v -0.907233519213509 -0.32550816730034565 0.26640528267330216
v -0.8760410259591406 -0.4169060700637548 0.24236635406023685
v -0.9116331167303631 -0.35084745238598875 0.2140820535092694
v -0.8761487009016049 -0.40669621438762615 0.258769478708762
v -0.8611029759935475 -0.4089493616233544 0.30209615085748315
v -0.6032407450695125 -0.7120827513931544 0.3592196523804548
v -0.5154720524376147 -0.83088161698663 0.20958125323949253
v -0.5079271300904403 -0.8075632923921088 0.2997524967350669
v -0.5567944934483875 -0.7319400374189663 0.39273868371816356
v -0.5666346875869448 -0.7374235283571173 0.36760259880553786
v -0.6341357323682499 -0.650426998917934 0.41811074132625814
v -0.6727854169427729 -0.5768442489842295 0.4632607205051593
v -0.5725174441689377 -0.5724897904524633 0.5869235179731361
v -0.6840429868632222 -0.5412148814117285 0.489051780757141
v -0.4783961498978619 -0.6050674546110836 0.6364200649990278
v -0.5934018728881341 -0.511702288682402 0.6213171372254646
v -0.3409537930693029 -0.920311134379255 0.19177572038509968
v -0.22891818085623347 -0.8746554938928784 0.4272870621449682
v -0.19187063634101909 -0.8908850958354377 0.4117151988066211
v -0.04430193132827078 -0.9209348898034974 0.38719022149739957
v -0.0402042935756144 -0.909736555249864 0.41323481801537143
v 0.021250677125750468 -0.899322388915273 0.4367695611159545
v -0.10237531397601167 -0.80949984839548 0.5781256701929159
v -0.27448020820246866 -0.5119632945571945 0.8139743241228636
v -0.35523848428141036 -0.5798252722122103 0.7332177527784516
v -0.34931132602505377 -0.5892854971489079 0.7285082019858001
v -0.2306583188446093 -0.5812395608432765 0.7803571700564388
v -0.25454681231651216 -0.6833501451858979 0.68427954770979
v -0.36742740793607365 -0.7222206563095519 0.5859986548595296
v -0.32823005804951677 -0.797566820037495 0.5061148057191065
v -0.3658036963057381 -0.8498435721274862 0.37941212247719985
v -0.27517724409021194 -0.8422061165905703 0.46364462847351817
v -0.23489565938972837 -0.7203337174886272 0.652643367122412
v -0.2587756652946858 -0.8276168896336283 0.49808175939744226
v -0.22626492725449113 -0.732765672382479 0.6417621460263709
v -0.1279999811787221 -0.6679573649508468 0.7331091074500221
v -0.13986663261495505 -0.7782994387891011 0.6121170710423974
v -0.13569788098032232 -0.605099550862432 0.7845002349544158
v -0.1573109383392614 -0.5756710157013035 0.8024064745253807
v -0.17051390787101267 -0.5045915135460102 0.8463524157701107
v -0.07826597185297594 -0.6595331323704189 0.7475897838758719
v -0.09209235800524895 -0.5808722927258215 0.8087684323342998
v -0.019264692216297213 -0.7331276567635471 0.6798181451845797
v -0.10131262348128837 -0.5446313677843334 0.8325337383846403
v -0.06735203355424116 -0.5914820730395269 0.8035002556620453
v 0.025195738948825843 -0.42602984476365746 0.9043581956887861
v 0.07456963596892285 -0.38510727865934236 0.919854202205468
v -0.5612148796596028 0.15486573175710483 0.8130525591719113
v -0.6861147612458588 -0.11486111129076279 0.718368609777452
v -0.5635908443688405 -0.06728742053509673 0.8233090326125122
v -0.5397268039182282 -0.14870212775998115 0.8286028326839517
v -0.36964572951856844 -0.0418763969762932 0.9282286367188686
v -0.5846916579208209 0.10542214802121899 0.8043766753607379
v -0.4690835585702187 0.062089978116767516 0.8809684725894337
v -0.4019933356904624 -0.03796092037370572 0.9148553582861264
v -0.3285752284914366 0.19097325807872384 0.9249689367327951
v -0.3204125456513381 0.059948951297494085 0.9453792486761914
v -0.25503498908316435 0.07733522056299694 0.9638342274498364
v -0.24363459907964172 -0.12673443963360173 0.9615511239357268
v -0.7240279614072983 -0.11487409362335525 0.6801378196473157
v -0.6907928616288274 -0.12793941775358508 0.7116436802976118
v -0.7377694657684828 -0.17534552642839044 0.6518820152000194
v -0.7132761822201698 -0.1469603025245953 0.6853026757275202
v -0.6228878390331701 -0.28470410170091603 0.7286661200160619
v -0.7721870549306122 -0.4228734428225054 0.4742417142692417
v -0.6623007157984031 -0.4095564891193359 0.6273924163338014
v -0.6738308223074236 -0.44673013705960546 0.5885441423981785
v -0.6752002598377372 -0.2791525300700759 0.6827726371717948
v -0.7481153628494196 -0.26832932541942467 0.6068960182672465
v -0.6400260114483222 -0.49001513352448905 0.5918208120592999
v -0.5726593675603899 -0.4657389506858995 0.6746469288148667
v -0.29785509454285636 -0.04350126468912978 0.9536194118333123
v -0.26592127823256206 -0.1930249281106355 0.9444719428924526
v -0.6570142840499391 -0.15467498277614639 0.7378400099327395
v -0.29749060434460034 -0.2498842106559726 0.92144301049578
v -0.4587221115078206 -0.24897142613888024 0.8529872527653499
v -0.47477725524055736 -0.185583105504689 0.860317074605333
v -0.5736591963627897 -0.31884733000643806 0.7544875788084016
v -0.1582220165822504 -0.06535082198678988 0.9852385820370096
v -0.15078301947435996 -0.14641327359869807 0.9776643771521533
v -0.21992007516567344 -0.19011393162791718 0.9568133849085203
v -0.14666069521645492 -0.23249233601758615 0.9614769649719707
v -0.14446446155230167 -0.17374923037334358 0.9741361425863813
v -0.18994782337517221 -0.18718503622188457 0.9637850313268236
v -0.08765017386633131 -0.07337686339712007 0.99344515849603
v -0.09776265913355717 -0.20580618616269492 0.9736972199900245
v -0.36817976293927346 -0.4259118397269926 0.8264640143057342
v -0.23302544624363244 -0.3914860554197001 0.8901897605650604
v -0.08653984869867612 -0.27766950205732105 0.9567708723693723
v -0.19845513847243645 -0.2588914409122466 0.9452993070114178
v -0.20328221540809388 -0.33216188471223534 0.9210563626853642
v -0.18452291817820712 -0.37648555759275953 0.9078600759979853
v -0.44372957153501924 0.20698984303365883 0.8719284788480359
v -0.30808474022267246 0.2317189896939537 0.9227080267653153
v -0.30235491503974626 0.22114461442390543 0.92718744861145
v -0.2538072018487354 0.2710777158291041 0.9284927443284577
v -0.16336595550933886 -0.021993002723510836 0.9863203700683285
v -0.18498944982868787 0.050502045774353375 0.981442024179057
v -0.24742376330261515 0.06490258552578246 0.9667311600156685
v -0.16304553933089583 0.08393817682485699 0.9830414714423885
v -0.2022086049048675 0.1809371749382466 0.9624829446944989
v -0.19442012416979323 0.2538365559173911 0.9475061045702023
v -0.2403820423042113 0.20016134174415284 0.9498167775991518
v -0.23717715171272705 0.18398208267212343 0.9538855235095385
v -0.1462573142362515 0.15622340930322545 0.9768331712314418
v -0.18495710787908123 0.2561648776992556 0.9487731149639157
v -0.05098100365409294 -0.1131295358097956 0.9922714575124499
v -0.07989695490107153 0.022813055933784826 0.9965420418007955
v 0.04052765187128115 -0.18563460048479782 0.9817827175789202
v -0.03816618387970328 -0.05144456273390221 0.9979462908259034
v 0.034900430314376125 0.003138509875496479 0.9993858662797033
v -0.029291571469245083 0.07315215958930175 0.9968905483493579
v 0.02690635351043663 0.0662264375842924 0.9974417813114033
v -0.1319313506777646 0.24851352005408242 0.9596015574490643
v -0.11067251704382335 0.1696441364161258 0.9792713928992368
v -0.08833680449672096 0.03922892054133317 0.9953178893019405
v -0.09121827828832746 0.01787977583008232 0.9956703969298171
v -0.14820194338318138 0.04924558875228529 0.9877302546575605
v -0.13906896976296834 0.106935245024694 0.984492089872019
v -0.9504948165335199 0.26538836319530373 0.16164349793118288
v -0.9732979254386287 0.2294962269142092 -0.004757117720141163
v -0.9808151985531183 0.1947728605582557 -0.00806716041501555
v -0.9878028968435291 0.1463429668995862 0.053189971108836255
v -0.9820904993093942 0.15393065813560008 0.10864439079936895
v -0.9294540979160282 0.2842341267381501 -0.2352148827444893
v -0.5794120256914654 0.5203715346757134 -0.6272919339377443
v -0.4908307597756412 0.5197654855813557 -0.6992345852833971
v -0.5893757774054654 0.5047862882564245 -0.6307352821873891
v -0.5076063768393447 0.4366090799370355 -0.7427706762578666
v -0.6216398269350659 0.40522440006883503 -0.6703410409314008
v -0.8104439082048647 0.21394444399020246 -0.5453516723540397
v -0.85630524478801 0.34846193301401845 -0.38120284493781004
v -0.8525155924330585 0.2254173519533626 -0.471597478891528
v -0.8888141860210587 0.23367412313169966 -0.3942153560001869
v -0.8442233499546955 0.06569419395236502 -0.5319503814005784
v -0.9880016341732033 0.10761639582301716 0.11077672237949474
v -0.9949089086158027 0.09549152385453431 0.03221230244566865
v -0.9976183738458213 0.022609933495912372 -0.06516418550499534
v -0.9965000404908966 -0.001248031725066975 0.08358296308731272
v -0.9940380362961853 0.07214786131258698 -0.0817500367244184
v -0.974429781067754 0.08773470869687519 -0.20685555989173593
v -0.9549327902543385 0.1361430155844774 -0.263758308693069
v -0.9677362071422382 0.12761520214820762 -0.21725789644251656
v -0.9671658528755704 0.117918864207586 -0.22513408115046357
v -0.9517210757208132 0.13353141006657154 -0.2763989083814394
v -0.9046969238482352 0.06808257569648742 -0.4205808351150497
v -0.9914962095075537 -0.07885055917603781 0.10352707785782046
v -0.9840714805775294 -0.10304134220576247 0.1448647745671273
v -0.9920928789667051 -0.034727793439909144 -0.12060555487352041
v -0.9987893909267007 -0.023430190221811458 -0.04325250002531621
v -0.9882808152944281 -0.07125160389501302 -0.13499718168676264
v -0.9688512249901237 0.09538875004887454 -0.2285350962089852
v -0.9479197170952706 -0.06723221766298546 -0.31133268194993496
v -0.9624607746376438 -0.2484235581095217 -0.10933889088568587
v -0.9898412815915941 -0.11313387285965386 0.08611018562798552
v -0.9881383072552471 -0.12783463662485836 0.08509401514633869
v -0.973135452022756 -0.22584839282025387 -0.04472019093177762
v -0.9917633689955745 -0.12562129197168725 0.024994217769557802
v -0.9608521354805767 -0.21449843858312395 0.17536702537198243
v -0.9327177399716166 -0.28821122395176796 0.21673003467554666
v -0.4530090972390316 0.5611020988175848 -0.6927822114641652
v -0.3816706361256774 0.5508222405818897 -0.7422414599035596
v -0.34080081846452775 0.5208913402727979 -0.7826410503945703
v -0.3087098690278058 0.5341950976688764 -0.7869776454203605
v -0.27345600795616415 0.5187476141845623 -0.8100140273418127
v -0.27288842275398917 0.5169242952314316 -0.8113699413500157
v -0.30651478170820934 0.4696319674808225 -0.8279459545854793
v -0.36915021381928087 0.4501195844391567 -0.8130931553896517
v -0.3567948771558132 0.5427379375685528 -0.7603505420259802
v -0.33578887066474045 0.5039281540046401 -0.7958028964129082
v -0.34466496181871764 0.4861312831664271 -0.8030457269803913
v -0.3433434802112274 0.4538905426826867 -0.8222521692641855
v -0.30735502710447404 0.44799063217801427 -0.8395458777186338
v -0.32819958607940064 0.29051618428286746 -0.8988244424619489
v -0.31314487412729985 0.2890980989725225 -0.9046339463994656
v -0.27870047271350246 0.15898116992911995 -0.9471277813036838
v -0.15389138284304094 0.345583154361593 -0.9256833830787653
v -0.13570574098550459 0.31370625392319257 -0.9397724927412234
v -0.22170440254941476 0.13232112545580588 -0.96609434200202
v -0.22430280106123193 0.18090357858638662 -0.9575814057774537
v -0.17854562137386548 0.12128311936816723 -0.9764281161685929
v -0.23984126738837017 0.23210903350049353 -0.9426566517163113
v -0.17629057089883754 0.14269161685795873 -0.9739408283312818
v -0.15518736076939743 0.12102779727979071 -0.9804433463199346
v -0.22906249675582396 0.4498649238552304 -0.863221827147991
v -0.20243791511192888 0.3708525039712152 -0.9063593717855051
v -0.1557129339248804 0.19794327927864416 -0.9677664699693426
v -0.14108047744283478 0.07646032993474133 -0.9870410917640523
v -0.17452673783974165 0.10178882850938029 -0.979377073536902
v -0.19123668689358247 0.03167941633857334 -0.9810325907768882
v -0.15520033334198113 0.06692143708245063 -0.9856137061695913
v -0.16618971312453 -0.006342934559467478 -0.9860733980960854
v -0.17346358056535632 -0.039961074899668984 -0.9840292163906055
v -0.13825006135376453 0.04325973544331039 -0.9894521291225034
v -0.24382132237488482 -0.0514089918639831 -0.9684566476156233
v -0.07449112962730813 0.2896800944005863 -0.9542203699957967
v -0.08705958946365967 0.28095064097701683 -0.9557653295746935
v -0.12074766272378604 0.018214131888575746 -0.9925161194390187
v -0.11368902226981933 0.23201913738627253 -0.9660444741842182
v -0.1125538164076004 -0.015382106889487828 -0.9935265618994414
v -0.10679082591266158 0.11318061667147322 -0.9878187422350099
v -0.09939842006982245 0.028721498747638456 -0.9946331130609481
v -0.10296151078349869 -0.08315492809633149 -0.9912034025519049
v -0.09718025673000316 0.18107073180453337 -0.9786569305868433
v -0.1380947733424177 -0.027532986222935877 -0.990036245924943
v -0.14559472998951503 -0.2090622835738673 -0.9670031727901208
v -0.11208784500921441 -0.09378102158974849 -0.9892630767347853
v -0.11135820743909454 -0.11736048337487796 -0.9868261582355661
v -0.1062996287398264 -0.13665807476664993 -0.9848984513800637
v -0.10484777859521567 -0.11734932861964283 -0.9875404186139257
v -0.12590726536469823 -0.19906151302946468 -0.9718651524562467
v -0.12421146524149908 -0.09326610129180236 -0.9878628175270022
v -0.11404226534659971 -0.16190683276939213 -0.9801941334333724
v -0.12226642808192147 -0.17898914341863437 -0.9762242606606087
v -0.09511970469667529 -0.19536554143106988 -0.9761068317555013
v -0.11396781643096053 -0.23554111996321617 -0.965158907965125
v -0.11182098397451244 -0.3062971989995919 -0.9453454889234815
v -0.10821868884610446 -0.29748129157368935 -0.9485745076419035
v -0.09195483555015947 -0.3099344709390132 -0.9463006562095881
v -0.09692171951413348 -0.3244565742385865 -0.9409219477298764
v -0.9326419880647979 -0.34014360068458477 0.12033807797977845
v -0.9510614677478993 -0.305629918084372 0.045524034717402996
v -0.9406146656185015 -0.338569910512371 -0.02478843518739458
v -0.8969075167899861 -0.35968767262924184 -0.2572580115063094
v -0.9035165598905012 -0.11193893810634604 -0.4136755977082263
v -0.9396176779912542 -0.12347717709061469 -0.31917394308442065
v -0.876186085862419 -0.15056543753540833 -0.4578514955319738
v -0.8978719449254274 -0.2855697750220679 -0.33507592290356547
v -0.9216626542973648 -0.2838489228863635 -0.26451415963949354
v -0.8920746221694827 -0.2842623215163437 -0.35128023150657556
v -0.8442220838069562 -0.2691333509273173 -0.4635259568042269
v -0.7764790895825837 -0.423437965786369 -0.46666959679381725
v -0.8086716756326474 -0.28421147474440894 -0.5150475304795611
v -0.8472496338710838 -0.21919479622608254 -0.4838612396263218
v -0.7903316472135484 -0.30417444090538315 -0.5318400106353572
v -0.805134211219953 -0.3876360907802361 -0.4488843537570018
v -0.6477847323946743 -0.34317394995749767 -0.6801518804994433
v -0.7221532938595409 -0.47636257513001157 -0.5015708496148072
v -0.6934460857961744 -0.47105879824847846 -0.5451936671373432
v -0.6082261086714615 -0.472024667873545 -0.6381643312260887
v -0.8834707754118534 -0.015349794331234878 -0.46823474113650243
v -0.8076672126369254 0.024163245609673447 -0.5891432857912465
v -0.680789068558552 0.10238487713879983 -0.7252886191471999
v -0.6846965376619657 0.10068298913510869 -0.7218404165828735
v -0.7353838185802829 0.07574110707954662 -0.6734047253091163
v -0.5193081517879309 0.41324190610210376 -0.7480308620155344
v -0.45427084822508973 0.4517381188105411 -0.7678350529028818
v -0.47556744684206903 0.536152539253349 -0.6974066662689009
v -0.43178921371874607 0.4559186099735707 -0.7782649266129845
v -0.43717694982560745 0.4264709393097241 -0.7918325911867103
v -0.48605583725266127 0.4086422241203976 -0.7725032399534317
v -0.44062123338604026 0.37145447867733566 -0.8172358894223342
v -0.39973555020501667 0.40686537581572485 -0.8213842315656065
v -0.3980234571511603 0.43013109512846753 -0.8102867199707914
v -0.38206899917240905 0.35290118409598786 -0.8540983749750631
v -0.39883607577027536 0.2785751055395388 -0.8736851236216638
v -0.3600129885363911 0.16903894676349518 -0.9175055763112204
v -0.48980914939428954 0.0641307243058233 -0.8694677954758607
v -0.665265473483116 0.1668644834878192 -0.7277211649674817
v -0.47415760600828966 0.09789190323274534 -0.8749809940484186
v -0.4115824008021337 0.13267163910560162 -0.9016641079287702
v -0.3373251366097569 0.12364531704712849 -0.933232869000832
v -0.40183826831016123 0.07676983857069851 -0.9124869303213716
v -0.3562904023320548 0.10545732096830947 -0.928405031578486
v -0.3412102581161698 -0.04283658877693647 -0.9390104293447716
v -0.2763377198336613 -0.05084929146570563 -0.9597144440689473
v -0.6682084019990066 -0.3300434531273917 -0.6667599647142001
v -0.7517681535842501 -0.3014298179415001 -0.5865020955736487
v -0.6321517314445384 -0.2951423171498912 -0.7164322724857287
v -0.5612445441236632 -0.34869054548557216 -0.7506127264977563
v -0.5345411325903955 -0.32132479995008345 -0.7816752206038107
v -0.5064213830944441 -0.2836368015235544 -0.8143018774178273
v -0.3841954693346834 -0.2465511300575587 -0.8897226430804397
v -0.8464959973483561 -0.1094626435248554 -0.5210205909038167
v -0.8545615805607952 -0.12372147388053527 -0.5043981581352805
v -0.7144312186040164 -0.013160614538761937 -0.6995818980712283
v -0.33889176312845376 -0.26937277664697085 -0.9014381177236678
v -0.4092350917180409 -0.25269351145404256 -0.8767397726666405
v -0.3738601068478945 -0.23652212697978217 -0.8968198837875088
v -0.6638245946544281 -0.2237804617403155 -0.7136239993688381
v -0.6273968197655598 -0.1313788335096548 -0.7675368607784934
v -0.4313714947529943 -0.09667762734603984 -0.8969794144155748
v -0.1827939674507961 -0.19424499649075905 -0.9637713664567454
v -0.4989659710695237 -0.39096510512286337 -0.7734204847887829
v -0.38122300394310693 -0.3867013329757246 -0.8397208466742931
v -0.325746923079771 -0.34465817827032247 -0.8803974569792011
v -0.3902970415610002 -0.40422508448777156 -0.8272063227633025
v -0.2991631072235344 -0.3778971644421781 -0.876182154795977
v -0.29386635146781465 -0.25765790566827823 -0.9204645409366031
v -0.2010663486295753 -0.3658453840581717 -0.9086965821505544
v -0.14448464546508735 -0.3320069739075685 -0.9321456734339152
v -0.2815629264444945 -0.2848329752193966 -0.9162927996441306
v -0.24491302576565838 -0.3151738866544794 -0.9168876872231514
v -0.14657170795006716 -0.34184559247649954 -0.9282555280379381
v -0.15554943599972232 -0.3648131696694594 -0.9179954924703556
v -0.13549411503424408 -0.3156848205774386 -0.9391402658006299
v -0.1348878383361409 -0.3306509934710556 -0.9340638048793064
v -0.11116190298221892 -0.3237394157995449 -0.9395934344082771
v -0.11092610232785384 -0.37175504569819817 -0.921679763160872
v -0.8868916115117933 -0.4050711538962781 0.22212750777684442
v -0.8650697401633534 -0.5011781588552625 -0.021789854064623117
v -0.8376099651345806 -0.5213801217312783 0.16301016830469167
v -0.7319982903212529 -0.6158478073741613 0.2913931727395153
v -0.817790670539542 -0.3896911124870974 -0.42350827149780074
v -0.6035090754607744 -0.5077361961174739 -0.6148013914986199
v -0.7076629480574907 -0.5601568183992061 -0.4306245357007196
v -0.6197384684101293 -0.6410002664917649 -0.4528166175508069
v -0.5808587397579623 -0.6998467764016073 -0.41571337963441923
v -0.7758670844394979 -0.6155329206642143 0.13838168542814866
v -0.7555447104455426 -0.6543469125469226 -0.03134180208717327
v -0.8513869513478719 -0.5026328090121269 -0.150001727920565
v -0.771350734724021 -0.6034907465558609 -0.202032083744545
v -0.7715610519510288 -0.615321872595048 -0.1614699235719941
v -0.6265934407036554 -0.7325563938952241 -0.26597328781360763
v -0.6015003048250656 -0.7498630630123512 -0.2755045735102926
v -0.7180366853984609 -0.6748303204574162 0.17037416768199537
v -0.5689675343038592 -0.8005420237043799 0.18817123369814828
v -0.6372648351722028 -0.730511562250056 0.24545139492764728
v -0.639162565767582 -0.7317806143097625 -0.23657630279008954
v -0.5184330677837883 -0.8382877488081292 0.16882181265016966
v -0.35412101023861503 -0.4709346472146555 -0.8079720713987524
v -0.505467888815376 -0.5553570614274647 -0.6603641023701834
v -0.3620099069447718 -0.5587576460877489 -0.7461492613494404
v -0.4034015099610624 -0.6327410987060503 -0.6609885957937514
v -0.17099291380812942 -0.39688000475984714 -0.9018024646502301
v -0.14293165933833335 -0.38720039394656697 -0.9108492716615709
v -0.14572105657108397 -0.3803335474680944 -0.913297194971134
v -0.15555462664195896 -0.4465727662693819 -0.8811217410532968
v -0.1482838850378563 -0.5246567790865035 -0.838300157220942
v -0.2449628804469263 -0.6970748656149397 -0.6738544493665222
v -0.3141232581305481 -0.5360334682119862 -0.7835781388336958
v -0.23978993785483407 -0.4386780403599323 -0.866061408105421
v -0.25909431838398156 -0.48789946399675754 -0.8335611838448433
v -0.24359155665254537 -0.7149843137243961 -0.6553324230157122
v -0.14122076541451906 -0.7296719844310179 -0.6690556707421573
v -0.1137524111008411 -0.7697895988830007 -0.6280799013026084
v -0.06978011556009796 -0.7905774071301899 -0.6083733219066443
v -0.020496819720682066 -0.851001254673412 -0.5247635133330217
v -0.48205995267557644 -0.8388791246328282 0.252784525399956
v -0.4104039087171917 -0.9109207371218387 -0.042332521671372775
v -0.4905663611328082 -0.8355575070539734 -0.24736268459625146
v -0.38052374375758613 -0.9079258494007615 -0.17570524302540477
v -0.3677265065148323 -0.9068803578820642 -0.20577957355893303
v -0.22444652949189503 -0.9724961479641706 0.06224947866363226
v -0.2032495017474944 -0.9791128445444871 0.005260958790824391
v -0.24262348853389676 -0.9700530093138804 0.011445607573513369
v -0.44405913736013086 -0.793847510229495 -0.41547275846848053
v -0.5193576151207411 -0.7746369412770757 -0.3608396829964697
v -0.5324823493454108 -0.6662231591872817 -0.5221199572877001
v -0.28316482537581183 -0.7637873251661575 -0.5800401741133214
v -0.45757264126469166 -0.6672325309422821 -0.5877312545870016
v -0.33603709921346087 -0.6901696755238618 -0.6408938187714797
v -0.19913449243673417 -0.9740585070037098 -0.10749641322233947
v -0.20997872955018693 -0.9542997589170908 -0.21265207092166252
v -0.14777555761275254 -0.9663507003536298 -0.21054383984882924
v -0.47295646322425 -0.8424918653778812 -0.2579140179720886
v -0.3067414135080983 -0.889216125840862 -0.3394177172506208
v -0.15086675098309474 -0.9142483661326609 -0.3760174842631194
v -0.23258032899931325 -0.9142855115232559 -0.33164498184237573
v -0.24946462287531077 -0.811315869634441 -0.5287097139385559
v -0.13224383822062002 -0.9859362085359414 -0.10218297289887075
v -0.0946370054354419 -0.9817067405548734 -0.16521414210453916
v -0.08054650626268353 -0.9683007880896274 -0.236444167011754
v -0.11752499698032388 -0.9267193264295844 -0.3569021786241605
v -0.18751495521205705 -0.7789064117150485 -0.5984504518847049
v -0.14150667485233356 -0.8212502345521928 -0.5527421760823074
v -0.1109115482552131 -0.8200332533148056 -0.5614660202733265
v -0.08817942144727497 -0.9088503268189311 -0.4076953189262122
v -0.2278991478053819 -0.9665632584922518 0.1175476318877633
v -0.20257407751636253 -0.9604618688058643 0.19098885226196255
v -0.2205033948296713 -0.9515829223297492 0.2141686130107887
v -0.0939731465827922 -0.9909373863289888 -0.09597991506977668
v -0.0850678896421623 -0.9954045261113985 0.043969120400245504
v 0.005740475559119935 -0.9993266273387171 0.036240017000271185
v -0.00810170275347046 -0.9783086304306893 -0.2069941690901548
v 0.05954332343941106 -0.9894817013648207 0.1318353340268438
v -0.03914220746514305 -0.9335003780368781 0.35643362888448293
v -0.0004371241885621213 -0.9899897077702113 0.14113889411319336
v -0.9443113292017611 0.3279397476844191 0.027048760228202334
v -0.7088809228810855 0.6861979895375183 0.16315684579547626
v -0.8006571600547024 0.5980622844999622 -0.03563167006786248
v -0.8446648730909384 0.5351561150559166 0.01221411824600486
v -0.8405203526363617 0.5311937585429387 0.1065773319663809
v -0.8063249969155553 0.5701415764503519 0.1574121410560115
v -0.8023182245617279 0.5807631438870676 -0.13783917164045292
v -0.8382137612723372 0.5239701316163413 -0.15117205954684715
v -0.8969400804689609 0.44112214157971635 -0.03016203336081091
v -0.8758260676597521 0.3734424668169724 -0.3057276945016759
v -0.8823934980044369 0.44988126519315824 -0.13779899095311743
v -0.8527819549559511 0.4837110754229805 -0.1969429684315995
v -0.8155048658825467 0.4931080033255944 -0.30297905996641983
v -0.8068881708249669 0.44829026173324954 -0.3846652064040541
v -0.6398252175378241 0.5119326885242046 -0.5731916027150572
v -0.716815736258835 0.46563398361770525 -0.5189992230745736
v -0.29344772933436675 0.9544780950810234 0.053478931917205
v -0.38089770680808693 0.9235905492620405 -0.04355954846165095
v -0.4425563340976108 0.89000971586463 -0.10966584161280415
v -0.45816823804771145 0.8806083967226193 0.12087479996208447
v -0.431591987037068 0.8813574363594086 -0.19219111867973113
v -0.43111018994224126 0.8287095165594172 -0.3569097102795351
v -0.3670629217392082 0.8831430513873486 -0.29210128769062094
v -0.356865201859842 0.8511957819612435 -0.3848544770077668
v -0.37030479584483966 0.8164957851924015 -0.4429548407426604
v -0.26879709678076397 0.9580458930752775 0.099479583452216
v -0.24863750595453607 0.9405820065117937 0.23126798234722482
v -0.27504254475839485 0.9315260308870126 0.23793035189465597
v -0.2588159395709267 0.952591302494003 0.15995036679169422
v -0.08607549174907012 0.9962595804092034 0.007606455352779794
v -0.05786939269245594 0.9979602373843148 0.02695362664371184
v -0.07199017011602583 0.9723113097506896 -0.2223243853866784
v -0.058886082075129145 0.9821156836485961 -0.17883291998200931
v -0.05701719002013866 0.9734662681787803 -0.22161332261460825
v -0.2979869040570816 0.810617504734115 -0.5040863676287155
v -0.2067354223164845 0.8549275346795425 -0.4757723989539373
v -0.17112244229687154 0.8813533527665954 -0.44037867490312804
v -0.18677850155569284 0.9823179524562698 0.012854245941770754
v -0.17437920296101742 0.9243833871052382 -0.3392745897035732
v -0.11631461951498534 0.7491328993038195 -0.6521279080577195
v -0.17384684115750446 0.8804959643218094 -0.44102622669469954
v -0.08855530528514263 0.8896439865990097 -0.44798608796934347
v -0.10976593848645119 0.8333840855678641 -0.5416847834953493
v -0.15031957052853953 0.8256082969182112 -0.5438519713818514
v -0.11259666541043581 0.7095243699149172 -0.6956271698512718
v -0.6739570538143225 0.5404892646631911 -0.5036399948353599
v -0.7197150206209513 0.5202551923800333 -0.45972255099592224
v -0.8110136987425103 0.46295970803969044 -0.35766617002981604
v -0.7622866111572058 0.5123389303904491 -0.39550972536314905
v -0.6314954319010673 0.553977405156415 -0.5425150265792182
v -0.7275635443885047 0.5203904261750806 -0.4470403709086622
v -0.6978295593913004 0.534702852433325 -0.4765781841832558
v -0.818521349016865 0.5321133461754375 -0.2165137132506642
v -0.7695765097797507 0.5654081784936884 -0.2967584662442961
v -0.7170718876326462 0.5471653322067718 -0.4317615165783155
v -0.6417639676874101 0.5836337591585101 -0.4975044170141801
v -0.6123798492118179 0.5935924640343617 -0.5221483571945108
v -0.5613015357875304 0.5706381499700701 -0.5994269661278975
v -0.3971374162797511 0.5818368292751879 -0.7097519120718447
v -0.4308206884446373 0.5976301115881845 -0.6761891629796969
v -0.8143537353565607 0.5597332350769545 -0.15338415583463388
v -0.8000175730813759 0.5697225285994598 -0.18811731224749925
v -0.800872945365425 0.5775143923892047 -0.15836556432835092
v -0.6770973055779457 0.7323785524573151 0.07183936719942484
v -0.5925768195729915 0.7991893047890004 0.10074307924434664
v -0.673691101372186 0.7356488393597793 -0.07043497057954162
v -0.45411449627531775 0.8528177658956821 -0.25784080833978157
v -0.4109996715493851 0.7997556603612945 -0.4375730267125333
v -0.4820291338623282 0.6512155234624297 -0.5861452517162342
v -0.6829553126085633 0.624076837950317 -0.37960524405449564
v -0.8061136757741606 0.5489275752135965 -0.2210413058683672
v -0.7578815473999124 0.6005997447778465 -0.25474596499944835
v -0.5046766874755719 0.6643177727081351 -0.5513468400043539
v -0.5103032017427093 0.6896209102812371 -0.5138225787117746
v -0.484521608001357 0.731415986146294 -0.47986400843303895
v -0.4211458333585001 0.7439929592379276 -0.5187587721177983
v -0.36198085051718937 0.7848569876823112 -0.5029606075480472
v -0.37071640743262035 0.6223375008042767 -0.6893949378643118
v -0.2814655370618577 0.7349447731612092 -0.6169548863972947
v -0.09604561210244596 0.6503686932824868 -0.753522264564158
v -0.5034084502141055 0.5593311982598831 -0.6585807034116593
v -0.448674019645006 0.5637381207272304 -0.6934630165585786
v -0.27298531050109515 0.5126644528706067 -0.8140357357103569
v -0.2004973134239355 0.5967552398464082 -0.7769710490266932
v -0.07242349666940956 0.5809170108566656 -0.8107343977083572
v -0.07975754212597483 0.48114949143343605 -0.8730028071932926
v -0.08809627804138284 0.2954097808331879 -0.9513002192701014
f 1404 1816 421
f 1404 50 1816
f 1331 783 438
f 1331 438 437
f 437 1332 1331
f 419 1332 437
f 421 1816 419
f 419 1816 1332
f 422 421 419
f 422 419 437
f 420 422 437
f 422 420 434
f 422 28 421
f 28 422 1333
f 1333 422 434
f 71 424 426
f 425 426 424
f 426 423 71
f 423 426 1334
f 439 1334 426
f 439 426 1335
f 439 1335 432
f 424 72 427
f 427 1832 429
f 428 427 121
f 429 791 478
f 1336 429 447
f 1336 427 429
f 1336 121 427
f 430 121 1337
f 121 1336 1337
f 1336 447 1337
f 430 1337 1338
f 426 425 430
f 430 425 428
f 428 425 424
f 428 424 427
f 1335 426 430
f 430 432 1335
f 432 430 1339
f 430 428 121
f 1338 1339 430
f 439 432 431
f 1341 431 432
f 1339 1338 1377
f 1340 1339 1377
f 1340 432 1339
f 1340 1341 432
f 443 1341 1340
f 443 1340 476
f 433 1333 434
f 434 420 1342
f 435 433 434
f 435 434 1342
f 420 437 438
f 1342 420 1334
f 438 783 423
f 1334 420 438
f 1334 438 423
f 1342 1334 439
f 436 435 1342
f 122 436 1342
f 1343 122 1342
f 1343 1342 439
f 436 122 1344
f 440 122 1343
f 1344 122 440
f 1343 439 431
f 431 1341 1343
f 1341 440 1343
f 443 440 1341
f 1333 433 442
f 433 435 441
f 435 436 441
f 442 433 441
f 513 442 445
f 442 441 445
f 473 440 443
f 440 473 471
f 444 1344 471
f 471 1344 440
f 446 444 471
f 515 445 1345
f 1345 445 444
f 444 441 436
f 444 436 1344
f 444 445 441
f 1345 444 123
f 123 444 446
f 124 515 1345
f 515 124 516
f 1368 123 446
f 1346 123 1368
f 124 1345 123
f 1346 124 123
f 516 124 1346
f 478 1901 1349
f 447 478 1349
f 447 1349 479
f 1347 1348 1351
f 448 1347 1351
f 479 1349 448
f 1349 1901 1347
f 448 1349 1347
f 479 448 449
f 449 448 453
f 1912 450 125
f 125 450 1350
f 1352 125 1350
f 1352 1350 452
f 451 1350 126
f 452 1350 451
f 452 451 463
f 128 452 463
f 128 463 1360
f 448 1351 453
f 454 453 1351
f 1348 1912 125
f 1351 1348 125
f 1352 1351 125
f 455 1351 127
f 127 1351 1352
f 127 1352 452
f 128 127 452
f 480 453 454
f 454 1351 455
f 127 128 129
f 455 127 129
f 129 128 1360
f 456 129 1357
f 481 454 456
f 456 454 455
f 456 455 129
f 135 456 1
f 456 1357 1
f 1353 1942 457
f 457 863 1355
f 457 1355 1358
f 1355 1943 1354
f 1354 1943 1356
f 130 1355 1354
f 1358 1355 130
f 1356 868 458
f 461 1356 458
f 130 1354 459
f 459 1354 1356
f 1356 461 459
f 459 461 460
f 1361 460 461
f 467 1 1357
f 467 1357 29
f 1357 129 1360
f 1360 29 1357
f 29 1360 462
f 463 451 465
f 463 465 464
f 465 451 1353
f 465 1353 457
f 1358 465 457
f 1358 464 465
f 464 1358 130
f 1359 462 466
f 464 1360 463
f 466 462 1360
f 466 1360 464
f 466 464 130
f 1359 466 130
f 1363 1359 460
f 1359 130 459
f 460 1359 459
f 1363 460 942
f 942 460 1361
f 29 462 468
f 468 462 1365
f 468 467 29
f 467 468 1362
f 1362 468 1365
f 1362 1365 1366
f 494 1362 1366
f 462 1359 1365
f 1365 1359 1363
f 942 469 1363
f 1364 469 942
f 469 1366 1365
f 469 1365 1363
f 1366 469 1386
f 1367 469 1364
f 1386 469 1367
f 472 1368 446
f 1369 496 1346
f 1368 1369 1346
f 1369 1368 470
f 1369 470 6
f 1370 1369 6
f 446 471 472
f 1371 472 471
f 1371 471 473
f 1371 473 1381
f 1371 1381 137
f 1371 137 474
f 470 1368 472
f 1372 470 472
f 1372 472 1371
f 475 6 1372
f 1372 6 470
f 1372 1371 474
f 1373 6 475
f 1374 1373 475
f 475 1372 474
f 1375 475 474
f 1374 475 1375
f 482 1374 1375
f 143 1374 1376
f 1374 482 1376
f 1376 482 489
f 443 476 1381
f 1381 476 131
f 1377 1338 1378
f 477 1377 1378
f 476 1340 1377
f 477 476 1377
f 477 131 476
f 1381 131 132
f 131 477 132
f 1338 1337 1378
f 1378 1337 30
f 447 429 478
f 30 1337 447
f 30 447 479
f 449 133 479
f 479 133 30
f 132 477 134
f 1380 132 134
f 134 477 1378
f 134 1378 30
f 1380 134 480
f 134 133 480
f 133 134 30
f 480 133 449
f 453 480 449
f 1379 132 1380
f 1379 1380 481
f 1382 1379 481
f 481 480 454
f 481 1380 480
f 1382 481 135
f 481 456 135
f 488 1376 489
f 1375 474 31
f 136 489 482
f 31 482 1375
f 482 31 136
f 136 484 490
f 137 1381 483
f 473 443 1381
f 483 1381 132
f 31 474 137
f 485 31 137
f 485 137 483
f 484 136 485
f 485 136 31
f 486 484 485
f 486 485 483
f 486 483 132
f 490 484 138
f 138 484 487
f 486 132 1379
f 1382 484 486
f 1382 486 1379
f 1382 487 484
f 487 1382 135
f 487 135 1
f 140 488 489
f 488 140 1383
f 489 136 139
f 489 139 140
f 136 490 139
f 140 139 32
f 492 1383 140
f 492 140 32
f 138 487 1384
f 490 138 1384
f 467 487 1
f 1384 487 467
f 490 1384 491
f 491 1384 467
f 491 467 1362
f 493 491 1362
f 493 1385 492
f 490 32 139
f 32 490 491
f 493 492 32
f 491 493 32
f 494 493 1362
f 1385 493 1386
f 503 1385 1386
f 493 494 1386
f 1386 494 1366
f 1367 503 1386
f 516 1346 495
f 495 1346 496
f 33 495 496
f 496 1369 497
f 1370 6 499
f 497 1369 1370
f 497 1370 499
f 497 499 142
f 33 496 497
f 33 497 141
f 497 142 141
f 6 1373 499
f 1373 1374 1387
f 499 1373 1387
f 143 1376 488
f 1387 1374 143
f 1387 143 1388
f 1392 1388 1400
f 7 141 144
f 144 141 498
f 498 141 142
f 498 142 1389
f 144 498 1390
f 1390 498 1389
f 1389 142 499
f 1390 1389 1387
f 1389 499 1387
f 1392 1390 1388
f 1390 1387 1388
f 144 1391 501
f 144 1390 1391
f 500 1392 1399
f 500 1390 1392
f 500 1399 1393
f 1391 1390 500
f 1393 501 500
f 500 501 1391
f 488 1383 1394
f 502 492 1385
f 502 1385 1397
f 502 1383 492
f 502 1394 1383
f 504 503 1395
f 35 502 1396
f 1396 502 1397
f 1396 1397 145
f 34 1396 145
f 1397 1385 503
f 504 1397 503
f 504 145 1397
f 145 504 1395
f 35 1396 34
f 1398 34 145
f 508 1393 505
f 505 1393 1399
f 505 1399 507
f 146 508 505
f 146 505 507
f 1388 143 1394
f 35 1388 1394
f 35 1400 1388
f 1394 143 488
f 35 1394 502
f 146 507 506
f 1399 1392 1400
f 507 1399 1400
f 507 1400 35
f 35 506 507
f 146 506 1401
f 506 35 34
f 1401 506 1398
f 1398 506 34
f 147 508 146
f 508 147 509
f 545 508 509
f 509 147 36
f 1401 1398 1402
f 1402 1398 286
f 1402 286 1403
f 162 509 36
f 147 146 1401
f 36 147 1401
f 36 1401 1402
f 36 1402 1403
f 162 36 898
f 36 1403 898
f 1404 421 1405
f 1404 1405 510
f 49 1404 510
f 1405 421 511
f 511 421 28
f 28 1333 523
f 523 511 28
f 511 523 522
f 511 510 1405
f 1406 510 511
f 522 1406 511
f 510 1406 512
f 512 1406 1408
f 1407 1406 522
f 1408 1406 1407
f 1408 1407 1413
f 153 512 1408
f 512 153 1409
f 523 1333 148
f 1333 442 513
f 148 1333 513
f 513 445 515
f 148 513 149
f 149 513 150
f 514 149 151
f 1410 516 1471
f 1410 515 516
f 515 1410 1411
f 1410 1471 1412
f 1412 1411 1410
f 151 149 150
f 150 513 515
f 1411 150 515
f 151 150 518
f 518 150 1411
f 151 518 520
f 151 520 517
f 518 1411 519
f 519 1411 1412
f 520 518 519
f 520 519 1469
f 152 520 1469
f 1422 517 520
f 1422 520 152
f 526 1409 153
f 153 1408 1413
f 153 1413 1414
f 154 153 1414
f 1413 1407 521
f 1407 522 521
f 1414 1413 521
f 524 1414 521
f 1414 524 1420
f 522 523 525
f 148 525 523
f 514 525 148
f 514 148 149
f 1416 524 1415
f 1416 1420 524
f 37 1416 1415
f 521 522 525
f 1415 524 521
f 1415 521 525
f 37 1415 514
f 514 1415 525
f 1420 1416 1421
f 1421 1416 1417
f 1416 37 1417
f 517 37 514
f 517 514 151
f 1418 1417 37
f 1422 37 517
f 1422 1418 37
f 154 1414 528
f 526 153 154
f 155 526 154
f 1414 1420 528
f 528 1420 527
f 1419 528 527
f 1419 154 528
f 529 155 1419
f 155 154 1419
f 156 155 529
f 156 529 530
f 1420 1421 527
f 1421 1417 531
f 527 1421 38
f 1421 531 532
f 38 1421 532
f 1424 1422 157
f 1424 1418 1422
f 1424 157 1425
f 1423 532 531
f 531 1417 1418
f 531 1418 1424
f 1423 531 1424
f 1423 1424 1426
f 1426 1424 1425
f 532 1423 1426
f 534 532 1426
f 533 530 158
f 158 529 1427
f 158 530 529
f 1427 529 1419
f 1427 1419 527
f 1427 527 38
f 534 158 1427
f 38 534 1427
f 1429 158 534
f 1429 534 159
f 534 38 532
f 159 534 1426
f 159 1426 1456
f 1546 530 533
f 158 1429 1430
f 535 158 1430
f 535 533 158
f 533 535 1428
f 1428 535 1431
f 159 1456 561
f 159 561 170
f 1431 535 1430
f 1431 1430 170
f 1430 1429 159
f 1430 159 170
f 537 1431 536
f 1431 170 536
f 1472 495 33
f 1472 33 1473
f 33 141 538
f 1473 33 538
f 1432 1473 538
f 144 501 539
f 7 144 539
f 7 539 1436
f 1393 508 1439
f 1433 501 1393
f 1433 1393 1439
f 1436 539 1434
f 1434 539 501
f 1434 501 1433
f 1432 538 540
f 540 538 1435
f 538 141 7
f 1435 538 7
f 160 540 1435
f 160 1435 1436
f 1435 7 1436
f 1434 160 1436
f 160 1434 542
f 1432 540 541
f 540 160 541
f 160 542 1437
f 1437 542 164
f 544 543 541
f 544 541 160
f 544 160 1437
f 544 1437 164
f 161 543 544
f 161 544 1438
f 1439 508 545
f 1444 1439 545
f 1444 545 547
f 509 162 347
f 347 162 39
f 347 39 348
f 547 545 347
f 545 509 347
f 1438 544 1440
f 1440 544 163
f 544 164 163
f 546 1440 163
f 164 542 165
f 164 165 1441
f 546 163 164
f 1441 546 164
f 548 546 1441
f 549 1441 1445
f 542 1434 165
f 1434 1433 1442
f 1442 165 1434
f 1442 1433 1439
f 1442 1439 1444
f 1445 1441 1443
f 1442 1441 165
f 1443 1441 1442
f 1443 1442 1444
f 547 1443 1444
f 1445 1443 547
f 1445 547 554
f 551 547 2150
f 1440 546 166
f 546 548 166
f 596 1440 166
f 596 166 40
f 548 1441 549
f 1446 166 548
f 1446 548 549
f 40 166 1446
f 1446 549 550
f 1447 1446 550
f 1447 550 8
f 167 554 551
f 554 547 551
f 167 551 2148
f 168 167 2148
f 168 2148 556
f 552 8 550
f 550 553 552
f 553 549 1445
f 553 1445 554
f 552 553 1448
f 553 550 549
f 1448 553 554
f 552 1448 1449
f 1448 554 167
f 168 1449 1448
f 168 1448 167
f 1496 8 1450
f 1450 8 552
f 555 1450 557
f 1449 168 1451
f 1452 1449 1451
f 1451 168 556
f 1451 556 2146
f 1450 552 1452
f 1452 552 1449
f 558 557 1452
f 557 1450 1452
f 558 1452 1451
f 558 1451 2146
f 1497 557 558
f 558 2146 1047
f 559 1497 558
f 559 558 1047
f 537 536 560
f 601 537 560
f 536 170 560
f 560 170 1453
f 560 1453 1499
f 169 561 1462
f 169 170 561
f 170 169 41
f 41 169 564
f 41 1453 170
f 1499 1453 1454
f 1453 41 1454
f 1455 41 172
f 1455 172 1460
f 1454 41 1455
f 1454 1455 562
f 1456 1426 563
f 1456 563 42
f 1426 1425 1458
f 563 1426 1458
f 1458 1425 157
f 1458 157 1457
f 171 42 563
f 171 563 1458
f 1457 171 1458
f 1459 42 171
f 171 1457 585
f 1465 171 585
f 562 1455 1460
f 1504 562 1460
f 1461 1504 1460
f 1461 1460 172
f 1461 172 1463
f 1462 561 1456
f 1462 1456 42
f 564 169 1462
f 1463 564 1462
f 1463 1462 42
f 172 41 564
f 1463 172 564
f 1459 1463 42
f 1461 1463 1464
f 566 1464 1465
f 1465 1464 1459
f 1464 1463 1459
f 1465 1459 171
f 1504 1461 568
f 565 1504 568
f 565 568 1466
f 1506 565 1466
f 1506 1466 569
f 1464 566 173
f 566 1465 581
f 173 566 567
f 567 566 581
f 568 1461 1464
f 173 568 1464
f 173 1466 568
f 1466 173 569
f 569 173 1467
f 569 1467 174
f 173 567 1467
f 174 1467 1477
f 1468 1422 152
f 1469 519 175
f 1468 152 1470
f 1470 152 1469
f 1470 1469 175
f 1470 175 44
f 519 1412 570
f 570 1412 574
f 570 574 43
f 43 175 519
f 43 519 570
f 175 43 571
f 44 175 571
f 1412 1471 572
f 574 1412 572
f 1472 516 495
f 1471 516 1472
f 572 1471 1472
f 1473 572 1472
f 575 572 1473
f 1432 575 1473
f 577 571 573
f 571 43 573
f 574 572 575
f 576 573 177
f 177 573 176
f 573 43 574
f 176 573 574
f 575 176 574
f 177 176 575
f 177 575 1432
f 577 573 576
f 1474 577 576
f 177 1432 541
f 543 576 541
f 541 576 177
f 1474 576 1475
f 1475 576 161
f 161 576 543
f 1474 1475 578
f 578 1475 1486
f 1486 1475 161
f 1486 161 1438
f 1476 174 1477
f 1476 1477 579
f 579 1477 1487
f 1467 567 178
f 580 1467 178
f 1487 1477 580
f 1477 1467 580
f 178 567 581
f 178 581 1478
f 1478 581 180
f 1478 180 45
f 583 1478 45
f 1487 580 582
f 1479 580 178
f 582 580 1479
f 583 1479 1478
f 1478 1479 178
f 582 1479 584
f 582 584 179
f 1479 583 584
f 583 45 1480
f 584 583 1481
f 583 1480 1481
f 179 584 1481
f 179 1481 593
f 593 1481 9
f 581 1465 180
f 1465 585 180
f 585 1457 181
f 586 180 585
f 586 585 181
f 586 181 183
f 1457 157 1468
f 157 1422 1468
f 44 1468 1470
f 181 1457 1468
f 181 1468 44
f 182 44 571
f 182 181 44
f 182 571 577
f 9 1481 587
f 587 1481 1480
f 46 587 1480
f 46 1480 1483
f 1482 45 180
f 1482 180 183
f 183 180 586
f 1484 46 1483
f 1484 1483 183
f 1483 1480 1482
f 1482 1480 45
f 1483 1482 183
f 182 183 181
f 1484 183 182
f 184 9 587
f 184 587 46
f 184 46 590
f 46 1484 588
f 46 588 589
f 1484 182 588
f 588 182 577
f 588 577 1474
f 589 588 1474
f 589 1474 578
f 591 590 589
f 589 590 46
f 591 589 578
f 590 591 1485
f 1485 591 1486
f 591 578 1486
f 595 1486 1438
f 1516 1476 579
f 1516 579 592
f 579 1487 582
f 579 582 185
f 1488 579 185
f 592 579 1488
f 179 593 598
f 185 582 179
f 185 179 1489
f 179 598 1489
f 1518 1488 185
f 1518 185 1489
f 1518 1489 594
f 594 1489 1490
f 1518 594 186
f 9 184 1491
f 1491 184 1492
f 1491 1492 1493
f 1485 1486 595
f 595 1438 1440
f 596 595 1440
f 596 1485 595
f 1485 596 597
f 1493 1492 597
f 184 590 1485
f 1492 184 1485
f 597 1492 1485
f 40 597 596
f 1493 597 1447
f 1495 1493 1447
f 1447 597 40
f 1447 40 1446
f 594 1490 599
f 186 594 599
f 1494 186 599
f 1494 599 1495
f 1490 1489 598
f 1490 598 187
f 598 593 9
f 598 9 1491
f 187 598 1491
f 187 1491 1493
f 187 599 1490
f 187 1495 599
f 1495 187 1493
f 1494 1495 1496
f 1496 1495 1447
f 1496 1447 8
f 1494 1496 555
f 555 1496 1450
f 186 1494 600
f 600 1494 555
f 555 1497 600
f 557 1497 555
f 1035 600 1497
f 1035 1497 559
f 633 537 601
f 633 601 602
f 1500 560 1499
f 601 560 1500
f 602 601 1500
f 602 1500 1498
f 209 602 1498
f 1454 562 603
f 1499 1454 603
f 1499 603 1501
f 1498 1500 1499
f 1498 1499 1502
f 1502 1499 1501
f 209 1498 188
f 188 1498 1502
f 1502 1501 1503
f 608 188 1502
f 608 1502 1503
f 1505 1504 604
f 604 565 1506
f 604 1506 1509
f 604 1504 565
f 1505 604 1512
f 1512 604 1509
f 1512 1509 1508
f 174 1476 1507
f 189 174 1507
f 190 569 189
f 569 174 189
f 190 189 198
f 605 1509 190
f 1509 1506 569
f 190 1509 569
f 1508 1509 605
f 190 198 615
f 605 190 615
f 191 605 615
f 191 614 613
f 1503 1501 606
f 1510 1503 606
f 1513 1503 1510
f 1501 603 606
f 606 603 1511
f 603 562 1505
f 562 1504 1505
f 1511 603 1505
f 1512 1511 1505
f 1508 1511 1512
f 192 1510 1508
f 1508 1510 606
f 1508 606 1511
f 47 1510 192
f 192 1508 605
f 607 192 191
f 191 192 605
f 607 191 613
f 608 1503 1513
f 608 1513 1514
f 1513 1510 47
f 1513 47 193
f 1514 1513 193
f 47 192 609
f 194 609 610
f 609 192 607
f 610 609 607
f 193 47 194
f 194 47 609
f 1576 193 194
f 1576 194 658
f 194 610 1515
f 658 194 1535
f 1535 194 1515
f 1507 1476 1516
f 592 1488 1517
f 611 1516 592
f 611 592 1517
f 1518 186 1522
f 1519 1518 1524
f 1520 611 1517
f 1517 1488 1518
f 1519 1517 1518
f 1520 1517 1519
f 1520 1519 1524
f 1521 1520 196
f 617 1520 1521
f 1522 186 195
f 195 600 1035
f 195 1035 2084
f 195 186 600
f 1523 195 2083
f 1521 196 10
f 196 1520 1523
f 196 1523 1525
f 1524 1518 1522
f 1524 1522 195
f 1523 1524 195
f 1523 1520 1524
f 104 1525 1523
f 1527 1525 104
f 612 196 1525
f 1526 10 612
f 10 196 612
f 612 1525 1527
f 1526 612 325
f 612 1527 325
f 1526 325 2080
f 1536 1535 1515
f 610 607 1532
f 1532 607 613
f 1515 610 1532
f 1528 1536 1515
f 1528 1515 1532
f 1536 1528 622
f 1528 1532 1529
f 1528 1529 1531
f 1531 622 1528
f 613 614 1533
f 191 615 614
f 1533 614 197
f 614 615 197
f 48 1533 197
f 189 1507 611
f 611 1507 1516
f 198 189 611
f 48 197 616
f 197 615 198
f 616 197 198
f 616 198 611
f 1520 616 611
f 48 616 617
f 1530 48 617
f 617 616 1520
f 1521 1530 617
f 1540 1531 618
f 1531 1529 619
f 618 1531 619
f 619 1532 1533
f 1532 613 1533
f 1534 1533 48
f 619 1529 1532
f 618 619 1534
f 1534 619 1533
f 1530 1534 48
f 10 618 1530
f 1530 618 1534
f 10 1530 1521
f 1540 618 620
f 618 10 1526
f 620 618 1526
f 199 1536 1537
f 199 1535 1536
f 1536 622 1537
f 622 623 1537
f 1538 199 1537
f 1538 1537 625
f 199 1538 200
f 200 1538 625
f 1531 1540 623
f 624 623 1540
f 620 1526 1539
f 1526 621 1539
f 1539 1540 620
f 624 1540 1539
f 626 200 625
f 625 1537 623
f 622 1531 623
f 625 623 624
f 2059 625 624
f 1212 625 2059
f 626 625 1212
f 1404 49 50
f 50 49 11
f 1541 510 512
f 627 512 1409
f 627 1541 512
f 1541 627 201
f 628 11 49
f 1541 49 510
f 628 49 1541
f 628 1541 201
f 11 628 201
f 11 201 629
f 11 629 202
f 526 155 631
f 1409 526 631
f 631 155 630
f 51 631 630
f 630 155 156
f 630 156 638
f 630 638 203
f 51 630 203
f 51 203 204
f 1546 533 1428
f 1546 1428 632
f 1431 537 634
f 634 537 633
f 635 634 633
f 632 1428 1542
f 636 632 1542
f 1542 1428 1431
f 1542 1431 634
f 1542 634 635
f 1543 1542 635
f 636 1542 1543
f 636 1543 712
f 640 636 1693
f 1693 636 712
f 204 203 1544
f 637 204 1544
f 1544 203 638
f 1544 638 639
f 637 1544 1545
f 1545 1544 639
f 156 530 1546
f 632 638 1546
f 1546 638 156
f 639 638 632
f 1545 639 1548
f 1548 639 640
f 640 632 636
f 640 639 632
f 1548 640 1693
f 204 637 641
f 641 637 1547
f 637 205 1547
f 205 637 1545
f 1548 1693 1689
f 1547 205 642
f 205 1545 1548
f 642 205 1548
f 642 1548 643
f 1547 642 1549
f 1549 642 1550
f 642 643 1550
f 1550 643 708
f 1549 1550 650
f 1550 708 650
f 1552 202 629
f 1551 629 201
f 629 1551 206
f 206 1552 629
f 1552 206 1558
f 1558 206 1554
f 1554 206 1553
f 1551 627 644
f 51 1409 631
f 644 627 1409
f 51 644 1409
f 644 51 204
f 644 204 641
f 1554 1553 1556
f 206 1551 1553
f 1551 201 627
f 1555 1556 1553
f 1555 1553 1551
f 641 1555 644
f 1555 1551 644
f 1554 1556 1560
f 1560 1556 645
f 1556 1557 645
f 1555 1547 1557
f 1547 1555 641
f 1557 1556 1555
f 1549 1557 1547
f 645 1557 649
f 1557 1549 649
f 649 1549 650
f 202 1552 1558
f 202 1558 646
f 1558 1554 647
f 1558 647 648
f 648 647 1565
f 646 1558 1559
f 1559 1558 648
f 778 1559 648
f 647 1554 1560
f 647 1560 652
f 1560 645 651
f 1560 651 652
f 645 649 651
f 651 649 1561
f 1561 649 650
f 653 651 1561
f 653 1561 698
f 652 651 653
f 652 653 1566
f 653 698 207
f 1566 653 1562
f 1562 653 207
f 1562 207 1563
f 778 648 1564
f 648 1565 1564
f 1566 1564 652
f 1564 1565 647
f 1564 647 652
f 1569 1564 1566
f 1564 1569 1568
f 654 1568 1569
f 1568 654 1572
f 778 1564 1568
f 1567 778 1568
f 1572 1567 1568
f 1569 1566 1570
f 1569 1570 654
f 1566 1562 1570
f 208 1570 1562
f 654 1570 1571
f 1570 208 1571
f 1571 208 1659
f 1573 1571 1659
f 655 1567 1572
f 1573 1572 1571
f 1572 654 1571
f 655 1572 1573
f 655 1573 656
f 780 655 656
f 1574 633 602
f 1574 602 209
f 209 188 210
f 188 608 657
f 657 210 188
f 714 1574 1575
f 1575 1574 209
f 210 1575 209
f 52 1575 210
f 1697 1575 13
f 13 1575 52
f 1583 608 1514
f 1514 193 1576
f 1514 1576 1577
f 1583 1514 1577
f 1583 1577 1578
f 658 1535 211
f 1580 1576 658
f 1580 658 211
f 1580 1577 1576
f 1578 1577 1580
f 1581 1578 1580
f 1584 1578 1581
f 1584 1581 12
f 13 52 1582
f 663 13 1582
f 1582 52 660
f 53 1582 660
f 663 1582 53
f 52 210 660
f 660 210 659
f 210 657 659
f 657 608 1583
f 1583 659 657
f 53 660 1579
f 1579 660 1578
f 660 659 1583
f 1578 660 1583
f 53 1579 661
f 661 1579 1584
f 1584 1579 1578
f 13 663 1585
f 1585 663 1706
f 663 53 662
f 663 662 1586
f 1706 663 1586
f 1706 1586 664
f 1706 664 1589
f 53 661 662
f 662 661 1588
f 1588 661 665
f 661 1584 665
f 1584 12 665
f 1588 665 1587
f 666 1587 672
f 1590 1589 664
f 1586 662 1588
f 1590 664 666
f 664 1586 1588
f 666 664 1588
f 666 1588 1587
f 1590 666 1591
f 666 672 1591
f 1591 667 1590
f 667 1591 212
f 667 212 1592
f 1592 212 1601
f 1535 199 1593
f 1593 199 1594
f 668 1593 1595
f 199 200 1594
f 1595 1593 1594
f 670 1594 200
f 1595 1594 670
f 1596 1595 670
f 1596 670 1597
f 1617 1596 1628
f 1596 1597 1628
f 200 626 669
f 1597 670 671
f 671 200 669
f 671 670 200
f 1628 1597 1631
f 1631 1597 1598
f 1597 671 1598
f 1631 1598 1600
f 1598 671 1599
f 1600 1598 1599
f 1601 212 1602
f 212 1591 1602
f 1591 672 1610
f 1602 1591 1610
f 1602 1610 1608
f 1603 1601 1607
f 1607 1601 1602
f 1607 1602 1608
f 54 1603 1607
f 1587 665 1604
f 213 1587 1604
f 672 1587 213
f 1604 665 12
f 673 213 1605
f 213 1604 1605
f 54 1607 1609
f 1606 54 1609
f 1609 1607 1608
f 1609 1608 214
f 1610 672 213
f 214 1608 673
f 673 1608 1610
f 673 1610 213
f 1605 214 673
f 1609 214 1611
f 1606 1609 1611
f 214 1612 1614
f 214 1605 1612
f 1614 1612 1613
f 215 1606 1615
f 1606 1611 1614
f 1615 1606 1614
f 1611 214 1614
f 215 1615 674
f 1615 1614 1619
f 1615 1619 14
f 674 1615 14
f 12 1581 675
f 675 1581 676
f 1581 1580 676
f 675 676 216
f 679 675 216
f 679 216 55
f 1580 211 1616
f 211 1535 1593
f 1616 211 1593
f 1616 1593 668
f 55 216 217
f 216 676 217
f 676 1580 217
f 1616 217 1580
f 217 1616 668
f 217 668 1618
f 1618 668 1595
f 1618 1595 1596
f 55 217 1618
f 1617 55 1618
f 1617 1618 1596
f 1620 14 1619
f 1612 1605 1621
f 1613 1612 1621
f 1613 1621 1623
f 1620 1619 1623
f 1619 1614 1613
f 1623 1619 1613
f 1620 1623 1622
f 1622 1623 1630
f 1605 1604 678
f 677 1605 678
f 678 1604 675
f 1604 12 675
f 679 678 675
f 677 678 679
f 1630 1623 1624
f 1621 1605 677
f 1624 1623 1621
f 677 1624 1621
f 1625 1624 677
f 1625 677 679
f 1625 679 55
f 1630 1624 1627
f 1624 1625 1627
f 1626 1630 1627
f 1627 1625 55
f 1617 1627 55
f 1626 1627 1628
f 1627 1617 1628
f 14 1620 1629
f 14 1629 680
f 1641 14 680
f 1620 1622 1629
f 1629 1622 218
f 680 1629 218
f 1630 1626 1632
f 1626 1628 1631
f 1632 1626 1631
f 1632 1631 1600
f 218 1622 1630
f 218 1630 1632
f 1600 218 1632
f 680 218 681
f 681 218 219
f 219 218 1600
f 733 1601 1633
f 1601 1603 1633
f 1603 54 1634
f 1634 54 682
f 683 1634 682
f 220 1633 683
f 1633 1603 1634
f 683 1633 1634
f 1635 683 684
f 1635 684 56
f 1606 215 1636
f 1637 215 674
f 1637 674 1643
f 1638 1636 1637
f 1637 1636 215
f 1638 1637 687
f 1638 687 1639
f 682 54 1606
f 682 1606 1636
f 682 1636 1638
f 684 683 682
f 685 684 682
f 685 682 1638
f 1639 685 1638
f 56 684 1640
f 684 685 1640
f 686 685 1639
f 238 1640 686
f 686 1640 685
f 238 686 15
f 674 14 1641
f 674 1641 221
f 1641 680 221
f 1644 383 222
f 1642 686 1639
f 1642 1639 224
f 1642 224 223
f 15 686 1642
f 223 15 1642
f 1639 687 224
f 1643 674 221
f 224 687 1643
f 687 1637 1643
f 224 1643 221
f 224 221 383
f 688 223 1647
f 1647 223 1644
f 1644 223 224
f 383 1644 224
f 222 1647 1644
f 1647 222 2366
f 741 15 1645
f 688 15 223
f 1645 15 688
f 1645 688 1646
f 1647 2366 1648
f 1649 1647 57
f 57 1647 1648
f 1650 1646 688
f 1649 1650 688
f 1649 688 1647
f 1651 1646 1650
f 1651 1650 1743
f 1743 1650 689
f 1650 1649 690
f 690 1649 57
f 689 1650 690
f 1652 689 690
f 1743 689 1653
f 1653 689 1652
f 1653 1652 1744
f 1744 1652 764
f 1656 1573 1655
f 1654 656 1656
f 1658 1654 1656
f 1656 656 1573
f 1658 1656 1657
f 1657 1656 1655
f 691 1658 1657
f 691 1657 1661
f 208 1562 1563
f 208 1563 225
f 1663 1659 225
f 225 1659 208
f 1663 225 1682
f 58 691 1661
f 58 1661 1665
f 1661 1657 1660
f 1661 1660 1662
f 1665 1661 1662
f 1655 1573 1659
f 1663 1655 1659
f 1662 1660 1663
f 1660 1657 1655
f 1663 1660 1655
f 1662 1663 1664
f 1664 1663 1682
f 58 1665 693
f 1665 1662 1666
f 1665 1666 692
f 693 1665 692
f 1662 1664 1667
f 1666 1662 1667
f 1664 1682 1667
f 1666 1667 1668
f 226 692 1669
f 226 1669 1670
f 1669 692 1666
f 1669 1666 1668
f 1670 1669 1668
f 1756 226 1670
f 1756 1670 1671
f 1670 1668 699
f 1671 1670 699
f 1671 699 1678
f 701 1563 694
f 694 1563 207
f 701 694 1672
f 698 1561 695
f 1561 650 695
f 695 650 723
f 698 695 1673
f 1673 695 696
f 1673 696 1711
f 1672 694 1674
f 697 1672 1676
f 1676 1672 1674
f 694 207 698
f 1674 694 698
f 1673 1674 698
f 1676 1674 1675
f 1675 1674 1673
f 1675 1673 1711
f 697 1676 227
f 1684 697 227
f 1676 1675 227
f 227 1675 1711
f 1684 227 1677
f 1678 699 1679
f 1668 1667 1680
f 1679 699 1681
f 1681 699 1668
f 1681 1668 1680
f 700 1679 1681
f 700 1681 703
f 1682 225 701
f 1682 701 1683
f 701 225 1563
f 1683 701 1672
f 1683 1672 697
f 1681 1680 702
f 703 1681 702
f 703 702 704
f 1680 1667 1682
f 702 1680 1682
f 702 1682 1683
f 704 702 1684
f 1684 702 1683
f 1684 1683 697
f 228 703 704
f 1677 704 1684
f 228 704 706
f 706 704 1677
f 1678 1679 229
f 1679 700 229
f 705 229 700
f 750 229 705
f 59 703 228
f 59 228 1685
f 1685 228 706
f 59 1685 1686
f 1768 750 705
f 700 703 59
f 705 700 59
f 705 59 230
f 1768 705 230
f 1768 230 707
f 1687 1768 707
f 1687 707 760
f 708 643 709
f 1690 1688 708
f 1688 650 708
f 710 1688 1690
f 643 1548 709
f 709 1548 1689
f 1689 1693 1694
f 709 1689 1701
f 1701 1689 1694
f 1691 710 1690
f 1690 708 709
f 1691 1690 1701
f 1690 709 1701
f 710 1691 1692
f 1701 1699 1698
f 1691 1701 1698
f 1692 1691 1698
f 1693 712 1694
f 1694 712 713
f 711 712 1543
f 713 712 711
f 714 635 633
f 714 633 1574
f 716 713 1695
f 1695 713 711
f 711 1543 635
f 714 1695 711
f 714 711 635
f 1696 716 1695
f 1695 714 1697
f 1697 714 1575
f 1696 1695 1697
f 1696 1697 13
f 717 1696 13
f 16 1692 231
f 231 1692 1698
f 231 1698 1700
f 1700 1698 1699
f 1699 1701 715
f 715 1701 1694
f 715 1694 713
f 715 713 716
f 1703 1700 1702
f 1702 1700 1699
f 1702 1699 715
f 1702 715 716
f 1703 1702 1705
f 1702 716 717
f 717 716 1696
f 717 1705 1702
f 1705 717 1585
f 1585 717 13
f 231 1700 1704
f 1704 1700 718
f 1727 16 1704
f 1704 16 231
f 1727 1704 60
f 718 1703 1705
f 718 1705 232
f 232 1705 1706
f 1706 1705 1585
f 60 1704 719
f 1704 718 232
f 1700 1703 718
f 232 719 1704
f 719 232 1589
f 1589 232 1706
f 719 1589 1590
f 667 719 1590
f 1730 60 667
f 667 60 719
f 1592 1730 667
f 707 230 1707
f 61 707 1707
f 1708 59 1686
f 1685 706 1686
f 1686 706 720
f 1708 1686 720
f 1708 720 1709
f 1709 720 725
f 1707 230 1708
f 1708 230 59
f 1707 1708 721
f 721 1708 1709
f 721 1709 725
f 61 1707 722
f 721 725 1714
f 722 1707 721
f 722 721 1714
f 1677 227 1710
f 1716 1677 1710
f 227 1711 1710
f 1710 1711 1712
f 1716 1710 1719
f 1719 1710 1712
f 1719 1712 1720
f 696 695 723
f 696 723 233
f 1688 723 650
f 233 723 710
f 710 723 1688
f 233 1711 696
f 1713 1712 1711
f 233 1713 1711
f 1713 233 724
f 724 233 710
f 1720 1712 1723
f 1712 1713 234
f 1723 1712 234
f 724 710 1692
f 234 1713 724
f 234 724 1692
f 728 234 1692
f 728 1692 16
f 722 1714 729
f 729 1714 1725
f 1714 725 235
f 1725 1714 235
f 1725 235 1715
f 1715 235 62
f 725 720 726
f 725 726 236
f 720 706 1677
f 726 720 1677
f 726 1677 1716
f 1717 236 726
f 1717 726 1716
f 1717 1716 1719
f 235 725 236
f 1721 62 727
f 727 62 235
f 727 235 236
f 1721 727 1718
f 727 236 1717
f 727 1717 1719
f 1719 1718 727
f 1718 1719 1720
f 1726 62 1721
f 1726 1721 731
f 731 1721 1724
f 1721 1718 1722
f 1722 1718 1723
f 1723 1718 1720
f 728 1724 1722
f 1724 1721 1722
f 728 1722 1723
f 728 1723 234
f 730 1725 1715
f 63 729 730
f 729 1725 730
f 1724 728 1727
f 1727 728 16
f 731 1724 1727
f 1728 731 1727
f 1728 1727 60
f 63 730 732
f 730 1715 732
f 732 1715 1726
f 1726 1715 62
f 1726 1731 732
f 1731 1726 1728
f 1726 731 1728
f 63 732 1735
f 1735 732 1729
f 1729 732 1731
f 1731 1728 1730
f 1730 1728 60
f 1729 1731 733
f 733 1731 1730
f 733 1730 1592
f 733 1592 1601
f 707 61 734
f 734 760 707
f 760 734 736
f 61 722 735
f 734 61 735
f 735 722 739
f 1732 734 735
f 1732 735 1733
f 237 736 1732
f 1732 736 734
f 1733 237 1732
f 237 1733 1734
f 762 237 1734
f 722 729 739
f 729 63 737
f 739 729 737
f 737 63 1736
f 739 737 738
f 739 738 64
f 1729 733 220
f 220 733 1633
f 1735 1729 220
f 1735 220 683
f 1635 1735 683
f 738 737 1736
f 1735 1736 63
f 56 738 1736
f 1635 1736 1735
f 56 1736 1635
f 64 738 238
f 738 56 238
f 238 56 1640
f 741 238 15
f 1734 1733 1738
f 1737 1734 1738
f 1733 735 1739
f 1733 1739 64
f 739 1739 735
f 1739 739 64
f 1737 1738 740
f 740 1738 1740
f 1740 1738 64
f 64 1738 1733
f 1740 64 238
f 740 1740 741
f 741 1740 238
f 762 1734 239
f 1734 1737 239
f 1737 740 742
f 239 1737 742
f 763 239 1741
f 1741 239 1742
f 240 742 740
f 240 740 741
f 240 741 1645
f 240 1645 1646
f 1782 1741 1742
f 1742 239 742
f 1742 742 240
f 1651 1742 240
f 1651 240 1646
f 1782 1742 241
f 1742 1651 1743
f 241 1742 1743
f 241 1743 1744
f 1744 1743 1653
f 780 656 1745
f 1745 656 1654
f 1746 1745 1654
f 1654 1658 1751
f 1658 691 1748
f 1751 1658 1748
f 691 58 1747
f 1748 691 1747
f 1751 1748 1750
f 1748 1747 1749
f 1750 1748 1749
f 1750 1749 744
f 1746 1654 1751
f 1746 1751 1752
f 1752 1751 1750
f 1752 1750 744
f 1752 744 1753
f 1753 1746 1752
f 1746 1753 792
f 58 693 1762
f 692 226 1754
f 693 692 1754
f 693 1754 743
f 1762 693 1755
f 1755 693 743
f 1755 743 243
f 1671 1678 751
f 1757 1756 751
f 751 1756 1671
f 1757 751 242
f 243 743 1758
f 1754 226 1756
f 743 1754 1756
f 743 1756 1757
f 1758 743 1757
f 243 1758 1759
f 1758 1757 1760
f 1760 1757 242
f 1759 1758 1760
f 1759 1760 1763
f 792 1753 1761
f 1761 1753 744
f 1761 744 244
f 244 744 746
f 1762 1747 58
f 745 1749 1762
f 1749 1747 1762
f 745 1762 243
f 243 1762 1755
f 745 744 1749
f 746 744 745
f 746 745 243
f 244 746 747
f 746 243 1759
f 747 746 1759
f 747 1759 1763
f 792 1761 1835
f 1761 244 748
f 1835 1761 748
f 244 747 1764
f 1764 747 245
f 748 244 1764
f 748 1764 245
f 1837 748 749
f 748 245 749
f 1837 749 248
f 1678 229 750
f 1678 750 1774
f 750 1768 1766
f 1765 750 1766
f 1765 1774 750
f 1774 1765 752
f 752 1765 1766
f 752 1766 1767
f 1687 246 65
f 1767 1766 1769
f 1767 1769 65
f 1769 1766 1768
f 1687 1769 1768
f 1769 1687 65
f 1767 65 755
f 755 65 1804
f 1804 65 246
f 248 749 247
f 749 245 247
f 245 747 1770
f 1770 747 1763
f 1771 1770 1763
f 247 245 1770
f 1772 247 1770
f 1772 1770 1771
f 1772 1771 1780
f 1780 1771 753
f 1763 1760 1773
f 1773 1760 242
f 1773 242 1775
f 751 1678 1774
f 1775 242 752
f 242 751 1774
f 752 242 1774
f 1776 1780 753
f 1776 753 754
f 1771 1763 1773
f 1775 1771 1773
f 753 1771 1775
f 754 753 1775
f 754 1775 752
f 754 752 1767
f 755 754 1767
f 755 1776 754
f 757 1776 755
f 248 247 756
f 247 1772 756
f 756 1772 1780
f 756 1780 1781
f 248 756 1777
f 1780 1776 1778
f 1778 1776 757
f 757 755 1803
f 1778 757 758
f 758 757 772
f 1841 1777 1779
f 1777 756 1779
f 1781 1780 1778
f 1779 756 1781
f 758 1779 1781
f 1781 1778 758
f 1779 758 771
f 1687 760 759
f 736 237 760
f 1789 237 762
f 760 237 1789
f 759 760 761
f 1806 759 1788
f 759 761 1788
f 762 239 763
f 763 1741 1782
f 762 763 1786
f 250 1782 1784
f 241 1744 1783
f 1744 764 249
f 1783 1744 249
f 1782 241 1783
f 1784 1782 1783
f 250 1784 1785
f 1785 1784 2256
f 1783 249 2256
f 1784 1783 2256
f 1786 763 250
f 763 1782 250
f 765 1786 250
f 765 250 1785
f 765 1785 2256
f 1790 1786 1787
f 1787 1786 765
f 766 1790 1787
f 1788 761 760
f 1797 760 1789
f 1790 762 1786
f 1790 1789 762
f 1791 1789 251
f 251 1789 1790
f 251 1790 766
f 1788 760 1806
f 760 1797 252
f 1806 760 767
f 767 760 252
f 774 1806 767
f 774 767 67
f 251 766 1792
f 1791 251 1792
f 768 1791 1792
f 768 1792 66
f 1793 67 767
f 767 252 1794
f 1793 767 1795
f 1795 767 1794
f 1795 1794 1796
f 1797 1789 1791
f 768 1797 1791
f 1796 1794 768
f 1794 252 1797
f 1794 1797 768
f 1796 768 1800
f 1800 768 66
f 67 1793 769
f 1795 1796 1798
f 1793 1795 1798
f 769 1793 1799
f 1798 1796 1800
f 1800 66 1117
f 1800 1117 1801
f 1798 1800 1801
f 1799 1793 770
f 770 1793 1798
f 1801 770 1798
f 1799 770 2
f 770 1801 1802
f 2 770 1114
f 74 1779 771
f 771 758 772
f 757 1803 772
f 772 1803 253
f 773 771 772
f 253 773 772
f 773 253 1813
f 253 1804 1805
f 1805 1804 246
f 246 1687 1806
f 1806 1687 759
f 1807 1805 246
f 1807 246 1806
f 1803 755 1804
f 253 1803 1804
f 253 1805 1807
f 1813 253 1808
f 253 1807 1809
f 1809 1807 774
f 774 1807 1806
f 1809 1808 253
f 769 1809 774
f 769 774 67
f 1814 1808 1810
f 1808 1809 1811
f 1809 769 1811
f 1811 769 1799
f 1810 1808 1811
f 1810 1811 2
f 2 1811 1799
f 773 1813 1812
f 1813 1808 1814
f 1813 1814 1812
f 773 1812 254
f 1810 2 1111
f 1814 1810 1111
f 1110 1814 1111
f 775 1814 1110
f 775 1812 1814
f 1812 775 1109
f 254 1812 1109
f 254 1109 1106
f 1846 771 254
f 254 771 773
f 120 1846 254
f 120 254 2233
f 11 202 1826
f 68 11 1815
f 1815 11 1826
f 1816 50 68
f 68 50 11
f 776 1816 68
f 776 68 1815
f 1332 1816 776
f 776 1815 777
f 1332 776 1331
f 783 1331 776
f 1826 202 1817
f 1817 202 646
f 69 1559 778
f 1559 69 1818
f 1819 1559 1818
f 1817 646 1559
f 1819 1817 1559
f 1567 655 779
f 1820 1567 779
f 778 1567 1820
f 1821 655 780
f 1821 780 1833
f 1821 1833 1881
f 69 1820 781
f 779 655 1821
f 781 1820 779
f 781 779 1821
f 781 1821 1881
f 255 69 1879
f 69 781 782
f 781 1881 782
f 69 782 1822
f 1819 1818 255
f 255 1823 1819
f 1823 255 1824
f 69 778 1820
f 1818 69 255
f 1823 1824 70
f 255 1879 1824
f 1824 1879 818
f 1824 818 256
f 256 70 1824
f 70 256 1876
f 257 70 1876
f 783 776 1825
f 777 1825 776
f 1825 777 258
f 258 777 784
f 1815 1826 1827
f 1827 1826 1817
f 1827 1817 1819
f 1823 1827 1819
f 258 784 70
f 784 777 1827
f 1827 777 1815
f 70 784 1823
f 1823 784 1827
f 1829 258 1828
f 258 70 1828
f 257 1828 70
f 785 1828 257
f 783 1825 258
f 783 258 71
f 423 783 71
f 71 258 788
f 424 71 1830
f 1829 1828 786
f 788 1829 786
f 1859 1828 785
f 1859 786 1828
f 787 786 1859
f 1831 786 787
f 1830 71 788
f 788 258 1829
f 1831 1830 788
f 72 1830 789
f 789 1830 1831
f 1831 788 786
f 789 1831 787
f 424 1830 72
f 427 72 1832
f 790 789 805
f 789 1832 72
f 1832 789 790
f 429 1832 791
f 1856 1832 790
f 791 1832 1856
f 780 1745 1833
f 1745 1746 1834
f 1833 1745 1834
f 1834 1746 792
f 1834 792 259
f 815 1834 259
f 792 1835 1836
f 1835 748 1837
f 1836 1835 1837
f 1837 248 1838
f 1836 1837 1838
f 794 1836 1838
f 1836 259 792
f 794 259 1836
f 73 259 1839
f 1839 259 794
f 1840 1839 1844
f 248 1777 1841
f 793 248 1841
f 793 1841 1842
f 1838 793 1842
f 1841 1779 74
f 1843 1842 1841
f 795 794 1838
f 1838 248 793
f 1843 1838 1842
f 799 1838 1843
f 1839 794 1844
f 1844 794 795
f 1838 799 795
f 822 795 1845
f 1845 795 75
f 74 771 1846
f 74 1846 260
f 796 1846 120
f 796 120 1330
f 796 1330 1847
f 797 74 260
f 260 1846 796
f 796 1847 260
f 74 797 801
f 1848 797 1847
f 797 260 1847
f 802 1845 75
f 261 802 75
f 75 795 799
f 75 799 798
f 798 799 800
f 261 75 798
f 261 798 1849
f 798 1851 1849
f 799 1843 1841
f 799 1841 800
f 800 1841 74
f 1851 798 800
f 801 1851 800
f 801 800 74
f 1851 801 1848
f 76 1851 1848
f 1848 801 797
f 1848 1847 417
f 76 1848 417
f 803 261 1849
f 836 261 803
f 803 1850 804
f 1849 1851 1853
f 1853 1851 76
f 1853 76 1852
f 1853 1852 2500
f 1854 1853 2500
f 262 804 1850
f 803 1849 1850
f 1850 1849 1853
f 262 1850 1853
f 1854 262 1853
f 1324 1854 2500
f 1855 263 1854
f 263 262 1854
f 1855 1854 1324
f 841 263 1855
f 478 791 1856
f 478 1856 270
f 1856 1857 1858
f 270 1856 1858
f 1857 790 805
f 805 789 787
f 806 805 1864
f 1857 805 806
f 1856 790 1857
f 1858 1857 806
f 1903 1858 17
f 1858 806 1862
f 806 809 1862
f 17 1858 1862
f 1861 1864 787
f 1888 785 1860
f 1861 1859 1888
f 1888 1859 785
f 1861 787 1859
f 807 1861 1888
f 808 1861 807
f 807 1888 1887
f 807 1887 826
f 827 807 826
f 808 807 827
f 808 827 1867
f 17 1862 1863
f 1862 809 1865
f 1865 1863 1862
f 1863 1865 77
f 809 806 1864
f 805 787 1864
f 77 1865 1866
f 1865 809 1866
f 1866 809 1864
f 1866 1864 1861
f 1866 1861 808
f 1867 1866 808
f 17 1863 1868
f 264 1863 77
f 264 1868 1863
f 77 1866 1869
f 1866 1867 1869
f 1869 1867 1870
f 77 1869 1871
f 1871 1869 810
f 78 264 1872
f 1872 264 77
f 1872 77 1871
f 811 1872 1871
f 78 1872 1873
f 1910 78 1873
f 811 1871 812
f 1873 1872 811
f 1873 811 1885
f 1873 1885 1909
f 785 257 1874
f 257 1876 1874
f 1889 1874 1891
f 1874 1875 1891
f 1876 256 1877
f 1877 256 818
f 1875 1874 1876
f 1875 1876 816
f 816 1876 1877
f 816 1877 817
f 1891 1875 816
f 1878 1891 816
f 1878 816 265
f 1878 265 1893
f 1879 69 814
f 1879 814 819
f 1822 782 813
f 1822 813 1880
f 814 69 1822
f 1880 814 1822
f 814 1880 79
f 819 814 79
f 1882 1881 1833
f 1882 1833 815
f 815 1833 1834
f 73 815 259
f 813 782 1881
f 813 1881 1882
f 813 1882 815
f 1880 813 73
f 73 813 815
f 1880 73 1840
f 1840 73 1839
f 79 1880 1840
f 79 1840 1844
f 265 816 817
f 265 817 1884
f 1877 818 819
f 818 1879 819
f 1883 817 1877
f 1883 1877 819
f 1883 819 79
f 1844 1883 79
f 1893 265 820
f 817 1883 1884
f 820 265 1884
f 822 1883 1844
f 822 1844 795
f 821 820 822
f 820 1884 822
f 1884 1883 822
f 1845 821 822
f 802 821 1845
f 830 1885 266
f 1885 811 812
f 1885 812 266
f 830 266 823
f 810 1869 1870
f 267 810 1870
f 1894 267 1870
f 266 812 267
f 812 1871 810
f 267 812 810
f 267 823 266
f 823 267 825
f 267 1894 824
f 825 267 824
f 825 824 1886
f 834 825 1886
f 1890 826 1887
f 1887 1888 1889
f 1860 785 1874
f 1889 1888 1860
f 1860 1874 1889
f 268 1890 1892
f 1890 1887 1889
f 1889 1892 1890
f 1891 1892 1889
f 1892 1891 1878
f 268 1892 1893
f 1893 1892 1878
f 1886 824 80
f 1894 1870 828
f 1870 1867 827
f 828 1870 827
f 828 827 826
f 1890 1894 828
f 1890 828 826
f 80 824 1894
f 268 80 1894
f 268 1894 1890
f 1895 80 268
f 1893 1895 268
f 834 1886 829
f 1886 80 1896
f 829 1886 1896
f 829 1896 81
f 80 1895 1896
f 820 1895 1893
f 1895 820 1897
f 81 1896 1897
f 1897 1896 1895
f 821 1897 820
f 81 1897 821
f 81 821 802
f 1909 1885 1898
f 1885 830 1898
f 1920 1898 832
f 832 1898 830
f 823 825 838
f 838 834 831
f 838 825 834
f 838 830 823
f 838 832 830
f 837 832 838
f 848 832 833
f 833 832 837
f 834 829 269
f 834 269 831
f 829 81 269
f 269 836 835
f 81 802 261
f 836 81 261
f 836 269 81
f 835 836 1899
f 836 803 804
f 1899 836 804
f 833 837 1900
f 1900 837 839
f 835 838 831
f 835 831 269
f 1899 1900 839
f 1899 839 835
f 837 838 835
f 835 839 837
f 840 833 1900
f 1900 1899 842
f 1923 1900 842
f 1923 842 841
f 1899 804 262
f 1899 262 263
f 842 1899 263
f 841 842 263
f 270 1901 478
f 270 1858 1903
f 1903 17 1902
f 1904 1903 1902
f 843 1903 1904
f 1901 270 271
f 271 270 1903
f 1905 271 843
f 843 271 1903
f 1901 271 1905
f 1347 1901 1905
f 1905 843 272
f 1347 1905 1348
f 1348 1905 1912
f 17 1868 1902
f 1902 1868 1907
f 264 78 1906
f 1906 1868 264
f 1907 1868 1906
f 82 1907 1906
f 1908 78 1910
f 1910 1873 1909
f 844 1908 1910
f 1908 844 845
f 845 844 857
f 1906 78 1908
f 82 1906 845
f 1906 1908 845
f 1911 845 857
f 82 845 1911
f 1917 82 1918
f 1918 82 1911
f 1918 1911 855
f 1912 1905 1913
f 450 1912 1913
f 1913 1905 272
f 843 1904 1914
f 272 843 1914
f 1914 1904 1902
f 1907 1914 1902
f 272 1914 1915
f 1915 1914 1907
f 1915 1907 82
f 1916 1913 272
f 1915 1916 272
f 1916 1915 82
f 1913 1916 847
f 847 1916 1917
f 1917 1916 82
f 847 1917 1918
f 846 450 1913
f 1350 450 846
f 847 1918 275
f 1919 846 847
f 847 275 1919
f 1350 846 126
f 846 1913 847
f 126 846 1919
f 126 1919 1928
f 126 1928 1353
f 451 126 1353
f 1909 1898 1933
f 1933 1898 1920
f 1933 1920 1922
f 848 833 849
f 1922 1920 1921
f 1920 832 848
f 1921 1920 848
f 1921 848 849
f 1922 1921 273
f 1922 273 1936
f 1921 849 273
f 273 849 850
f 273 850 274
f 859 273 274
f 840 1900 1923
f 840 1923 83
f 1923 841 1855
f 1923 1855 1924
f 1924 83 1923
f 862 859 274
f 850 849 1925
f 274 850 1925
f 851 274 1925
f 274 851 1926
f 849 833 840
f 1925 849 840
f 851 840 83
f 851 1925 840
f 852 851 83
f 862 274 1926
f 1926 851 1927
f 1927 862 1926
f 851 852 1266
f 1266 1927 851
f 853 1927 3
f 3 1927 1266
f 1353 1928 1942
f 1942 1928 863
f 1928 1919 1929
f 1929 1919 275
f 1929 275 1930
f 275 1918 855
f 1930 275 860
f 1930 860 84
f 1931 1928 854
f 1930 1928 1929
f 1930 854 1928
f 854 1930 84
f 863 1928 1931
f 854 84 1938
f 854 1938 1931
f 1931 1938 1941
f 1932 1911 857
f 855 1911 1932
f 856 855 1932
f 857 844 858
f 844 1910 1933
f 1933 1910 1909
f 858 844 1933
f 858 1933 1922
f 1934 856 1935
f 856 1932 1935
f 1935 1932 857
f 858 1935 857
f 1934 1935 1936
f 1935 858 1936
f 858 1922 1936
f 859 1934 1936
f 1936 273 859
f 85 1941 1937
f 275 855 860
f 856 860 855
f 1939 860 856
f 1941 1938 1937
f 1937 1938 1939
f 1938 84 860
f 1939 1938 860
f 85 1937 861
f 1937 1939 861
f 861 1939 1934
f 1939 856 1934
f 862 861 859
f 861 1934 859
f 1940 1941 86
f 1941 85 86
f 853 85 861
f 853 861 862
f 853 862 1927
f 3 86 853
f 86 85 853
f 457 1942 863
f 1355 863 1943
f 863 1931 864
f 1931 1941 864
f 1943 863 864
f 1941 1940 864
f 864 1940 865
f 865 1940 86
f 86 3 865
f 865 3 2449
f 1943 866 1356
f 866 864 865
f 866 1943 864
f 867 866 865
f 868 1356 866
f 868 866 867
f 2446 868 867
f 869 87 946
f 1945 869 879
f 879 869 1944
f 869 97 1944
f 391 87 1945
f 1945 87 869
f 1945 879 1953
f 391 1945 1953
f 391 1950 1216
f 97 870 871
f 278 872 1946
f 871 870 872
f 871 872 278
f 18 871 278
f 873 1946 276
f 874 1946 873
f 276 1947 1987
f 1987 1947 283
f 873 276 1987
f 874 873 279
f 873 1987 875
f 279 873 875
f 277 18 278
f 874 278 1946
f 279 277 874
f 874 277 278
f 18 277 281
f 281 277 1949
f 1955 281 1949
f 279 875 1948
f 277 279 1948
f 277 1948 1949
f 1949 1948 876
f 1951 1950 391
f 282 1950 1951
f 1951 391 1953
f 877 282 1951
f 878 877 1951
f 879 1944 880
f 1944 97 871
f 880 1944 871
f 880 871 18
f 881 880 18
f 885 878 1952
f 1953 879 880
f 1954 1952 280
f 1952 878 280
f 280 878 1953
f 878 1951 1953
f 880 280 1953
f 1954 280 281
f 281 280 881
f 881 280 880
f 281 881 18
f 885 1952 883
f 1952 1954 883
f 1955 1954 281
f 883 1954 1955
f 1216 1950 282
f 882 1216 282
f 882 282 877
f 882 877 884
f 1955 1956 1957
f 1958 885 1957
f 883 1955 1957
f 1957 885 883
f 1958 1957 1980
f 1958 1980 19
f 1959 882 884
f 877 878 885
f 885 884 877
f 886 884 1958
f 1958 884 885
f 1959 884 886
f 1959 886 888
f 886 1958 1960
f 887 1958 19
f 1960 1958 887
f 1960 888 886
f 888 1960 1978
f 888 1978 1961
f 889 888 1961
f 1947 1036 283
f 88 283 1036
f 88 1036 890
f 891 890 1036
f 891 896 890
f 2133 1037 284
f 284 341 893
f 284 893 1962
f 1041 1053 894
f 894 1963 1041
f 1964 1963 894
f 1962 893 895
f 893 341 1963
f 895 893 1963
f 895 1963 1964
f 1962 895 1966
f 895 1964 902
f 1966 895 902
f 892 890 896
f 891 2133 1965
f 1965 2133 284
f 1966 896 1965
f 1965 896 891
f 1965 284 1962
f 1966 1965 1962
f 1966 902 901
f 892 896 1968
f 1968 896 1966
f 1967 892 1968
f 1966 901 1968
f 1968 901 897
f 897 1989 1968
f 1989 897 1995
f 1053 346 1970
f 904 1053 1970
f 899 1970 346
f 905 1970 899
f 898 346 348
f 898 39 162
f 905 899 285
f 899 346 898
f 285 899 898
f 1403 285 898
f 905 285 1398
f 1398 285 286
f 286 285 1403
f 1995 897 900
f 900 897 1969
f 1969 906 89
f 1969 897 901
f 89 900 1969
f 900 89 1972
f 906 1964 903
f 906 902 1964
f 1964 894 904
f 1964 904 903
f 904 894 1053
f 1971 906 903
f 1971 903 1970
f 1970 903 904
f 1971 1970 905
f 287 900 1972
f 1969 901 906
f 906 901 902
f 1972 89 906
f 1971 1972 906
f 1972 1971 905
f 1398 287 1972
f 1398 1972 905
f 1995 900 907
f 1973 907 900
f 1973 900 1974
f 926 907 1973
f 1997 1973 1975
f 1976 287 1398
f 1976 1398 145
f 1973 1974 1975
f 1975 1974 908
f 1974 900 287
f 1974 287 1976
f 1976 908 1974
f 908 1976 145
f 503 1975 908
f 1977 1975 503
f 908 145 1395
f 503 908 1395
f 1977 503 1367
f 909 1961 1978
f 1978 1960 887
f 911 1978 887
f 887 19 1981
f 911 887 1981
f 909 1978 911
f 909 911 928
f 928 911 288
f 1979 19 1980
f 1980 1957 1956
f 1956 1955 916
f 1980 1956 910
f 913 1979 1980
f 913 1980 910
f 1990 913 910
f 288 911 912
f 1981 19 1979
f 912 1982 288
f 912 911 1981
f 913 912 1981
f 913 1981 1979
f 1982 912 913
f 2003 928 288
f 288 1982 914
f 2003 288 914
f 2003 914 289
f 1982 913 1983
f 1982 1983 914
f 1983 913 1991
f 289 914 915
f 914 1983 915
f 290 289 915
f 290 915 1984
f 1955 1949 916
f 916 1949 876
f 916 1986 922
f 1985 1948 875
f 1985 876 1948
f 1985 1986 916
f 1985 916 876
f 1986 1985 291
f 1986 291 918
f 1986 918 1993
f 292 875 1987
f 919 875 292
f 919 292 917
f 292 1987 88
f 88 1987 283
f 292 88 890
f 917 292 890
f 917 890 892
f 1988 918 291
f 291 1985 919
f 919 1985 875
f 1988 291 919
f 917 1988 919
f 293 1988 917
f 892 293 917
f 918 1988 920
f 920 1988 293
f 1993 918 920
f 293 892 1967
f 1989 920 293
f 1989 293 1967
f 1989 1967 1968
f 298 1989 1995
f 915 1983 294
f 1984 915 294
f 294 1983 1991
f 921 1984 294
f 921 294 295
f 296 921 295
f 1991 913 1990
f 1991 1990 297
f 910 1956 916
f 297 1990 90
f 90 1990 922
f 1990 910 922
f 922 910 916
f 90 922 1986
f 1993 90 1986
f 923 296 295
f 923 295 1992
f 1992 294 297
f 297 294 1991
f 295 294 1992
f 923 1992 1993
f 1992 297 1993
f 1993 297 90
f 296 923 91
f 91 923 1994
f 920 923 1993
f 1989 1994 923
f 1989 923 920
f 91 1994 298
f 1994 1989 298
f 939 1984 925
f 925 1984 921
f 921 296 924
f 925 921 924
f 1998 925 924
f 303 925 1998
f 296 91 924
f 924 91 1996
f 91 298 1995
f 1996 91 1995
f 907 1996 1995
f 1996 926 1997
f 926 1996 907
f 1997 926 1973
f 303 1998 927
f 1998 924 1996
f 1999 92 927
f 927 1998 1999
f 1999 1998 1996
f 92 1997 1975
f 1999 1996 1997
f 92 1999 1997
f 303 927 2000
f 927 92 2000
f 1977 92 1975
f 2011 2000 1977
f 1977 2000 92
f 2011 1977 1367
f 889 1961 1231
f 1231 1961 2001
f 1961 909 2001
f 2001 909 928
f 2001 928 299
f 1232 2001 2002
f 299 2002 2001
f 1232 2002 300
f 2002 299 931
f 300 2002 931
f 933 928 2003
f 2003 289 929
f 933 2003 929
f 289 290 2004
f 2004 290 930
f 933 929 934
f 934 929 301
f 2004 929 289
f 929 2004 301
f 934 301 2008
f 2005 931 302
f 299 928 933
f 2005 302 932
f 302 931 299
f 302 299 933
f 933 932 302
f 2005 932 2006
f 932 933 934
f 2006 932 934
f 2008 2006 934
f 2007 931 2005
f 935 2007 2005
f 935 2005 2006
f 2009 2008 936
f 2006 2008 2009
f 937 935 2006
f 938 937 2006
f 938 2006 2009
f 937 938 2443
f 939 925 303
f 93 939 303
f 303 2000 2010
f 2010 2000 2011
f 1364 2011 1367
f 2010 2011 1364
f 304 93 941
f 941 93 305
f 940 941 305
f 2010 305 303
f 305 93 303
f 2010 940 305
f 940 2010 1364
f 942 940 1364
f 941 940 942
f 2443 938 2012
f 938 2009 2012
f 2443 2012 943
f 2012 2009 936
f 943 2012 936
f 2015 943 94
f 936 2008 301
f 936 301 2013
f 301 2004 930
f 2013 301 930
f 290 1984 939
f 939 930 290
f 306 2013 2014
f 930 2014 2013
f 2014 930 939
f 93 2014 939
f 306 2014 304
f 304 2014 93
f 94 943 306
f 943 936 306
f 306 936 2013
f 94 306 304
f 2015 94 1361
f 94 304 941
f 1361 94 941
f 1361 941 942
f 2443 943 944
f 1244 944 307
f 944 943 2015
f 307 944 2015
f 95 2015 1361
f 461 95 1361
f 307 2015 95
f 945 307 95
f 2016 945 95
f 20 307 945
f 2016 95 461
f 2016 461 458
f 458 945 2016
f 1246 945 458
f 87 308 946
f 946 308 309
f 2161 947 96
f 309 2161 96
f 309 96 948
f 308 2161 309
f 946 2017 97
f 869 946 97
f 946 309 2017
f 309 948 2017
f 2017 948 2031
f 4 98 2018
f 2185 1077 2024
f 98 2185 2024
f 949 98 2024
f 949 2018 98
f 2030 2018 2019
f 2018 949 2019
f 2019 949 953
f 1077 950 2024
f 2021 2024 950
f 951 99 2020
f 2020 99 2038
f 951 2020 100
f 2021 951 2022
f 951 950 99
f 2021 950 951
f 2022 951 100
f 952 2021 2022
f 952 2022 2023
f 2022 310 2023
f 2027 953 949
f 2025 949 2024
f 2025 2024 2021
f 952 2027 2025
f 2025 2027 949
f 952 2025 2021
f 2026 2027 952
f 2026 952 2023
f 953 2027 2028
f 953 2028 2033
f 2026 2023 999
f 1001 2026 999
f 2033 2028 954
f 2028 2027 2026
f 2028 2026 1001
f 954 2028 1001
f 954 1001 955
f 954 955 2097
f 2034 954 2097
f 870 97 2029
f 97 2017 2029
f 2029 2017 2031
f 958 948 2030
f 96 947 4
f 2030 96 4
f 2030 4 2018
f 2030 948 96
f 958 2030 2019
f 956 2029 957
f 2029 2031 2032
f 948 2032 2031
f 958 2032 948
f 2032 957 2029
f 957 2032 958
f 957 958 2033
f 2033 958 2019
f 2033 2019 953
f 959 956 957
f 959 957 2033
f 2034 959 2033
f 960 959 2034
f 2033 954 2034
f 870 2029 311
f 2029 956 311
f 870 311 963
f 872 870 963
f 1946 872 963
f 311 956 959
f 959 961 962
f 2034 2097 2035
f 2035 960 2034
f 960 2035 327
f 961 959 960
f 961 960 327
f 992 962 961
f 962 992 2037
f 2037 992 2090
f 1946 963 101
f 101 963 2036
f 2036 963 311
f 2036 311 959
f 2036 959 962
f 2037 2036 962
f 276 1946 101
f 101 2036 964
f 2036 2037 964
f 964 2037 2090
f 276 101 964
f 276 964 1947
f 312 2040 965
f 965 2040 2041
f 1167 2340 313
f 966 1167 313
f 966 313 967
f 2042 965 2041
f 2040 2039 2041
f 2041 2039 966
f 2041 966 967
f 2042 2041 314
f 2042 314 2102
f 314 2041 968
f 2041 967 968
f 314 968 315
f 2102 314 315
f 2340 2355 2048
f 2048 2355 969
f 969 102 2043
f 2048 969 2043
f 2048 2043 970
f 102 2044 2045
f 2044 2376 2045
f 2046 970 2043
f 2043 102 2045
f 2046 2043 2047
f 2047 2043 2045
f 970 2046 974
f 974 2046 316
f 2046 2047 316
f 316 2047 971
f 974 316 972
f 2107 315 2053
f 2053 315 973
f 973 315 968
f 968 967 2051
f 2051 967 313
f 2051 313 2049
f 313 2340 2048
f 2049 313 2048
f 2049 2048 970
f 2050 2053 973
f 973 968 2051
f 2050 973 2051
f 2050 2051 2049
f 2050 2049 970
f 2053 2050 2052
f 2050 970 974
f 2052 2050 974
f 2052 974 317
f 317 974 972
f 2107 2053 977
f 975 2053 2052
f 975 2052 976
f 2052 317 976
f 978 977 975
f 975 977 2053
f 318 977 978
f 978 975 976
f 318 978 979
f 2054 980 982
f 981 2054 982
f 980 390 982
f 2057 982 390
f 981 982 2055
f 2069 981 2055
f 2055 982 2056
f 2055 2056 322
f 2059 2058 1212
f 983 322 2056
f 319 2056 982
f 319 983 2056
f 982 2057 2058
f 319 982 2058
f 624 983 319
f 2059 319 2058
f 624 319 2059
f 985 983 2060
f 2060 983 320
f 320 983 624
f 320 624 1539
f 2060 320 1539
f 2060 1539 621
f 979 978 2062
f 2061 979 2062
f 978 976 2062
f 2062 976 2063
f 2061 2062 103
f 103 2062 2063
f 976 317 984
f 2063 976 984
f 317 972 2066
f 984 317 2066
f 321 103 2063
f 321 2063 984
f 103 321 2064
f 321 984 2065
f 2065 984 2070
f 2065 2064 321
f 2075 2064 2065
f 2075 2065 21
f 2066 972 316
f 2066 316 971
f 2066 971 2067
f 2047 2045 2068
f 2045 2376 2054
f 2054 2068 2045
f 2068 2054 981
f 2067 971 2068
f 971 2047 2068
f 2069 2067 2068
f 2069 2068 981
f 2071 2067 2069
f 2071 2069 322
f 322 2069 2055
f 21 2065 2072
f 2065 2070 2072
f 2070 984 2066
f 2070 2066 2071
f 2071 2066 2067
f 2071 2072 2070
f 2072 2071 985
f 985 2071 322
f 21 2072 2073
f 2073 2072 985
f 985 322 983
f 2074 2073 985
f 2074 985 2060
f 621 2080 2074
f 621 2074 2060
f 979 2061 2124
f 323 2124 2061
f 323 2061 987
f 103 2064 986
f 324 986 2075
f 986 2064 2075
f 324 2075 990
f 2076 324 990
f 2061 103 986
f 2076 987 986
f 987 2061 986
f 2076 986 324
f 2077 2076 989
f 2077 987 2076
f 21 2073 2075
f 2075 2073 2079
f 2073 2074 2078
f 2079 2073 2078
f 2079 2078 988
f 990 2079 988
f 2078 2074 2080
f 2080 621 1526
f 2082 988 325
f 325 988 2078
f 2080 325 2078
f 2082 325 1527
f 2082 1527 104
f 990 2075 2079
f 2081 990 2082
f 2082 990 988
f 989 2076 2081
f 2081 2076 990
f 104 989 2081
f 2082 104 2081
f 2077 989 1030
f 1030 989 2083
f 989 104 2083
f 1030 2083 326
f 326 2083 2084
f 1034 326 2084
f 2083 104 1523
f 2084 2083 195
f 1947 964 2085
f 2085 964 2090
f 991 2085 2090
f 2130 1947 2085
f 991 2130 2085
f 2130 991 2093
f 2090 992 2087
f 992 961 327
f 992 327 2087
f 327 2035 993
f 2035 2086 105
f 105 993 2035
f 994 2087 993
f 327 993 2087
f 2088 993 105
f 994 993 2088
f 994 2088 995
f 994 995 2089
f 996 2093 2091
f 991 2090 2091
f 2091 2090 2087
f 2093 991 2091
f 2092 996 2091
f 997 996 2092
f 2091 2087 994
f 994 2092 2091
f 2092 994 2089
f 2093 996 2094
f 328 2093 2094
f 996 997 2094
f 328 2094 2095
f 2095 2094 997
f 2109 2092 2089
f 997 2092 2109
f 997 2109 2096
f 997 998 2095
f 998 997 2096
f 955 2098 2097
f 2097 2098 2086
f 1001 999 2099
f 2099 999 1000
f 2099 1000 1003
f 2111 2098 2100
f 2098 955 2100
f 2100 955 1001
f 2100 1001 2099
f 1003 2100 2099
f 2111 2100 1002
f 1002 2100 1003
f 22 1002 2101
f 2023 310 1004
f 2022 100 310
f 1004 310 1005
f 1005 310 106
f 312 2020 2038
f 312 2038 2040
f 1006 100 312
f 312 100 2020
f 312 965 2042
f 1006 106 310
f 1006 310 100
f 1006 312 2042
f 106 1006 2102
f 106 2102 1007
f 2102 1006 2042
f 1007 2102 315
f 1002 1003 2105
f 2105 2101 1002
f 2103 2101 2105
f 999 2023 1004
f 1000 999 1004
f 1005 1000 1004
f 2106 1000 1005
f 2103 2105 2106
f 2104 2103 2106
f 2105 1003 2106
f 2106 1003 1000
f 2104 2106 106
f 106 2106 1005
f 2103 2104 2108
f 1007 2104 106
f 2107 2104 1007
f 2107 1007 315
f 22 2101 2115
f 2115 2101 329
f 2115 329 1008
f 2101 2103 329
f 329 2103 2108
f 1008 329 1010
f 2108 2104 1009
f 1009 2104 2107
f 1009 2107 977
f 1010 329 2108
f 1010 2108 1009
f 1010 1009 318
f 1009 977 318
f 1023 1010 318
f 1023 318 979
f 2134 998 330
f 2116 2134 330
f 998 2096 330
f 2116 330 1013
f 2096 2109 2110
f 2109 2089 2110
f 330 2096 2110
f 2110 1013 330
f 1011 1013 2110
f 1011 2110 1014
f 1013 1012 2118
f 1012 1011 1014
f 1012 1013 1011
f 1015 2088 105
f 995 2088 1015
f 995 1015 1016
f 2086 2035 2097
f 1016 1015 1017
f 1017 1015 105
f 1017 105 2086
f 1017 2086 2098
f 2111 1017 2098
f 1016 1017 331
f 331 1017 1018
f 1018 1017 2111
f 1018 2111 1002
f 331 1018 1019
f 1019 1018 22
f 1018 1002 22
f 23 1012 1020
f 1020 1012 2112
f 2112 1012 1014
f 332 2112 1014
f 2114 1014 2110
f 2110 2089 995
f 2114 2110 995
f 1016 2114 995
f 332 1014 2113
f 1019 332 2113
f 2113 1014 2114
f 2113 2114 1016
f 2113 1016 331
f 1019 2113 331
f 2115 1019 22
f 1020 2112 332
f 1021 1020 332
f 1021 332 107
f 1022 332 1019
f 333 1022 1008
f 1022 1019 1008
f 1008 1019 2115
f 333 1008 1010
f 107 332 1022
f 333 107 1022
f 107 333 1023
f 1027 107 1023
f 1023 333 1010
f 2116 1013 2117
f 2116 2117 2122
f 1024 2116 2122
f 2118 1012 1025
f 1025 1012 23
f 1025 2119 2120
f 2120 2122 2117
f 2117 1013 2118
f 2120 2117 2121
f 2121 2117 2118
f 2121 2118 1025
f 2120 2121 1025
f 24 2122 2123
f 2123 2122 2120
f 23 1020 1021
f 1021 107 334
f 23 1021 334
f 1026 23 334
f 2127 23 1026
f 323 107 1027
f 1027 1023 2124
f 2124 1023 979
f 323 1027 2124
f 1026 334 1028
f 2125 1026 1028
f 1028 334 323
f 323 334 107
f 2125 1028 987
f 987 1028 323
f 2128 1026 2125
f 2129 2128 2125
f 2129 2125 987
f 2129 987 2077
f 335 24 2123
f 2123 2120 1029
f 2123 1029 2126
f 2126 335 2123
f 2127 1025 23
f 2119 1025 2127
f 2128 2127 1026
f 337 2126 1029
f 337 1029 336
f 1029 2120 2119
f 1029 2119 2127
f 336 1029 2127
f 336 2127 2128
f 2129 337 336
f 2129 336 2128
f 337 2129 1030
f 1030 2129 2077
f 1045 24 335
f 335 2126 1031
f 335 1031 338
f 1032 1045 335
f 1032 335 338
f 2126 337 1031
f 1031 337 1033
f 337 1030 1033
f 1033 1030 326
f 1034 1033 326
f 339 1032 338
f 339 338 1034
f 338 1031 1033
f 1034 338 1033
f 1035 1034 2084
f 339 1034 1035
f 339 1035 559
f 1947 2130 1036
f 2130 2093 2131
f 2131 2093 2132
f 2132 2093 1038
f 2131 1036 2130
f 2132 1036 2131
f 891 1036 2132
f 891 2132 2133
f 2132 1037 2133
f 2093 328 1038
f 1038 328 2141
f 328 2095 2136
f 2141 328 2136
f 2136 998 2135
f 2135 998 2134
f 2141 2136 1039
f 2136 2095 998
f 1039 2136 2135
f 2137 1039 2135
f 2141 1039 2138
f 340 1039 2137
f 2138 1039 340
f 2142 2138 340
f 1037 2132 1040
f 2139 1037 1040
f 2139 1040 2140
f 2141 2132 1038
f 1040 2132 2141
f 2140 1040 2141
f 2140 2141 2138
f 1037 2139 284
f 284 2139 341
f 2140 2138 2143
f 2143 2138 2142
f 2143 2142 2151
f 2143 2151 1041
f 341 2139 2143
f 2139 2140 2143
f 1041 341 2143
f 1963 341 1041
f 2134 2116 343
f 343 2116 1024
f 342 1024 2122
f 1042 343 1024
f 1042 1024 342
f 2122 24 344
f 344 24 2144
f 344 2144 2147
f 2154 1042 1044
f 1042 342 1043
f 1044 1042 1043
f 342 2122 344
f 1044 1043 344
f 1043 342 344
f 1044 344 2147
f 1051 1044 2147
f 2145 1044 1051
f 1046 1045 1032
f 1047 339 559
f 1046 1032 339
f 1046 339 1047
f 1047 1048 1046
f 1048 1047 2146
f 108 1046 1048
f 1048 2146 556
f 108 1048 556
f 1049 1051 2147
f 2147 2144 1050
f 2144 24 1045
f 1050 2144 1045
f 1050 1045 1046
f 108 1050 1046
f 108 1052 1049
f 1050 1049 2147
f 108 1049 1050
f 1052 108 2148
f 2148 108 556
f 1051 1049 1052
f 2149 1052 2150
f 1052 2148 551
f 2150 1052 551
f 1053 1041 2151
f 1053 2151 2152
f 1053 2152 345
f 2156 340 1055
f 2156 1054 2153
f 2137 2135 2155
f 2135 2134 343
f 2155 2135 343
f 2154 2155 343
f 2154 343 1042
f 1054 2156 1055
f 340 2137 2155
f 1055 340 2155
f 1054 1055 2155
f 2154 1054 2155
f 2153 1054 2145
f 1054 2154 2145
f 2145 2154 1044
f 2153 2145 1051
f 2152 2151 2156
f 2151 2142 2156
f 2156 2142 340
f 2153 2152 2156
f 2149 345 2153
f 2153 345 2152
f 1051 2149 2153
f 2149 1051 1052
f 2150 345 2149
f 1053 345 346
f 346 345 1056
f 345 2150 547
f 1056 348 346
f 547 1056 345
f 348 1056 347
f 347 1056 547
f 898 348 39
f 87 2157 308
f 308 2157 2158
f 2159 2158 1057
f 1058 308 2158
f 1058 2158 2159
f 2160 1058 2159
f 308 1058 2161
f 2161 1058 2160
f 2173 2161 2160
f 947 2161 2173
f 1059 395 2162
f 2162 395 2425
f 2425 1060 2169
f 109 2425 2169
f 2162 2425 109
f 2162 109 1069
f 1060 2431 1061
f 1061 2431 2165
f 2164 2163 1062
f 349 2165 2164
f 2165 2163 2164
f 2166 349 2164
f 1064 1061 350
f 350 1061 2165
f 350 2165 349
f 2166 350 349
f 1064 350 1065
f 350 2166 2167
f 2167 2166 2283
f 1065 350 2167
f 1065 2167 2168
f 2168 2167 2283
f 1069 109 351
f 351 109 2169
f 2169 1060 1061
f 2169 1061 1064
f 1063 351 2169
f 1064 1063 2169
f 1063 1064 1065
f 1063 1065 2170
f 2170 1065 2168
f 1069 351 2179
f 351 1063 2171
f 2179 351 2171
f 2179 2171 2182
f 1066 2170 1131
f 2182 2171 1066
f 2171 1063 2170
f 2170 1066 2171
f 2182 1066 2183
f 2183 1066 2172
f 2172 1066 1131
f 947 2173 2176
f 2174 2173 2160
f 2174 2160 352
f 2176 2173 2174
f 2175 2174 2177
f 2175 2176 2174
f 2176 2175 2187
f 2187 2175 354
f 2160 2159 352
f 352 2159 1068
f 2159 1057 1068
f 1067 1057 1059
f 1067 1059 2162
f 1068 1057 1067
f 1068 1067 2162
f 353 1068 1069
f 1069 1068 2162
f 354 2175 1070
f 2175 2177 1070
f 1070 2177 353
f 2174 352 2177
f 2177 352 1068
f 1068 353 2177
f 354 1070 2180
f 2178 354 2180
f 1070 353 2180
f 2179 353 1069
f 2180 353 2179
f 2181 2178 2180
f 2182 2181 2180
f 2182 2180 2179
f 1074 2178 2189
f 2178 2181 2189
f 2181 2182 2189
f 2189 2182 2183
f 4 947 2176
f 4 2176 1071
f 98 4 1071
f 2176 2187 2184
f 98 1071 2185
f 2185 1071 2184
f 1071 2176 2184
f 2185 2184 1072
f 354 2178 2186
f 2186 2178 1074
f 2187 354 2186
f 2188 2186 1074
f 2187 2186 2188
f 1074 2189 355
f 355 2189 1073
f 1073 2189 2183
f 2188 1074 1075
f 1075 1074 355
f 2188 1075 356
f 1075 355 2190
f 356 1075 2190
f 356 2190 2191
f 1077 2185 1078
f 1078 2185 1072
f 1072 2184 2192
f 1078 1072 2192
f 1078 2192 1076
f 2193 2184 2187
f 2193 2187 2188
f 2193 2192 2184
f 2195 2192 2193
f 2195 2193 2188
f 1076 2192 2195
f 1076 2195 2194
f 2196 1076 2194
f 2195 2188 356
f 2194 2195 356
f 2194 356 2191
f 950 1077 1079
f 1079 1077 1078
f 99 950 1079
f 2194 2191 1080
f 2196 2194 1080
f 1079 1078 2196
f 1078 1076 2196
f 2197 1079 2196
f 2197 2196 1080
f 2197 1080 357
f 1079 2197 99
f 2038 99 2197
f 2038 2197 357
f 1081 2198 1082
f 1082 2198 2199
f 1083 1082 2200
f 2285 1081 1083
f 1083 1081 1082
f 2285 1083 2286
f 1083 1085 1084
f 2286 1083 1084
f 2286 1084 110
f 2206 2199 2201
f 2206 2201 358
f 2201 2498 2202
f 358 2201 2203
f 2201 2199 2498
f 2203 2201 2202
f 2203 2202 1096
f 2204 2203 1096
f 110 1084 2205
f 2205 1084 1085
f 1082 2199 2206
f 2206 2200 1082
f 2200 2206 358
f 2205 1085 2207
f 2208 2205 2207
f 1085 1083 2200
f 2207 1085 2200
f 2207 2200 358
f 2208 2207 1086
f 2207 358 2203
f 2207 2203 2204
f 1086 2207 2204
f 2205 2208 2209
f 110 2205 2209
f 1088 110 2209
f 1088 2209 1087
f 1088 1087 2211
f 1089 2208 1086
f 1086 2204 2210
f 1089 1086 2210
f 1089 2210 359
f 2211 1087 2212
f 1087 2209 1089
f 2209 2208 1089
f 2212 1087 1089
f 2212 1089 359
f 2212 359 1090
f 2211 2212 1090
f 2213 2211 1090
f 2213 1090 2216
f 2213 2216 1101
f 2202 2222 1091
f 2214 2222 1093
f 1091 2222 2214
f 1091 2214 360
f 1092 1091 360
f 111 1092 360
f 2214 1093 2215
f 360 2214 2215
f 360 2215 2236
f 360 2236 1099
f 1090 359 2217
f 2226 2216 2218
f 2216 1090 2217
f 2218 2216 2217
f 359 2210 2219
f 2219 2210 1094
f 1094 2210 2204
f 2219 1094 1098
f 361 2218 2220
f 2218 2217 2220
f 2217 359 2219
f 2220 2217 2219
f 361 2220 2221
f 2220 2219 2221
f 2221 2219 1098
f 2221 1098 1095
f 2221 1095 2225
f 1097 2204 1096
f 1097 1096 2223
f 2202 2498 2222
f 2223 1096 2202
f 1092 2223 1091
f 1091 2223 2202
f 1097 2223 111
f 111 2223 1092
f 2224 1095 1098
f 1098 1094 1097
f 1094 2204 1097
f 2224 1098 111
f 1097 111 1098
f 2225 1095 2224
f 2225 2224 1099
f 2224 111 1099
f 111 360 1099
f 2225 1099 1104
f 1101 2216 2226
f 2218 361 1100
f 2226 2218 1100
f 1101 2226 2227
f 2226 1100 2227
f 361 2221 2228
f 2221 2225 1105
f 2228 2221 1105
f 2228 1105 2229
f 1100 361 2228
f 1102 2227 2228
f 2228 2227 1100
f 1103 2227 1102
f 1102 2228 2229
f 1103 1102 2303
f 2231 2225 1104
f 2230 2231 1113
f 2232 1102 2229
f 2232 2229 2230
f 1105 2225 2231
f 2231 2230 2229
f 2231 2229 1105
f 2303 1102 2232
f 2232 2230 1112
f 362 416 2234
f 2233 2502 120
f 2234 2502 2233
f 1106 2234 2233
f 1106 2233 254
f 1108 1107 1106
f 1106 1107 2234
f 775 1108 1109
f 1109 1108 1106
f 1110 1108 775
f 2241 1108 1110
f 1111 2241 1110
f 2320 1112 365
f 1112 2230 2242
f 365 1112 2242
f 2231 1104 1113
f 2235 1113 1104
f 2242 2230 1113
f 2235 2242 1113
f 1104 1099 363
f 363 1099 2236
f 1108 363 2236
f 2236 2215 362
f 362 2215 416
f 1108 2236 1107
f 1107 2236 362
f 1107 362 2234
f 2235 1104 363
f 2238 2235 363
f 2237 2242 2235
f 112 2242 2237
f 2237 2235 2238
f 363 364 2238
f 2238 364 2237
f 364 363 2241
f 2241 363 1108
f 112 2237 2244
f 2237 364 2239
f 2244 2237 2240
f 2240 2237 2239
f 1114 2240 2239
f 1114 2239 1111
f 2239 364 2241
f 1111 2239 2241
f 1114 1111 2
f 2243 365 1115
f 1116 2243 1115
f 2242 112 2249
f 365 2249 2251
f 365 2242 2249
f 1115 365 2248
f 365 2251 2248
f 2244 2240 2247
f 2244 2247 2245
f 2240 1114 1802
f 1802 1114 770
f 2246 2245 2247
f 2247 2240 1802
f 2246 2247 1801
f 1801 2247 1802
f 1117 2246 1801
f 2251 2249 2250
f 2249 112 2244
f 2250 2249 2244
f 2250 2244 2245
f 2250 2245 2246
f 1118 2248 2251
f 1118 2251 2246
f 2246 2251 2250
f 1118 2246 1117
f 1118 1117 66
f 2248 1118 2252
f 2252 1118 66
f 2252 66 1792
f 2253 2248 2252
f 1792 2253 2252
f 2253 1792 766
f 1119 2253 766
f 1116 1115 2248
f 1120 1116 1121
f 1121 1116 2248
f 1121 2248 2253
f 1119 1120 1121
f 1119 1121 2253
f 1122 1116 1120
f 1122 1120 2254
f 2255 1120 1119
f 1119 766 1787
f 2255 1119 1787
f 2255 1787 765
f 2256 2255 765
f 2254 1120 2255
f 2257 2254 1123
f 1123 2254 2255
f 1123 2255 2256
f 2257 1123 2256
f 2257 2256 249
f 2257 249 764
f 2258 2038 357
f 2258 357 366
f 1080 2191 2259
f 357 1080 2259
f 2259 366 357
f 2260 366 2259
f 366 2260 1124
f 1124 2260 2261
f 25 1124 2261
f 2190 355 1125
f 1127 2191 2190
f 2263 1127 2190
f 1125 355 1073
f 1125 1073 367
f 2262 367 2312
f 2263 2190 2262
f 2262 2190 1125
f 2262 1125 367
f 1126 2263 2262
f 2264 2262 2312
f 2264 2312 2311
f 1126 2262 2264
f 368 25 2261
f 2260 2259 2266
f 2261 2260 2266
f 368 2261 2265
f 1128 368 2265
f 2266 2259 1127
f 2259 2191 1127
f 2265 2261 2266
f 2267 2265 2266
f 1127 2267 2266
f 1128 2265 2267
f 1128 2268 2270
f 2267 1127 2263
f 2267 2263 1126
f 2268 1128 2267
f 2268 2267 1126
f 2268 1126 2264
f 2271 2268 2264
f 25 368 2341
f 2273 368 1128
f 2341 368 2273
f 2341 2273 2269
f 2270 2268 2271
f 2270 2271 2305
f 1129 2270 2272
f 2272 2270 2305
f 1129 2272 2274
f 2276 2269 1129
f 2273 1128 2270
f 1129 2273 2270
f 1129 2269 2273
f 2276 1129 2274
f 2275 2269 2276
f 2277 2275 2276
f 2276 2274 1130
f 2277 2276 1130
f 2277 1130 5
f 2278 2183 2172
f 2279 2278 2172
f 2279 2172 1133
f 1131 2170 1132
f 2170 2168 1132
f 2280 1131 1132
f 2280 1132 2296
f 1134 2279 1133
f 1133 2172 1131
f 1133 1131 2280
f 2281 1133 2280
f 2281 2280 2296
f 2281 2296 1138
f 2282 1134 2281
f 1134 1133 2281
f 2282 2281 1135
f 2313 2282 1135
f 1132 2168 2283
f 1132 2283 369
f 2283 2166 1136
f 369 2283 2288
f 369 2288 2289
f 369 2289 113
f 2166 2284 1136
f 2166 2164 2284
f 1136 2284 2287
f 2164 1062 2285
f 2285 1062 1081
f 2284 2164 2285
f 2286 2284 2285
f 2287 2284 2286
f 2287 2286 2291
f 2291 2286 110
f 2289 2288 1137
f 2289 1137 370
f 2288 2283 1137
f 1137 2283 1136
f 370 1137 2290
f 2290 1137 2287
f 2287 1137 1136
f 2292 2290 2291
f 2291 2290 2287
f 113 2289 370
f 113 370 371
f 370 2290 2292
f 2292 2291 110
f 2292 110 1088
f 2292 1088 2211
f 2293 371 370
f 2293 370 2292
f 2293 2292 2211
f 371 2293 2294
f 2294 2293 2211
f 2294 2211 2213
f 2294 2213 1101
f 1135 2281 1138
f 2295 1135 2297
f 2297 1135 1138
f 1138 1139 2297
f 2296 369 1140
f 2296 1132 369
f 1140 369 113
f 1141 2297 1139
f 1139 1138 2296
f 1140 1139 2296
f 1141 1139 1140
f 1141 1140 113
f 2300 2297 2301
f 2297 1141 2298
f 2301 2297 2298
f 2298 1141 113
f 2301 2298 2299
f 2298 113 371
f 2298 371 2294
f 2294 2299 2298
f 2299 2294 1101
f 1155 1135 2295
f 1155 2295 2319
f 2295 2297 2300
f 2295 2300 1142
f 2319 2295 1142
f 2319 1142 1144
f 2300 2301 1143
f 2299 1101 2227
f 2301 2299 2227
f 1143 2301 1103
f 2301 2227 1103
f 1144 1142 2302
f 1144 2302 2303
f 1142 2300 1143
f 2303 2302 1143
f 2302 1142 1143
f 2303 1143 1103
f 1158 1144 2303
f 1158 2303 1145
f 1145 2303 2232
f 1145 2232 1112
f 1159 5 1130
f 1159 1130 1146
f 1146 1130 2307
f 2272 2305 2274
f 2274 2305 2304
f 2304 2305 1147
f 2305 2271 1147
f 2304 1147 2306
f 2306 1147 1154
f 2306 1154 114
f 2309 2307 2308
f 2307 1130 2274
f 2308 2307 2274
f 2309 2308 2306
f 2306 2308 2274
f 2306 2274 2304
f 2307 2309 2310
f 2309 2306 114
f 2309 114 372
f 2310 2309 372
f 2271 2264 1148
f 1148 2264 2311
f 1152 1148 2311
f 1152 2311 1150
f 1152 1150 1153
f 1149 2312 367
f 367 1073 2278
f 1073 2183 2278
f 1149 367 2278
f 1149 2278 2279
f 1149 2279 1134
f 2311 2312 1149
f 1150 2311 1149
f 1134 1150 1149
f 1153 1150 2313
f 1150 1134 2313
f 2282 2313 1134
f 2314 2310 2316
f 2316 2310 372
f 372 114 2315
f 2315 2316 372
f 2316 2315 1151
f 1147 2271 1148
f 1152 1147 1148
f 1152 1154 1147
f 1151 2315 2317
f 2318 1151 2317
f 2315 114 1154
f 2317 2315 1154
f 2317 1154 1152
f 2317 1152 1153
f 1155 1151 2318
f 2317 1153 2318
f 2318 1153 2313
f 2318 2313 1155
f 1155 2313 1135
f 2314 2316 374
f 374 2316 1156
f 1156 2316 373
f 1151 1155 1157
f 2319 1157 1155
f 1157 2319 1158
f 1158 2319 1144
f 373 2316 1158
f 2316 1151 1157
f 1158 2316 1157
f 1156 373 1145
f 1145 373 1158
f 1156 1145 2320
f 2320 1145 1112
f 1146 2307 2321
f 1179 1159 1160
f 1160 1159 2321
f 1159 1146 2321
f 1160 2321 115
f 2307 2310 1161
f 2310 2314 1162
f 1161 2310 1162
f 115 2321 2322
f 2321 2307 1161
f 2322 2321 1161
f 1162 2322 1161
f 2323 2322 1162
f 375 115 2322
f 2324 2322 2323
f 375 2322 2324
f 375 2324 2325
f 2326 2314 374
f 2326 374 1164
f 1156 1163 1164
f 1156 2320 1163
f 1163 2320 365
f 1163 365 2243
f 1164 374 1156
f 2243 1164 1163
f 2326 1164 2243
f 2326 2243 1165
f 1165 2243 1116
f 2327 2325 376
f 2325 2324 2323
f 376 2325 2323
f 2327 376 2328
f 2323 1162 2329
f 2329 1162 2314
f 2326 2329 2314
f 2328 376 1166
f 1166 376 2330
f 2329 376 2323
f 2330 376 2329
f 2330 2329 2326
f 1165 2330 2326
f 1165 1166 2330
f 1122 1166 1165
f 1122 1165 1116
f 2327 2328 2331
f 2332 2327 2331
f 2332 2331 2334
f 2332 2334 2363
f 2328 1166 2333
f 2333 1166 1122
f 2333 1122 2254
f 2331 2328 2333
f 2335 2334 2333
f 2334 2331 2333
f 2335 2333 2254
f 2363 2334 2336
f 2363 2336 1184
f 2335 2254 2257
f 2336 2335 2257
f 2336 2334 2335
f 2336 2257 764
f 2038 2258 2040
f 2258 366 377
f 2337 2258 377
f 2337 2040 2258
f 2040 2337 2039
f 2039 2337 966
f 366 1124 377
f 377 1124 2338
f 25 1168 2348
f 2338 1124 2348
f 2348 1124 25
f 2338 2348 1174
f 966 2337 2339
f 2337 377 2339
f 2338 2339 377
f 1167 2339 2338
f 966 2339 1167
f 1167 2338 1174
f 2340 1167 2353
f 25 2341 1168
f 1168 2341 2343
f 2341 2269 2343
f 2349 2343 1169
f 2275 2277 2342
f 2275 2342 1173
f 2277 5 2342
f 2342 5 1170
f 1173 2342 1171
f 1171 2342 1170
f 1169 2343 2344
f 1172 1169 2344
f 2343 2269 2275
f 1173 2343 2275
f 2344 2343 1173
f 1171 2344 1173
f 2344 1171 2345
f 378 1172 2345
f 2345 1172 2344
f 378 2345 26
f 2352 378 26
f 2353 1167 2346
f 2346 1167 1174
f 1175 2353 2346
f 2346 1174 2347
f 1175 2346 2347
f 2349 1174 1168
f 1174 2348 1168
f 2349 1168 2343
f 1176 2347 2350
f 2350 2347 1174
f 2350 1174 2349
f 2350 2349 1169
f 1176 2350 2351
f 2350 1169 1172
f 2351 2350 1172
f 2351 1172 378
f 2356 1176 2352
f 2352 1176 2351
f 2352 2351 378
f 2340 2353 2355
f 1175 2347 1177
f 2354 1175 1177
f 2355 2353 1175
f 2355 1175 2354
f 969 2355 102
f 102 2355 2354
f 1177 1176 2356
f 2352 26 2378
f 2356 2352 2378
f 2356 2378 1178
f 1177 2356 1178
f 102 2354 379
f 1177 2347 1176
f 379 2354 1177
f 379 1177 2357
f 2357 1177 1178
f 102 379 2044
f 2044 379 2357
f 2376 2044 2357
f 2376 2357 1192
f 5 1159 381
f 381 1159 1179
f 1160 115 380
f 1179 1160 380
f 2359 1179 380
f 381 1179 1180
f 1180 1179 2359
f 115 375 380
f 380 375 2358
f 2325 2327 2369
f 375 2325 2369
f 2358 375 2369
f 116 2358 1186
f 1180 2359 1182
f 2359 380 1181
f 1182 2359 1181
f 1181 380 2358
f 2360 1181 116
f 116 1181 2358
f 2388 1180 1182
f 1182 1181 2360
f 2388 1182 2361
f 2360 116 2368
f 1183 2360 2368
f 2361 1182 1183
f 1183 1182 2360
f 2362 2332 2364
f 2362 2327 2332
f 2370 2362 2365
f 2363 1184 382
f 1184 2336 764
f 1184 764 1652
f 1184 1652 690
f 382 1184 690
f 382 690 57
f 2365 2362 2364
f 2364 2332 2363
f 2364 2363 382
f 2365 2364 382
f 57 2365 382
f 1648 2365 57
f 2366 2365 1648
f 2367 2371 1183
f 2367 1183 1185
f 1185 1183 2368
f 1187 1185 2368
f 2367 1185 1187
f 2367 1187 1189
f 2358 2369 1186
f 2369 2327 2362
f 2370 1186 2369
f 2370 2369 2362
f 2368 116 1186
f 1187 2368 1186
f 1187 1186 2370
f 1188 1187 2370
f 1189 1187 1188
f 1188 2370 2365
f 1188 2365 2366
f 222 1189 2366
f 2366 1189 1188
f 2371 2367 1190
f 2367 1189 2372
f 1190 2367 2372
f 1191 1190 2372
f 2402 1190 1202
f 1202 1190 1191
f 1202 1191 2404
f 383 1189 222
f 2404 1191 2373
f 2404 2373 2375
f 2373 1191 2372
f 2373 2372 2374
f 2375 2373 2374
f 2372 1189 383
f 2374 2372 383
f 2375 2374 221
f 2374 383 221
f 2375 221 680
f 1205 2375 681
f 681 2375 680
f 1192 2357 2377
f 117 1192 2381
f 2378 26 2393
f 2380 2378 2393
f 2380 1178 2378
f 2379 1178 2380
f 2379 2380 1193
f 1193 2380 1199
f 2381 1192 2377
f 2382 2381 2377
f 2377 2357 1178
f 2377 1178 2379
f 1193 2382 2377
f 1193 2377 2379
f 2382 1193 2383
f 1193 1199 2383
f 2381 2382 2383
f 1194 2381 2383
f 1206 1194 1198
f 2345 1171 2386
f 2384 2345 2386
f 384 2393 2385
f 2393 26 2385
f 2385 26 2345
f 2385 2345 2384
f 384 2385 2384
f 2394 384 2384
f 2386 1171 1170
f 2386 1170 385
f 1170 5 381
f 381 385 1170
f 385 381 1196
f 1180 1196 381
f 2394 2384 2387
f 2387 2384 1195
f 1195 2384 2386
f 1196 1195 2386
f 1196 2386 385
f 2388 1195 1196
f 2388 1196 1180
f 2387 1195 2389
f 2387 2389 388
f 2389 1195 2388
f 1197 2389 2388
f 1197 2388 2361
f 388 2389 1197
f 1197 2361 1183
f 2371 1197 1183
f 1198 1194 2383
f 1198 2383 386
f 2390 2383 1199
f 2390 386 2383
f 386 2390 2391
f 2392 386 2391
f 2392 2391 2395
f 1199 2380 387
f 387 2380 2393
f 387 2393 384
f 2394 387 384
f 2395 2391 2396
f 2391 2390 1200
f 2396 2391 1200
f 1200 2390 1199
f 1200 1199 387
f 2394 2396 1200
f 2394 1200 387
f 2395 2396 1201
f 1201 2396 2397
f 1201 2397 388
f 2396 2394 2397
f 2397 2394 2387
f 2397 2387 388
f 388 1197 2371
f 1198 386 2398
f 2398 386 2392
f 2398 2392 1203
f 2409 2398 2399
f 2398 1203 2399
f 1201 388 2403
f 2395 1201 2403
f 2395 2403 2401
f 2403 388 2402
f 388 2371 2402
f 2402 2371 1190
f 1202 2403 2402
f 2401 2403 2404
f 2404 2403 1202
f 2400 2399 389
f 389 2399 1203
f 1203 2392 2401
f 2401 2392 2395
f 2405 389 2401
f 2401 389 1203
f 2405 2401 2404
f 2400 389 1204
f 1204 389 1205
f 389 2405 1205
f 2405 2404 1205
f 1205 2404 2375
f 681 1204 1205
f 2054 2376 1192
f 2054 1192 980
f 980 1192 117
f 2381 1194 2406
f 2406 1194 1206
f 2406 1206 1209
f 2408 2381 2407
f 2407 2381 2406
f 2406 1209 2407
f 390 980 2408
f 980 117 2408
f 2408 117 2381
f 390 2408 2407
f 390 2407 118
f 1198 2398 2409
f 1206 1198 2410
f 1198 2409 2410
f 2409 2399 1207
f 2399 2400 1207
f 1207 2410 2409
f 2410 1207 2411
f 1204 681 219
f 1204 219 1600
f 2412 1204 1600
f 2412 1600 1599
f 1207 2400 1204
f 1207 1204 2412
f 1599 2411 2412
f 2412 2411 1207
f 2413 2411 1599
f 2413 1599 671
f 1208 2057 2414
f 390 118 2414
f 2057 390 2414
f 1208 2414 1210
f 118 2407 1209
f 118 1209 2415
f 1209 1206 2410
f 2415 1209 2410
f 2415 2410 2411
f 1210 2414 118
f 2415 1210 118
f 2413 1210 2415
f 2411 2413 2415
f 1211 1210 2413
f 671 1211 2413
f 2058 2057 1208
f 2058 1208 1212
f 1208 1210 1211
f 1211 671 669
f 1211 1212 1208
f 1212 1211 669
f 1212 669 626
f 2157 87 2416
f 2416 391 1214
f 1214 391 1213
f 2416 87 391
f 2157 2416 2158
f 2158 2416 1215
f 2416 1214 1219
f 2158 1215 1057
f 1057 1215 1059
f 1216 882 2420
f 392 1217 1216
f 392 1216 2420
f 392 2420 394
f 1217 392 2419
f 882 1959 2421
f 1959 888 393
f 2421 1959 393
f 888 889 2417
f 393 888 2417
f 393 2417 1286
f 393 1286 2418
f 2419 392 394
f 2420 882 2421
f 2421 394 2420
f 394 2421 393
f 2422 394 2418
f 394 393 2418
f 2419 394 1218
f 1221 2419 1218
f 1218 394 2422
f 2422 2418 1289
f 2422 1289 2478
f 2422 2478 1282
f 1218 2422 2423
f 1221 1218 2423
f 2476 2422 1282
f 2476 2423 2422
f 1223 1059 1215
f 1215 2416 1219
f 1219 1214 2424
f 1223 1215 1219
f 1219 2424 2426
f 1223 1219 2426
f 2424 1214 1213
f 1213 391 1216
f 1217 1213 1216
f 1220 1213 1217
f 2426 2424 1220
f 1220 2424 1213
f 2427 2426 1220
f 1220 1217 2419
f 1221 1220 2419
f 1222 2427 1221
f 2427 1220 1221
f 1222 1221 2423
f 395 1059 1223
f 2425 395 1224
f 2425 1224 1060
f 1227 2426 2427
f 1222 2423 2468
f 2427 1222 1275
f 1227 2427 2428
f 1224 395 396
f 1060 1224 396
f 395 1223 1227
f 1223 2426 1227
f 396 395 1226
f 1226 395 1227
f 1226 1227 2428
f 1226 2428 1225
f 2431 2430 2165
f 396 1226 2429
f 396 2429 2462
f 2431 1060 396
f 2430 2431 396
f 2430 396 1228
f 1228 396 2462
f 2165 2430 2163
f 1229 2430 1228
f 1229 1228 397
f 2163 2430 1229
f 2163 1229 1062
f 1062 1229 1230
f 1231 2001 1232
f 398 1231 1232
f 2479 1231 398
f 300 931 2435
f 1233 300 2435
f 1233 2435 1234
f 398 1232 1233
f 1233 1232 300
f 2479 398 1234
f 2479 1234 2480
f 398 1233 1234
f 2435 2007 399
f 935 937 1235
f 399 2007 935
f 1235 937 2432
f 937 2443 2441
f 2432 937 2441
f 399 935 1235
f 2433 399 1235
f 2433 1235 1253
f 1253 1235 2432
f 1253 2432 1254
f 1236 2433 1253
f 1237 1236 1253
f 27 1234 1238
f 1238 1234 2434
f 2436 2434 1239
f 2435 931 2007
f 399 1240 2435
f 1239 2434 1240
f 1241 1239 1240
f 2434 1234 2435
f 2434 2435 1240
f 2433 1240 399
f 1240 2433 1241
f 1241 2433 1236
f 1237 1241 1236
f 1238 2434 2436
f 1238 2436 2482
f 2482 2436 2437
f 1239 1241 1242
f 1242 1241 1237
f 1242 1237 1249
f 1248 1242 1249
f 2437 2436 2438
f 2436 1239 2438
f 2438 1239 1242
f 2439 2437 2438
f 1248 2438 1242
f 2439 2438 1248
f 2482 2437 1243
f 1243 2437 2439
f 1243 2439 2440
f 1296 1243 2440
f 1296 2440 1260
f 2441 2443 2444
f 2443 944 2442
f 2442 944 1244
f 2442 2444 2443
f 2444 2442 1245
f 1244 307 20
f 1244 20 2445
f 1245 2442 1244
f 2445 1245 1244
f 1245 2445 1247
f 20 945 2446
f 1246 458 868
f 2446 945 1246
f 2446 1246 868
f 2445 20 2446
f 1247 2445 2446
f 867 1247 2446
f 2453 1247 2447
f 2447 1247 2448
f 2447 2448 2449
f 2448 1247 867
f 2449 2448 867
f 2449 867 865
f 1260 2440 2450
f 1260 2450 403
f 2440 2439 2450
f 2450 2439 400
f 400 2439 1248
f 403 2450 400
f 403 400 1261
f 1237 1250 401
f 2451 1249 401
f 401 1249 1237
f 400 1248 2451
f 2451 1248 1249
f 1251 400 2451
f 1251 2451 401
f 404 400 1252
f 1252 400 1251
f 404 1252 2452
f 1250 1237 1253
f 1253 1254 402
f 1250 1253 402
f 2432 2441 1254
f 2444 1254 2441
f 1255 402 1254
f 1245 1255 2444
f 1255 1254 2444
f 2453 1245 1247
f 2456 2452 1256
f 2452 1252 1256
f 1256 1252 1251
f 1251 401 1257
f 1257 401 1250
f 1257 1250 402
f 2453 1256 1258
f 1256 1251 1258
f 1258 1251 1257
f 2453 1258 402
f 402 1258 1257
f 2453 402 1255
f 2453 1255 1245
f 2456 1256 2454
f 2454 1256 2453
f 2454 1259 2456
f 1259 2454 2447
f 2454 2453 2447
f 1259 2447 2449
f 1266 1259 2449
f 2494 1260 1263
f 1263 1260 403
f 400 404 1261
f 1264 1261 404
f 1264 404 1262
f 1264 403 1261
f 2455 1263 1264
f 1263 403 1264
f 1264 1262 2455
f 1315 1263 2455
f 404 2452 2456
f 404 2456 1265
f 2456 1259 2457
f 2457 1265 2456
f 1266 2449 3
f 2458 1265 2457
f 2458 2457 1266
f 2457 1259 1266
f 852 2458 1266
f 1315 2455 2460
f 2460 2455 1267
f 1267 2455 1262
f 2459 1262 404
f 1265 2459 404
f 1268 1267 852
f 1267 1262 2459
f 852 1267 2459
f 852 2459 2458
f 2459 1265 2458
f 2460 1267 1268
f 2460 1268 1269
f 1268 852 83
f 1924 1268 83
f 1269 1268 1924
f 1269 1924 1855
f 1230 1229 397
f 1230 397 2496
f 397 1228 405
f 1228 2462 405
f 2496 397 1270
f 1270 397 405
f 1270 405 2461
f 2466 2462 2429
f 1226 1225 2463
f 2463 1225 2464
f 2466 2429 2463
f 2464 2466 2463
f 2463 2429 1226
f 2465 1270 2461
f 2465 2461 2467
f 2461 405 2466
f 2466 405 2462
f 2467 2461 2466
f 2467 2466 2464
f 1271 2467 2464
f 2465 2467 1271
f 1277 2465 1271
f 1225 2428 1272
f 2428 2427 1272
f 1272 2427 1273
f 1274 1272 1273
f 1275 1222 2468
f 2468 2423 2486
f 1274 1273 1276
f 1273 2427 1275
f 1276 1273 1275
f 1276 1275 2468
f 1276 2468 2469
f 2472 1274 1276
f 2472 1276 1302
f 1278 1277 1271
f 1271 2464 2470
f 2470 1225 1272
f 2470 2464 1225
f 2470 1272 1274
f 2471 1278 1271
f 2471 1271 2470
f 2471 2470 1274
f 1279 1278 2472
f 1278 2471 2472
f 2472 2471 1274
f 1279 1277 1278
f 2473 1277 1279
f 2474 2473 1279
f 1279 2472 1280
f 2474 1279 1281
f 1281 1279 1280
f 2474 1281 2475
f 2475 1281 1297
f 2423 2476 2486
f 2486 2476 2477
f 2476 1282 2477
f 2477 1282 406
f 1282 2478 406
f 406 2478 1289
f 406 1289 1284
f 1283 2477 1303
f 1303 2477 406
f 1303 406 1284
f 1303 1284 1292
f 1285 1303 1292
f 1285 1292 1304
f 1289 2418 1286
f 1287 1289 1286
f 1287 1286 2481
f 1231 2417 889
f 2417 1231 2479
f 2481 1286 2479
f 2479 1286 2417
f 2481 2479 2480
f 2481 2480 27
f 27 2480 1234
f 1292 1284 1288
f 1290 1284 1289
f 1287 1290 1289
f 1293 1288 1290
f 1293 1290 1291
f 1288 1284 1290
f 1287 1291 1290
f 1291 1287 2481
f 407 1293 1291
f 407 1291 2481
f 27 407 2481
f 1292 1288 1294
f 1294 1288 1293
f 1294 1293 408
f 1295 1292 1294
f 1294 408 1295
f 1293 407 2482
f 407 27 1238
f 2482 407 1238
f 2483 1295 408
f 408 1293 2482
f 1243 408 2482
f 2483 408 1296
f 408 1243 1296
f 1297 1281 1299
f 1281 1280 1299
f 2472 1302 1298
f 1280 2472 1298
f 1299 1280 1298
f 1299 1298 2488
f 2493 1297 2484
f 2484 1297 1299
f 2488 2484 1299
f 2493 2484 1300
f 1300 2484 2488
f 1302 1276 2469
f 1302 2469 2487
f 1298 1302 2485
f 2485 1302 2487
f 2469 2468 2486
f 2487 2469 2486
f 2487 2486 1283
f 1283 2486 2477
f 1307 2485 1305
f 1305 2485 2487
f 1305 2487 1303
f 1303 2487 1283
f 1304 1307 1305
f 1305 1303 1285
f 1304 1305 1285
f 1301 1300 1306
f 1306 1300 2488
f 2489 1306 2488
f 2485 1307 1298
f 1308 2489 1307
f 2489 2488 1307
f 1307 2488 1298
f 1304 1308 1307
f 1308 1304 1292
f 1306 2489 2490
f 2490 2489 1308
f 1306 2490 2491
f 1308 1292 1295
f 1309 1308 1295
f 2492 2491 2490
f 1309 2490 1308
f 2490 1309 2492
f 2492 1309 2483
f 1309 1295 2483
f 409 2492 2483
f 409 2483 1296
f 409 1296 1260
f 1321 1297 2493
f 1321 2493 410
f 1300 1301 1314
f 2493 1300 1314
f 1314 410 2493
f 410 1314 1313
f 410 1313 412
f 1310 410 412
f 1311 1301 1306
f 1306 2491 1311
f 1311 2491 1312
f 2492 409 2494
f 2491 2492 2494
f 2494 409 1260
f 2494 1312 2491
f 1312 2494 1263
f 411 1312 1315
f 1315 1312 1263
f 411 1314 1311
f 1311 1314 1301
f 411 1311 1312
f 1316 1313 411
f 411 1313 1314
f 1316 411 1317
f 1315 1317 411
f 412 1313 1316
f 2495 412 1316
f 2495 1316 1318
f 1317 1315 2460
f 1269 1317 2460
f 1318 1316 1317
f 1318 1317 1269
f 1318 1269 1855
f 1062 1230 1081
f 1230 2496 1081
f 2496 1270 1319
f 1081 2496 1319
f 1081 1319 2198
f 2198 1319 2497
f 2497 1270 2465
f 2497 1319 1270
f 2199 2198 2497
f 2199 2497 2498
f 2497 2473 1320
f 2474 2475 413
f 2475 1297 1327
f 1327 413 2475
f 2473 2474 413
f 1320 2473 413
f 1320 413 1327
f 2222 2498 2497
f 2465 1277 2473
f 2497 2465 2473
f 414 2222 1320
f 2222 2497 1320
f 2222 414 1093
f 2215 1093 416
f 1297 1321 1327
f 1322 1327 1321
f 1323 1327 1322
f 2499 410 1310
f 1323 1322 2499
f 1322 1321 2499
f 2499 1321 410
f 1323 2499 415
f 415 2499 1310
f 1310 412 2495
f 1318 1855 2495
f 2495 1855 1324
f 2500 2495 1324
f 119 415 1310
f 2500 119 1310
f 2500 1310 2495
f 415 119 1852
f 415 1852 1325
f 119 2500 1852
f 76 1325 1852
f 1325 76 417
f 1326 1320 1327
f 1326 414 1320
f 1328 414 1326
f 1328 1326 1323
f 1326 1327 1323
f 1328 1323 415
f 418 1093 1329
f 1328 1093 414
f 1329 1093 1328
f 1329 1328 2501
f 2501 1328 415
f 1325 2501 415
f 417 1329 2501
f 417 2501 1325
f 1093 418 416
f 2502 416 418
f 2234 416 2502
f 418 1329 1330
f 1330 1329 417
f 1330 417 1847
f 120 2502 1330
f 1330 2502 418
