v 0.3659512796963563 0.7824385891330179 0.5038546567455061
v -0.0535280613630445 -0.009589603261276537 -0.9985202983194711
v 0.0012528341053336279 0.9998075417703883 0.019578299868927136
v -0.9846952925596109 -0.07161977612061415 0.1588892333651833
v -0.6022582738771025 -0.688798855965338 -0.40353575748304477
v 0.5473539540896228 0.3812193732436234 0.7450338505102934
v 0.46180579691860835 0.1418620816741597 0.8755629935735311
v 0.1988457309817601 -0.26262415019510593 0.9441869152898849
v 0.45267087690478147 -0.3427732263970989 0.8231619478982123
v 0.14808713820543157 -0.7721211117263446 0.6179799255029239
v 0.9796365515249462 0.19431846301750952 -0.05052288438741593
v 0.4448648789959065 -0.8883651678715644 -0.11358947111631841
v 0.719387924820915 -0.6899706936709349 -0.08013398465761311
v 0.16276793354782973 -0.9179224604009655 -0.36183553791744594
v 0.11323360662154294 -0.6933530347673114 -0.7116457823316578
v 0.7295898432793535 -0.5394174930288855 -0.42038961547359915
v 0.5362530027268511 0.8436094165541146 0.027493078541010095
v -0.8326060354114515 0.32771456341420074 0.44650907574501186
v -0.6743568548421598 0.644370709438528 0.36059564770678854
v -0.11333397782049383 0.9650079226646631 0.23646377876075586
v -0.24003724781452232 -0.7760875384795792 0.5831554272047351
v -0.692063248267469 -0.3728354160516274 0.6180956341336585
v -0.4313891513208767 -0.4149945100291897 0.8010511573977572
v -0.21659971955249394 -0.28575002586892356 0.9335049459995863
v -0.7822141698362631 -0.6166649791888641 -0.08868650376107763
v -0.533232654898821 -0.8333183856807352 -0.1457511709593042
v -0.5574358837761862 0.8298623666399717 0.024365711837901413
v 0.9292888404685269 0.1779376241106568 0.32366719467149535
v 0.27348738593300426 0.8215194940072069 0.5003102744314517
v 0.6081812990366734 0.7178560088554178 0.3388189163140612
v 0.5019815521677468 0.5500995306244886 0.6673867152483463
v 0.2856773680692498 0.6485714359993144 0.7055094143800021
v 0.574866652496724 0.1506822920739016 0.8042531807226915
v 0.07761206769307467 0.4341908335550162 0.8974712736378841
v 0.21523728707621165 0.4119154834353221 0.8854369230827894
v 0.04747265429824103 0.2404782280245215 0.9694929442446015
v 0.87634088881349 -0.12111676284066246 0.46621601897895026
v 0.9006244421948355 -0.2779384311883703 0.33410453841543225
v 0.028722302596337037 0.17167086627631806 0.984735570092552
v 0.30164163819643486 -0.23235303770804272 0.9246752878573192
v 0.7531312261022125 -0.5429173051123469 0.37152948211323017
v 0.769767776381746 -0.4100044398815919 0.48923811147710544
v 0.6976124381856412 -0.09706445775881571 0.7098699719868927
v 0.7036157275133524 -0.1833844377386502 0.6865093269513058
v 0.5743822907839754 -0.3858598638109692 0.7219398517421884
v 0.5317295999735638 -0.2803211491876737 0.7991768801898963
v 0.49726916350700834 -0.81533346569744 0.2965716081131869
v 0.289959567110934 -0.7644184318400821 0.575836704721043
v 0.9868628265443069 0.1419871812010916 0.07708049013563477
v 0.9752894569644492 0.21083763530611177 0.06601489735292233
v 0.9908853204737899 -0.1346272617862517 0.004667124756299895
v 0.6974967620834651 -0.7165666721549949 -0.005520076068167414
v 0.6126135322588716 -0.7853733381290717 -0.08884469511066859
v 0.3613844567066966 -0.8101338960775822 -0.46161059874851545
v 0.2526983482921132 -0.9645546378711539 -0.07601246826465394
v 0.2870940072149186 -0.6850126867791778 -0.6695779640735291
v -0.08379353471743224 -0.6851296168333599 -0.7235855524244054
v 0.6517675463586493 0.14568492286474338 -0.7442949474257633
v 0.5518416070096954 -0.18647536435753248 -0.8128331804624381
v 0.6158806950071506 -0.6373883343802106 -0.4630627179049617
v 0.36133576891441055 -0.34768480961166337 -0.865188843703115
v 0.5984000380510373 -0.4816632365745844 -0.6402483275987632
v 0.4275432498087426 -0.5752085966792979 -0.6973821333022606
v 0.24723168016039643 -0.5753565762586654 -0.7796417808718142
v 0.2970381530344225 0.01640954476769068 -0.9547246003337383
v -0.08423886601232614 -0.25327445693990175 -0.9637198051896387
v 0.10549500883790568 -0.10704008140791783 -0.9886421112224972
v 0.9651708129508575 0.261085995640008 0.01671540332886188
v 0.8338341873894468 0.3567260986122875 -0.42126836875018
v 0.8263938304055273 0.5258880254215123 -0.20128343644210694
v 0.8292288740290992 0.5513983611774284 0.09131988703058488
v 0.7311024358660575 0.6736311080944413 0.10821440975291917
v 0.6975012059100859 0.40791343374433064 -0.5891508281627766
v 0.18396714033471362 0.44092931964974724 -0.8784858714574064
v 0.38845881500650487 0.6292128091498496 -0.6731946151340614
v 0.0028954314876646135 0.6837292269850914 -0.7297300601200897
v 0.5258831099851908 0.8447306616003177 -0.09938341906270523
v 0.44399772637941676 0.8924098282859558 -0.08044076919410667
v 0.717116722704844 0.4768982746412437 -0.5082436833461573
v 0.5058366438258514 0.7867886271243527 -0.3536848116484154
v 0.394260363873693 0.7621423458864182 -0.5135151507842106
v 0.40355195821250367 0.9146643119151029 0.023130359524336657
v 0.021657280922782362 0.9614150512492307 -0.2742481748607837
v 0.2319357772305389 0.9689100703884266 0.08613402777276873
v 0.12590442335982688 0.9916662077616977 0.02731681829867797
v 0.08072634216154444 0.9952668492643726 0.05410320172213486
v -0.9528152384584553 0.2667747611938323 0.14482523313059348
v -0.6234422322811898 0.2529503528871455 0.7398215338732143
v -0.23307499697359443 0.3879542633345508 0.8917216692142818
v -0.5909981476934683 0.5419154385522493 0.5975356448628089
v -0.37491577970423806 0.5790928352594483 0.7239403609966338
v -0.17317481588222655 0.6709137509368701 0.721030666440739
v -0.23623464913523817 0.7997090018277005 0.5519589685327106
v -0.16761970093852863 0.8908117560886273 0.42232458023607183
v -0.06539014065752807 0.9365166480589111 0.34447162062104675
v -0.9815714917230156 0.0033353848985692423 0.19106617137586798
v -0.9170214114765453 0.1933891352154912 0.34881567234596733
v -0.9714999815654115 -0.16593325213854637 0.16927475196594086
v -0.8976696579795534 -0.4089468248234765 0.16416966714246792
v -0.8544264001568036 -0.44055665836814906 0.27543666691741664
v -0.7896260274355031 0.13421289345156795 0.5987300193140345
v -0.5321387706125364 -0.8251167198727815 0.1897649266786682
v -0.3936076652679164 -0.6778827100880378 0.6209251462181553
v -0.05999104314829277 -0.6417330629502649 0.7645781520933299
v -0.7307757091614129 -0.2043485685242466 0.651312924362572
v -0.781704130180465 -0.479069786262836 0.399287857001541
v -0.5054342502568744 -0.48131365798004594 0.7161517865013945
v -0.05010561287208774 -0.22137512927743203 0.9739006518614272
v -0.9480578087447957 0.11201528280934361 -0.29772297139313764
v -0.7178524791502333 0.17231940470294152 -0.6745323127476457
v -0.48652656557167334 0.2245721205099785 -0.8443099334265136
v -0.29526126579188317 -0.07699627029555561 -0.9523089620934735
v -0.7552743621543654 0.03105732647816389 -0.6546724985398008
v -0.6909009508050349 -0.44697254564303585 -0.5682177572182016
v -0.4568446124530155 -0.6624869271798269 -0.5936363123904101
v -0.32834708199774926 -0.770438271005896 -0.5464549975185599
v -0.3229509267214304 -0.9405426789873851 0.105271876268081
v -0.1765306655644652 -0.9804047304651171 0.08742704728508313
v -0.1567135252053246 0.7536877030732597 -0.6382755809631714
v -0.05906147123327506 0.38408966109055026 -0.9214048376577515
v 0.7087104174989297 0.6681826721740566 0.2264099395672151
v 0.8210413174606906 0.3942389144212665 0.4128762930689466
v 0.7291124462263873 0.30286540858430155 0.613732502838849
v 0.7298987645668837 0.23358466952544207 0.6424064100290617
v 0.424650792290272 0.8740863367749028 0.23589145908802125
v 0.29931622856899465 0.9305326486477199 0.21099475139418142
v 0.39596792697983074 0.84953681908463 0.34856361517356355
v 0.34918209511607967 0.8649597946432395 0.3604392016707812
v 0.36046701647748275 0.840710049722539 0.40406700227480596
v 0.1641997280955846 0.9179967691342832 0.3609991428692783
v 0.6377925652704185 0.6008312125101376 0.4818946957161667
v 0.5773011300220429 0.6482327943358792 0.4965054376567996
v 0.5650617408354076 0.7385156729847442 0.36783125179890447
v 0.5766751611854638 0.6966264773100128 0.4267989100060608
v 0.4244721338951979 0.7484522220422792 0.5095514486942726
v 0.43029589347904723 0.5945165171026737 0.6792610359406571
v 0.5700343083854891 0.5376697673854024 0.6212665357986091
v 0.37922351489273204 0.6883798855246313 0.6183224554854023
v 0.34524614171949103 0.6236431228930165 0.7013375484715267
v 0.3049932873520381 0.5905192806320273 0.7471720510511819
v 0.49711128678219113 0.1890675954323495 0.8468375363144831
v 0.4837307902675075 0.2707967710747848 0.8322701672670019
v 0.3622705049962493 0.4456949455722791 0.8186061914627116
v 0.4281197353826359 0.19455128718999246 0.8825323160250954
v 0.02940315090251403 0.5381557730488735 0.8423323682793945
v 0.14771768740444813 0.2807783094396712 0.9483369790196321
v 0.10375363928767818 0.23647746455384333 0.9660815654450446
v 0.8974843505858824 0.10506701044248716 0.42834888090213963
v 0.8760123744244597 0.06799395280129296 0.47747161406483213
v 0.8219615608966768 0.08520039006147755 0.5631341633586713
v 0.8541527417570149 0.005780638201559208 0.5199900748773547
v 0.7863236137710922 -0.15263233147065397 0.5986639673604909
v 0.9834496107240094 -0.08313239815461308 0.1609840599061209
v 0.9704756987706366 -0.1545006663088374 0.18522003726856948
v 0.9680188042986304 -0.20519270640408033 0.14434523810233252
v 0.9540366316698603 -0.27902835448246943 0.10934936134625063
v 0.7882075763178236 -0.24655214460838362 0.5638624447719399
v 0.9085332970758712 -0.3445858082048192 0.23627921806260974
v 0.8521749370168884 -0.40556016265127265 0.3306339837199676
v 0.4384891820669456 0.029331337744647853 0.8982577079192644
v 0.49202307668657996 -0.10799866997846157 0.8638573836523915
v 0.03854798160439728 0.2003467703967444 0.9789664063213924
v 0.36520636675313906 -0.07389197261238174 0.9279893782077588
v 0.3594120959765394 -0.031922851909890186 0.9326327663082024
v 0.30639409354565256 0.023689939513869714 0.9516099233436814
v 0.30262166347959774 -0.17522877855379215 0.9368644533545859
v 0.05047191059668881 -0.1695988520294001 0.9842199020701774
v 0.045479008382064555 -0.2008900870278654 0.9785575265310266
v 0.7887847565639678 -0.48071213717549466 0.3830593282828269
v 0.8221048257508013 -0.4913271762280639 0.28764780787797034
v 0.7292708298414362 -0.37388891468258717 0.5730367669005716
v 0.7264484539055504 -0.5268816838975096 0.4412123468258344
v 0.5787972558031337 -0.5497715830831388 0.6022831087694734
v 0.46837586257778224 -0.5965054184528931 0.6517709237998099
v 0.727654229714268 -0.12877467646445992 0.6737480275892532
v 0.631379831395732 -0.03715024511753013 0.7745833510955451
v 0.5810919190449523 -0.03166601176622867 0.8132216458748965
v 0.5436511706334405 -0.48648446916529947 0.6839417123774854
v 0.4188759649994976 -0.42522695026757446 0.8023247264741861
v 0.622023179716702 -0.37165607641787174 0.6891726378468582
v 0.6793986859914446 -0.2694938135953498 0.6824884686988736
v 0.6387832720585814 -0.21639664919375756 0.738328125941201
v 0.6175636049994009 -0.29099878614579044 0.7307084919732495
v 0.452844656115199 -0.29057209333299067 0.8429113690086231
v 0.3640610862170682 -0.5044295226613702 0.7829497954339543
v 0.1886088356703851 -0.468441591634419 0.8631275585532384
v 0.3238856146314924 -0.35942292785765606 0.8751647088205802
v 0.6694312095448106 -0.7231159577557307 0.17019156067909003
v 0.4480992003085879 -0.6437536694194042 0.6203130820737676
v 0.4670330834799397 -0.681991700712429 0.5628209476330711
v 0.4310430560401837 -0.7699059751644123 0.4705812079181177
v 0.48369614746137723 -0.7839779986787139 0.3891227756360967
v 0.4700515368164615 -0.8539570684081409 0.2231790269094674
v 0.40668004238000843 -0.8756395335616852 0.2605124764645042
v 0.07432879091517663 -0.5321722496588152 0.8433670182869164
v 0.1287177876320765 -0.7056025188752868 0.6968190701351064
v 0.35124888171252944 -0.7503040540918464 0.5600607551945029
v 0.3988968658748273 -0.6906515024176432 0.6032261537794031
v 0.20623195113179327 -0.9565016919189457 0.20633200354905684
v 0.10649891796585705 -0.9811703452583604 0.1611295567476418
v 0.9968825352114884 0.0671065965296007 -0.04149597200366857
v 0.9609911087323564 0.20941015552911849 -0.180675055551747
v 0.9777310455094552 -0.20973401547949927 0.007324301866584352
v 0.9844257425735824 -0.17036391310302734 -0.043383112736121866
v 0.9609917302104466 -0.23397157108188354 -0.14748626509816917
v 0.9796263052831173 0.07889851069312975 -0.1846816910463908
v 0.8582592426893795 -0.09414413057558171 -0.5045076362320204
v 0.8117674397010572 0.05615575483786417 -0.581274595212779
v 0.7118179556513445 -0.6897786123012994 0.13236564518043986
v 0.6702479980944104 -0.7368058836649997 0.0887958943142879
v 0.3492480196500533 -0.9291262918683294 0.12145021420122706
v 0.5085469604516698 -0.7542960482739047 -0.41523181546425264
v 0.42754416562352815 -0.8683267797793849 -0.25142511799588513
v 0.33726397354339116 -0.8765155275528227 -0.34347276763743595
v 0.2267528150526102 -0.8673090932846133 -0.44312311784823255
v 0.329547093914553 -0.9431922033107463 -0.04227505773257843
v 0.3088845063654128 -0.9510720086244376 0.007238517698605039
v 0.07681025655221116 -0.9756290956015711 -0.20554331004448637
v 0.016871096045802524 -0.9855280151996487 -0.16867097371763246
v 0.4280561684885195 -0.7021875148910356 -0.5689469312247669
v 0.03034363544955404 -0.8896036255728028 -0.4557243170552005
v -0.06080283217353649 -0.8051640911172256 -0.5899269463035647
v 0.06194315898209207 -0.7327648347116065 -0.6776568025670452
v 0.07433081884043256 -0.8011129244588011 -0.5938796272272506
v 0.7782887132813558 0.029377956666089118 -0.6272189525524376
v 0.6092803622781905 0.08139655833475319 -0.7887661506640697
v 0.7477711955745358 -0.22846589249757504 -0.6234112407025688
v 0.6181513741363488 -0.18000880436867858 -0.7651703790680233
v 0.533257808599311 -0.061213438288061146 -0.8437351625603939
v 0.44657480538521577 -0.1989300433673175 -0.8723518676778504
v 0.7469679854527591 -0.5510054751142291 -0.3720642351836436
v 0.6754453717371897 -0.6674975917700188 -0.3134015232573621
v 0.8186594485152267 -0.3424816315441665 -0.46098051955759545
v 0.7611839512567602 -0.42598395475014933 -0.48901601471175665
v 0.5748459674167318 -0.43654112163414144 -0.6920866729443124
v 0.6192815770308389 -0.3760335173535448 -0.6892670905947261
v 0.16627539404500238 -0.4014912736852024 -0.9006426874681286
v 0.21685654691572237 -0.6719892486723889 -0.7080986426540495
v 0.06641956124494404 -0.5276903974276055 -0.8468360445486038
v 0.07004644377458219 -0.612565007943401 -0.7873103624097904
v -0.018556128733336136 -0.5656522447983245 -0.8244350841885905
v 0.5011902603115329 0.1088624849440918 -0.8584621612748319
v 0.5838477938431332 0.18499846716661072 -0.7905044723279627
v 0.5563860560379996 0.26427788250271356 -0.7877764641485311
v 0.4851629867090574 0.2843393881139418 -0.8269026476523921
v 0.236814235422473 -0.025762044020973034 -0.9712133313485412
v 0.4436589701364455 0.3134482308549457 -0.8395933091630573
v 0.43885615354838237 0.376208508667945 -0.8160100700962946
v -0.09554352581758267 -0.5518647829757297 -0.828442331116352
v -0.03038755772675079 -0.5096684477955268 -0.8598340942630165
v -0.02863687545448318 -0.3837241897509481 -0.9230036162248676
v 0.13607586311325512 -0.24195957391943412 -0.9606971031843016
v 0.16502882958572718 0.08836381384391685 -0.9823224123517302
v -0.011139933488491616 0.2825452461327798 -0.9591892856832998
v 0.850901320585931 0.4154984784867167 -0.3214466627612457
v 0.7833878733785073 0.5325990403771994 -0.3203774368347214
v 0.7727356274770876 0.5996033671638379 -0.20821972076001782
v 0.8433198976590157 0.5365101801371888 -0.03111875353461958
v 0.6515452005211092 0.3961444494359169 -0.6469609160212244
v 0.042832566154794915 0.4507821850982907 -0.8916057384711056
v 0.3247372390468008 0.7096306668398141 -0.6252759728765706
v 0.10399948409971442 0.828561241430839 -0.5501548659292037
v 0.07869874961441138 0.8693642941124846 -0.48786497202753726
v 0.4780994639873053 0.8763550574583368 -0.05850398108032226
v 0.6308497227093443 0.6513793607079043 -0.4215845772811256
v 0.42175368989611306 0.8826150261116489 -0.20764041210936454
v 0.4662595288746025 0.8533473631948879 -0.23323878207100535
v 0.5798351840233005 0.7474735754217169 -0.32415183697603855
v 0.35029762438419554 0.8316763931556762 -0.4308200917069145
v 0.5626821032028172 0.8185929370511165 0.11530157911009258
v 0.5239185074452012 0.8418582615264364 0.12955332900423244
v 0.46170691877661185 0.8815942744586776 0.09807270973866834
v 0.19353348008819027 0.973347636222579 -0.12304133917050793
v 0.13912454439115862 0.9836562124498559 -0.11430142981063984
v 0.29374361660595033 0.9502039745840679 0.10405332473254528
v -0.7385997384202975 0.16980228427380264 0.6524090822948949
v -0.7717137617872443 0.3555109603201291 0.5273232660905832
v -0.8136844467676237 0.283487185381824 0.5074964401971283
v -0.7414504534151597 0.3204874251746937 0.5895244146219469
v -0.8401355771276585 0.4037913679276898 0.3621115066267038
v -0.805208403770399 0.38766645273630895 0.44872502484302484
v -0.8422990606671645 0.4986370646985208 0.20467869969309305
v -0.6405613721124723 0.20813801556058634 0.739161481028258
v -0.4312844965457914 0.19306224271046335 0.8813175667594796
v -0.01609133985103396 0.2751224454650038 0.9612745231114547
v 0.01852671222296573 0.31616803992333686 0.9485222883334068
v -0.10466020186740368 0.4590030957089004 0.8822484912283616
v -0.5481105381471311 0.7302134796479146 0.4078763441443338
v -0.45566283618126663 0.764862980179366 0.4553635923900625
v -0.4063113649100975 0.7676533419820069 0.4956000618328752
v -0.6231098222988424 0.4349129452604375 0.650065288566923
v -0.639140500095628 0.3006699722316859 0.7078820445072102
v -0.5294290001937888 0.4166573373459954 0.7389868720008161
v -0.4875209667454058 0.6600398737882525 0.571551110569486
v -0.4653281191337058 0.6285614717506341 0.6232015867872647
v -0.4010356656958808 0.6373975915446131 0.6579473422189563
v -0.5613176064127883 0.5927908032363758 0.5775132971017989
v -0.3861229009226988 0.5162007446531696 0.7644906125012609
v -0.5095530584671563 0.8083511821694799 0.29482884338539767
v -0.5104713720351695 0.8388813407097317 0.18893669453437198
v -0.37966033470964194 0.8291275757133848 0.4103723838659321
v -0.4549052853724207 0.8364230691364567 0.30570840805674077
v -0.22754268924124446 0.7517033030959444 0.6190044173408696
v -0.23627140737977245 0.8414886316325592 0.4858731366189583
v -0.1590493104374016 0.7977032584012589 0.5816982279373056
v -0.2598856439547514 0.8677738893321622 0.423589340115585
v -0.13481736588313636 0.9505384058502769 0.2798231885672571
v -0.9804629525434909 0.16125551105289804 0.11264572270960316
v -0.9739388999658326 0.08444895454535273 0.2105027154445779
v -0.8320637702073364 -0.439886723614103 0.33788985290535567
v -0.8617688565236304 0.06990351788412134 0.5024618752834673
v -0.8258205422655186 -0.5036946741355733 0.2535983186453406
v -0.6783243751436882 -0.6991134768894226 0.22608933746974405
v -0.7267501124239147 -0.5972051866756797 0.3393821431653326
v -0.6845877629118275 -0.6103217703496092 0.3985560581758835
v -0.47869358282237945 -0.7999561797142227 0.36183223225923344
v -0.48280195182553737 -0.7449494560746793 0.4603830831030731
v -0.5745399044455245 -0.577802762008243 0.5796963570830624
v -0.12043646970307141 -0.9405104071534489 0.3177030544415886
v -0.07648483460287009 -0.8955602780307284 0.4383170752883081
v -0.37991535432802503 -0.7224031358314973 0.5777525706447618
v -0.24356636894088293 -0.8810357532283546 0.40552610946066087
v -0.4311984470888276 -0.5472969138145378 0.7173102448433775
v -0.2668090078534477 -0.6717659084475893 0.6910452355496304
v -0.03689888396739955 -0.7526859920851671 0.6573448635843505
v -0.09733970541344839 -0.5013625717954313 0.8597444698005879
v -0.7736186441546127 -0.09031003872920765 0.6271828204926438
v -0.5190814909149788 -0.02458813971192842 0.8543710137726992
v -0.6562915292123979 -0.4578810959585978 0.5996885280275134
v -0.49370458120974253 -0.21063378103613345 0.8437352646292172
v -0.6615978841514792 -0.3260994444971341 0.6752387666484697
v -0.565178135721344 -0.3765575532660049 0.7340150434295377
v -0.572299474176397 -0.46368656025384375 0.6763638707806456
v -0.44068582040892146 -0.4680083356874401 0.7660053559979775
v -0.18256953086166391 -0.3605965048479331 0.9146794668584217
v -0.2993635023811114 -0.44399924651911654 0.844539023688409
v -0.22795580332103743 -0.4536438083892022 0.8615355168780922
v -0.11781376840374379 -0.39274397026159996 0.9120702219663049
v -0.03884238257674815 -0.3528265079916763 0.934882198233639
v -0.3476959027650281 -0.03398202589226701 0.936991345273087
v -0.3758467946067717 0.14482149348753684 0.9152955380683632
v -0.30868217082393823 -0.20912920136149085 0.9278902384190308
v -0.37325066301921367 -0.14585734060206554 0.9161929811716583
v -0.23258876498575856 -0.2229726082857031 0.9466708416111009
v -0.08800019008557304 0.044175839920932894 0.9951404231123281
v -0.04303562028031836 0.17844911486377737 0.9830075527641803
v 0.04475027661812183 0.1489383878436564 0.9878333712570831
v 0.01587755098324529 0.16072793714920428 0.9868710318955238
v -0.8436887910666512 0.17796594148658415 -0.5064754164806878
v -0.8625170621092196 0.16116596350356865 -0.4796768180540384
v -0.9456800392411766 0.05482158346908677 -0.32044322019157906
v -0.99520022816214 0.06582076685867772 -0.07241638292651723
v -0.9848216527569637 0.02169390629678397 -0.17220826545386472
v -0.9879290668006099 -0.09893046659961996 -0.11920118182659824
v -0.9418584505978683 -0.23857648309015464 -0.2366092152764047
v -0.9399243005302611 -0.3195809929267454 -0.12004290163376985
v -0.8790533043207809 -0.47423421681072014 0.048653836114322974
v -0.6502230329839057 0.28323059885098256 -0.70497548556792
v -0.6373990551136801 0.1490918294434784 -0.7559722686272192
v -0.4196666381704695 0.27270688913989943 -0.8657429557451419
v -0.5840958144005415 0.06816698233706922 -0.8088172489004088
v -0.2571761370561021 0.3026547093071564 -0.9177475477837582
v -0.28988063237250217 0.1185938206742698 -0.9496866455169292
v -0.2533575666245768 0.04928227536148354 -0.9661165565133785
v -0.36670856752474085 -0.2082165484624503 -0.9067362877101239
v -0.8432276194441065 -0.5371257191894878 0.02152077117113391
v -0.9036426584550282 -0.2682561191602895 -0.3338691365690905
v -0.7903189044460701 -0.5827166938044146 -0.18930737977378445
v -0.8209026135983075 -0.003005299447727644 -0.5710603008113043
v -0.7503504729542506 0.07848045185697497 -0.6563649795758891
v -0.729930534096769 0.0545593069930618 -0.6813403682548411
v -0.6399537174619326 -0.44132732335783176 -0.6290384989525399
v -0.5857993428790037 -0.30322263636001573 -0.7515950789363971
v -0.5023272649108769 -0.3791459072537236 -0.7771201322446283
v -0.37540728116817607 -0.6750999224954793 -0.6350665066688023
v -0.3467528289787944 -0.5673666093698059 -0.7468986585658145
v -0.7922387615578771 -0.6081629583640681 0.049955587866686274
v -0.5794102525004441 -0.8064428647098857 -0.11804094736948263
v -0.5184343692049559 -0.8469085561222575 0.1182019559650895
v -0.4260825706118718 -0.7145335613751782 -0.5548832604154535
v -0.539466626134301 -0.7335838737891275 -0.41331641559925014
v -0.11952194528328679 -0.65488358316797 -0.7462184647224831
v -0.02855726917553308 -0.845903212792288 -0.5325713444834612
v -0.4549740623801512 -0.8680526894442384 -0.19870362580971465
v -0.522618783211616 -0.7746702207973086 -0.35602760629515673
v -0.2687085996338322 -0.9571639898354534 -0.10785538950419181
v -0.4259740956049601 -0.8950229830508769 -0.13221168512747297
v -0.33471286957879876 -0.8884619756752581 -0.31401052962845577
v -0.12375210963114257 -0.9738933285368341 -0.1903081711153989
v -0.21347299619488141 -0.9638731544178616 0.15930418101274463
v -0.9039502172749859 0.3994912336975827 0.1525803358473464
v -0.8191092870433243 0.5703201144208377 0.06160310841491419
v -0.727908611032145 0.6757217856097016 0.1164006977543082
v -0.7715682334642053 0.6352262263719461 0.03420676012402444
v -0.9114499546338579 0.324412667829176 -0.2530126501776052
v -0.8592431791034929 0.3265040994129277 -0.3938225897922515
v -0.7881467657784884 0.331934252978967 -0.5183091040028177
v -0.5613969163710901 0.8173203474477984 0.12969561263528334
v -0.42419513122293073 0.8911310294228937 0.16107134768932257
v -0.32233967865208957 0.9444767040150984 -0.06372509034315992
v -0.31609305705787244 0.948533285299039 0.01922981954206562
v -0.27024663443376445 0.9571246279697748 0.10430341850075465
v -0.3396376169576561 0.9307314843982026 -0.13559200971016974
v -0.22450482867857793 0.9703101753278182 -0.08997636109168425
v -0.799266371441341 0.36619851232821116 -0.47652063654326376
v -0.6919387151100794 0.7158623041912814 -0.0936054270315652
v -0.5550509171903674 0.831639280698054 -0.017163511475081186
v -0.5201304756053101 0.8477443616041519 -0.10389314565919629
v -0.422637363089922 0.8903677761725065 -0.1691829851788378
v -0.35236366049764883 0.7868783705987282 -0.5066184764145385
v -0.3159539959647885 0.8745110690288248 -0.36797209483864995
v -0.23661934341298416 0.8374469789835133 -0.4926396692453779
v -0.5459344495945045 0.5943654824427741 -0.5904957663070192
v -0.45927814355006785 0.49374155753645904 -0.7384327059513784
v -0.24134110116993976 0.7028205735809372 -0.6691768930839164
v -0.24836385114323278 0.3803585624312373 -0.8908662982909078
v -0.07870435874880054 0.5907660571021766 -0.8029950745115987
v -0.1985743083040524 0.4516918555448819 -0.8697946376679894
v 0.9416173821939487 0.27603992510554487 0.19276583021360463
v 0.8940920440031987 0.35232979411465315 0.27651967928035126
v 0.9486543685846169 0.2085828627099611 0.2377983985417889
v 0.9226445965283322 0.27083378319185447 0.2745469183565142
v 0.8547494834706544 0.4891615462544456 0.17356353929500684
v 0.77291995770841 0.6171237233617505 0.14748914888953452
v 0.780750455110729 0.5872033980107757 0.21359048716875945
v 0.8175970913199407 0.5263686523333607 0.23339031279368525
v 0.7205662026721962 0.6718675957415621 0.17140093745083365
v 0.7447422639790287 0.6314119340230602 0.21605075750075414
v 0.6690748650937595 0.722815677810507 0.17284768095379513
v 0.7398405301798636 0.615624017695484 0.27137254603155564
v 0.7834224587325966 0.5039456374605594 0.3637142362320221
v 0.7697915907784338 0.5408169744090525 0.33902493559891195
v 0.8701962817417154 0.25749601093234237 0.42006456122460983
v 0.895334895338429 0.2789565384235911 0.3472156028464907
v 0.8601908831334214 0.3142872081999615 0.4016157309369477
v 0.8225784940448858 0.34564676798303917 0.4515450508174429
v 0.911869021219317 0.3481445372097959 0.21746325977392517
v 0.8812016708028076 0.42421594184974143 0.20862514243225116
v 0.8166564651562596 0.4904586270246364 0.30417520131593856
v 0.7550535999158108 0.4402851157730276 0.4858426474517304
v 0.8215948999851238 0.28886365995055846 0.4914667906160119
v 0.8561327290327021 0.21352614839956982 0.4705776601461898
v 0.7043630235374144 0.5076689760527215 0.49612996465322784
v 0.7731755847406503 0.3163331601289846 0.5496661231727527
v 0.8064839658288099 0.235123149617902 0.5424949007822955
v 0.7111386431704094 0.3580699350317314 0.6050353310477999
v 0.628627984874952 0.7375785723673363 0.24658610304844697
v 0.5224263996606445 0.7994932681476793 0.29644758579580244
v 0.5440528275523454 0.769665483905531 0.3340981348597485
v 0.39725693954399216 0.8978620954813858 0.18981723178340731
v 0.2972051700986163 0.9129906216935354 0.2794945644664744
v 0.35704071896245354 0.8821318453550615 0.3071894080420874
v 0.5000804286975414 0.7898551424239173 0.3550329827215727
v 0.45622641631573124 0.7941924056027576 0.4013924263593051
v 0.4170691671209027 0.8226002380150887 0.38649988131252516
v 0.40757882580756616 0.7953385265133798 0.44868265956781916
v 0.20137634805479446 0.9416602240137609 0.26967311500123253
v -0.0201792226706354 0.9589613555841526 0.2828178167453625
v 0.07089600072651706 0.9292648766958597 0.3625473017695961
v 0.04870122620675168 0.8933548451191032 0.44670494878407363
v 0.00516319810145689 0.9400671326533441 0.34095032994599844
v 0.20379611334981818 0.844252636799124 0.49568601900924597
v 0.2957550755232459 0.8891323347926067 0.3492457967227193
v 0.2444882176691598 0.8977064301180623 0.36653605108589576
v 0.25234927634539184 0.9169349528125528 0.3091118487515461
v 0.1977330113918336 0.8854996837716891 0.42046636755649747
v 0.3017765665255618 0.7662751575587627 0.5672330092689746
v 0.22874697611235975 0.8027163397229556 0.5507461292294592
v 0.039053779235268524 0.8034123307347376 0.5941409169135041
v 0.6203345415961377 0.37556127713306303 0.6885773621176435
v 0.7140449183271643 0.4154710517748379 0.5634923777197552
v 0.6541692282494225 0.4037903282370748 0.6395435807149896
v 0.6810619068246674 0.48013124651310884 0.552836924593606
v 0.5419061852169214 0.5064328971119978 0.6707185752209286
v 0.52496606316237 0.44494829658279317 0.7255560942448718
v 0.6744557594593452 0.5802474210241418 0.456532976823088
v 0.6321599156758274 0.6417412010654523 0.4342143155951927
v 0.5948623460485045 0.7834642516372993 0.17978474812974554
v 0.5669786736870148 0.7722324571575726 0.28669184797704206
v 0.5193401334476475 0.7517976753315102 0.40630786499490346
v 0.4719815384029098 0.7482553245784945 0.46620531597865167
v 0.4356340536033063 0.5306717988764041 0.7270559904288204
v 0.5593900058016217 0.594210979680619 0.5779239855173521
v 0.4473136291188123 0.6510341848664873 0.6132413940201575
v 0.5046263215329481 0.5921615204917755 0.6282491617702282
v 0.5077982050379196 0.648886916885403 0.5666451729744313
v 0.39763653732863774 0.7169081052231345 0.5726499391833252
v 0.30843933514382743 0.511042546064798 0.8023095990000635
v 0.3676846391950442 0.5630065865335674 0.7401564629318795
v 0.35162916008944484 0.6661046078601844 0.6577701613498604
v 0.27974432350442324 0.7093407673213471 0.6469766528113785
v 0.22855840222820348 0.6147222725303949 0.7549023674793699
v 0.2120767181024482 0.6837190688952998 0.6982490246809079
v 0.17023947211932838 0.7273719705486823 0.6647921017826995
v 0.6241032475820631 0.17944384106507189 0.7604571284834769
v 0.591421661268085 0.2507644117438166 0.7663795589560543
v 0.5396934085887343 0.24643240954003545 0.8049857714606922
v 0.4411144579936666 0.24593508008574239 0.863095574853778
v 0.47587347633644816 0.332492904567249 0.8142437613711869
v 0.3119333553118267 0.2605010615933798 0.9136940290669673
v 0.34251110549572233 0.165236212113495 0.924869253904833
v 0.18504884604495755 0.5258030306582944 0.8302337607734235
v 0.017397534997249723 0.6477325752639903 0.7616691123564737
v 0.051717551874124405 0.5764720400967175 0.8154785599970584
v 0.22547397336645564 0.26693275458406146 0.9369676578540521
v 0.11929105454469405 0.36125394031719615 0.9248055119380044
v 0.2203716177815788 0.3366140874312475 0.9154929307313946
v 0.16128698537791478 0.1915577696167991 0.9681384866056826
v 0.07667073105846273 0.19282568502345698 0.9782330265300776
v 0.9855762051686437 0.10213171960045747 0.13493945181758094
v 0.9573076402486268 0.10479943423761216 0.2694051976207629
v 0.9941351782722088 0.014048799116928017 0.1072281612499994
v 0.8537783429157104 0.14902907165738405 0.4988515580501297
v 0.8852171616735924 -0.00976685935634276 0.46507546176600456
v 0.7793981855845334 0.15311639123438098 0.6075309366961466
v 0.6863202249145047 0.18691267370748715 0.7028713973984304
v 0.8507424302210066 -0.09527904356546488 0.5168744734255176
v 0.8006608234129814 -0.00513161966703832 0.5990959124641392
v 0.760769517081713 -0.05532037013773614 0.6466601878321263
v 0.8092668865645101 -0.09398725004932773 0.5798736958496646
v 0.9526622531455098 -0.029324123166919815 0.3026131643405684
v 0.9535309035652341 0.042519619593207804 0.2982798985780254
v 0.9293642328771033 0.11272397157772504 0.3515329698342639
v 0.9417653215171822 -0.0879682196950936 0.32456073624410287
v 0.9188322285742242 0.033365521392747066 0.39323539733283797
v 0.9837309158776466 -0.12800868880498684 0.1260446775431435
v 0.9241260828583494 -0.2180225946303032 0.3137787934382337
v 0.9514004150627098 -0.17236039152277194 0.2552041254616003
v 0.9451952452913924 -0.2595723587159446 0.19806094736011307
v 0.9410049177804723 -0.29684635648152136 0.16245610286047207
v 0.8735875746648268 -0.23199240374632893 0.42781336350706284
v 0.8801209681261366 -0.27848897544951057 0.384487934814337
v 0.9204242106854075 -0.3530667134107507 0.16781885551235132
v 0.87211792842501 -0.34358150740821286 0.348370588148267
v 0.8957929185083748 -0.4045942895272113 0.18400681517872938
v 0.8234894011784581 -0.5220317694069276 0.2221441826305995
v 0.8205700738298499 -0.5439895936214739 0.17532848019194738
v 0.519281490423264 0.11265613829122459 0.8471453996859701
v 0.3992682845454494 0.14822655612446475 0.9047727477193458
v 0.5065931594244791 0.047424305199464736 0.8608799603316786
v 0.5101497777544025 -0.0073713939754889305 0.860053990635467
v 0.36895307457961407 0.026574317305353125 0.9290680461720789
v 0.5062953164803311 -0.06506800513689323 0.8599018590615948
v 0.43332123726850186 -0.06880455469438226 0.8986092802689067
v 0.11791281945139795 0.13819739757841032 0.9833605881423035
v 0.31545413802843614 -0.10048859970629723 0.943605175976586
v 0.04791170562119626 0.017209842467365476 0.9987033041833377
v 0.27525099262555147 -0.12515886690159397 0.9531905103884312
v 0.21626716228663356 -0.13760813203157757 0.9665880800606156
v 0.18588269088185247 -0.21594451810666193 0.9585486895980835
v 0.016055097428520775 -0.10547469369797784 0.9942923729144655
v 0.13385110168656025 -0.2492219482296706 0.9591518665455965
v 0.14798262436263973 -0.18854888092071773 0.9708503810527609
v 0.09608366128974025 -0.13764026217073758 0.9858108785475685
v 0.1511069413069023 -0.3572750894084756 0.9216947449004135
v 0.017655092725108866 -0.22616535586717976 0.9739289139903075
v 0.09930258843140813 -0.33194814386006277 0.9380561953948611
v 0.05750505526674407 -0.32060434406715743 0.9454660349182495
v 0.022885707395447975 -0.36290528744072603 0.9315449515426372
v 0.7747728540096108 -0.5753508685724184 0.2621038014275377
v 0.8189325834985436 -0.4393381806540418 0.3692308041103794
v 0.66444105991898 -0.6212788549886473 0.4153681045021849
v 0.7857932148238794 -0.3670575686628979 0.4977928935049541
v 0.7602144990122506 -0.49107092536125724 0.42535075144684037
v 0.6019029093499998 -0.6085967447860869 0.5170327745431468
v 0.6207900686360324 -0.4793156677124657 0.6203838983792402
v 0.5767278234106032 -0.5082500986610824 0.639583344776166
v 0.6181857961285032 -0.5607097061108086 0.5508638188682384
v 0.5195210047246879 -0.6247615472299458 0.5828987345608969
v 0.7243692633746321 -0.057857415344145055 0.686980123269799
v 0.662949923631216 -0.14978318658359221 0.733527365388797
v 0.6507081517606264 0.061751345304587195 0.7568128385442092
v 0.6358316839429989 -0.09428285320458958 0.7660475267800374
v 0.6741209978211198 -0.0189800538136106 0.7383770296087836
v 0.6175818596940097 0.021089920850166855 0.786223798810124
v 0.5623316960946928 -0.10014718681992613 0.8208249536529216
v 0.6087501750642429 -0.1479054485192951 0.7794531433367627
v 0.5176970970693621 -0.17958393866339814 0.836504228716207
v 0.4081722833809391 -0.5451558175898564 0.7322571417388334
v 0.49157916373698135 -0.5141260220825443 0.702868664258999
v 0.6158570712378991 -0.43564052333457237 0.6564582258111001
v 0.43720278919714545 -0.47413401282158274 0.7642320714311456
v 0.5343298221910899 -0.4108155525588918 0.7387301421310563
v 0.4827933240031402 -0.4309329873226224 0.7623695735896072
v 0.6945992127912123 -0.3386587944517722 0.6346984752859428
v 0.6621332007900064 -0.3165017700941033 0.6792689113590292
v 0.49702240582082813 -0.31914074738883225 0.8069187762520919
v 0.5741767813392675 -0.2122226737419577 0.790748101812893
v 0.5241921378078293 -0.22756703261787878 0.8206313717656372
v 0.4799264123434262 -0.2473553112470843 0.841716097465782
v 0.48545195001872204 -0.21050222277432376 0.8485429973961773
v 0.35800096501843803 -0.5864502248323697 0.7265751460378548
v 0.4463742986242931 -0.3775676500823573 0.8112907340398736
v 0.28380277658637654 -0.46197853509499837 0.8402569946827833
v 0.4173643476946836 -0.17864946547551058 0.8910058191497435
v 0.3599515175308625 -0.20240439497205642 0.9107509900753471
v 0.3449637750849332 -0.2501859215292703 0.9046584983007132
v 0.3946851026779527 -0.37996631868739633 0.8365699411210291
v 0.272783026175989 -0.4132677663526565 0.8687917897426034
v 0.10738254584038741 -0.41688231290679767 0.9025952171567916
v 0.7803434934805341 -0.589220262039896 0.20948392535999513
v 0.7488681387917401 -0.6427470727700499 0.1614704652502353
v 0.6545934175779834 -0.665343264212259 0.35892310935763416
v 0.5913089797775458 -0.6495499333099332 0.4779524814994682
v 0.4831692884833666 -0.7366144567281852 0.47322994495859816
v 0.5820311721278119 -0.7358096339937419 0.3461558856837786
v 0.42636161387745436 -0.8029822628752766 0.4164555915334942
v 0.595956519359272 -0.7797993736078455 0.1916996712412245
v 0.4462844629217845 -0.8263406260574389 0.3434986868702914
v 0.3737322768193395 -0.860704598281316 0.3457047580824299
v 0.34783635078643027 -0.6566128939262346 0.6692304390876098
v 0.06055829317978426 -0.748219091671996 0.6606821353606322
v 0.3732610914575931 -0.8063338780092314 0.45880478940229047
v 0.36943051824723544 -0.7782622024988942 0.5077686838996173
v 0.40602802557518963 -0.7400005924691285 0.5362279045264726
v 0.3077809569351884 -0.7115909943774394 0.6315925421258445
v 0.23995859647473103 -0.7393150566267391 0.629152699289194
v 0.1567994182665628 -0.8337012633620466 0.5294866815131379
v 0.22439498965355634 -0.8457434649003285 0.484112466475268
v 0.052607030203942244 -0.8689987687822666 0.49200979688216223
v -0.03283971621050568 -0.850661013182849 0.5246879012231389
v 0.17408898815876397 -0.9199920853621572 0.35115180061171125
v 0.09130298261628549 -0.9252963615278966 0.36809021816479504
v -0.025993608736716158 -0.9217389320247839 0.38693884981305987
v 0.05867488556063859 -0.9618600278386514 0.26717511981970676
v 0.04391463691030332 -0.980095553561449 0.19360839484411116
v 0.9999076139225674 -0.009299554746042816 0.00991372287302209
v 0.9915145527013937 0.12942055138301953 -0.012215263446629402
v 0.9847282807965618 0.11528389787956607 -0.13046009309034548
v 0.9747492852967095 -0.21397908144497846 0.06384969473315918
v 0.9875904469008984 -0.14048416993592322 0.07020902497185644
v 0.9352737806005144 -0.35333296664190067 0.020463870730003313
v 0.799766102502104 -0.5878708858558604 0.12158126028150873
v 0.8571520109694514 -0.5024286209134464 0.1133839096963841
v 0.8455865478533049 -0.5311643857256059 0.053364645846013734
v 0.9036052894610133 -0.42835377158677934 -0.003244568609222471
v 0.9748499497048572 -0.20426397189019277 -0.08912802784803613
v 0.9594326941071485 -0.2782983982380164 0.04515425801022029
v 0.9501005410237142 -0.3099132030817021 -0.03553545415617104
v 0.9234077358370223 -0.37841377048115965 -0.06419635275135345
v 0.9834527047442685 -0.13677833223529146 -0.11879589791787798
v 0.9401334465893962 -0.2580449746564053 -0.22262500681306646
v 0.9189936502671332 -0.3173094189422522 -0.2340200919135373
v 0.9932311936550419 -0.09622858353343529 -0.06505271448394209
v 0.9388416140637865 -0.09299663950885086 -0.3315539906895482
v 0.9394616210845039 0.23609749181285533 -0.2483341234485399
v 0.942015994243265 0.06332533480709956 -0.32953872088336095
v 0.9165681811038078 0.1780201005609948 -0.3580664926858008
v 0.9294553920427346 -0.15801909091678992 -0.33338062497469445
v 0.9015763983782498 -0.2302314032389109 -0.3662697077973352
v 0.9182049847264012 -0.06338776975834463 -0.39100076300264736
v 0.9134899159131052 0.03633554153591303 -0.4052356128801612
v 0.8903130138694186 -0.0686760867272992 -0.4501403474990625
v 0.8381503570185801 0.1424932786455819 -0.5264975257021247
v 0.7885998085361886 0.24631988508399505 -0.5634153496213021
v 0.7341712960477431 0.23130331620588307 -0.6383504397834613
v 0.6176501832871845 -0.7768847408513475 0.122304335645317
v 0.3777279626178092 -0.9105722730981064 0.16786816768389043
v 0.6208726878711485 -0.7818182070800254 0.05724855049544997
v 0.6132187760876417 -0.7899011443428509 -0.004349117086199484
v 0.5478808450604078 -0.8300106891253675 -0.10444537114456535
v 0.6063052153439629 -0.7805626100650843 -0.15203946071692664
v 0.6530611111048871 -0.7449564489674365 -0.1362023285567375
v 0.5995988398334967 -0.7612511819160334 -0.24693697435128445
v 0.4884704747077568 -0.8580780425776443 -0.1584255919505976
v 0.5386553531436866 -0.7947410785774919 -0.27970882816088427
v 0.5658344440230906 -0.7185658465820606 -0.4043445388315349
v 0.2680140143392521 -0.9618516450881589 0.054862564276210966
v 0.02992112730922799 -0.9907910799901019 0.13205211831921743
v 0.13460401993127366 -0.9886731166556156 0.06638694315008521
v 0.0329023708842892 -0.9975122144752148 0.06234433384795814
v 0.4741797034764336 -0.8360489593536291 -0.27599954053352227
v 0.384574116193953 -0.8742178360317207 -0.2963881312024072
v 0.1615943634598541 -0.8841277707834371 -0.4384123020941758
v 0.3915007770357448 -0.9137876977215099 -0.10825518497157931
v 0.3863234873994622 -0.9219386621736834 -0.027986894663696766
v 0.29235145945561164 -0.9381195802668619 -0.18564018227232154
v 0.3642317858552947 -0.9159227731601863 -0.16858434025500957
v 0.32765521567895306 -0.9377690756055731 -0.11502704236938316
v 0.046823363779041144 -0.9430178034599678 -0.3294313205540015
v -0.0034272812952176085 -0.9715347343083945 -0.23687235755832836
v 0.293266082692259 -0.7863416686954802 -0.5437479055734786
v 0.3408057430659758 -0.7431600351367752 -0.5758164704736701
v 0.29013814824462925 -0.7333910900540626 -0.6147823712196795
v 0.22700515838393837 -0.761812695418555 -0.6067207555096488
v 0.17397438428846881 -0.725543698830457 -0.6658222395646359
v 0.13967333083290936 -0.8211959205126798 -0.5532889125830855
v 0.014558366553395707 -0.6997754561382628 -0.7142145090585763
v -0.05346889088746412 -0.6197397012325429 -0.7829838953793768
v -0.07238876572083758 -0.6397677635734941 -0.7651516681610148
v 0.6780730140904448 0.16426572043356913 -0.7164033505314865
v 0.6332807874976674 0.09666905179580804 -0.7678610151656572
v 0.621126937085887 0.13138281553720485 -0.772618847691293
v 0.8271412314155013 -0.11047306797470376 -0.5510291140626823
v 0.8747657694308426 -0.20828310477157816 -0.43749628215423497
v 0.8295665450968303 -0.2771854787717754 -0.48475515223065996
v 0.7626494455348098 -0.14330970293573464 -0.6307361986361008
v 0.8613270185029467 -0.1554505094801569 -0.483684717868142
v 0.5943828633698311 0.004168740289827257 -0.8041713954976741
v 0.5711116418825456 -0.10654557420763106 -0.8139284570052758
v 0.7921124038986598 -0.045868722941922395 -0.6086493241970812
v 0.6783730768815975 -0.09432467941874141 -0.7286376489138795
v 0.6207601761366222 -0.13288216568796818 -0.7726571903275768
v 0.6767105223368347 -0.18092972776076116 -0.7136717050374249
v 0.516707576934314 -0.12436996169507583 -0.8470805112659807
v 0.6314407942596378 -0.2389928465116023 -0.737675364005766
v 0.34063576061151307 -0.23880950606330884 -0.9093609285681977
v 0.9028867860477913 -0.31122114184186694 -0.29654148521064433
v 0.892381602238163 -0.38668421717801116 -0.2326593908963875
v 0.844909153880174 -0.373040680498373 -0.3833655858091589
v 0.8406224604733705 -0.5412915736109802 -0.018902679319228594
v 0.8759662354620305 -0.4798793918299598 -0.04897880794166523
v 0.8485306821300823 -0.521894025813669 -0.08730582628816295
v 0.8023439885816387 -0.5963677678602148 0.02428187481090122
v 0.8299718308288189 -0.5233013713258177 -0.1931383825115487
v 0.8110097336912768 -0.5709364902120069 -0.12765083627771123
v 0.753252038301899 -0.6421485537612485 -0.14232568881397256
v 0.7171472829408776 -0.6200027666242324 -0.3182708656927531
v 0.6349899126302118 -0.6782494655258119 -0.36981816257699807
v 0.6028452416541075 -0.2893249080382859 -0.7435514186682978
v 0.4754920998426751 -0.36991939665406104 -0.7981647091711704
v 0.3865814753282848 -0.4267442900868869 -0.8175842915634115
v 0.8572690914477522 -0.28340952089533666 -0.42984735466700413
v 0.8030653573562287 -0.3911096321838969 -0.44957678702007015
v 0.5570288638846681 -0.3773872053001497 -0.739795743482685
v 0.627326172850553 -0.3275619423453419 -0.706516133420621
v 0.6452251043137185 -0.40364088604428205 -0.6486590783121269
v 0.7181514262831642 -0.49882274675648425 -0.48521582439752897
v 0.44084196602852566 -0.48977037227959386 -0.7521857107292137
v 0.48347384035815455 -0.5546897193706695 -0.677179710943724
v 0.6447638843022103 -0.541537853071893 -0.5394592544296658
v 0.5199182252835832 -0.5837573827587594 -0.6236283806022722
v 0.4932958361098846 -0.6937590662927992 -0.5247452486809133
v 0.2807047378045492 -0.3345864968896567 -0.8995869753799169
v 0.3042080321606162 -0.4653346020357154 -0.8312166873428541
v 0.2209508454544905 -0.35737484498208744 -0.907449141311498
v 0.37555581549951617 -0.5614860665621031 -0.7373542069460993
v 0.29186064157819575 -0.6282680480452522 -0.7211772498512224
v 0.3444749014490597 -0.5208259979277056 -0.7810744664590378
v 0.13475713488876018 -0.5848810500329584 -0.7998466552464396
v 0.14292421065753416 -0.6424794904080704 -0.7528564102223659
v 0.08447016563836757 -0.5731619122770178 -0.815076814436516
v 0.5794927674628657 0.12832307066227197 -0.8048113580175386
v 0.6050454006038971 0.24982309094168148 -0.7559818029823296
v 0.5920991557304927 0.20968469616930074 -0.7781072663686068
v 0.5680926930742821 0.22832566551028274 -0.7906567412884659
v 0.5223018033447958 0.23559899708161497 -0.8195693617973475
v 0.5307618111905311 0.3122669944827254 -0.7878967089273013
v 0.4907229585131091 0.32421381158011875 -0.8087498886360558
v 0.4884559846814173 -0.03811500691965361 -0.871755698161143
v 0.5365382808184289 0.06298910721218491 -0.8415218628110719
v 0.4557121727876742 0.0645552698462941 -0.8877832126753744
v 0.41463818584459106 0.17615024689062594 -0.8927744762031887
v 0.3881666334769047 0.10812239686826758 -0.9152246783990624
v 0.30654641998241483 0.0947761161632063 -0.9471255356081281
v 0.3612430296097725 0.31987708473667736 -0.8758893333171249
v 0.2855367088800369 0.18015124652216366 -0.9412833347395818
v 0.24579318694455232 0.26882675812326223 -0.9312990300481245
v 0.2824919744723932 -0.11438629428269473 -0.9524253566757669
v 0.22866305533406225 -0.21671990963617732 -0.9490762287048278
v 0.2500995115165295 -0.14204472282614924 -0.9577439799113517
v 0.053821956233998075 -0.44592972300555866 -0.8934483080555536
v 0.010972598759378428 -0.4957365576244924 -0.8684036316777378
v -0.09690972552823401 -0.5840120981385003 -0.8059394358919962
v -0.06815135089660641 -0.48662980278323514 -0.870945938858502
v -0.08557868062689432 -0.3973833447245152 -0.9136535266487604
v 0.13082387327400827 -0.1724619609336542 -0.9762899088961766
v -0.009248228265741443 -0.26182698552215344 -0.9650705155201493
v 0.06209236330781527 -0.060754023312529416 -0.9962195978147543
v -0.05851143046656838 -0.06541767012911268 -0.9961410246243424
v 0.1207044189005514 0.3187362721597796 -0.9401263915386947
v 0.19498321614892822 0.20549781709236004 -0.9590371174206425
v 0.0898663473918991 0.23025543464088988 -0.9689718646198007
v 0.1398229050838151 -0.06176453740505576 -0.9882482973084559
v -0.08129216642055599 0.17932502668203307 -0.9804254782920224
v 0.9244706316730976 0.3755497706401735 0.06569947447321767
v 0.9120623658915598 0.4092290317995168 -0.02595843324857586
v 0.8763260285060502 0.2323773919749375 -0.4219637892778712
v 0.8113793732889129 0.27138513538189807 -0.517700319581744
v 0.7343973235045265 0.2697895652777189 -0.6227954412940475
v 0.7983770953474041 0.31909200775104357 -0.510660654656348
v 0.7773474348206064 0.3619195823270856 -0.5145339459219489
v 0.8827965979253132 0.45304039192845474 0.12419569224737673
v 0.8783442790174376 0.4703387500514957 -0.08539782033128548
v 0.7457739124827213 0.6437663591661203 -0.17142387892651445
v 0.73837221739135 0.6714621956885943 -0.06280914221379766
v 0.6931403450715746 0.7178797920819083 -0.06484648143495964
v 0.7770667690801859 0.6293911115612882 0.005836529699000224
v 0.7041167743326102 0.7095196192762528 0.028310386177536635
v 0.6660554390871747 0.7427397331909024 0.06861370709922453
v 0.6381885388699259 0.755639768290851 0.14739039803331244
v 0.6212669191474464 0.32175675241769 -0.7144928323270022
v 0.4118972939262498 0.43716661952489966 -0.7995160824082305
v 0.5621940731070555 0.47781045845907727 -0.6750073999227157
v 0.4812724740987316 0.5619806027614083 -0.6727217907833892
v -0.02968663131921874 0.43652606679231065 -0.8992016998047502
v 0.04816770156161407 0.5227765673368254 -0.8511078269936172
v 0.28263083234770064 0.6404671903114207 -0.7140879432822265
v 0.38665901812518616 0.5425188426555833 -0.7457667926812734
v 0.2732053371598331 0.5380782499588972 -0.7973898925046344
v 0.15876901484187173 0.5467865040470642 -0.8220808469476292
v 0.41693783948593754 0.6941798080032772 -0.5867514228063976
v 0.23524190865678446 0.7550813730254282 -0.6119749705025094
v 0.19521774694952887 0.8202574139605636 -0.5376502637576571
v 0.6548816389993533 0.7555512252799748 0.016504086749943442
v 0.6076885631714155 0.7941753594520592 -0.0003295904323004382
v 0.62360709259676 0.7621453959382114 -0.17392121639754898
v 0.5997142606818644 0.787269948357502 -0.14334864473716166
v 0.5918719782926323 0.8052165646881261 -0.03624700351503257
v 0.49881065487637144 0.8418924014544552 -0.20592502265401372
v 0.4444904981963424 0.8837681401360223 -0.14622609717038704
v 0.45501570141532016 0.8707894984818236 -0.18624274697098497
v 0.7420726796034709 0.39027620221230985 -0.5449886459118765
v 0.7723484072057024 0.43515091727285377 -0.4627327707040086
v 0.7097520967522042 0.3656128831724577 -0.602145481436316
v 0.6858656134285287 0.6218250888144855 -0.3780501543937858
v 0.670945341686198 0.5997093618870305 -0.4360975002618585
v 0.7761749799599754 0.4985969113527063 -0.38594497078427303
v 0.7443308631430975 0.5019990480971434 -0.4404185757687947
v 0.5634042443371212 0.6844857875629949 -0.46266063598190843
v 0.4930214269914829 0.68345180051319 -0.5383525879036531
v 0.568771396631093 0.6161940543438587 -0.5447971969142222
v 0.3968186425705066 0.8797212604804977 -0.26196463266461195
v 0.4873746202289291 0.8166061436423568 -0.309225460986423
v 0.40640279376350263 0.8604178252045884 -0.3074376933484674
v 0.59924653248873 0.7667193179967191 -0.2303151769008704
v 0.5863405402407367 0.7854495186194331 -0.19817624623224112
v 0.5556987746399745 0.7975702075181341 -0.23469264143366605
v 0.42461527866285276 0.8012547969645822 -0.42153601918141465
v 0.36125277391942345 0.903868221899722 -0.22916952409811536
v 0.3441986164302679 0.8613130408992362 -0.37372069520485485
v 0.29014133032791767 0.9227165309412554 -0.2537956106068059
v 0.19415717219815526 0.9397949003017635 -0.28122684411487886
v 0.39749040190471197 0.8404944147585097 -0.36819902111953107
v 0.286224159565715 0.8562424743560971 -0.4300285520630559
v 0.2976995944345207 0.8027868493524477 -0.5166316153511052
v 0.2550289393263375 0.8997429616203433 -0.35415087621060143
v 0.33707283338475147 0.8853339038436578 -0.32025893227031843
v 0.2292613119139675 0.883902398716768 -0.40762212943145076
v 0.12266950739080107 0.955493746358382 -0.2682981413027716
v 0.0532291034139976 0.9013663678127626 -0.4297735840250882
v 0.11832129452976436 0.9063009353442849 -0.40573228347627815
v 0.4923120829477585 0.8645199859681083 0.10116326826146586
v 0.3734026811447397 0.924541133716963 -0.07611918141488742
v 0.38114506135152243 0.9235798290686283 -0.04157813782395256
v 0.3520677073852279 0.9191660979511734 0.17658429656604113
v 0.35329836295840605 0.9294162865586537 0.10660972287006863
v 0.23123956745063934 0.9446083826981205 -0.2329018372226427
v 0.1879740668910911 0.9660245111971841 -0.17737641878971697
v 0.16200656449254128 0.9761978754319333 -0.1441928606537229
v 0.045841422508975986 0.9868012355867757 -0.15531221918048277
v -0.05407864348381412 0.9807468777434637 -0.18764610871371176
v 0.08713114325275266 0.9961019646270465 -0.013749179670315179
v 0.21170044548670905 0.96948349283516 0.12363121976615414
v 0.3036180529602875 0.9519476999438106 0.0401454167781682
v 0.27103041687174556 0.9625629116528914 -0.0038928447998618017
v 0.33746559639028145 0.9400898774744275 -0.04845609892539396
v 0.2982452542402222 0.9508558559379434 -0.08320402365094003
v 0.17820786848146108 0.9805686561050974 -0.08201869467101867
v 0.26111303548052517 0.9633599091508059 0.06129982172157683
v 0.17300403804219305 0.9848225290937065 -0.013935171709427803
v 0.14330941737722616 0.9873642161122517 -0.06763368710959687
v 0.16969230133320654 0.963135185159477 0.20874658793872594
v 0.10450896446305112 0.9812065044426215 0.16220872968602096
v 0.025939468452834475 0.9948046493091937 0.09844213370908203
v 0.036336505947010024 0.9803425293232135 0.19392829483014354
v -0.030184048741391526 0.9888600974015175 0.14575538058212
v -0.011703832046528551 0.9706644840859596 0.24015303381295117
v -0.938195450702653 0.2340681314140169 0.25495373332664967
v -0.876321731093885 0.16504963326265468 0.4525691573367323
v -0.8665682251535006 0.26299061108297567 0.42414083703000693
v -0.8385080886286354 0.20891679026174068 0.5032474143511166
v -0.7289701326409809 0.2447468852172039 0.6392976676743533
v -0.7684314088949122 0.2745985345467121 0.5780214655603876
v -0.700054966132209 0.3195141230540265 0.6386186417281038
v -0.7101289542264072 0.42363912536214154 0.5623582130917171
v -0.8157651184310017 0.5196018729927901 0.2540495328349144
v -0.8351545061615265 0.4587669538771466 0.30339715369195636
v -0.9009894044144339 0.31877103711139115 0.2942840787943714
v -0.8586538407372211 0.3446982518578653 0.37933718108478487
v -0.8335945605830075 0.36997694803283493 0.41016724209855127
v -0.7953207758976939 0.5783600931973477 0.18156119084827957
v -0.7785984757400459 0.4968485594286393 0.3833091736039761
v -0.7770202489677048 0.5797945973849923 0.24510764479579294
v -0.782154964820488 0.5328810437250414 0.3229108301763381
v -0.7248177974941432 0.648710057253609 0.23197935695608513
v -0.6745009048815339 0.6711012617146038 0.30768754579777663
v -0.693171525817501 0.6932578788061227 0.19724793856735995
v -0.6423689658175364 0.7467128111695613 0.17257488052946682
v -0.5689824113740305 0.2860136808387899 0.7710092022278594
v -0.5377885450987715 0.225430963509248 0.8123819061573435
v -0.5280757266798101 0.3414104813857248 0.777544153146018
v -0.37503629218357043 0.19292246871792829 0.9067131302727338
v -0.2512640923028897 0.1658768054617057 0.9535990988507824
v -0.33944230894181066 0.2372958989702927 0.9102030406629793
v -0.4924809395762039 0.3016610494404705 0.8163719344787728
v -0.35955699438459104 0.4402440946585086 0.8227416999930351
v 0.007207720744217441 0.21550687337384078 0.9764757223250894
v -0.07213090307260332 0.24052611489491385 0.9679588425524556
v -0.22853794388688173 0.4772140241711992 0.8485500476331886
v -0.33137975022028665 0.3486053694721169 0.8767335727113166
v -0.31642457793122486 0.29226481493999135 0.9024725837548413
v -0.22977434692249968 0.2541592501586537 0.9394715669221341
v -0.21595705932925094 0.1978697411644604 0.9561433543446151
v -0.0886123445511394 0.2982111814756907 0.9503777899530392
v -0.23825996305129796 0.31943869781735224 0.9171647116759063
v -0.2475730316184303 0.54146854363545 0.8034422258436288
v -0.03818246121641431 0.5829928135822665 0.8115796196103557
v -0.5999705300130024 0.7472255125424843 0.28581356951960596
v -0.6503704973660671 0.5702903031776987 0.5017840035884993
v -0.6155435096550129 0.7147900899473072 0.331935709188857
v -0.5932604078826674 0.6908945956364557 0.4131667292501048
v -0.6003829749196911 0.644277534789588 0.4737581045132978
v -0.5048070444890432 0.7218972583375486 0.4733225076403696
v -0.462464074775767 0.7175784775623937 0.5207764473178786
v -0.687673898870963 0.4962244127858619 0.5299678678626989
v -0.5919210698086759 0.35801994536097703 0.7221157565378807
v -0.5725820818317768 0.47227302542579097 0.6701551678681279
v -0.6395654265082478 0.3826989367282861 0.6667065239236544
v -0.5077597944903579 0.48494216800502776 0.7120471085466838
v -0.4141002959359109 0.680360452652326 0.6046739612158878
v -0.6350936341050384 0.5330965348266175 0.5589849376102265
v -0.4753776100241571 0.5610541639560196 0.6776683207848307
v -0.3547960258025384 0.6613866800020742 0.660823304364002
v -0.3440802507713766 0.7239536234685751 0.5979129803707453
v -0.2455618662710642 0.5831471524613968 0.7743634601462265
v -0.21896128805762693 0.6992212972509196 0.680547964366132
v -0.5516835339331628 0.7615711369179093 0.3400804049053396
v -0.4390679316102853 0.8008575867679312 0.40724252865793803
v -0.348658125068771 0.8062186128766963 0.47796345056364425
v -0.4717510302309049 0.8476547801246253 0.24275983853997177
v -0.4242081832505293 0.8433648130656944 0.32982299699376905
v -0.4753500722741735 0.8066658228049843 0.3511873561324436
v -0.41079948175140374 0.831371319819806 0.3742532757022335
v -0.39275231259571547 0.890211985277828 0.23079913825321302
v -0.3013616649466877 0.8714465280993553 0.3869910794374204
v -0.3342887134345244 0.9104583083479927 0.24355025114009257
v -0.3289356234651829 0.8993207062754848 0.28813820100731996
v -0.32989111562642737 0.7739170718862064 0.5405776703433389
v -0.109078944381193 0.826219444025988 0.5526872661877348
v -0.13037016149220534 0.86203947578527 0.48978726318714466
v -0.02840753303432474 0.8503923087620785 0.5253817024461412
v -0.24403616836839714 0.9007866616612147 0.35920709723127076
v -0.21011240515384422 0.9387652553483052 0.2730797915468996
v -0.06164811924164448 0.9564675655354735 0.2852530551503568
v -0.9599495563910322 0.18422121774382394 0.21109095697742034
v -0.9927553794985635 -0.009567691943199704 0.11977151475849035
v -0.9607944870599647 0.03254052053884395 0.27534536160654743
v -0.9410273938483478 -0.20242014442709405 0.27109689994004227
v -0.923945026343398 -0.3419695782096429 0.17141293963530532
v -0.8921670566299409 -0.39032088751831395 0.22734895608113817
v -0.8951760262715701 -0.30415611616070104 0.3258050628683959
v -0.9184264005480284 -0.16720829191698727 0.3585168530077719
v -0.8518767923248274 -0.20730519581541812 0.4809682801248894
v -0.8036854337040361 -0.2737672840758753 0.5283381472330712
v -0.8920386355881403 0.028676820913939822 0.4510484592151037
v -0.907036010171063 -0.03078196994309198 0.41992635851942217
v -0.940976164949327 -0.05794650544078014 0.33347572551005683
v -0.8554218822267654 -0.016202739903682557 0.5176783505490948
v -0.8286788229569139 -0.08532529988488283 0.553182611424382
v -0.7966017819292507 -0.04582521977248185 0.6027650041765419
v -0.802657842534994 -0.0014264884246281244 0.5964380545772071
v -0.8319481377286387 0.1421228914639177 0.5363425955970546
v -0.7450267836661231 0.09443133519501117 0.6603164503125751
v -0.792879895851317 -0.5557038784941247 0.25006933074927845
v -0.732596222883762 -0.6515739905167385 0.1968606336943436
v -0.6987482771254749 -0.6609653864948729 0.27363406781660754
v -0.6871068070196442 -0.6453388626927522 0.3337993230156325
v -0.5785228824610757 -0.788852873208256 0.20741846325727065
v -0.5723992919471749 -0.7623468019929882 0.3019708662593742
v -0.4231079395929332 -0.8353227616188399 0.35102073353991153
v -0.4689396741572608 -0.7795067210090398 0.4152888800618397
v -0.6449044281269839 -0.6675316921343063 0.3721555032221308
v -0.5235713804426213 -0.7639008675532293 0.3772644617941526
v -0.5525689286770648 -0.6668534831693123 0.4999740103701759
v -0.4984220466440026 -0.6819515424253452 0.5352733481156116
v -0.5894176449948834 -0.6089750976162561 0.5307882536868701
v -0.5195185925789334 -0.627535364966738 0.5799136122569182
v -0.4805621291736196 -0.596411595286119 0.6429255392441524
v -0.28715658899983026 -0.9419941460350467 0.17374729416507706
v -0.31243488031732525 -0.9046061276955426 0.2899520637911969
v -0.23159541721122015 -0.9361906285774508 0.2644062587960396
v -0.13829217426174026 -0.9057192562282496 0.4006842939713346
v -0.4110398793575522 -0.7528706143147579 0.5140350724211805
v -0.1838478334501249 -0.8567798901878836 0.4817968388287053
v -0.3265840013703824 -0.6593399607374996 0.6772102378313419
v -0.34727265226680654 -0.5729872612506622 0.74235254659228
v -0.10178527559800996 -0.7366353017368988 0.6685867108359432
v -0.16759496122897205 -0.5949244945367108 0.786114988262467
v -0.19749005918820947 -0.6938353002388994 0.6925245502249247
v -0.668213518436334 0.036771989983769134 0.7430602361394187
v -0.7618478354849668 -0.030364806130000175 0.6470439352281717
v -0.7299042127914513 -0.13321645092084336 0.6704425533581131
v -0.6710424665555726 -0.14124775570394688 0.7278400096089879
v -0.6528182604592769 -0.20980400607992777 0.7278808953693848
v -0.6257316975941065 -0.046197984199434855 0.778669113861534
v -0.5680309561181756 -0.11895967038228127 0.8143644329868601
v -0.4862505846693427 -0.13381380796983502 0.8635127293244348
v -0.8363580340555834 -0.3412502752356222 0.4290145551403727
v -0.8007274628719664 -0.39059109582711415 0.45417411425927584
v -0.8403015228531778 -0.26372497245705184 0.4736480651213068
v -0.7334026054078107 -0.35783427533820095 0.5779924305509715
v -0.7707442007783787 -0.37929706686734055 0.5119444423297613
v -0.8333769141395262 -0.39232008839045474 0.38931718074673605
v -0.8052759491692861 -0.43102495767698723 0.4071217650151572
v -0.8030968261084951 -0.4935941939372829 0.33376677426889856
v -0.726907559786991 -0.5420988322296361 0.4215854072661759
v -0.619743552528002 -0.43711845645208575 0.6518016447730994
v -0.6409046390370354 -0.5475096365958604 0.5380282906088457
v -0.6098740357884336 -0.5076021970328755 0.6085997617798796
v -0.5184171564356785 -0.2805790033896597 0.8077865279701133
v -0.4855825981927595 -0.33170678786747193 0.8088140374740124
v -0.4718090589618369 -0.2556877313445327 0.8438127730257655
v -0.5571716719631254 -0.29986815003636746 0.7743634938164261
v -0.688639828037467 -0.2331822619094335 0.6865866441836225
v -0.6539019759234016 -0.27226517249799476 0.705892259291819
v -0.7103371020272424 -0.28108361861090314 0.6453008607092814
v -0.7061299640023945 -0.33379999357137585 0.6244662026320773
v -0.6355159858143421 -0.37653199868778975 0.6740497650311909
v -0.48547725245546625 -0.3963496367703861 0.779242454426268
v -0.4841723833574622 -0.44730656400576607 0.7519933117995866
v -0.5890307717481721 -0.41588395683866125 0.692880425743123
v -0.5329626790032141 -0.5349420631021474 0.6555820100595615
v -0.35296084668072947 -0.1938614995746582 0.9153340153698472
v -0.403013640503009 -0.35373652413844836 0.8440678154384046
v -0.38196822341037173 -0.4665420362972032 0.7977711480571251
v -0.4800751434897463 -0.5350944048708683 0.6951272074082492
v -0.3992941803302269 -0.5070115304721865 0.7638739853684396
v -0.30558151067019135 -0.4020127981114618 0.8631370983170152
v -0.15696743750531486 -0.5313631095865502 0.8324749061284231
v -0.16879584588557933 -0.416147701015991 0.8934926151630339
v -0.08667306066982308 -0.3369220748972143 0.9375346905587447
v -0.14501174954492027 -0.4627396365887418 0.8745533838615231
v -0.07741228120154746 -0.434133134969649 0.8975164398720488
v 0.0063405136575958735 -0.4155907821653266 0.9095296035125905
v -0.5914839911776238 0.18848043308032744 0.7839781977366724
v -0.48977489923691686 0.12951301585793754 0.8621756936963889
v -0.5372431885540756 0.028485489810750494 0.8429462220227881
v -0.41108364094356953 -0.029188008875213094 0.9111302323413921
v -0.47465796299987495 0.07744253883456939 0.8767567914419971
v -0.30359635085637254 0.10772501800458775 0.9466913838430165
v -0.317608872612481 -0.17149988017026066 0.9325837201771299
v -0.2714601906853386 -0.1866431484437236 0.9441788495894693
v -0.23404224810202418 -0.16534322796036444 0.9580635903065087
v -0.14488904653789597 -0.30235619219018756 0.9421188339257368
v -0.054194968287866206 -0.2835192346798247 0.9574339397466772
v 0.008653088858771208 -0.3255371399280242 0.9454896586323323
v -0.014602974852260442 -0.27199207884996257 0.9621886832468671
v -0.10973098177690936 -0.16782830799236864 0.9796901401334477
v -0.1301154026571426 -0.24294676220611922 0.9612735576956922
v -0.16308272396275522 -0.12727773347230573 0.9783682352299877
v -0.058054471255554706 -0.1373681857771611 0.9888173036024043
v -0.19260368276621523 0.10851470469205847 0.9752581095538179
v -0.28372930003691543 -0.08717252772968531 0.9549338378703414
v -0.3201815778597282 -0.066644409183774 0.945009142772598
v -0.007789761125170895 0.11785823087756285 0.9929998776616361
v -0.9749415760222077 0.20954641579304512 -0.07469419637175452
v -0.9899192101116165 0.1325674453133481 0.049858097587912646
v -0.9452644930124507 0.2849093968530964 -0.15906499877320376
v -0.8903672386977333 0.2436128578968457 -0.3845763327625675
v -0.8831320769085573 0.18666377544121698 -0.43038862632882036
v -0.7970452340306324 0.2620566994129154 -0.5441003411153713
v -0.9109955907921299 0.07168064646429773 -0.4061390383597206
v -0.8947992489225028 0.12374368297758667 -0.4289776276810566
v -0.878223685396312 0.09228749994881237 -0.46926130861399323
v -0.9217329029088009 -0.06504496712983122 -0.3823318034723165
v -0.9746515474654667 0.16992072927487817 -0.14553799086789937
v -0.9866931335580057 0.10326286343266147 -0.12559236133288976
v -0.9704457976501929 0.0700738374387666 -0.23092122277886473
v -0.9908240798643928 -0.036040127669605855 -0.13026416221830903
v -0.9858686499867273 -0.1448421565908149 0.084165044094742
v -0.9649760298585691 -0.24858096714879788 0.08383772760375886
v -0.9250575921913349 -0.2211389064370659 -0.30881391676702075
v -0.96300779202962 -0.18703858351208164 -0.19399113579756833
v -0.9457907137571945 -0.27425849060029867 -0.1739603578528816
v -0.9511364499309571 -0.308478373271086 0.013436771813208794
v -0.9469102137166188 -0.2863415716283581 0.1461832805643299
v -0.9476098959749985 -0.30882901716771294 0.0816095779028234
v -0.9252860719308813 -0.3633693430608058 0.1086664880001126
v -0.9100171453718847 -0.41423286903424095 -0.016730969513676086
v -0.7474080348879151 0.2915923252075389 -0.596954893827872
v -0.7005198835717541 0.3035026789749999 -0.6458777102328382
v -0.7266936106603964 0.25254796868615664 -0.6388551633491367
v -0.7183687036721491 0.20773582081997977 -0.6639218586043432
v -0.6999920272895427 0.23984640528427956 -0.6726699514645242
v -0.6357671734122867 0.20079209239646212 -0.7453070755349113
v -0.6875061444853744 0.1455438738009276 -0.7114438010790981
v -0.7097917226531518 0.143024546541553 -0.6897388560460069
v -0.6620250908036578 0.17323585262796115 -0.7291859286290925
v -0.6490824410261713 0.1108178962679773 -0.7526030684353119
v -0.4849265132103091 0.33374595273976104 -0.8083686756768357
v -0.4849418291556156 0.285896276106305 -0.826495457727236
v -0.35250457935945423 0.45622794636123576 -0.8170658373042063
v -0.5780513653616332 0.18330845367266077 -0.7951444081521858
v -0.5176104397823517 0.12754733604670815 -0.8460562095367592
v -0.5858589049366759 0.2716803523918373 -0.7635176026986189
v -0.54776383539371 0.22451346219264529 -0.8059457090456182
v -0.5403827915778403 0.16226166194126657 -0.8256255759305174
v -0.39780048894992553 0.17088459233109832 -0.9014173434625243
v -0.6039951764568076 0.03990877935291112 -0.7959881381952062
v -0.6644163182880892 0.03309241707659005 -0.7466296591513959
v -0.5831735110517465 -0.041886980950631245 -0.811266994789274
v -0.6235679467234583 -0.05912274412055443 -0.7795303181703364
v -0.3766926802820922 0.06660174950534857 -0.9239409242937128
v -0.5233328778278183 0.04831802949130245 -0.8507573490781796
v -0.11678312362460425 0.25440764309473307 -0.9600200274845642
v -0.19419064618893564 0.25591087754957775 -0.9469950452270216
v -0.17777115304058683 0.19018602889692343 -0.9655188716742097
v -0.05955312343605785 0.21584585789173344 -0.9746096609001941
v -0.11147058373901887 0.13150290093112255 -0.9850285762390762
v -0.11729238240246813 0.050698824586503446 -0.991802463304009
v -0.46902626110996504 -0.13660636632669984 -0.8725554807966209
v -0.40115589506518035 -0.015313761510790915 -0.9158817808881475
v -0.13098757188740695 -0.022585414991592223 -0.9911267098815867
v -0.30284029749710256 -0.32842449826190756 -0.8946647993261391
v -0.25044155399348367 -0.40271499593296717 -0.8803974443874989
v -0.11287274382257002 -0.2018285959437274 -0.9728951441760557
v -0.15751928221641667 -0.23940141525839886 -0.9580577425720751
v -0.13045075225834182 -0.4268148630562126 -0.8948808154774238
v -0.17262708898241538 -0.4445983280092874 -0.8789381177766746
v -0.18199642160801727 -0.3945958660306647 -0.9006505454577745
v -0.22268235705253542 -0.4814426798823453 -0.8477178267827289
v -0.11547190131517363 -0.5081269983868606 -0.8535064109407839
v -0.8047861019606136 -0.5931250160804535 -0.022848312642354533
v -0.9198113339073034 -0.3041568399231897 -0.24786231408507076
v -0.8527210283122617 -0.4205704727938526 -0.30981821329294723
v -0.8836290177113513 -0.4316999913524282 -0.18120396387713528
v -0.800408827418321 -0.5293191017162596 -0.2813663049285057
v -0.7356046934730514 -0.5906505040168957 -0.331689187410451
v -0.6408972145989272 -0.617764531149744 -0.4556509018675085
v -0.8937243359796395 -0.07464193315775726 -0.4423634174434245
v -0.8579763708508649 -0.004502560187617527 -0.5136694209443815
v -0.8642529412261135 -0.1406397613731031 -0.48299825165618204
v -0.8288856217284187 -0.22515695782270506 -0.5121064053845814
v -0.7639845221925601 -0.16544324404071997 -0.6236635173324543
v -0.7996210697189311 0.13481681931533762 -0.585175674555298
v -0.7883046475511842 0.10298892710458309 -0.6066045363686707
v -0.7916094579136352 -0.11359338080359752 -0.6003757240089654
v -0.7723086509491729 -0.06175760223380585 -0.6322383618821303
v -0.7916402888076349 -0.02112210085508223 -0.6106222318193403
v -0.7561486822726857 -0.01539474681249563 -0.6542187494010396
v -0.6810650209053125 -0.13819064486454052 -0.7190645193382641
v -0.6584011001196577 -0.0969065401174985 -0.746402782580344
v -0.6545223920403969 -0.18495912369340295 -0.7330692742710512
v -0.5477822085471735 -0.22382236457237434 -0.8061254251767599
v -0.5920092706916174 -0.6301817769222163 -0.5023902382116293
v -0.7496050518150107 -0.4501023737465578 -0.4852835454052913
v -0.803597462304404 -0.40757738114338316 -0.4337185688418513
v -0.8677529705509458 -0.2565527226880898 -0.42565888053855694
v -0.8214064821136102 -0.3082905154140979 -0.4798420044633997
v -0.6899465855431401 -0.3220017154111482 -0.6482966947082488
v -0.7920226335980045 -0.37091442702249316 -0.48489445830516265
v -0.7666153310805333 -0.323029165122328 -0.5549352148067881
v -0.7300012082618252 -0.41816435487904424 -0.5405893156961835
v -0.7225636934966041 -0.2481478274141748 -0.6452320238411687
v -0.5083375629228047 -0.30026122292062957 -0.8071159273189394
v -0.667553372077423 -0.28878146524883275 -0.6862781948720205
v -0.6256267360073645 -0.2441354380013837 -0.740937969808974
v -0.5614621298205112 -0.6753886179700276 -0.47813229497070325
v -0.5006075862366597 -0.678154234314504 -0.5380510004484838
v -0.5269452651502385 -0.5792560474764775 -0.6219253323331296
v -0.4934962768448047 -0.5434757459550862 -0.679040159562657
v -0.44185990611183684 -0.2951398400271822 -0.8471436113195732
v -0.4369239509827072 -0.3669234077017578 -0.821257982571975
v -0.32001117926186 -0.45247134378901227 -0.8323836424373073
v -0.30809470417065027 -0.5077431160970118 -0.8045337664250619
v -0.7114211982763426 -0.692908452142215 0.11729345929306068
v -0.7378794313791508 -0.6699755070593866 -0.08165025834679794
v -0.659429446875524 -0.7388350898308691 -0.13883628714443574
v -0.5714843945332677 -0.739161125402375 -0.3564357129958209
v -0.5809355660853863 -0.7656527108504225 -0.2762060723888074
v -0.6185883405622753 -0.7753138630858993 -0.12742401118796257
v -0.6281948272800207 -0.7343771530939838 -0.2570242323054398
v -0.6959045463413955 -0.7181003870545419 -0.006978287289420798
v -0.6243393668329013 -0.7772487623802216 0.0780045921796009
v -0.5881541560878862 -0.8087482921652747 -0.0009426538590182285
v -0.5415419046238822 -0.8385988285210733 0.05902855528827949
v -0.47804548384796247 -0.8783117071847332 0.006407838544079854
v -0.5062363591504948 -0.7170837058893371 -0.47907797634838745
v -0.46517653031556716 -0.7761000303726495 -0.4257693489427612
v -0.39074106894772687 -0.7574239068007342 -0.5230969723142167
v -0.39911286929034195 -0.7945746478251954 -0.45755879032130625
v -0.3156745015120349 -0.8439217607836587 -0.43375761753649633
v -0.11601324997843397 -0.6184820908735957 -0.7771877695242422
v -0.2491063538911166 -0.8352746359734197 -0.49016559135719145
v -0.28625766178177814 -0.7468929944758782 -0.6001728133413615
v -0.21489234068677632 -0.8062557121101696 -0.551156065560275
v -0.16583132283936422 -0.7663647485800156 -0.6206327774934516
v -0.14778268882216172 -0.8346464922084875 -0.5305897755597629
v -0.21207543590486885 -0.8957776623402937 -0.3906486773789449
v -0.14442245291625858 -0.9104047735840818 -0.3876922791712109
v -0.3729774937184686 -0.9191216009100958 0.12689866792032223
v -0.3954228225131884 -0.9181740765606271 -0.024436787181283417
v -0.2786108967543675 -0.9602182989669706 -0.018888793998151115
v -0.4483545877152839 -0.8390168898986862 -0.3082674522867991
v -0.46779498204356246 -0.8000364655950752 -0.37564545583968306
v -0.3514090857127088 -0.8582574973398831 -0.3740397341706339
v -0.2279418173298824 -0.9721946493829137 -0.05366648510554864
v -0.39016547590354544 -0.9167369318339167 -0.08581549524821629
v -0.3617941934267854 -0.9196958796703324 -0.15252688458129318
v -0.2758757221630932 -0.9265791097024028 -0.25562421517550826
v -0.17864582749695868 -0.9301362179722492 -0.3208306162669135
v -0.1834693284089587 -0.967622403969095 -0.17333749989611427
v -0.04907498649483756 -0.9867199890671529 -0.15483962308094693
v -0.06945808913244561 -0.9656101193743308 -0.25054474892912826
v -0.22081119438287494 -0.9752923112722873 -0.006879244752738512
v -0.10545025755187003 -0.9926954689818918 -0.05861696891742357
v -0.09338786818713438 -0.9829012825012845 0.15869396627721083
v -0.1999167757989921 -0.9792106734355778 0.034347340275161585
v -0.10582000489889516 -0.9894682326130295 0.09876610356213046
v -0.03577874199173091 -0.9921283376750875 0.1200051799030224
v -0.030859195038886216 -0.9759581970600963 0.21576215533025808
v -0.8910102851298609 0.4517101930246611 0.0453715032859563
v -0.9239778233492945 0.3800868059915904 0.04241464216294993
v -0.9545945329773492 0.2941148263456003 -0.04738930821877336
v -0.8513283337084068 0.5117061996682242 0.1157446907912885
v -0.8509639385013179 0.5246217503577113 0.02514745358752075
v -0.7793610929710594 0.6257259446795993 -0.032608724565348315
v -0.9291197870302623 0.3627698223356021 -0.0716552674367736
v -0.8539211109428057 0.5163864146291763 -0.0645275683148589
v -0.7970444265138179 0.59431969533747 -0.10725801553840149
v -0.7996032802994466 0.5727282370302214 -0.1806016629010361
v -0.9252050514551418 0.35211577088404744 -0.14145704880500473
v -0.9018532365071108 0.282922517416794 -0.32652042652825447
v -0.8157369657196525 0.4686380510748226 -0.3390451000136802
v -0.8512151453509604 0.39750812573401856 -0.34266611489987037
v -0.8830925070520612 0.4153852754470015 -0.2181804228851067
v -0.8169510082014918 0.33106144391587977 -0.472217503435545
v -0.8104104597346358 0.29214911894301077 -0.5078225861986831
v -0.7786510095572877 0.306144605018944 -0.5477025526079018
v -0.6061412821263497 0.7803574335865414 0.15373685943342155
v -0.5548802731546084 0.8106118098904468 0.18712663126877846
v -0.5310750117840942 0.8334414091999017 0.152757157899085
v -0.5265994507347458 0.8452975432112142 0.0903608428853427
v -0.3687741349877527 0.911441630778006 0.18242749532009644
v -0.375253300445498 0.919147275010577 0.11980503889816738
v -0.3660916110565696 0.9278921868252252 0.0706613185746394
v -0.5103458465156424 0.8599333580944062 0.00785726292739654
v -0.44701726883677395 0.892398321300474 0.0616506082841636
v -0.44208676952207465 0.8900177422392525 0.11147962465347537
v -0.4048762944851318 0.9104241563115255 0.08487073564212777
v -0.4117736475957463 0.910589947789014 0.035614745981054935
v -0.47095590748904637 0.878933577661352 -0.07534121886845835
v -0.17499565372461082 0.9558333574026986 0.23613367835567434
v -0.19929673064494602 0.9681818074570987 0.15134332117190086
v -0.036260328866164655 0.9658895615077903 0.25640308797049643
v -0.13490252048886867 0.9811096306514504 0.13865497686244435
v -0.3887601698961298 0.9211452048792381 -0.01889555054288686
v -0.3678681750298624 0.9297238114987812 0.01693044985749627
v -0.3160662435644344 0.9457135611421676 0.07568348532452171
v -0.2709454481546576 0.9625647594909844 -0.0075926220987954825
v -0.25043140252514984 0.9670710847644972 -0.04536110273907626
v -0.33991039270547047 0.930944071748921 0.13343185604027505
v -0.28278359971203176 0.9442261334806042 0.16873187187420682
v -0.24361287764978284 0.9596315591010702 0.14057039738309474
v -0.21684278908970028 0.9761451177825596 0.010950518210220769
v -0.2773572017579238 0.9588913575635116 0.060002891788814065
v -0.23470741363341582 0.9707231001968186 0.05107927886912589
v -0.10377927455244686 0.9945995818451597 -0.0012385341340299641
v -0.39351574996020716 0.9091350588858947 -0.13645072091343666
v -0.2910579962513481 0.9506026703165057 -0.10788793262121106
v -0.2118374643602519 0.9639551438755174 -0.16098251237121886
v -0.309379324261185 0.9287188560129254 -0.2043666318304823
v -0.27405817014823386 0.9499441739440392 -0.1499939524273523
v -0.1478504145003526 0.9841193169342731 -0.09823148664707178
v -0.036077767059877905 0.9984022759567905 -0.043488965132248675
v -0.16492928802572096 0.9606134650456991 -0.2236517398193545
v -0.07979896863368068 0.9515298760189895 -0.297023601163758
v -0.10939540654455045 0.9230918225506497 -0.36869246285633833
v -0.7566781945755702 0.38862740161791864 -0.5257440941803917
v -0.7484072640181877 0.5000669187562273 -0.4356829626350602
v -0.8007167500259225 0.5174292786968833 -0.3018602785646825
v -0.7809017710773378 0.5563575681662148 -0.2840047187503276
v -0.7610055473572757 0.5577597261380977 -0.33132256909212765
v -0.7741382095543128 0.5868724838404463 -0.2372566547412066
v -0.7305531484125303 0.6195880294315627 -0.28705882869135474
v -0.6878645704123021 0.518776471232767 -0.5076547110652843
v -0.7058619415382417 0.5599826448560365 -0.43379529382866994
v -0.6342182116474431 0.6032663770302537 -0.4835668912978959
v -0.611203994194975 0.6605378996389757 -0.4360267888795819
v -0.5679333462528527 0.6557075684204907 -0.4974930139510754
v -0.7253727787949351 0.6830194605850355 -0.08554968290672683
v -0.6951500780914954 0.696837649399207 -0.17658895579615322
v -0.6606186258167487 0.7460576842563895 -0.08355215727905445
v -0.6374323133299766 0.7509016057961503 -0.17270444214193684
v -0.6550279805721062 0.7530938812947348 0.061546329086798045
v -0.6463431755439695 0.7630271294041685 0.0054862756923029984
v -0.6046419883968126 0.7912809601206839 -0.09100828543620258
v -0.6864694890190469 0.7271034424395062 -0.008956820783529074
v -0.6322116620161803 0.7735766215866929 -0.043446805926990274
v -0.6012148206755513 0.7989568670499119 -0.01444520660475346
v -0.6134890431918989 0.7762836915669712 -0.1449649064106349
v -0.5706954262453158 0.8189468238184474 -0.06027296425723686
v -0.5609253476367232 0.8189401617876811 -0.12124259065933843
v -0.5409824704376075 0.8256309084260416 -0.1602234993089728
v -0.45379240773836454 0.8835441875876084 -0.11585387028136368
v -0.48818840679306286 0.7229815806081994 -0.4888452859280946
v -0.6086674451566197 0.7132714527714142 -0.3475165835868407
v -0.5651004943819203 0.7073477233096781 -0.42464176617229293
v -0.47240698447313306 0.7955939796655513 -0.3792912608285767
v -0.4312317453629833 0.8294212965724109 -0.35510490644784953
v -0.6747827676474004 0.6717562201228324 -0.30563343601837645
v -0.6677376920065389 0.7301998290586705 -0.14468788586633227
v -0.6150773060243178 0.7601604352186281 -0.20937053360512262
v -0.6501904556176843 0.7306179787405143 -0.20844601354977688
v -0.47982445943156654 0.8229703329214579 -0.3041189228942351
v -0.6114397610202513 0.7432117257238234 -0.27162059824342166
v -0.563365264481136 0.7947337363462685 -0.22587135074904766
v -0.5047140543964522 0.8407575089265792 -0.1959350261649718
v -0.2230486280146208 0.7928289391006971 -0.5671609849639329
v -0.39030799025368246 0.860458314037391 -0.3275227664576342
v -0.3422267668199116 0.8935117956162418 -0.2907189556369335
v -0.3126888923046223 0.8385695309483946 -0.44612419615427473
v -0.3912238777842338 0.8178810283789678 -0.4219176470227679
v -0.26223056751551144 0.9207492955582687 -0.2888872863063462
v -0.19929900515902257 0.8739070342943104 -0.4433580967497346
v -0.1971465931858668 0.9059314923534543 -0.374728370900109
v -0.12267525972068545 0.888267701661461 -0.4426412439408784
v -0.7234202127270736 0.37267351971447743 -0.5811864103035607
v -0.5400272515059947 0.5087676159295748 -0.6704670615415926
v -0.4338225848004631 0.7217397507509935 -0.5393419111314628
v -0.3813306110976205 0.7112734336043447 -0.5904888379034792
v -0.3417491722687212 0.6786462754498913 -0.6501128641025605
v -0.024233052870486556 0.8623340460551582 -0.5057595794077623
v -0.11797800669021553 0.6482008047416921 -0.7522744889132066
v -0.42554268427570213 0.5938157184434075 -0.6828589286148126
v -0.46817100024054986 0.6391276996822073 -0.6101898868653046
v -0.335325467285055 0.5899296800579475 -0.7345337320891309
v -0.19295093724875348 0.5372320452216914 -0.8210673939462865
v -0.09344399983682161 0.46762500959844067 -0.8789738729294257
v 0.9097009420215129 0.39257153746916373 0.13539491886429478
v 0.9295360441320908 0.33077690482921024 0.16293981063838073
v 0.8958717238640228 0.19425486930887909 0.3995984235838455
v 0.8530444930307428 0.44751633114368355 0.2684105554362942
v 0.782896115436534 0.5521498170501261 0.28671283885779736
v 0.6748981439044249 0.7031930350493296 0.22367845406403053
v 0.6696755399110986 0.6841004375648753 0.28903505422063375
v 0.6998978301619049 0.63214590872627 0.33246740804971486
v 0.7292472179542417 0.5812385000530081 0.3610544296392553
v 0.7125949431119171 0.5690350067569934 0.41037496041594956
v 0.7564057546405246 0.5013979522657678 0.42006002881777904
v 0.8569969224162213 0.38636168989060005 0.3409998820439754
v 0.8046627079921695 0.45184665700518956 0.3851655811724914
v 0.7760782784076566 0.3826827159142026 0.5012548700255566
v 0.7629871337559112 0.2639876207233695 0.5900518365599364
v 0.6449221288662735 0.2668948499303551 0.7161302861765079
v 0.5035658120569122 0.8378094876745458 0.21094249285048694
v 0.4648830699577181 0.8567043355236889 0.22347575430368746
v 0.5462727425064502 0.8018660975395302 0.24206786736617134
v 0.3587384486907957 0.9007443910603101 0.24488010822505069
v 0.4614525051867909 0.8341492377014225 0.3020871309721264
v 0.40982069772621205 0.8661857960899216 0.2859530772124502
v 0.24430381487779573 0.9371960900169142 0.24895609029136803
v 0.09798532039479785 0.9480543249386697 0.3026414941018698
v 0.15859358250041322 0.9465949417342553 0.28072422744181946
v 0.044557674469758404 0.960739723173521 0.2738499551986699
v 0.32491017807356726 0.8181797440191639 0.47435775809080866
v 0.20665433090060242 0.9210472866065071 0.3300998081714304
v 0.128456582704799 0.8864596047879393 0.444621496825126
v 0.2891253576648247 0.8637486026506304 0.41272857785022665
v -0.05955278021811881 0.9012483621773844 0.42919093191827196
v 0.2190483419619661 0.7533702702603917 0.620041175867779
v 0.06640411442294729 0.8514340226275314 0.5202409044856089
v -0.04653490387627202 0.7898259968189854 0.6115630772619634
v 0.15940172247210987 0.8014354392899152 0.5764480267319033
v 0.11794504460503047 0.7602842261606749 0.6387932857383374
v 0.00782859569313391 0.7308234857508839 0.6825216082765446
v 0.6645931275546891 0.31792777263845523 0.6761936898494597
v 0.5878456343523434 0.31653876955552995 0.7444734498564486
v 0.533593518005627 0.32174981095133665 0.7821476949369331
v 0.6148246338165287 0.47336030753436753 0.6308095504217897
v 0.5856826162387825 0.44310780485895596 0.6786982733945714
v 0.4794791693851285 0.39676479764637923 0.7827371343397316
v 0.4577084267024819 0.44976856688293526 0.7669493023463868
v 0.49616401914122127 0.5016151208424267 0.7086632039635382
v 0.40832913425895984 0.4868193369554552 0.7721879636989814
v 0.6809186235467027 0.6153904650371503 0.3970445864743953
v 0.6481032984915145 0.6742182702433345 0.35410710040114274
v 0.5024224988535557 0.7028905676894209 0.5035042030599075
v 0.5443277053899468 0.6985904266535693 0.46441227905052146
v 0.6243577260863094 0.5708456290858277 0.5332098063895101
v 0.44803471132795114 0.7097532243754509 0.5436131509942805
v 0.25873578741631115 0.5577559230690292 0.7886470202768008
v 0.34401333767098946 0.7123434727371483 0.6117365448894201
v 0.1494651945835792 0.6220284145778091 0.7685966478367636
v 0.08682534773067224 0.706429717640663 0.702437479798438
v 0.4121164184520045 0.3613777885898697 0.8364007123120997
v 0.3479745600608969 0.37624352030732094 0.8586934953620995
v 0.4427550918404779 0.2948816188464254 0.8467660594968609
v 0.3836802891428726 0.2753602365062837 0.8814568485606346
v 0.37200088538561726 0.22024749002342853 0.9017241176827294
v 0.33801767695489 0.3141919054154828 0.8871457020340053
v 0.26298714990817285 0.2154080012151506 0.9404451881931611
v 0.26929910998782663 0.45700685294143584 0.8477161822947167
v 0.030550965388569197 0.5837637077636513 0.8113486131200699
v 0.11328168146405618 0.49906773040456326 0.8591266851364322
v 0.10591374451441855 0.5704745914318677 0.8144574999676645
v 0.014640756227166428 0.3810238923468577 0.9244492640042216
v 0.2777446893195922 0.298663012791556 0.9130488992080512
v 0.29648605754525686 0.3600862759522784 0.8845529331544214
v 0.07976497013082144 0.3024705007879079 0.9498153218879666
v 0.045688069032551515 0.2876517999762029 0.9566446792401698
v 0.011212011046897065 0.25684493259676616 0.966387588603893
v 0.9680480287402622 0.19825593222963434 0.15354998986600757
v 0.9655245526653407 0.1606045951904151 0.20486215415277895
v 0.9788403155507177 0.059808405433513276 0.19569003881667515
v 0.9718096357839187 -0.002601661208730497 0.2357525464475042
v 0.982850707515739 -0.011424544740374057 0.18404881557153993
v 0.9950618871996424 -0.07735940707488012 0.0621881241050816
v 0.7408526019955836 0.11728659391087741 0.6613480755284302
v 0.7732045859238297 0.06353102911502183 0.63096630389106
v 0.7188738819726349 0.027062260575723703 0.6946135442604945
v 0.9723128895226796 -0.0588878998659332 0.2261412393117124
v 0.9582463126867927 -0.111422608376977 0.2633419954443964
v 0.9246137079686926 -0.05569739217193492 0.3768120108776139
v 0.9110645145800774 -0.13919235653640943 0.3880553287287901
v 0.8805780928778784 -0.18565915956238627 0.4360193789433527
v 0.857102960726497 -0.19156967227098562 0.4782003506689014
v 0.9467341820119214 -0.21837281153749744 0.23665946799447238
v 0.9328593781130476 -0.14758944113068287 0.32861944180658414
v 0.896910209637596 -0.22166078938960948 0.3826467957464411
v 0.818406784636799 -0.17909348286363602 0.5460181858292164
v 0.8581393332232533 -0.2773172134668238 0.43207875195402323
v 0.8378899870488445 -0.25222077644185964 0.48407132690787724
v 0.8216280885689009 -0.29794261430181923 0.4859603714888816
v 0.8338410058990704 -0.3273399554988319 0.44447466791173745
v 0.9170628320832898 -0.28617508703896655 0.27766811406716435
v 0.9092300467463286 -0.40260184198535837 0.1058889934018904
v 0.8821792714586835 -0.3871111307419086 0.2681505276227284
v 0.8743466713041936 -0.42400018422973407 0.23609689145015916
v 0.8718772924615183 -0.4654603894973077 0.1522386701826672
v 0.5607457080804348 0.04797284188553162 0.8265971553972331
v 0.2767538352366269 0.12400271107415901 0.9529064184525553
v 0.3451654425034391 0.08706673847999971 0.9344946229657293
v 0.47277407936096627 0.08006717859673865 0.8775385557318544
v 0.4208917941852782 0.10086991806228732 0.9014850843012351
v 0.4134834279695934 -0.02820985936646677 0.910074534655837
v 0.43336579197839975 -0.1341548694514037 0.8911770650916749
v 0.20788247980000543 0.12464398547048114 0.9701797521481444
v 0.38006611334919327 -0.14250289655695406 0.9139161197596397
v 0.26813152393369694 -0.054898676157812236 0.9618168335130722
v 0.24069421799372437 0.04100741450579548 0.9697343375275206
v 0.17204579567935038 -0.012113281630958638 0.9850144732932551
v 0.15476200132190246 0.0824296958397548 0.9845070178473107
v 0.17764962322614822 -0.08335499064202517 0.980557268548184
v 0.2566611748268451 -0.19759331125177754 0.9460876939718971
v 0.26612580118527723 -0.26766284870684043 0.9260311319635174
v 0.08798662300410032 -0.19125638616431967 0.9775885376392766
v 0.08407180113691584 -0.23407008058896134 0.9685778903251262
v 0.14274348506877055 -0.29654938168338 0.9442895539471073
v 0.05318612726913843 -0.2529310088339072 0.9660212940905459
v 0.08720667208148902 -0.28085036880561726 0.9557813906360703
v 0.761961923055324 -0.5649462395893442 0.3166224473844078
v 0.7141245292797387 -0.6024836487827695 0.35642616294317164
v 0.7055778862676039 -0.5824453060044907 0.40363016726141193
v 0.8155432628887749 -0.3989017197161334 0.4192452794775896
v 0.7398930196381374 -0.30034283071893253 0.601957227323086
v 0.7922934730329514 -0.3146607546949257 0.5227424433162124
v 0.7123611993251472 -0.4357651751016406 0.5501365592874871
v 0.6919308970471053 -0.5652575867910249 0.4491274811083987
v 0.6676771378129696 -0.5372383971939894 0.5153466253137922
v 0.7824255210228386 -0.440722475335686 0.43997045785612143
v 0.720479234095277 -0.4793208209901414 0.5011598784847207
v 0.6518812498609293 -0.5000499647589337 0.5700884745584159
v 0.6733300061853283 -0.4197829605250484 0.6086123304890325
v 0.5764146253791494 -0.5939620706894718 0.5612087296463677
v 0.521677794842589 -0.5569089290614136 0.6463007992412227
v 0.7447251777372395 -0.23127664419591942 0.6260155936505984
v 0.7703480537363204 -0.11886736521293662 0.6264458680460729
v 0.7406914722308356 -0.17406198660391747 0.648905669403508
v 0.6835955533160557 0.08907565370009989 0.7244050299414105
v 0.6446767095872302 0.12946754891336743 0.7534123000682607
v 0.6019251592030078 0.09133853080932744 0.7933116509342514
v 0.5616921074113411 -0.16284289873485772 0.8111622321110837
v 0.5181130866770501 -0.13703958556120752 0.8442623889545194
v 0.4288559237821535 -0.5916230581709951 0.6826893537161357
v 0.4644765967961281 -0.5585000505801162 0.6872693682470467
v 0.5636323900412714 -0.43810141340044756 0.7002754318644161
v 0.5039639988610939 -0.4557108527229154 0.7337219545321572
v 0.5359949320386134 -0.3531064191531655 0.7668280704184944
v 0.49253359617159276 -0.37502001908905797 0.7853474657275727
v 0.5765898789977258 -0.3434837994122641 0.7413251587385279
v 0.5778745344342543 -0.30311758688364915 0.7577471550419884
v 0.5838401908589669 -0.26582239851243133 0.7671173860543532
v 0.41193038896253714 -0.23565330389767028 0.8802163796540513
v 0.46697145632780945 -0.17390576313988929 0.8670031398569543
v 0.44472459343280246 -0.5219180910230159 0.7278884133292133
v 0.3345849293703151 -0.5517190789099776 0.7639757738338222
v 0.3598498497217021 -0.43649232065128263 0.8246105381740682
v 0.33653157144662915 -0.40532697076921165 0.8499744397255232
v 0.37968021776918226 -0.33206850869654086 0.8634659447637768
v 0.38250846492961554 -0.28140242494280465 0.8800567876526483
v 0.326808802414418 -0.29867620420268426 0.8966540758327763
v 0.1951211931899311 -0.39968623182969765 0.8956442575341589
v 0.269716337079328 -0.34752910513703483 0.8980404326059949
v 0.21408451567389952 -0.32022859559921674 0.9228333905474082
v 0.07761256197542656 -0.368974144615882 0.9261934845530868
v 0.6975960863409832 -0.68546946749944 0.20854570110116813
v 0.7027734436246368 -0.6462559103642914 0.2974269410379474
v 0.7324107197193683 -0.6350305441517803 0.2455824619846681
v 0.6323962215076867 -0.7123957993575157 0.30424865501850173
v 0.6607720130512343 -0.707706228989829 0.25006447212112143
v 0.5923503451997283 -0.7574018004850468 0.2747063544291837
v 0.6437452538594003 -0.6009091164059485 0.4738146071552865
v 0.6234913045633032 -0.6612468303157664 0.4171465240551605
v 0.5621474861925978 -0.6333988456394167 0.531785770879588
v 0.4230106211041255 -0.6213147697568382 0.659568018717637
v 0.5447730569146028 -0.7298940646750766 0.41288856948578084
v 0.535454596311813 -0.6837460861667118 0.4957617017683568
v 0.5383248837637151 -0.7805688022904893 0.31767698124285537
v 0.5962505333570923 -0.7018971901154034 0.38964809248793225
v 0.5775712347845151 -0.6844054259652919 0.4449726751821488
v 0.522254628438192 -0.816703067147925 0.2454510199328131
v 0.5128563063969636 -0.8424897133167906 0.16489236472394952
v 0.3116664297818183 -0.8941908184149833 0.3213826641394915
v 0.3913218493156285 -0.6065262067099974 0.6920933252258529
v 0.29766974651467004 -0.6063698971239267 0.7373657639677956
v 0.27041687454354996 -0.5396595440984009 0.7972717795241497
v 0.2310987932684076 -0.6127636211087694 0.7557209090633621
v 0.2398784265837935 -0.6814235411991484 0.6914624342357988
v 0.1929834288910612 -0.7264000381873073 0.6596213919324686
v 0.16183843450966817 -0.5321731099571244 0.8310235268354454
v 0.07130047875218504 -0.6487503158043775 0.7576537926212933
v 0.15245591738846498 -0.605872624656958 0.7808172359422725
v 0.0633261423710703 -0.7049218058948298 0.7064524380780145
v 0.042972709779896555 -0.8156502303831386 0.5769471794628221
v 0.00889605031770304 -0.7159152311957584 0.6981305336616276
v 0.22768332525844487 -0.8979228128342512 0.37668942856295246
v 0.2286541747927167 -0.8733822059687052 0.43002417449150454
v 0.220574743525482 -0.7712217063653051 0.5971296862069873
v 0.16356426661452925 -0.8887181275114722 0.4282835748885942
v 0.31325670681079604 -0.849983403191055 0.4235545418689399
v 0.31552704724601804 -0.8062316423258539 0.5004330338504499
v 0.25757360199665785 -0.8020284335016288 0.5388935251136263
v 0.32110155063775486 -0.9206136953172717 0.22218059810052573
v 0.2525418473853791 -0.9217287115944487 0.2943446917163919
v 0.16765375300810953 -0.9414228270848998 0.2926008881493199
v 0.14596619280757286 -0.9604779913730955 0.23701455365687243
v -0.012950358924579356 -0.8781129340681962 0.4782781232984302
v 0.07365069206459766 -0.8951886784503614 0.43955978607318213
v 0.9963663335249188 0.0723308581174535 0.04497083924170382
v 0.8895764848698506 -0.45308868315998496 0.05800278233801648
v 0.8670199824816209 -0.49795858697345774 0.01770863170793701
v 0.9689157518830273 -0.24417506979271908 -0.03975928878474786
v 0.9563702184884701 -0.2734720173375338 -0.10280593816339442
v 0.9360936660500818 -0.3390757320799946 0.093575083731374
v 0.9674727510624225 -0.1801060097475183 -0.1776465626026439
v 0.9286004551040753 -0.34024137088272854 -0.14811145911220325
v 0.9447690836039273 -0.2023753131504927 -0.25778985878702787
v 0.9243783969601199 -0.2592229452922926 -0.2798714774095932
v 0.9929493367654709 -0.022577423889472457 -0.11636956022743548
v 0.9703980432461248 0.1409403113343456 -0.1961210501324882
v 0.9824215652636742 -0.014039735128093913 -0.1861471298258598
v 0.9655025068621595 0.036675253960166986 -0.2577980507875161
v 0.982996468275654 -0.08796566569634506 -0.1611830791869614
v 0.9724286012893559 -0.0585740240428101 -0.2257248304946958
v 0.9596037457004204 -0.13035847278802823 -0.24933375184698864
v 0.9502567019117117 0.15227972525648767 -0.2717040407275622
v 0.9100206028693203 0.25882295395274424 -0.3238412896165876
v 0.9468217322223774 -0.023676926672998425 -0.32088628910369177
v 0.901700989848027 -0.13422942544073868 -0.410996090313445
v 0.8543396585319846 -0.0005348209249084519 -0.5197147889237234
v 0.8324049216871602 -0.03151451079079343 -0.5532710745743081
v 0.8975391577982551 0.1265269532646964 -0.4223912763260532
v 0.9248395761031519 0.12145758341280802 -0.3604439122871451
v 0.8812740958991335 0.038652233201880305 -0.4710222635562701
v 0.8340712703616752 0.23094251132174104 -0.500989692929574
v 0.8633758275532945 0.18660368726696602 -0.4687869924550344
v 0.8632661359345689 0.11725676865594709 -0.49094035152242677
v 0.833650599083092 0.08399183890641981 -0.5458681614140175
v 0.8079427316170562 0.1273874988346515 -0.5753268354316713
v 0.8218991677587466 0.19153827840119894 -0.5364651395427149
v 0.7752085683664685 0.16147989820134903 -0.610717543556833
v 0.7680834733260249 -0.6359470948975753 0.0749604595421087
v 0.7343964537440895 -0.677902072034974 0.03332610776544852
v 0.4354073508416676 -0.8844433602676527 0.16787013227940217
v 0.4835927291387613 -0.8699271308380957 0.0967722034260013
v 0.5096537741684564 -0.8599842726148851 0.026078369022915732
v 0.5435595170902112 -0.8386292661542843 -0.03527045973875337
v 0.4139745217029368 -0.9085317327042991 0.0565259767730628
v 0.437703054919942 -0.8975879196225099 -0.05245914850133464
v 0.6625884371501165 -0.745250014931004 -0.07469255786425291
v 0.5603246281251412 -0.8217815651154999 0.10349575040909473
v 0.4851685113748928 -0.871041422855374 -0.07680075025907165
v 0.7094838285002816 -0.6814431601156843 -0.17963272705198488
v 0.6329395187193609 -0.7469760921382318 -0.2035049960497274
v 0.506745325908109 -0.8293911032071947 -0.23520113220611208
v 0.5542594446873195 -0.8101759933217983 -0.1908175249287699
v 0.628505299947617 -0.7175117973748596 -0.30026306560357113
v 0.5857959683881312 -0.7405404691252848 -0.3293066914107799
v 0.5008252559415749 -0.794636648862491 -0.34311318729487267
v 0.5189556048725845 -0.7101814894486926 -0.4757387226364558
v 0.26829085697191685 -0.9528559233749729 0.1417236936948167
v 0.18182132801655587 -0.9747686066039859 0.1294881008340914
v 0.2179338218998951 -0.9734455174073533 0.07006192911728244
v 0.18189719115931144 -0.9830529771856306 0.022809118676991137
v 0.10225663295583759 -0.9947018003890056 0.010578720121354144
v 0.04466026260845754 -0.9982977647381513 -0.037510450044679476
v -0.022600660775493938 -0.9997408039502423 0.0027450044506988954
v 0.0292164452494685 -0.9939649566078393 -0.10573582345903967
v 0.46720533137617426 -0.7517023275004071 -0.46547050300115683
v 0.4631208119007733 -0.7984489022396893 -0.384705685032862
v 0.4044573870045866 -0.7860476288592115 -0.4674862000767867
v 0.4250861560658806 -0.8883432545273053 -0.1736318578399974
v 0.34834350407575615 -0.9040311750345386 -0.24775882977988
v 0.296357162182832 -0.844935823980838 -0.4452593466472784
v 0.4040420393021633 -0.8159590503368277 -0.41347413298775004
v 0.3972404263358027 -0.844257855229898 -0.3597620290791713
v 0.34701938067709936 -0.8477950816409645 -0.40102499794884716
v 0.44076025429098165 -0.8391420974077085 -0.31870195888249786
v 0.30546447438722274 -0.8688812875240405 -0.3895340332729654
v 0.3014762054754677 -0.9053312689185459 -0.2991444317557143
v 0.25767915066711944 -0.9232589895891967 -0.2849461237746667
v 0.2758915865430666 -0.8932059516284985 -0.35505909430709975
v 0.22526761973105325 -0.8896110318483954 -0.39729927197811343
v 0.3311840986885955 -0.9415299556424233 0.0619551079718145
v 0.21100641522141633 -0.9769983027344634 -0.03083195078786084
v 0.24399358200108984 -0.9696806552664748 0.013658650894494043
v 0.21610886949533178 -0.9154804202667689 -0.33940028967817615
v 0.16763004235327386 -0.9378973671455506 -0.3037247069339012
v 0.2857096011931597 -0.9291720802528356 -0.234540548870902
v 0.14710066846595618 -0.958651384338732 -0.24361633082020992
v 0.20758914469386064 -0.9446939278095845 -0.25388999540149443
v 0.22916040239006116 -0.9563702127946647 -0.1812223111416284
v 0.26181878150968046 -0.9563257905407461 -0.12996887317894082
v 0.15039513957097955 -0.9823015418747486 -0.11164668747400153
v 0.2057861993211168 -0.971390502243777 -0.11854337737533993
v 0.16074402752746386 -0.9856597678795495 -0.0513437396172365
v 0.10685807664040176 -0.9514571375759057 -0.2886358723592379
v 0.1609953144667304 -0.9709615303965962 -0.1769582301269381
v 0.10622094318091868 -0.9921699171893882 -0.06569601703420667
v 0.08577331419899396 -0.9870078874162129 -0.13586157937218774
v 0.4204619229568461 -0.7405221649722488 -0.524250602792448
v 0.3685052840964922 -0.7757590899764002 -0.5122515884913886
v 0.349790337741212 -0.6875834240741003 -0.6362984791443593
v 0.258371473091953 -0.8296513950042029 -0.4948967009991827
v 0.20572996043197786 -0.8442589654271493 -0.4948757244768998
v 0.21113083569203553 -0.8070817024677754 -0.5514008485319007
v 0.14789953281434354 -0.7778487903113025 -0.6108002845485114
v 0.2367293787837097 -0.7148915062218637 -0.6579432616514238
v 0.08024471762494764 -0.9167661631047396 -0.39128070164462037
v 0.10891572179306463 -0.7470728642316123 -0.6557587216919581
v 0.12074989243016948 -0.8582132699016346 -0.49888821076754947
v 0.019076753871777485 -0.7869246985781337 -0.6167540808372725
v 0.06714960331619747 -0.6516945976182289 -0.7555031980142056
v 0.020228529136554135 -0.6405059475482787 -0.7676867445542183
v -0.029873044568534696 -0.7297915418554995 -0.6830167689335155
v -0.08516925236367638 -0.7270381037608556 -0.6812942052679091
v -0.046812046124142824 -0.6757820499845123 -0.7356135216650121
v -0.03265136308166553 -0.6397195536157663 -0.7679145663487273
v 0.010660221591922031 -0.6080720366685181 -0.7938102782764983
v -0.07252497553035368 -0.6072416772868858 -0.7912001474280268
v -0.05573036294297355 -0.5951322852560018 -0.8016930146210665
v 0.7027060969010985 0.2282952941609212 -0.6738585905381056
v 0.74785477152893 0.1305226206148229 -0.6509048211599382
v 0.7355838214982661 0.1787747617364465 -0.6534187218897879
v 0.7161516683686682 0.15050684377315016 -0.6815236443955687
v 0.7022805649962792 0.18523397610870052 -0.6873793582320235
v 0.7788445420024598 0.09475317461079072 -0.6200185604432787
v 0.7167339101489463 0.11069249279952009 -0.6885053914679465
v 0.692393994640842 0.12962393946106968 -0.7097803818815301
v 0.6950316560546576 0.08023073911918195 -0.7144886462235142
v 0.7438790146478289 0.06093062516591973 -0.6655309688387651
v 0.7083110008455888 0.04482549054072906 -0.7044758345599252
v 0.6654852107636292 0.10941976881312607 -0.7383473088240858
v 0.6632383732791024 0.0656282565402295 -0.7455251787522538
v 0.6828924400632547 0.014270036374706162 -0.7303795461034754
v 0.6434310822334919 0.01329107875937179 -0.7653886526734308
v 0.6372654071466134 0.059470615902742184 -0.7683463064910312
v 0.6120019937423314 0.041436642282518144 -0.7897699439278264
v 0.5687644080622647 0.050057338024124216 -0.8209758285306092
v 0.7938920746694911 -0.12167450235137833 -0.5957605972658107
v 0.8362193201752297 -0.21742711641218637 -0.5034507896650461
v 0.8148784258075685 -0.17324865931624728 -0.5531347513929153
v 0.7984408890321558 -0.21883130373146814 -0.560896610106289
v 0.7793611810805854 -0.187832865709171 -0.5977582822380261
v 0.6790747515364194 -0.2624833996369064 -0.6855362475761603
v 0.5374928656579882 -0.0015793607056202236 -0.8432668171975732
v 0.5832480259376497 -0.04029432348151568 -0.8112940944780763
v 0.6702249626262766 -0.04079346300991854 -0.7410360266871406
v 0.6223717603924324 -0.060822525620164165 -0.7803550552429384
v 0.7280982945122193 -0.017461736318796772 -0.685250290983616
v 0.741867936689342 -0.08325925924669747 -0.6653569419957904
v 0.7223669432832777 -0.16635225926287775 -0.6712025961583509
v 0.5844731494093648 -0.21976500600323626 -0.7810854497146237
v 0.5682496290774357 -0.2591468727928181 -0.7809835192723723
v 0.3218522800132163 -0.09063309116073649 -0.9424419094230392
v 0.8700376348885122 -0.3148982963147846 -0.3793067055242368
v 0.8919321794066546 -0.4163984390354908 -0.17626493499191
v 0.8752072369326466 -0.374383167109785 -0.30634871732319846
v 0.8349698175117677 -0.42354966310394776 -0.3513276059874857
v 0.781388833670316 -0.46764626892016037 -0.41320510376857233
v 0.8981888480937181 -0.4295630165942218 -0.09344735381246604
v 0.8646894835435345 -0.47859271933686376 -0.1525159206344102
v 0.8067035464556606 -0.5893496915552079 -0.043546862110160484
v 0.773793107088532 -0.6259928519665477 -0.09683582348007165
v 0.77360929443264 -0.6327123282571328 -0.03469537777386611
v 0.7898352715063074 -0.507750406749919 -0.3440200115252737
v 0.8131432436694372 -0.5228945978035788 -0.2556937716538668
v 0.7589684272192543 -0.5704546015374609 -0.3139243126440964
v 0.8484927177665497 -0.4505286215344931 -0.27764017914445266
v 0.7776665525935065 -0.5907066720226019 -0.21517518584937523
v 0.7508754377457554 -0.6030244389151431 -0.2693466225167807
v 0.6880468017627928 -0.6087142953778624 -0.39504240935198937
v 0.7324103886892587 -0.6406878483667697 -0.2304215777552268
v 0.6697606708962286 -0.6990353389249748 -0.25053989433756724
v 0.41925046542165 -0.30525936262790687 -0.8550121453942826
v 0.49282446894528537 -0.2920603962932934 -0.8196491735650088
v 0.5332794770040692 -0.3280636211379061 -0.7797353781201357
v 0.7354865474457801 -0.3056111822733575 -0.6046993829960197
v 0.7958521972215267 -0.2907000770470243 -0.5311428672047875
v 0.74999088593703 -0.35035722558265386 -0.5610378645808269
v 0.7767218165277686 -0.37513211651896233 -0.505943786290342
v 0.478176067880983 -0.4259370551363614 -0.7680659302219087
v 0.5418168092098887 -0.5269171856908236 -0.654822742947492
v 0.6785565179211236 -0.31664724631532487 -0.662793763841877
v 0.656819753715875 -0.3553231511133495 -0.6650814005905571
v 0.6771677340807531 -0.42237939153170206 -0.6025276006368901
v 0.6932429926054939 -0.3606776017832375 -0.6239597909923935
v 0.7101683396315639 -0.39650142171820635 -0.5817624532061078
v 0.6457629336821481 -0.4667629100206014 -0.6042537706223486
v 0.6879902253204262 -0.4548962854278314 -0.5654545245795722
v 0.7204523501895992 -0.42784799164913345 -0.5457971300291771
v 0.681785732021949 -0.49872266771869606 -0.5352045555811743
v 0.502470632919265 -0.48856612936599425 -0.7133206854494294
v 0.5939933714432747 -0.5527346794175975 -0.5845136857684153
v 0.6695228882851517 -0.5670384792013781 -0.4797983588626547
v 0.5956180457053027 -0.6046402505661882 -0.5288187884573062
v 0.4813976226849347 -0.6586150362319438 -0.5783446748457952
v 0.5615363397848581 -0.6651674963470787 -0.49216779750851597
v 0.5391111053724126 -0.6161730578543113 -0.574186362463097
v 0.2515125714026793 -0.40041757768633396 -0.881139710775891
v 0.2208793482252654 -0.47515418038025253 -0.8517281364348325
v 0.12228984845471855 -0.4755063352164178 -0.8711710039561543
v 0.4157319595055491 -0.6544740489099702 -0.631530408728722
v 0.3586366316792334 -0.6213419130340534 -0.6966448115969551
v 0.11207135955283355 -0.5366357840428616 -0.8363384755305012
v 0.16297990480237892 -0.5289838835356463 -0.8328346784267292
v 0.269443958194016 -0.5179438982049721 -0.8118707235175923
v 0.18792106879032916 -0.5956311629050626 -0.7809668300773491
v 0.025158037073636574 -0.5281311722239037 -0.8487900435891123
v 0.02137439811358599 -0.5730557066129817 -0.8192376286667856
v -0.03158165581418048 -0.5982626425074513 -0.8006774691447462
v -0.06352956299499946 -0.5776408708512418 -0.8138151012041268
v 0.7050704368345473 0.2860481463783187 -0.6488853034670062
v 0.665858836140286 0.28511878564608883 -0.689448539345471
v 0.6463937734551563 0.18145430088367706 -0.7411136392816018
v 0.6644004905678624 0.19908670529993283 -0.7203724536002203
v 0.6272817986156934 0.20996709320619125 -0.7499542418681311
v 0.6466971630964257 0.22737532742675584 -0.7280681559583626
v 0.6741518418300565 0.22354756531132325 -0.7039501262167102
v 0.641375450320503 0.2563638308546629 -0.7231287008241989
v 0.6184129282698055 0.28089447964310926 -0.7339371508888152
v 0.5987932671803013 0.11234464993542859 -0.7929850583777895
v 0.6026278079333751 0.15774324717887891 -0.7822766729711927
v 0.5787822997451867 0.08040876556916622 -0.8115081514817432
v 0.5562884107536802 0.10814415034627115 -0.8239223548411755
v 0.5556295160918273 0.15156235511397181 -0.8174990479259705
v 0.5525889499762097 0.19079863561958307 -0.8113207337483097
v 0.5270072317572367 0.15731820056576762 -0.8351732523532607
v 0.5818602892436587 0.2932027135699835 -0.7585978991247498
v 0.6231480312519196 0.1739321281162131 -0.762518292210634
v 0.5156129851866468 0.19788374422368676 -0.8336577674795151
v 0.5187150128909978 0.2733238430061926 -0.8100795098296328
v 0.4618897047114439 0.0014989887014415888 -0.8869361046402656
v 0.4199864835281431 -0.025067987696765028 -0.9071840770463842
v 0.37481116761485056 0.04309886638107107 -0.9260988480436951
v 0.40063395848267536 -0.09683600211335745 -0.9111065909130522
v 0.3665040050799778 -0.01672952510329907 -0.9302660572385482
v 0.46996599662143806 0.24170355687061043 -0.8489472024900689
v 0.45018074550696463 0.20922684459750895 -0.8680791576086616
v 0.41646961962772133 0.262742056030161 -0.8703560581280427
v 0.49561467989086033 0.1579918171640972 -0.8540519157439239
v 0.5052846080368758 0.029223705704520403 -0.8624577902169569
v 0.4544423129996878 0.12358674519769718 -0.8821612667573504
v 0.3528887934413449 0.1702632521207896 -0.9200434361706866
v 0.34318251226339214 0.37800004685942235 -0.8598498286624596
v 0.31142557836835333 0.23329199560243746 -0.9211888807002443
v 0.2641556218977361 0.35483198537673444 -0.8968367017319403
v 0.37430149568161747 0.23412367002926937 -0.8972650096055957
v 0.3234644864943979 0.2772160401449951 -0.9047220529329679
v -0.020301839876808028 -0.5400933800639854 -0.841360194036226
v -0.05926692474964213 -0.5503856143804525 -0.8328043630491931
v -0.057905298740926606 -0.5299904015137376 -0.846024320383895
v -0.05143064441543967 -0.5129341756246263 -0.8568858852211874
v -0.029399513746682374 -0.47317055036989175 -0.8804801524475793
v -0.07921446803402778 -0.4514767932672957 -0.8887596824761831
v 0.23111240460113713 -0.11831696958749771 -0.9657060376466079
v 0.05188545097969115 -0.3809800724096917 -0.9231262559386663
v -0.02261043210947603 -0.4318248072266179 -0.9016740565323574
v 0.0030861504700756257 -0.3206271074542727 -0.9472004717274914
v -0.06882173916512009 -0.333695285994881 -0.9401654239138358
v 0.03319441139549261 -0.11608725606389171 -0.9926841794003083
v 0.052988528111148216 -0.21655435616181778 -0.9748314863174838
v 0.03856803804198694 -0.15947168323094696 -0.9864488272024456
v 0.0025952221500679944 -0.18598053742296033 -0.9825500010288833
v 0.08090482696420326 -0.3044877830123985 -0.9490740745432292
v -0.02232762894393331 -0.14019127189924002 -0.9898726606331825
v 0.004380028376686447 -0.06865840226894046 -0.9976306125762661
v -0.050170812182213774 -0.1839992701150527 -0.9816451284461738
v -0.08787906676638413 -0.13872060930468447 -0.9864247878973877
v -0.13483862941840166 -0.06786321986063239 -0.9885409083122026
v 0.2387032414243668 0.12669310244475973 -0.9627926154299389
v 0.2526197459324521 0.06588657156283825 -0.9653197520266114
v 0.21875641533317905 0.037123577536347735 -0.9750730591814547
v 0.21049097978893316 -0.08064229076863476 -0.9742640136878103
v 0.1840437817441954 0.0016172901004187002 -0.9829167160924807
v 0.06708758533643738 0.07795038294437948 -0.9946974382658029
v 0.11775789700660373 -0.003040891786799466 -0.9930376783736472
v -0.015654802613513895 0.04124066413849536 -0.9990265936282916
v 0.021030277791603144 -0.012410735237004972 -0.9997018060736337
v -0.00481900143201349 0.2007887842771077 -0.9796227035617945
v 0.07282566519614167 0.17637486598448487 -0.9816253507004057
v -0.012796512898472303 0.10995977773180508 -0.9938536595187499
v 0.9462662486781614 0.32230327445690377 -0.02647236081118933
v 0.9543098894981328 0.27667721481205126 0.11288203404398661
v 0.9329817593132433 0.29401645342713606 -0.20760385811177542
v 0.8777414621276877 0.35240460297248327 -0.32462427738195376
v 0.8971474344279807 0.35760293115870895 -0.2593195413500335
v 0.8296918851810872 0.29496810820355884 -0.47392530087289864
v 0.7766715185896348 0.2963300931175344 -0.5558505447731649
v 0.7759320651046765 0.3970662884557785 -0.49017118735636084
v 0.8752210794716445 0.4413959306104596 -0.1978830323423807
v 0.8265366580327455 0.4752491163329212 -0.30162133603715463
v 0.8904733472933148 0.4528762793855506 0.044275199944667665
v 0.9577439316527393 0.2604014411415226 -0.12213783539006755
v 0.9261033849639434 0.35379878419033617 -0.1309921397022207
v 0.7795234024834801 0.6167963837774179 -0.10911226301236043
v 0.7964811451567199 0.6030618035779622 -0.04398006906697096
v 0.7558387614458137 0.6515902892474933 0.06432621280960321
v 0.7310864782382189 0.6822559627209707 -0.006273967558072512
v 0.6809234504049922 0.7227758889475464 0.1180604465714246
v 0.7379225173418916 0.3207712620291091 -0.5937812356887495
v 0.6818729556869658 0.3388551746676083 -0.6482487507922448
v 0.577519003423405 0.3295025446116555 -0.7469269534427587
v 0.5771705393857917 0.3968111096978724 -0.7137332216489979
v 0.5124452417514725 0.37769501082504775 -0.7711979985737397
v 0.4545074925317302 0.4839840732158346 -0.747784966488314
v 0.6278601638444109 0.4632809161678169 -0.6254297781301893
v 0.6766839303530949 0.4556277213022901 -0.5783616844006615
v 0.3296223110809486 0.4701468950845421 -0.8187252463922307
v 0.3868702737952082 0.47435636314788787 -0.7907701511784129
v 0.3859447611179217 0.49258460789650443 -0.7800045162876158
v 0.6160138580940524 0.5269900632858865 -0.5854984200098391
v 0.4612106068627013 0.6458395906170701 -0.6084209063706754
v 0.03755569666739314 0.37958469885650453 -0.9243944104341196
v -0.036254939839872 0.510336506333762 -0.8592102359959739
v 0.05466300835687179 0.6085612358236094 -0.7916218653942156
v 0.18567319461688456 0.6978768295839954 -0.691732170374164
v 0.1514119812915402 0.7852469390556185 -0.6003845905960212
v 0.17046844886302068 0.636667227083102 -0.7520607355131298
v -0.07994063007689137 0.7193325028255727 -0.6900509010512247
v 0.06787197455526559 0.7474733694286583 -0.6608153729030053
v 0.020991165260133268 0.8191038476670103 -0.5732610729136604
v -0.0271925800201779 0.89963780431907 -0.4357893810452578
v 0.6280507214768565 0.7709850482137048 0.10551941377448638
v 0.6104201045502974 0.7901241406856212 0.05559800595896089
v 0.5733414537641555 0.8178033118038777 0.04977268928051231
v 0.7254403244159882 0.6767678043268393 -0.12538610265039254
v 0.7023490580647015 0.6733193267284963 -0.2309694457921027
v 0.6504024124843959 0.7507301592419944 -0.11567596915076021
v 0.5650330013991341 0.8250471833413143 -0.005903608256794775
v 0.5257756057872464 0.8497000724345392 -0.039620692368926284
v 0.6400893547498572 0.7664903603383062 -0.05270811554556786
v 0.5589449960280988 0.8271727119701958 -0.05801548058079149
v 0.5795203621244474 0.8079707759177412 -0.1064865021776585
v 0.5647431768158354 0.8072510396094592 -0.17149607368510067
v 0.49082175888311097 0.8712080275296139 -0.009517025525271254
v 0.5230544366422826 0.8367533573871312 -0.16204281906393891
v 0.5320798865994377 0.8190981033218081 -0.214404504175976
v 0.4897358606247913 0.8558383431855092 -0.16643171918711158
v 0.48423615571350787 0.867245483089606 -0.11576103645216451
v 0.4152657413245739 0.8999788345199999 -0.13263657677343185
v 0.7249490954412585 0.6323776878452068 -0.273033457536712
v 0.7081833396622307 0.625201018614769 -0.32802445602104846
v 0.7504572648674783 0.5865107083790698 -0.3046622434176988
v 0.7316845957012226 0.5546834737495565 -0.39618669382333327
v 0.6449130517649856 0.6725786434760817 -0.36293955971076874
v 0.8067261784101593 0.44532273252247867 -0.38843343955747794
v 0.7249153844455111 0.4313284018258684 -0.5370786675828404
v 0.7683537573779872 0.3282147944165611 -0.5494611471698647
v 0.7424016279352912 0.35332845774849875 -0.5692089456290167
v 0.6668919650057876 0.546750859916626 -0.5062791761381751
v 0.6129143526482982 0.6215187782822198 -0.48790409360887144
v 0.40198306459203276 0.8998430942073594 -0.16938719428729848
v 0.4512737129288821 0.8150998637282162 -0.3632688373224771
v 0.6362508085631232 0.7378356032913186 -0.22535201600719676
v 0.6762706297699261 0.7080692274877127 -0.20321418354913434
v 0.6683792362158151 0.6940059782208748 -0.267628284733229
v 0.596970515534333 0.7546489939882373 -0.2722702691356772
v 0.6787418309479172 0.6600233167213497 -0.3219918450917943
v 0.6310823589440416 0.7094802128106286 -0.31364451830027096
v 0.6014022137693941 0.695536101012071 -0.39312200327913266
v 0.5255175379413028 0.8042496754322398 -0.2775135616204158
v 0.5427449940451418 0.73251044815631 -0.4109212999842925
v 0.48094923065722767 0.7708058031372825 -0.41778732793146045
v 0.48080641785748734 0.7320921507931553 -0.48256219422381535
v 0.34182570358113945 0.9204551893017405 -0.18951895118630258
v 0.1885358917300836 0.8633629699044386 -0.46803696406088446
v 0.17461388030586583 0.9118695872113333 -0.37148869259179557
v 0.5404462094609257 0.8238798778698121 0.1707039587137361
v 0.5002745730457605 0.8653888833745492 0.028765119426714666
v 0.5348099465925922 0.8409025292886588 0.08283270647253425
v 0.5038227852890742 0.8612511423552339 0.06640083444780126
v 0.4725126554705516 0.8665529308455555 0.16067920980371325
v 0.43325864403363434 0.901032291569212 -0.020682285165594318
v 0.45691349592542146 0.8889605465839197 0.03129223319657335
v 0.40514423134491323 0.9117458239966079 -0.06765873360244123
v 0.3672298526816282 0.9193065004627945 -0.14148425179602042
v 0.39647865839229 0.9119358517077629 -0.1057245279463903
v 0.353599712981285 0.935361076567123 -0.008179206730817486
v 0.44134919115041576 0.8768206535346827 0.19077849198975713
v 0.4089151252586115 0.9019742545294829 0.13867539255656702
v 0.47255751497548165 0.8792812557634326 0.0596143296806937
v 0.4415135830675015 0.8948699852908248 0.06537174766285055
v 0.41001603242279383 0.9077793227101534 0.08845085876443287
v 0.375831711293764 0.924115964000448 0.06899427415027738
v 0.34232453998178086 0.9382818557574932 0.049407170355493794
v 0.30976840760138746 0.9375567857359862 0.15821127384768352
v 0.2999127646772013 0.9371743655025366 -0.17820365380259626
v 0.24010608174748732 0.9575282389656465 -0.1596519373237192
v 0.2770115652637322 0.9514561441325775 -0.13414841967949145
v 0.0690086201254336 0.9338252956401024 -0.35101015308828154
v -0.007964179791014147 0.9369089476246453 -0.3494827545117731
v 0.13377492461513968 0.9748681200468444 -0.17814718089418385
v 0.08298098181642971 0.9918856686076033 -0.09631706529805245
v 0.04535368563293743 0.9973310909405532 -0.057216590625752156
v 0.2446619484093757 0.9532446903572913 0.17738402212758614
v 0.2737581119129645 0.9519873194241097 0.1370278797090104
v 0.24559267687110758 0.9621598306882017 0.11803684711705481
v 0.16217303375793302 0.9769839867341518 0.13857199135031248
v 0.3147031220660685 0.949018730850306 -0.018038665614280164
v 0.3287575631343577 0.936835442058685 -0.11940611033220674
v 0.21816454151554002 0.9752988404284021 -0.03458908331147884
v 0.26538605660182124 0.9628931951026173 -0.04906053186022404
v 0.24022104784054324 0.9668069354587616 -0.0870528444292845
v 0.17451360152127918 0.984270821961642 0.027494579811778278
v 0.19679912668822827 0.9773402594386201 0.07794947732474765
v 0.22420402149634425 0.9744633727884024 0.012397251256543704
v 0.10284739082316299 0.9899966071725186 0.09658743183131842
v 0.14265062545971943 0.9859787774380792 0.08658319408327379
v 0.2130960534442308 0.9518032334953876 0.2205916515061671
v 0.10591218125032155 0.9650417511323047 0.2397436723550674
v -0.8856749293382652 0.2935522239496391 0.35973186035696075
v -0.9184157082245866 0.31548219830856616 0.23871231521797429
v -0.7937140898828136 0.20730822604681426 0.5718751987407917
v -0.66067464134016 0.14974816400468052 0.7355844653520616
v -0.7176043585250702 0.3774983937628861 0.5852682695416381
v -0.7464877887371681 0.43361694131343753 0.5047101440156241
v -0.8623903362636013 0.47828977394544586 0.16589695614557537
v -0.8660125614868268 0.43926867158106925 0.23888339731849925
v -0.8173956352220495 0.4540568224770412 0.3545374133740963
v -0.8751876703682653 0.38677620672429835 0.2906040391104907
v -0.8066898284123334 0.43647464580417256 0.3984236492807653
v -0.7668888231589145 0.4653926919112948 0.44191761135928254
v -0.6947718428911384 0.5444518404502849 0.46996199820405576
v -0.7303952492187717 0.548109483093733 0.4075521739131928
v -0.724357662923925 0.6211853335297312 0.2990564454596257
v -0.7396714416173283 0.6506577723169112 0.17184476069795618
v -0.6880197207113834 0.6814557131315903 0.24949343669232207
v -0.6213960833833343 0.750181108151881 0.22604250159619974
v -0.38551031330728636 0.2409450672465775 0.8906892122975669
v -0.3203865934036783 0.16801816575572995 0.9322673043410168
v -0.29004523761799267 0.23564876190687511 0.9275469913416134
v -0.4528920923716071 0.2609136149501859 0.8525331889145983
v -0.3929485746819915 0.3210402062020934 0.8616986733522971
v -0.48671098717041017 0.40362415463012924 0.7747257300275487
v -0.4368679282262686 0.3869842419189255 0.8120280843626791
v -0.2971683246285743 0.39780032120723025 0.8680126100955393
v -0.1432410145046273 0.212599876406744 0.9665833147305629
v -0.15040551156712484 0.3099331481370486 0.9387862513778575
v -0.1280980722626053 0.38689565901234063 0.9131826941636658
v -0.1889112107356101 0.5615397219150001 0.8055964840849482
v -0.11964621146319052 0.5302137006834302 0.8393796612320836
v -0.12814879673862267 0.617019330515873 0.776443836773908
v -0.038422476529564785 0.508718369195499 0.8600751909806532
v -0.07532824507544837 0.680955181341234 0.7284405922917669
v -0.6502976148716577 0.7127901459058406 0.2627607657009771
v -0.6469555122372648 0.6321052478117148 0.4264874217074976
v -0.6822728336522957 0.5995910601782409 0.4183232494308675
v -0.6362223267585234 0.6773132847459838 0.3694155725474721
v -0.5514335115722561 0.6986967034104357 0.455789423921267
v -0.5202670684167592 0.6812751578888847 0.5149624615100661
v -0.4211186380481378 0.7171042908375114 0.5553562178916444
v -0.6759043502263341 0.41618502794718715 0.6082296703201153
v -0.6298282350639905 0.4851187842297863 0.6066103852586046
v -0.6899775893769444 0.23157842095939107 0.6857859440842572
v -0.5756500146674516 0.4180745616938255 0.7027380176693719
v -0.4308976191223663 0.46843153086451017 0.771297052196239
v -0.6073378597856056 0.5964714768272352 0.5247499417842532
v -0.5578517022614472 0.6337347115787563 0.5358934536119995
v -0.5139518920881712 0.5848159853906058 0.6275696900349823
v -0.5487734956081649 0.5212178239464625 0.6535898029486917
v -0.42350007415906776 0.548298534440329 0.7211216293510072
v -0.32185562595154743 0.5185690468981181 0.7921458828034865
v -0.30223997187979873 0.6029390226675685 0.7383193985957404
v -0.20253905729515553 0.614235778975399 0.7626875756798943
v -0.29247829394329217 0.6881227025329297 0.6640358377608835
v -0.2464941555879717 0.6584863151386199 0.7110811515123538
v -0.1448819699868993 0.7208371981800651 0.6777927031863272
v -0.5789389416009313 0.7847340519369794 0.22140950663547282
v -0.5273799822457103 0.81666525052774 0.234367708754807
v -0.4944512643812954 0.7643196663140751 0.4139243829943812
v -0.40012143469682304 0.8003350163812422 0.44650498211127837
v -0.42063987682535775 0.8622321541711684 0.28216627427404284
v -0.38056567200912217 0.8734224798252002 0.3038139908303155
v -0.4296404375720939 0.8757136816035863 0.22030579260462627
v -0.3746602036073293 0.8513648794589157 0.3671615092256004
v -0.3340304262361278 0.8799605918116972 0.33777659955496986
v -0.12343604060752808 0.7675655671706666 0.6289726893698244
v -0.07242558195881858 0.7390469683878014 0.6697492915970323
v -0.2840970865881272 0.9029694921147341 0.32238942554339056
v -0.324924232294496 0.8380422383831062 0.4383029203115871
v -0.2962187196675018 0.8226826941814953 0.48522948675118904
v -0.15996917126323373 0.9309878314058553 0.32813339058921925
v -0.04059666771072899 0.9499720112767677 0.30968546682328757
v -0.946716066646897 0.1230234741050815 0.29764729794127875
v -0.9682866827459742 -0.11645278157056624 0.22104218982193252
v -0.947420575056235 -0.12263160314017124 0.2955600512102147
v -0.8609337459029681 -0.4598969664261531 0.21745773253095732
v -0.9100340788589151 -0.3302587057843169 0.2505337553486032
v -0.8750017548463542 -0.3727781379256008 0.3088824839652167
v -0.8643815300639618 -0.3466280143731901 0.36427131390761996
v -0.9431298835741134 -0.2606224909407583 0.20635391909366277
v -0.9259698387280457 -0.2604986978040885 0.2733501165324996
v -0.8745794535034741 -0.27826675464044665 0.3970873868198765
v -0.9049559005986472 -0.23810693837628796 0.3526469961147583
v -0.8787025980818772 -0.2143807843646247 0.4265238837619384
v -0.9060618268506268 0.08828761379727856 0.413832409525991
v -0.9652707766947413 -0.059334728095424415 0.2544242867750115
v -0.9420761260597129 0.06135015135167502 0.329740400371945
v -0.9351033170727703 -0.002536937436373003 0.3543661247184132
v -0.897392021916993 -0.12148458314850887 0.4241804510546949
v -0.8374934246260984 -0.15337651921153486 0.5244810836079823
v -0.7918095005354727 -0.13612752552958565 0.5954049140332629
v -0.8123111522139899 0.06875775453656931 0.5791571144170373
v -0.7654270310747628 0.027232595278590975 0.6429462231434808
v -0.8598057650796982 -0.4880941550223336 0.1499938071013238
v -0.7694530135900384 -0.6129032109010067 0.17969895365428357
v -0.810134386982727 -0.5526552695659556 0.19558739235723252
v -0.7491385039747543 -0.6098396464991159 0.2586254191302552
v -0.7737400778162785 -0.5566709058241414 0.30239675029634416
v -0.5241445855597031 -0.811348777107667 0.2588157941748153
v -0.48568165138087255 -0.8565947014745404 0.17423791469623262
v -0.4499862413284594 -0.8626853330513171 0.23083846896309015
v -0.5252346014856598 -0.7928906014724226 0.30895486320642396
v -0.4564560581259234 -0.8408739679756472 0.2908244091905532
v -0.6137888507115794 -0.7529614812298265 0.2373020322844803
v -0.6260984565136045 -0.7262235233032504 0.28390159730493875
v -0.5902158951809804 -0.7210642883753768 0.3629207752463687
v -0.6509900412793052 -0.6892989519755005 0.3179291131064363
v -0.5305471607379771 -0.719171256391878 0.4486785198921375
v -0.6139855331233159 -0.658015388725061 0.4359329229552227
v -0.3392161970999985 -0.9101121880992485 0.23796675544750576
v -0.2554474475009435 -0.9073813966826005 0.3337747781357755
v -0.1915459380805536 -0.9154471061205982 0.3539304303111886
v -0.1654148054934718 -0.9661026334914372 0.19820101837393936
v -0.11111999806195466 -0.9636415915788583 0.24299635596048821
v -0.042322589882875204 -0.9488697814021164 0.31281773659354056
v -0.0935724988126842 -0.8673791965863441 0.4887714361490231
v -0.4053378086851057 -0.619425900112733 0.672318983161927
v -0.4576468823537995 -0.6509428126890388 0.6056672235479897
v -0.4409793747722555 -0.6993850940121443 0.5624923833254054
v -0.3352714967823539 -0.7104273465743866 0.618777834674608
v -0.3118015892457696 -0.7498764871279331 0.5834938071620669
v -0.4014814213575366 -0.8035562902211821 0.4394427798368106
v -0.3757826145458129 -0.8392993187068721 0.3928919447167292
v -0.378290293904233 -0.8726261601565726 0.3089013404766067
v -0.318185969715395 -0.8776353070326762 0.35848843290395566
v -0.34407947579308296 -0.7935124408533861 0.5019435431887321
v -0.2830509299715204 -0.8447692424928944 0.4541443580847824
v -0.27149690740458193 -0.8005043897318397 0.5343052978305596
v -0.18211873615778693 -0.8003243005531954 0.571238811605382
v -0.11204265255918151 -0.8239717652729188 0.5554430430210939
v -0.2670086669019236 -0.7122053538166421 0.6492071362779137
v -0.2268586045603238 -0.6341338908354388 0.739195090643093
v -0.24065023296134874 -0.566409851569128 0.7882051417119066
v -0.09535933141643255 -0.7830674263425738 0.6145827883312621
v -0.16864745327955868 -0.7520781870227116 0.637131412745401
v -0.04145521501159555 -0.8066635697777472 0.5895552139891258
v -0.1465989779800265 -0.6712438986903195 0.7265950509921135
v -0.08386368458050064 -0.6963746478905792 0.7127616938246993
v -0.04087108659095519 -0.5749697750124828 0.8171531754224356
v -0.018506741087725674 -0.49084396551878257 0.8710509181718988
v -0.6959472085984207 0.07937412491520095 0.7136926727506823
v -0.7606268957935634 -0.22238037974452637 0.6099128561525229
v -0.7216336511042343 -0.07176137142430686 0.6885456986760393
v -0.6952914245823986 -0.1769095630589298 0.696615275026666
v -0.6223411352950953 -0.18088760976835747 0.7615583916889779
v -0.7186438643013827 0.01217974943817658 0.6952716375673607
v -0.6740830902128024 -0.02840711524651356 0.7381090863094224
v -0.6366146519917892 -0.11835897241288147 0.7620452339059275
v -0.5960592632616184 0.020890776215436575 0.8026686303507403
v -0.5687344476627965 -0.044268915961334324 0.8213290394971446
v -0.5263088227262441 -0.0795572471426524 0.8465634456717335
v -0.541774791449613 -0.1781707687566997 0.8214227002648362
v -0.8042446570796195 -0.206398893673331 0.5573060454089033
v -0.7723274756180805 -0.2691181824200198 0.5754004469031531
v -0.8086401651053011 -0.33627735081974913 0.48272002931732866
v -0.7713387456178529 -0.32632732167496503 0.546394563147476
v -0.7039165030617477 -0.4129610679948813 0.5778968013736082
v -0.7559474581978981 -0.5477939814962451 0.35842041554664344
v -0.7040500391422915 -0.4544150706787561 0.545729315616963
v -0.7279595669180008 -0.4980485642699749 0.4711926321168162
v -0.7381217679615022 -0.41269556708509786 0.5337214859547026
v -0.7674002274082304 -0.4380074698244127 0.4682374903313621
v -0.6611379203252925 -0.5790910972811548 0.4770221707191979
v -0.6754095913071871 -0.4967464737529221 0.5450365352747429
v -0.5843106626327986 -0.16576751026142597 0.7944193993573848
v -0.5676327838077654 -0.23122719052566887 0.7901436635879914
v -0.7388636729087744 -0.30485366670549935 0.6009531718461664
v -0.5231883834617325 -0.3532541368051442 0.7755549176175417
v -0.6077173987515064 -0.3197849455367563 0.7269230714888313
v -0.6196626515659549 -0.2592712736683189 0.7408080756205736
v -0.6576504431363918 -0.4103878909411467 0.6317259481859084
v -0.4074487233754471 -0.21891854638896166 0.8866003653657394
v -0.39380070816774615 -0.2758561452451745 0.876826316539972
v -0.43487654442843265 -0.31479696678590613 0.8436736696189935
v -0.3565123126110443 -0.375250955209748 0.8556200626276226
v -0.3354279447786949 -0.33221897159502284 0.8815433334634698
v -0.3773269660774549 -0.31330250644883745 0.8714734075826178
v -0.3151775899578827 -0.26343387287474973 0.9117377262187579
v -0.25066592067640897 -0.3378724124760224 0.9071983405513266
v -0.4553007553112828 -0.5759945588967215 0.6789193548090575
v -0.3458923263079088 -0.5099677812529345 0.787585779890205
v -0.2280466350933903 -0.4062590321426794 0.8848436760383586
v -0.36829086919840875 -0.417610262576278 0.8306404181449715
v -0.318310388134496 -0.4766669804285048 0.8194309529025848
v -0.27263279803162094 -0.5157349908153495 0.8122122731688687
v -0.6423390482791432 0.10085205579187402 0.7597561516028662
v -0.5825401412537726 0.08977777869700443 0.8078285302465285
v -0.5396081111536221 0.11040151734883864 0.8346463870072729
v -0.503724123667123 0.18255061309971019 0.8443561339225938
v -0.428419298669507 -0.15434282480339542 0.89030062167744
v -0.41462879918611295 -0.09299553468406319 0.9052263746789018
v -0.47708725450219536 -0.049993082026987656 0.8774328711308919
v -0.38480416016196367 -0.061686976904930815 0.9209345661893554
v -0.3954535294885801 0.018828169418182918 0.9182929848645175
v -0.4227812450875795 0.11963234219336881 0.8983006854631277
v -0.429586379267868 0.0624922348674448 0.9008608457074798
v -0.48110083310273777 0.014415356732372812 0.876546739129255
v -0.34269707966356144 0.008397273551703575 0.9394084294847288
v -0.36310480835659814 0.08715882021896844 0.9276627825920127
v -0.1817396615001404 -0.23936402602689758 0.9537691326951241
v -0.23104033649028338 -0.11583539797002325 0.9660240801820538
v 0.013462054855013563 -0.28428005303200743 0.9586467673377924
v -0.16568171798222864 -0.19111113410391264 0.9674844198993459
v 0.002296780029507331 -0.17059054077585914 0.9853393284545665
v -0.11764625175184784 -0.06070195602587163 0.9911985835257102
v -0.04054362703162732 -0.03856317488447602 0.9984333206829337
v -0.28767998146602064 0.0465441970611511 0.956594933074414
v -0.2136684724887157 0.025860692829460203 0.9765638783155557
v -0.21780098824352262 -0.039478633039920524 0.9751944252575709
v -0.30489044624420336 -0.12983840716673387 0.943495524002852
v -0.35381255999134564 -0.0936718414062417 0.9306139148540251
v -0.2844762308340736 -0.02519264163403133 0.9583520255615565
v -0.9698100226280014 0.2346290767060295 0.06646590384814947
v -0.9753830624253835 0.2205130255111226 0.0013737225380346734
v -0.98925836593475 0.14201133054941315 -0.03465064824348043
v -0.9969101250882444 0.07837353861809333 -0.005271711393752234
v -0.9904068885516397 0.06731070524647444 0.12067917827314757
v -0.9599280154865083 0.18152606821083048 -0.21350993336154384
v -0.8271121920035099 0.24698574372642057 -0.5048598461306423
v -0.8166418359472857 0.20628476912839294 -0.5390201348802216
v -0.8503404887066378 0.2204460272073989 -0.4778332369714681
v -0.8321865119114932 0.146589539215653 -0.5347682828900052
v -0.8570850585447064 0.1185406783354468 -0.5013514834915616
v -0.8630633862140487 0.05015649473741287 -0.5025991617704865
v -0.9199438347474275 0.15078956896440307 -0.3618920374942332
v -0.9004716536350171 0.011520845701819825 -0.4347620856447038
v -0.9361025527697291 -0.018546101065112654 -0.3512378863865332
v -0.9047839536708198 -0.13892954004665792 -0.4025724532083932
v -0.9991444304017327 0.002295663569343322 0.04129330606736926
v -0.9996336234215015 0.004104504610333417 -0.02675391498647538
v -0.9954988352716587 -0.07119922796740062 -0.06255188973657837
v -0.9954939244820851 -0.087249762207959 0.03713926916232266
v -0.9954992798847951 0.00023623677853061803 -0.09476881312456646
v -0.9755893679680814 -0.12607528992545883 -0.17980658046314996
v -0.9612430648819464 -0.017552146996815416 -0.27514303980323446
v -0.9784446116699057 -0.051520547388863434 -0.1999794366700718
v -0.9683166762184294 -0.0989838372582906 -0.2292706141635201
v -0.9503518751504609 -0.09460375942498618 -0.29644804283493303
v -0.9312040918443443 -0.13782849899994828 -0.33743479991810454
v -0.9820686959287059 -0.18744439773169952 0.020141356356792473
v -0.968454784051068 -0.2189065391364599 0.11905989405293806
v -0.9776322998144173 -0.16638398344831376 -0.12865246368198455
v -0.9865008233295924 -0.15183066451509705 -0.061347981897863425
v -0.9658938628554276 -0.2381732403131855 -0.10159996701248604
v -0.9518044476807238 -0.15254511958792555 -0.2660794615619511
v -0.9188577576160333 -0.3417519939514677 -0.1972460288549077
v -0.9164142841929243 -0.3842279202201786 -0.1120435854944243
v -0.9676783294027185 -0.2518662331692772 0.012729940827963273
v -0.9753398560244997 -0.21755123272490143 -0.03719712878683361
v -0.9377894817804647 -0.3429160103108225 -0.054401265926771476
v -0.9563516786910697 -0.28904511302719366 -0.04294635374359305
v -0.9305015998263332 -0.3659099944403633 0.016632759521139368
v -0.9010746994445173 -0.42534043902004204 0.08455706330763102
v -0.7026777770198236 0.3534212320863834 -0.617525201423409
v -0.6650548796392745 0.3496634016002569 -0.6598768920407259
v -0.683776259809269 0.2761357426281911 -0.6754251092196857
v -0.6205118233994719 0.3301842886604284 -0.7112969932055594
v -0.5520681784019159 0.3318012065236787 -0.7649370469165561
v -0.6209063750243139 0.2788798152530684 -0.7325990186306425
v -0.6041471095849846 0.22749033314658407 -0.7637109520656128
v -0.6878182785445239 0.20814076647767352 -0.69540163720697
v -0.6617463863603709 0.30919377781432766 -0.6830014113454634
v -0.6591196797860096 0.24827528972899995 -0.7098736706124332
v -0.6646429676745433 0.21015736617862985 -0.7169962391544584
v -0.6865690118034221 0.17929050238730299 -0.7046118845044986
v -0.6152345365715218 0.1747387543071257 -0.7687345658631585
v -0.6946799350674261 0.11216445156257236 -0.7105201781936837
v -0.6619401709015215 0.13499999594302553 -0.7372992684400601
v -0.6746458314560705 0.0837121680596122 -0.7333793527347947
v -0.4255068574905386 0.3717368633211794 -0.8250791590366692
v -0.3358066376117213 0.337662863235676 -0.8793279780192345
v -0.6477523418343625 0.072432803145887 -0.7583998896865218
v -0.6260705285633301 0.10833786745668865 -0.7722037294259653
v -0.6119657752246199 0.0800790134327847 -0.7868197007964162
v -0.5989731311385799 0.14535689951231573 -0.7874659103340361
v -0.5829960259298858 0.11163923613039518 -0.8047684851596649
v -0.554075957315745 0.10942854751527593 -0.8252425258754773
v -0.5108149328517351 0.42754083938329557 -0.7458397515787855
v -0.5387811972775709 0.28656885099089774 -0.792207747438703
v -0.48590574314866997 0.1537652525804749 -0.8603789025040082
v -0.4814526392127715 0.09030846901409416 -0.8718071671071461
v -0.6302135987173682 0.050706789443588224 -0.7747642489790217
v -0.6239305228112426 -0.0038773044197724584 -0.7814701972659776
v -0.5669948998646124 0.03548734511287378 -0.8229565188175849
v -0.5386913109911552 0.0019757219317728205 -0.8425009008811082
v -0.48496040078179425 -0.05685254185583442 -0.8726861968417354
v -0.4660481931991869 0.0241751200392226 -0.8844289938637598
v -0.5470642988386005 -0.12136688244448755 -0.8282455751659266
v -0.076035162164944 0.3131967174967667 -0.9466395672397183
v -0.17399680846053334 0.3155236547768627 -0.9328289950048722
v -0.3380906196286755 0.0268240733325737 -0.9407312060354684
v -0.2890591973932818 0.22904637919972842 -0.9295066092168717
v -0.2816730382881328 -0.012450215794687467 -0.9594296699749273
v -0.31419733814729267 0.06253790326043825 -0.9472956472806913
v -0.20850962393494302 0.007234942690407127 -0.9779935543400965
v -0.19296519234216206 -0.061952959345257165 -0.9792478059065118
v -0.20126939403875105 0.08880631577290754 -0.9755019576106019
v -0.3756767491863288 -0.08242642268483613 -0.9230779300601726
v -0.3505584218541544 -0.3722512230917939 -0.8593822314743237
v -0.23671279039089851 -0.09105365078715201 -0.9673036170425943
v -0.19651231898173316 -0.14175649066550688 -0.9701999823967333
v -0.16071621776790632 -0.16877162965861675 -0.9724641044114449
v -0.16049789894758906 -0.10729964995738933 -0.9811866333947029
v -0.21291310072431346 -0.3245519977646404 -0.9215931924048372
v -0.29019691361099037 -0.16734492688228003 -0.9422215380564275
v -0.2271091862097058 -0.1749037241804039 -0.9580345008437798
v -0.2360885478922657 -0.23219361802457159 -0.9435827050676484
v -0.1373278927206172 -0.307826201952886 -0.9414797285508465
v -0.1302193796811183 -0.364054410076954 -0.9222295265599479
v -0.1691543137738938 -0.5070842917723961 -0.8451345095127583
v -0.11970332014951963 -0.4758184093318825 -0.8713598318066186
v -0.08015403832998211 -0.5148573256500798 -0.8535205119760413
v -0.12547893527868512 -0.5391974168336581 -0.8327791919117804
v -0.8318361365976503 -0.5449591875219332 0.10520516045199385
v -0.8853369250928295 -0.4592748476280758 -0.07242336227614252
v -0.8516554667887716 -0.5207313223045247 -0.059345226090908566
v -0.8239520012442991 -0.546639544526463 -0.14929269240460358
v -0.8865671502639785 -0.34908437288239824 -0.30354371790915263
v -0.8853318447290007 -0.3967994626458211 -0.24235864158872533
v -0.8383912788934946 -0.4020963238442708 -0.36799267632149124
v -0.8254808498970485 -0.5193566134621611 -0.22102052960383997
v -0.8555778337165024 -0.49613369888910525 -0.1477765992286727
v -0.8507132888482526 -0.460413821865958 -0.25358630249240893
v -0.8176209428959093 -0.45918962424288656 -0.3473339642558454
v -0.7114188357948654 -0.6561243843770579 -0.25176185632876424
v -0.7843896541551373 -0.5101745377169966 -0.35278153511717886
v -0.7885258784077621 -0.4587393462375729 -0.4096158582071639
v -0.7394929919237423 -0.5451769116656077 -0.39488257733460724
v -0.7600536997658682 -0.5906975970760066 -0.27091460329935574
v -0.6921417691601078 -0.5600912596788693 -0.45523351394120076
v -0.670653412992237 -0.685694092073651 -0.28292686641101344
v -0.6969272199098793 -0.6224149437039727 -0.3562191572651129
v -0.6543856104202461 -0.6635895884228397 -0.36253045528855665
v -0.9011679001161566 -0.20089662603357883 -0.38410540408664035
v -0.8744980462331018 -0.1922495398104835 -0.445301337946727
v -0.8567500016023524 -0.08950975842960233 -0.5079049496709432
v -0.8194257604391533 -0.13772200825717795 -0.5563938097879282
v -0.7991980992266559 -0.1988133430922023 -0.5672350948248908
v -0.8316861079554015 0.08389895334397157 -0.5488708258431869
v -0.7989731684682125 0.17960390878438343 -0.5739201268619496
v -0.7765410235162454 0.21906851351616133 -0.5907563162439835
v -0.7463891521697581 0.19998185202324062 -0.6347523079002267
v -0.7751084529930112 0.14642483550767232 -0.6146272477244497
v -0.8057419056816392 0.06412385663377375 -0.5887852855149591
v -0.7774269361430406 0.061957097189093625 -0.6259142729377131
v -0.760036196200655 0.12475427955813119 -0.6377941283806016
v -0.7449661484869229 0.1640682139193134 -0.6466119847249094
v -0.7323382487599625 0.12559565515935137 -0.6692581122469003
v -0.7149235399286508 0.0893151326535885 -0.6934746852877608
v -0.6982062325383879 0.05407523911754063 -0.7138514728982013
v -0.7160767446955774 -0.15528331180848065 -0.6805300792617289
v -0.8315112221657208 -0.06754979031793937 -0.5513856302448149
v -0.7421088160547632 -0.09229229795776663 -0.6638950495910272
v -0.721311199295547 0.003462888974953394 -0.6926024560819626
v -0.6770685854520467 -0.003288975663277247 -0.7359125717318945
v -0.71077341997598 -0.09404736991842638 -0.6971056144280261
v -0.6776295098065492 -0.04859075793457211 -0.7337964197804998
v -0.6515073963603947 -0.1345619308247051 -0.7466131523489438
v -0.6042122904974779 -0.12316915222380449 -0.7872463832576564
v -0.7101523026108434 -0.5128583569397391 -0.48234843506907793
v -0.7407900529928311 -0.5062489173436692 -0.4415225147999154
v -0.6971423931319909 -0.4886348312126705 -0.5246222311568256
v -0.5993545785649539 -0.5680276298233242 -0.5640201245616356
v -0.6661698014685214 -0.5351891747636877 -0.5194134603831072
v -0.6519642733950753 -0.4937430782119303 -0.5754653412102587
v -0.5790184141022708 -0.5022480310506455 -0.6422496332706163
v -0.8514197789117225 -0.3293602555429028 -0.40817420563605844
v -0.8786126727400577 -0.3073664250906943 -0.365466348693746
v -0.7741895878457574 -0.24528447057169414 -0.583494653418161
v -0.528869560535192 -0.4423139154359953 -0.7243309935043455
v -0.6736488243205905 -0.38959580817932804 -0.6280225853745888
v -0.6151383656242867 -0.3720433915396559 -0.6951176202260679
v -0.7316610855110919 -0.3614693745365938 -0.5779376672452271
v -0.7260532069499973 -0.3127195086749713 -0.6124159122456804
v -0.6869202495097133 -0.20854176781029624 -0.6961687309065738
v -0.46917295969582057 -0.21412441143004907 -0.8567540313999106
v -0.5272785295348862 -0.6292310357734228 -0.5710040769653345
v -0.45307584892707503 -0.6134552789482218 -0.6468345196799331
v -0.40311455327409235 -0.5757721699333674 -0.7113262720220944
v -0.38530033004856223 -0.6263689534300529 -0.67764709830664
v -0.33087883312532623 -0.6347996751320705 -0.6982467831947674
v -0.42714793416934016 -0.4387151821833629 -0.7906159821662372
v -0.274307059144819 -0.6284960933153002 -0.7278380987491148
v -0.2854309525098351 -0.5679194199155823 -0.7720082278266709
v -0.4377129753003368 -0.4932194381690647 -0.7517592281215569
v -0.3687488326285564 -0.48869386874301074 -0.7906975408385093
v -0.23639598434554973 -0.5797451543150759 -0.7797515595582273
v -0.21903382452880865 -0.6309070192164223 -0.7442986744686113
v -0.21988681026686552 -0.5357112275218165 -0.8152688338074332
v -0.18697500484909874 -0.594672373156613 -0.7819239836237033
v -0.17328334701357703 -0.5576365420709507 -0.8117969996217805
v -0.1372424587659515 -0.5844791791447561 -0.7997178231464822
v -0.7976137345863117 -0.5908519312175012 0.12126964078377635
v -0.7496504829436269 -0.6607993912942729 0.03699078111510433
v -0.7524994093129508 -0.6481579153782092 0.11677309500152146
v -0.6621804585418145 -0.7294601744691515 0.17147855314524785
v -0.7464436037899418 -0.6438450275224793 -0.16818301607374736
v -0.614089886963072 -0.7141752674570253 -0.3359275190906039
v -0.6946862258519654 -0.6996742475941682 -0.16693410336143644
v -0.6233651709125672 -0.7585557266880424 -0.1897605680902169
v -0.5614061831450833 -0.804969168892493 -0.1919576376677892
v -0.6623431737580129 -0.745305773669138 0.0762943242424384
v -0.6248903137562486 -0.7803290525674336 0.02446764175046345
v -0.7589735837274465 -0.6508459099192511 -0.018939396645590544
v -0.6888836364980793 -0.7196565454517694 -0.08679741904922993
v -0.6544475681974283 -0.7539632501974711 -0.056901650522090785
v -0.6010291834382188 -0.7966428348395985 -0.06421926778090868
v -0.5540953072926206 -0.8286321249744165 -0.07966926569687616
v -0.6545703285058682 -0.745572491803689 0.12513730261340184
v -0.5638266390662251 -0.8172365131725253 0.11926442309799581
v -0.6072054826985633 -0.7784331688034296 0.15919580235501263
v -0.5367537263903656 -0.8435538630385062 -0.017672502903377334
v -0.4645952318370347 -0.8800645355591503 0.09817170572700123
v -0.35051400417915524 -0.7279448723844715 -0.5892675077105904
v -0.44490404659073185 -0.7567714501719739 -0.47891268675177073
v -0.3483109875340132 -0.7939729632460746 -0.49828344302949507
v -0.3685536344000642 -0.8279012167049696 -0.4227857541934625
v -0.23042958207400405 -0.6839370245404268 -0.6921938703629117
v -0.15981640744216546 -0.631511984042004 -0.7587168970858705
v -0.17679218317668907 -0.6613699257441737 -0.7289268449500031
v -0.1421568810917432 -0.7058336511952761 -0.6939670582949984
v -0.10485508355537361 -0.7752437135109389 -0.6228985439976282
v -0.20726232503943867 -0.8594777188133063 -0.4672690654031372
v -0.28296659129384766 -0.8007045681516847 -0.5280171424798299
v -0.2758685849716282 -0.7106253484396663 -0.6472311318074513
v -0.2169884315778623 -0.7423160394227201 -0.6339423618730226
v -0.27560733769032003 -0.8758075221915027 -0.3962345006230964
v -0.12047359040710016 -0.8815291480150079 -0.4565002466750226
v -0.09693179588822369 -0.9215361874764182 -0.3759990453675534
v -0.05964755014736284 -0.8981079514514351 -0.4357112315526474
v -0.056999864010363305 -0.9467315348856625 -0.3169391366742795
v -0.4250017129303378 -0.8871917281262635 0.17962288704564666
v -0.39894813132408463 -0.9156448107193361 0.049345406227656506
v -0.5014532449971365 -0.8632804479448638 -0.05737169404817468
v -0.4359152803686596 -0.8998676786817282 -0.014697931999801404
v -0.44561731915237474 -0.892621112699802 -0.06821109905299706
v -0.30092613740651075 -0.9519805938729472 0.05635963728510428
v -0.3551646816449664 -0.9347420226452678 0.010742439809619642
v -0.32349799362681675 -0.9446728938601308 -0.05424178947407842
v -0.47371826247146515 -0.8422767053859697 -0.2572177275484191
v -0.499432938954377 -0.8420172485862334 -0.2038962789524688
v -0.5330379156386749 -0.7959612517276682 -0.28690811462853494
v -0.3959796472896694 -0.8772477681019912 -0.27136041032623803
v -0.418924821245333 -0.8178048765707815 -0.3945848172467038
v -0.38796318241803324 -0.8607882894653448 -0.32943601777492065
v -0.3352634679788837 -0.9359833389668994 -0.1073945818705323
v -0.29203702454290226 -0.9434769640859556 -0.1567341524214702
v -0.23910205715723173 -0.9581099362759025 -0.15765645014577198
v -0.4926423018806253 -0.8600822649480288 -0.132521922411455
v -0.4081878851464102 -0.8866559952065189 -0.21731036925107503
v -0.25616098953400435 -0.942428644446498 -0.21496464259895445
v -0.3216757900644075 -0.9235583584997572 -0.2087214520160144
v -0.32162854111665057 -0.9089103523224324 -0.2653997983802676
v -0.20700170496320233 -0.9728274339743649 -0.10371633356988737
v -0.15761443365069305 -0.9784780833384442 -0.13318532475951028
v -0.11134725822030096 -0.9858708407655565 -0.12514181321619297
v -0.19639193513596098 -0.9542326067039594 -0.22554454131394838
v -0.2357976939334493 -0.9103624229101405 -0.34005838688208495
v -0.23690945850068257 -0.9295556384735196 -0.28248933334729753
v -0.13686846365258606 -0.9434804386162642 -0.30184712290469606
v -0.12742931822767029 -0.9625997702757304 -0.23908879338258923
v -0.25016710860634134 -0.9673209517022109 0.04131094491139358
v -0.22523582066599404 -0.9702880178964212 0.08837413318132564
v -0.26490700522755045 -0.9569332011214654 0.11875658791324312
v -0.16958330657834614 -0.9829513554281166 -0.07105022865539007
v -0.15771035573758627 -0.9874213569546216 -0.011247556313154139
v -0.09520673441750142 -0.9953899686681574 0.011596895979532286
v -0.04377740031180388 -0.996400751523948 -0.07258843974388574
v -0.07625570012314098 -0.9954483561404663 0.0571632614182663
v -0.1492966682577692 -0.9796828448814645 0.13391052345536555
v -0.15162535640276625 -0.9877063588244485 0.03802499222201086
v -0.9492380842679178 0.3137936368950635 0.021922883467797662
v -0.6530233432357823 0.7477997216513964 0.11981689983994682
v -0.7181865051727321 0.6945940291721261 0.041800459641119066
v -0.8200734341410416 0.5716161944405589 -0.027101455116137645
v -0.8031361998421521 0.5846718177533095 0.11459105562018153
v -0.7691252510441832 0.6269664631325514 0.1239330557731923
v -0.7479260516214447 0.6621716602063312 -0.04620945493670286
v -0.7701986644532498 0.6243832366410352 -0.13015218429244804
v -0.9003147798288159 0.4336030642832794 -0.03770517028128782
v -0.9303051068342358 0.19870755536651485 -0.308298095418062
v -0.8846466874774837 0.4434530436972738 -0.14404734072775938
v -0.8266094870354109 0.5204278863772096 -0.21417649503156305
v -0.8424144874887384 0.46627877886928837 -0.270040611103685
v -0.8206775641865262 0.4054123313630691 -0.402652675664314
v -0.8394187241098758 0.2733482719880663 -0.4697413413942679
v -0.8664327482905101 0.24807127784477281 -0.4333069740936733
v -0.3171449851398947 0.9286252258070212 0.19254674340397143
v -0.398617004077267 0.9062642216881281 0.1406756714875583
v -0.48504595860389604 0.871186021666684 0.07592979451179577
v -0.4726084544324075 0.8649516541781875 0.16881908877087362
v -0.477325285575611 0.8784534626940089 0.021910856465845317
v -0.45953613397015547 0.8878212266096339 -0.02449512517070384
v -0.44069883465087023 0.8976510325857173 0.002675973684547967
v -0.4210376378104184 0.9058733490910559 -0.04605195928054382
v -0.41285710959432503 0.9068487989557011 -0.08470102059610535
v -0.2827904873566073 0.9335070596288004 0.22044071739087542
v -0.21300506713361914 0.9509885902532498 0.22416409744546276
v -0.25971984006755805 0.9277112674834307 0.2681369218507005
v -0.24250819327874953 0.9498910656914845 0.19722256339519675
v -0.1291142772601083 0.9729188700340473 0.19172473950764038
v -0.04744331256202512 0.9742003993350331 0.22064159632445576
v -0.11690614423719305 0.9912658561959514 0.06103241581078098
v -0.07433064154758075 0.9910981247017363 0.1104511789879433
v -0.04911050252176722 0.9973238713141649 0.05415952593022542
v -0.3758139676368987 0.9225200898158203 -0.08786663539263875
v -0.3411595485768337 0.9398530835778609 -0.016921693296991547
v -0.21313665377579347 0.9764186329411219 -0.03434268572270463
v -0.19021062575304598 0.9783020759141986 0.08212774264890256
v -0.16736262574288507 0.9858624549599382 0.008060484154871208
v -0.24135192838784153 0.9440290456153733 -0.2248519684103252
v -0.16936963317249848 0.9846508652846525 -0.042149743216279976
v -0.0977002467616277 0.99297484732424 -0.06675038849414436
v -0.07154988405751969 0.9879170069214667 -0.13747945856267477
v -0.1594265565043323 0.9753991877140564 -0.1522484735159268
v -0.16376535310878038 0.9411883915916718 -0.2955424176903183
v -0.7768306680988306 0.40075513764445897 -0.4857256764395879
v -0.8271258192048359 0.3599559177897109 -0.4316186006799245
v -0.8161357395974576 0.435533197170798 -0.37978057969555745
v -0.7865468707225127 0.46393977702158573 -0.4075584663011973
v -0.727662192374051 0.44935657175308524 -0.5182532249891975
v -0.8019594999225366 0.40512173096237414 -0.4390186141680611
v -0.7730234768836537 0.43432839577978616 -0.46237814481878886
v -0.754552689628603 0.6217769036613444 -0.20986595876309336
v -0.7174907880622343 0.658088685280416 -0.2283117415984726
v -0.7825262601828865 0.5105914698315037 -0.35629903600696156
v -0.7338638972357484 0.5609546862163348 -0.3831104544982976
v -0.6862195067760329 0.6281386275177266 -0.3668032894348206
v -0.6250403948785972 0.5374487996268533 -0.5661036058440733
v -0.5958289249552957 0.6033940204791499 -0.5300033473824708
v -0.5338023643386616 0.6397218086477828 -0.5530018475257242
v -0.7424373805615221 0.6585597557387824 -0.1228241998395314
v -0.7012998127978508 0.6997943840292548 -0.13589110585617908
v -0.709217231528143 0.7028709353073774 -0.05462020508647681
v -0.5970391394480644 0.7962205331500987 0.0978628047691629
v -0.5714159909222181 0.8182142905679638 0.06331777024456248
v -0.6030682670965228 0.7971717955758757 0.02873662401068614
v -0.5014092884311827 0.864075313976506 -0.04430098476712902
v -0.47330225331000025 0.8679915398686583 -0.15025200074578637
v -0.5109902210407445 0.7509382745346614 -0.4183069469177346
v -0.6542911062174833 0.710102088066607 -0.2601118468046904
v -0.725287413046523 0.6651479898414769 -0.17758468426676016
v -0.6859110997444305 0.6909185552689815 -0.22838019448369257
v -0.5415265816122047 0.7681060607726131 -0.3417046104631583
v -0.549078151952814 0.7862699796433674 -0.283359669253938
v -0.48063243102104825 0.8436736049640033 -0.2391805061827575
v -0.4163211716089218 0.8686437605970262 -0.2685790372423564
v -0.4411665743422225 0.8732868426209264 -0.20674173305920013
v -0.4466440786861423 0.7665313032341509 -0.4614529533297642
v -0.37967298637218877 0.9007674868702789 -0.21087047687295096
v -0.1198706773650157 0.8451327862281792 -0.520942985700208
v -0.7544016943718689 0.3458281809500502 -0.5579255799742764
v -0.64266515734182 0.43983324549991387 -0.6273182698533707
v -0.5948758996675185 0.387409136867603 -0.7042988177373715
v -0.312390780558484 0.7566895599795601 -0.5743108130968811
v -0.0705278075762451 0.8032053149737514 -0.5915125107353225
v -0.20717741391087618 0.6147699625603962 -0.7610094692569144
v -0.14859472518753522 0.38990302796687565 -0.9087877840446045
f 1404 1816 421
f 1404 50 1816
f 1331 783 438
f 1331 438 437
f 437 1332 1331
f 419 1332 437
f 421 1816 419
f 419 1816 1332
f 422 421 419
f 422 419 437
f 420 422 437
f 422 420 434
f 422 28 421
f 28 422 1333
f 1333 422 434
f 71 424 426
f 425 426 424
f 426 423 71
f 423 426 1334
f 439 1334 426
f 439 426 1335
f 439 1335 432
f 424 72 427
f 427 1832 429
f 428 427 121
f 429 791 478
f 1336 429 447
f 1336 427 429
f 1336 121 427
f 430 121 1337
f 121 1336 1337
f 1336 447 1337
f 430 1337 1338
f 426 425 430
f 430 425 428
f 428 425 424
f 428 424 427
f 1335 426 430
f 430 432 1335
f 432 430 1339
f 430 428 121
f 1338 1339 430
f 439 432 431
f 1341 431 432
f 1339 1338 1377
f 1340 1339 1377
f 1340 432 1339
f 1340 1341 432
f 443 1341 1340
f 443 1340 476
f 433 1333 434
f 434 420 1342
f 435 433 434
f 435 434 1342
f 420 437 438
f 1342 420 1334
f 438 783 423
f 1334 420 438
f 1334 438 423
f 1342 1334 439
f 436 435 1342
f 122 436 1342
f 1343 122 1342
f 1343 1342 439
f 436 122 1344
f 440 122 1343
f 1344 122 440
f 1343 439 431
f 431 1341 1343
f 1341 440 1343
f 443 440 1341
f 1333 433 442
f 433 435 441
f 435 436 441
f 442 433 441
f 513 442 445
f 442 441 445
f 473 440 443
f 440 473 471
f 444 1344 471
f 471 1344 440
f 446 444 471
f 515 445 1345
f 1345 445 444
f 444 441 436
f 444 436 1344
f 444 445 441
f 1345 444 123
f 123 444 446
f 124 515 1345
f 515 124 516
f 1368 123 446
f 1346 123 1368
f 124 1345 123
f 1346 124 123
f 516 124 1346
f 478 1901 1349
f 447 478 1349
f 447 1349 479
f 1347 1348 1351
f 448 1347 1351
f 479 1349 448
f 1349 1901 1347
f 448 1349 1347
f 479 448 449
f 449 448 453
f 1912 450 125
f 125 450 1350
f 1352 125 1350
f 1352 1350 452
f 451 1350 126
f 452 1350 451
f 452 451 463
f 128 452 463
f 128 463 1360
f 448 1351 453
f 454 453 1351
f 1348 1912 125
f 1351 1348 125
f 1352 1351 125
f 455 1351 127
f 127 1351 1352
f 127 1352 452
f 128 127 452
f 480 453 454
f 454 1351 455
f 127 128 129
f 455 127 129
f 129 128 1360
f 456 129 1357
f 481 454 456
f 456 454 455
f 456 455 129
f 135 456 1
f 456 1357 1
f 1353 1942 457
f 457 863 1355
f 457 1355 1358
f 1355 1943 1354
f 1354 1943 1356
f 130 1355 1354
f 1358 1355 130
f 1356 868 458
f 461 1356 458
f 130 1354 459
f 459 1354 1356
f 1356 461 459
f 459 461 460
f 1361 460 461
f 467 1 1357
f 467 1357 29
f 1357 129 1360
f 1360 29 1357
f 29 1360 462
f 463 451 465
f 463 465 464
f 465 451 1353
f 465 1353 457
f 1358 465 457
f 1358 464 465
f 464 1358 130
f 1359 462 466
f 464 1360 463
f 466 462 1360
f 466 1360 464
f 466 464 130
f 1359 466 130
f 1363 1359 460
f 1359 130 459
f 460 1359 459
f 1363 460 942
f 942 460 1361
f 29 462 468
f 468 462 1365
f 468 467 29
f 467 468 1362
f 1362 468 1365
f 1362 1365 1366
f 494 1362 1366
f 462 1359 1365
f 1365 1359 1363
f 942 469 1363
f 1364 469 942
f 469 1366 1365
f 469 1365 1363
f 1366 469 1386
f 1367 469 1364
f 1386 469 1367
f 472 1368 446
f 1369 496 1346
f 1368 1369 1346
f 1369 1368 470
f 1369 470 6
f 1370 1369 6
f 446 471 472
f 1371 472 471
f 1371 471 473
f 1371 473 1381
f 1371 1381 137
f 1371 137 474
f 470 1368 472
f 1372 470 472
f 1372 472 1371
f 475 6 1372
f 1372 6 470
f 1372 1371 474
f 1373 6 475
f 1374 1373 475
f 475 1372 474
f 1375 475 474
f 1374 475 1375
f 482 1374 1375
f 143 1374 1376
f 1374 482 1376
f 1376 482 489
f 443 476 1381
f 1381 476 131
f 1377 1338 1378
f 477 1377 1378
f 476 1340 1377
f 477 476 1377
f 477 131 476
f 1381 131 132
f 131 477 132
f 1338 1337 1378
f 1378 1337 30
f 447 429 478
f 30 1337 447
f 30 447 479
f 449 133 479
f 479 133 30
f 132 477 134
f 1380 132 134
f 134 477 1378
f 134 1378 30
f 1380 134 480
f 134 133 480
f 133 134 30
f 480 133 449
f 453 480 449
f 1379 132 1380
f 1379 1380 481
f 1382 1379 481
f 481 480 454
f 481 1380 480
f 1382 481 135
f 481 456 135
f 488 1376 489
f 1375 474 31
f 136 489 482
f 31 482 1375
f 482 31 136
f 136 484 490
f 137 1381 483
f 473 443 1381
f 483 1381 132
f 31 474 137
f 485 31 137
f 485 137 483
f 484 136 485
f 485 136 31
f 486 484 485
f 486 485 483
f 486 483 132
f 490 484 138
f 138 484 487
f 486 132 1379
f 1382 484 486
f 1382 486 1379
f 1382 487 484
f 487 1382 135
f 487 135 1
f 140 488 489
f 488 140 1383
f 489 136 139
f 489 139 140
f 136 490 139
f 140 139 32
f 492 1383 140
f 492 140 32
f 138 487 1384
f 490 138 1384
f 467 487 1
f 1384 487 467
f 490 1384 491
f 491 1384 467
f 491 467 1362
f 493 491 1362
f 493 1385 492
f 490 32 139
f 32 490 491
f 493 492 32
f 491 493 32
f 494 493 1362
f 1385 493 1386
f 503 1385 1386
f 493 494 1386
f 1386 494 1366
f 1367 503 1386
f 516 1346 495
f 495 1346 496
f 33 495 496
f 496 1369 497
f 1370 6 499
f 497 1369 1370
f 497 1370 499
f 497 499 142
f 33 496 497
f 33 497 141
f 497 142 141
f 6 1373 499
f 1373 1374 1387
f 499 1373 1387
f 143 1376 488
f 1387 1374 143
f 1387 143 1388
f 1392 1388 1400
f 7 141 144
f 144 141 498
f 498 141 142
f 498 142 1389
f 144 498 1390
f 1390 498 1389
f 1389 142 499
f 1390 1389 1387
f 1389 499 1387
f 1392 1390 1388
f 1390 1387 1388
f 144 1391 501
f 144 1390 1391
f 500 1392 1399
f 500 1390 1392
f 500 1399 1393
f 1391 1390 500
f 1393 501 500
f 500 501 1391
f 488 1383 1394
f 502 492 1385
f 502 1385 1397
f 502 1383 492
f 502 1394 1383
f 504 503 1395
f 35 502 1396
f 1396 502 1397
f 1396 1397 145
f 34 1396 145
f 1397 1385 503
f 504 1397 503
f 504 145 1397
f 145 504 1395
f 35 1396 34
f 1398 34 145
f 508 1393 505
f 505 1393 1399
f 505 1399 507
f 146 508 505
f 146 505 507
f 1388 143 1394
f 35 1388 1394
f 35 1400 1388
f 1394 143 488
f 35 1394 502
f 146 507 506
f 1399 1392 1400
f 507 1399 1400
f 507 1400 35
f 35 506 507
f 146 506 1401
f 506 35 34
f 1401 506 1398
f 1398 506 34
f 147 508 146
f 508 147 509
f 545 508 509
f 509 147 36
f 1401 1398 1402
f 1402 1398 286
f 1402 286 1403
f 162 509 36
f 147 146 1401
f 36 147 1401
f 36 1401 1402
f 36 1402 1403
f 162 36 898
f 36 1403 898
f 1404 421 1405
f 1404 1405 510
f 49 1404 510
f 1405 421 511
f 511 421 28
f 28 1333 523
f 523 511 28
f 511 523 522
f 511 510 1405
f 1406 510 511
f 522 1406 511
f 510 1406 512
f 512 1406 1408
f 1407 1406 522
f 1408 1406 1407
f 1408 1407 1413
f 153 512 1408
f 512 153 1409
f 523 1333 148
f 1333 442 513
f 148 1333 513
f 513 445 515
f 148 513 149
f 149 513 150
f 514 149 151
f 1410 516 1471
f 1410 515 516
f 515 1410 1411
f 1410 1471 1412
f 1412 1411 1410
f 151 149 150
f 150 513 515
f 1411 150 515
f 151 150 518
f 518 150 1411
f 151 518 520
f 151 520 517
f 518 1411 519
f 519 1411 1412
f 520 518 519
f 520 519 1469
f 152 520 1469
f 1422 517 520
f 1422 520 152
f 526 1409 153
f 153 1408 1413
f 153 1413 1414
f 154 153 1414
f 1413 1407 521
f 1407 522 521
f 1414 1413 521
f 524 1414 521
f 1414 524 1420
f 522 523 525
f 148 525 523
f 514 525 148
f 514 148 149
f 1416 524 1415
f 1416 1420 524
f 37 1416 1415
f 521 522 525
f 1415 524 521
f 1415 521 525
f 37 1415 514
f 514 1415 525
f 1420 1416 1421
f 1421 1416 1417
f 1416 37 1417
f 517 37 514
f 517 514 151
f 1418 1417 37
f 1422 37 517
f 1422 1418 37
f 154 1414 528
f 526 153 154
f 155 526 154
f 1414 1420 528
f 528 1420 527
f 1419 528 527
f 1419 154 528
f 529 155 1419
f 155 154 1419
f 156 155 529
f 156 529 530
f 1420 1421 527
f 1421 1417 531
f 527 1421 38
f 1421 531 532
f 38 1421 532
f 1424 1422 157
f 1424 1418 1422
f 1424 157 1425
f 1423 532 531
f 531 1417 1418
f 531 1418 1424
f 1423 531 1424
f 1423 1424 1426
f 1426 1424 1425
f 532 1423 1426
f 534 532 1426
f 533 530 158
f 158 529 1427
f 158 530 529
f 1427 529 1419
f 1427 1419 527
f 1427 527 38
f 534 158 1427
f 38 534 1427
f 1429 158 534
f 1429 534 159
f 534 38 532
f 159 534 1426
f 159 1426 1456
f 1546 530 533
f 158 1429 1430
f 535 158 1430
f 535 533 158
f 533 535 1428
f 1428 535 1431
f 159 1456 561
f 159 561 170
f 1431 535 1430
f 1431 1430 170
f 1430 1429 159
f 1430 159 170
f 537 1431 536
f 1431 170 536
f 1472 495 33
f 1472 33 1473
f 33 141 538
f 1473 33 538
f 1432 1473 538
f 144 501 539
f 7 144 539
f 7 539 1436
f 1393 508 1439
f 1433 501 1393
f 1433 1393 1439
f 1436 539 1434
f 1434 539 501
f 1434 501 1433
f 1432 538 540
f 540 538 1435
f 538 141 7
f 1435 538 7
f 160 540 1435
f 160 1435 1436
f 1435 7 1436
f 1434 160 1436
f 160 1434 542
f 1432 540 541
f 540 160 541
f 160 542 1437
f 1437 542 164
f 544 543 541
f 544 541 160
f 544 160 1437
f 544 1437 164
f 161 543 544
f 161 544 1438
f 1439 508 545
f 1444 1439 545
f 1444 545 547
f 509 162 347
f 347 162 39
f 347 39 348
f 547 545 347
f 545 509 347
f 1438 544 1440
f 1440 544 163
f 544 164 163
f 546 1440 163
f 164 542 165
f 164 165 1441
f 546 163 164
f 1441 546 164
f 548 546 1441
f 549 1441 1445
f 542 1434 165
f 1434 1433 1442
f 1442 165 1434
f 1442 1433 1439
f 1442 1439 1444
f 1445 1441 1443
f 1442 1441 165
f 1443 1441 1442
f 1443 1442 1444
f 547 1443 1444
f 1445 1443 547
f 1445 547 554
f 551 547 2150
f 1440 546 166
f 546 548 166
f 596 1440 166
f 596 166 40
f 548 1441 549
f 1446 166 548
f 1446 548 549
f 40 166 1446
f 1446 549 550
f 1447 1446 550
f 1447 550 8
f 167 554 551
f 554 547 551
f 167 551 2148
f 168 167 2148
f 168 2148 556
f 552 8 550
f 550 553 552
f 553 549 1445
f 553 1445 554
f 552 553 1448
f 553 550 549
f 1448 553 554
f 552 1448 1449
f 1448 554 167
f 168 1449 1448
f 168 1448 167
f 1496 8 1450
f 1450 8 552
f 555 1450 557
f 1449 168 1451
f 1452 1449 1451
f 1451 168 556
f 1451 556 2146
f 1450 552 1452
f 1452 552 1449
f 558 557 1452
f 557 1450 1452
f 558 1452 1451
f 558 1451 2146
f 1497 557 558
f 558 2146 1047
f 559 1497 558
f 559 558 1047
f 537 536 560
f 601 537 560
f 536 170 560
f 560 170 1453
f 560 1453 1499
f 169 561 1462
f 169 170 561
f 170 169 41
f 41 169 564
f 41 1453 170
f 1499 1453 1454
f 1453 41 1454
f 1455 41 172
f 1455 172 1460
f 1454 41 1455
f 1454 1455 562
f 1456 1426 563
f 1456 563 42
f 1426 1425 1458
f 563 1426 1458
f 1458 1425 157
f 1458 157 1457
f 171 42 563
f 171 563 1458
f 1457 171 1458
f 1459 42 171
f 171 1457 585
f 1465 171 585
f 562 1455 1460
f 1504 562 1460
f 1461 1504 1460
f 1461 1460 172
f 1461 172 1463
f 1462 561 1456
f 1462 1456 42
f 564 169 1462
f 1463 564 1462
f 1463 1462 42
f 172 41 564
f 1463 172 564
f 1459 1463 42
f 1461 1463 1464
f 566 1464 1465
f 1465 1464 1459
f 1464 1463 1459
f 1465 1459 171
f 1504 1461 568
f 565 1504 568
f 565 568 1466
f 1506 565 1466
f 1506 1466 569
f 1464 566 173
f 566 1465 581
f 173 566 567
f 567 566 581
f 568 1461 1464
f 173 568 1464
f 173 1466 568
f 1466 173 569
f 569 173 1467
f 569 1467 174
f 173 567 1467
f 174 1467 1477
f 1468 1422 152
f 1469 519 175
f 1468 152 1470
f 1470 152 1469
f 1470 1469 175
f 1470 175 44
f 519 1412 570
f 570 1412 574
f 570 574 43
f 43 175 519
f 43 519 570
f 175 43 571
f 44 175 571
f 1412 1471 572
f 574 1412 572
f 1472 516 495
f 1471 516 1472
f 572 1471 1472
f 1473 572 1472
f 575 572 1473
f 1432 575 1473
f 577 571 573
f 571 43 573
f 574 572 575
f 576 573 177
f 177 573 176
f 573 43 574
f 176 573 574
f 575 176 574
f 177 176 575
f 177 575 1432
f 577 573 576
f 1474 577 576
f 177 1432 541
f 543 576 541
f 541 576 177
f 1474 576 1475
f 1475 576 161
f 161 576 543
f 1474 1475 578
f 578 1475 1486
f 1486 1475 161
f 1486 161 1438
f 1476 174 1477
f 1476 1477 579
f 579 1477 1487
f 1467 567 178
f 580 1467 178
f 1487 1477 580
f 1477 1467 580
f 178 567 581
f 178 581 1478
f 1478 581 180
f 1478 180 45
f 583 1478 45
f 1487 580 582
f 1479 580 178
f 582 580 1479
f 583 1479 1478
f 1478 1479 178
f 582 1479 584
f 582 584 179
f 1479 583 584
f 583 45 1480
f 584 583 1481
f 583 1480 1481
f 179 584 1481
f 179 1481 593
f 593 1481 9
f 581 1465 180
f 1465 585 180
f 585 1457 181
f 586 180 585
f 586 585 181
f 586 181 183
f 1457 157 1468
f 157 1422 1468
f 44 1468 1470
f 181 1457 1468
f 181 1468 44
f 182 44 571
f 182 181 44
f 182 571 577
f 9 1481 587
f 587 1481 1480
f 46 587 1480
f 46 1480 1483
f 1482 45 180
f 1482 180 183
f 183 180 586
f 1484 46 1483
f 1484 1483 183
f 1483 1480 1482
f 1482 1480 45
f 1483 1482 183
f 182 183 181
f 1484 183 182
f 184 9 587
f 184 587 46
f 184 46 590
f 46 1484 588
f 46 588 589
f 1484 182 588
f 588 182 577
f 588 577 1474
f 589 588 1474
f 589 1474 578
f 591 590 589
f 589 590 46
f 591 589 578
f 590 591 1485
f 1485 591 1486
f 591 578 1486
f 595 1486 1438
f 1516 1476 579
f 1516 579 592
f 579 1487 582
f 579 582 185
f 1488 579 185
f 592 579 1488
f 179 593 598
f 185 582 179
f 185 179 1489
f 179 598 1489
f 1518 1488 185
f 1518 185 1489
f 1518 1489 594
f 594 1489 1490
f 1518 594 186
f 9 184 1491
f 1491 184 1492
f 1491 1492 1493
f 1485 1486 595
f 595 1438 1440
f 596 595 1440
f 596 1485 595
f 1485 596 597
f 1493 1492 597
f 184 590 1485
f 1492 184 1485
f 597 1492 1485
f 40 597 596
f 1493 597 1447
f 1495 1493 1447
f 1447 597 40
f 1447 40 1446
f 594 1490 599
f 186 594 599
f 1494 186 599
f 1494 599 1495
f 1490 1489 598
f 1490 598 187
f 598 593 9
f 598 9 1491
f 187 598 1491
f 187 1491 1493
f 187 599 1490
f 187 1495 599
f 1495 187 1493
f 1494 1495 1496
f 1496 1495 1447
f 1496 1447 8
f 1494 1496 555
f 555 1496 1450
f 186 1494 600
f 600 1494 555
f 555 1497 600
f 557 1497 555
f 1035 600 1497
f 1035 1497 559
f 633 537 601
f 633 601 602
f 1500 560 1499
f 601 560 1500
f 602 601 1500
f 602 1500 1498
f 209 602 1498
f 1454 562 603
f 1499 1454 603
f 1499 603 1501
f 1498 1500 1499
f 1498 1499 1502
f 1502 1499 1501
f 209 1498 188
f 188 1498 1502
f 1502 1501 1503
f 608 188 1502
f 608 1502 1503
f 1505 1504 604
f 604 565 1506
f 604 1506 1509
f 604 1504 565
f 1505 604 1512
f 1512 604 1509
f 1512 1509 1508
f 174 1476 1507
f 189 174 1507
f 190 569 189
f 569 174 189
f 190 189 198
f 605 1509 190
f 1509 1506 569
f 190 1509 569
f 1508 1509 605
f 190 198 615
f 605 190 615
f 191 605 615
f 191 614 613
f 1503 1501 606
f 1510 1503 606
f 1513 1503 1510
f 1501 603 606
f 606 603 1511
f 603 562 1505
f 562 1504 1505
f 1511 603 1505
f 1512 1511 1505
f 1508 1511 1512
f 192 1510 1508
f 1508 1510 606
f 1508 606 1511
f 47 1510 192
f 192 1508 605
f 607 192 191
f 191 192 605
f 607 191 613
f 608 1503 1513
f 608 1513 1514
f 1513 1510 47
f 1513 47 193
f 1514 1513 193
f 47 192 609
f 194 609 610
f 609 192 607
f 610 609 607
f 193 47 194
f 194 47 609
f 1576 193 194
f 1576 194 658
f 194 610 1515
f 658 194 1535
f 1535 194 1515
f 1507 1476 1516
f 592 1488 1517
f 611 1516 592
f 611 592 1517
f 1518 186 1522
f 1519 1518 1524
f 1520 611 1517
f 1517 1488 1518
f 1519 1517 1518
f 1520 1517 1519
f 1520 1519 1524
f 1521 1520 196
f 617 1520 1521
f 1522 186 195
f 195 600 1035
f 195 1035 2084
f 195 186 600
f 1523 195 2083
f 1521 196 10
f 196 1520 1523
f 196 1523 1525
f 1524 1518 1522
f 1524 1522 195
f 1523 1524 195
f 1523 1520 1524
f 104 1525 1523
f 1527 1525 104
f 612 196 1525
f 1526 10 612
f 10 196 612
f 612 1525 1527
f 1526 612 325
f 612 1527 325
f 1526 325 2080
f 1536 1535 1515
f 610 607 1532
f 1532 607 613
f 1515 610 1532
f 1528 1536 1515
f 1528 1515 1532
f 1536 1528 622
f 1528 1532 1529
f 1528 1529 1531
f 1531 622 1528
f 613 614 1533
f 191 615 614
f 1533 614 197
f 614 615 197
f 48 1533 197
f 189 1507 611
f 611 1507 1516
f 198 189 611
f 48 197 616
f 197 615 198
f 616 197 198
f 616 198 611
f 1520 616 611
f 48 616 617
f 1530 48 617
f 617 616 1520
f 1521 1530 617
f 1540 1531 618
f 1531 1529 619
f 618 1531 619
f 619 1532 1533
f 1532 613 1533
f 1534 1533 48
f 619 1529 1532
f 618 619 1534
f 1534 619 1533
f 1530 1534 48
f 10 618 1530
f 1530 618 1534
f 10 1530 1521
f 1540 618 620
f 618 10 1526
f 620 618 1526
f 199 1536 1537
f 199 1535 1536
f 1536 622 1537
f 622 623 1537
f 1538 199 1537
f 1538 1537 625
f 199 1538 200
f 200 1538 625
f 1531 1540 623
f 624 623 1540
f 620 1526 1539
f 1526 621 1539
f 1539 1540 620
f 624 1540 1539
f 626 200 625
f 625 1537 623
f 622 1531 623
f 625 623 624
f 2059 625 624
f 1212 625 2059
f 626 625 1212
f 1404 49 50
f 50 49 11
f 1541 510 512
f 627 512 1409
f 627 1541 512
f 1541 627 201
f 628 11 49
f 1541 49 510
f 628 49 1541
f 628 1541 201
f 11 628 201
f 11 201 629
f 11 629 202
f 526 155 631
f 1409 526 631
f 631 155 630
f 51 631 630
f 630 155 156
f 630 156 638
f 630 638 203
f 51 630 203
f 51 203 204
f 1546 533 1428
f 1546 1428 632
f 1431 537 634
f 634 537 633
f 635 634 633
f 632 1428 1542
f 636 632 1542
f 1542 1428 1431
f 1542 1431 634
f 1542 634 635
f 1543 1542 635
f 636 1542 1543
f 636 1543 712
f 640 636 1693
f 1693 636 712
f 204 203 1544
f 637 204 1544
f 1544 203 638
f 1544 638 639
f 637 1544 1545
f 1545 1544 639
f 156 530 1546
f 632 638 1546
f 1546 638 156
f 639 638 632
f 1545 639 1548
f 1548 639 640
f 640 632 636
f 640 639 632
f 1548 640 1693
f 204 637 641
f 641 637 1547
f 637 205 1547
f 205 637 1545
f 1548 1693 1689
f 1547 205 642
f 205 1545 1548
f 642 205 1548
f 642 1548 643
f 1547 642 1549
f 1549 642 1550
f 642 643 1550
f 1550 643 708
f 1549 1550 650
f 1550 708 650
f 1552 202 629
f 1551 629 201
f 629 1551 206
f 206 1552 629
f 1552 206 1558
f 1558 206 1554
f 1554 206 1553
f 1551 627 644
f 51 1409 631
f 644 627 1409
f 51 644 1409
f 644 51 204
f 644 204 641
f 1554 1553 1556
f 206 1551 1553
f 1551 201 627
f 1555 1556 1553
f 1555 1553 1551
f 641 1555 644
f 1555 1551 644
f 1554 1556 1560
f 1560 1556 645
f 1556 1557 645
f 1555 1547 1557
f 1547 1555 641
f 1557 1556 1555
f 1549 1557 1547
f 645 1557 649
f 1557 1549 649
f 649 1549 650
f 202 1552 1558
f 202 1558 646
f 1558 1554 647
f 1558 647 648
f 648 647 1565
f 646 1558 1559
f 1559 1558 648
f 778 1559 648
f 647 1554 1560
f 647 1560 652
f 1560 645 651
f 1560 651 652
f 645 649 651
f 651 649 1561
f 1561 649 650
f 653 651 1561
f 653 1561 698
f 652 651 653
f 652 653 1566
f 653 698 207
f 1566 653 1562
f 1562 653 207
f 1562 207 1563
f 778 648 1564
f 648 1565 1564
f 1566 1564 652
f 1564 1565 647
f 1564 647 652
f 1569 1564 1566
f 1564 1569 1568
f 654 1568 1569
f 1568 654 1572
f 778 1564 1568
f 1567 778 1568
f 1572 1567 1568
f 1569 1566 1570
f 1569 1570 654
f 1566 1562 1570
f 208 1570 1562
f 654 1570 1571
f 1570 208 1571
f 1571 208 1659
f 1573 1571 1659
f 655 1567 1572
f 1573 1572 1571
f 1572 654 1571
f 655 1572 1573
f 655 1573 656
f 780 655 656
f 1574 633 602
f 1574 602 209
f 209 188 210
f 188 608 657
f 657 210 188
f 714 1574 1575
f 1575 1574 209
f 210 1575 209
f 52 1575 210
f 1697 1575 13
f 13 1575 52
f 1583 608 1514
f 1514 193 1576
f 1514 1576 1577
f 1583 1514 1577
f 1583 1577 1578
f 658 1535 211
f 1580 1576 658
f 1580 658 211
f 1580 1577 1576
f 1578 1577 1580
f 1581 1578 1580
f 1584 1578 1581
f 1584 1581 12
f 13 52 1582
f 663 13 1582
f 1582 52 660
f 53 1582 660
f 663 1582 53
f 52 210 660
f 660 210 659
f 210 657 659
f 657 608 1583
f 1583 659 657
f 53 660 1579
f 1579 660 1578
f 660 659 1583
f 1578 660 1583
f 53 1579 661
f 661 1579 1584
f 1584 1579 1578
f 13 663 1585
f 1585 663 1706
f 663 53 662
f 663 662 1586
f 1706 663 1586
f 1706 1586 664
f 1706 664 1589
f 53 661 662
f 662 661 1588
f 1588 661 665
f 661 1584 665
f 1584 12 665
f 1588 665 1587
f 666 1587 672
f 1590 1589 664
f 1586 662 1588
f 1590 664 666
f 664 1586 1588
f 666 664 1588
f 666 1588 1587
f 1590 666 1591
f 666 672 1591
f 1591 667 1590
f 667 1591 212
f 667 212 1592
f 1592 212 1601
f 1535 199 1593
f 1593 199 1594
f 668 1593 1595
f 199 200 1594
f 1595 1593 1594
f 670 1594 200
f 1595 1594 670
f 1596 1595 670
f 1596 670 1597
f 1617 1596 1628
f 1596 1597 1628
f 200 626 669
f 1597 670 671
f 671 200 669
f 671 670 200
f 1628 1597 1631
f 1631 1597 1598
f 1597 671 1598
f 1631 1598 1600
f 1598 671 1599
f 1600 1598 1599
f 1601 212 1602
f 212 1591 1602
f 1591 672 1610
f 1602 1591 1610
f 1602 1610 1608
f 1603 1601 1607
f 1607 1601 1602
f 1607 1602 1608
f 54 1603 1607
f 1587 665 1604
f 213 1587 1604
f 672 1587 213
f 1604 665 12
f 673 213 1605
f 213 1604 1605
f 54 1607 1609
f 1606 54 1609
f 1609 1607 1608
f 1609 1608 214
f 1610 672 213
f 214 1608 673
f 673 1608 1610
f 673 1610 213
f 1605 214 673
f 1609 214 1611
f 1606 1609 1611
f 214 1612 1614
f 214 1605 1612
f 1614 1612 1613
f 215 1606 1615
f 1606 1611 1614
f 1615 1606 1614
f 1611 214 1614
f 215 1615 674
f 1615 1614 1619
f 1615 1619 14
f 674 1615 14
f 12 1581 675
f 675 1581 676
f 1581 1580 676
f 675 676 216
f 679 675 216
f 679 216 55
f 1580 211 1616
f 211 1535 1593
f 1616 211 1593
f 1616 1593 668
f 55 216 217
f 216 676 217
f 676 1580 217
f 1616 217 1580
f 217 1616 668
f 217 668 1618
f 1618 668 1595
f 1618 1595 1596
f 55 217 1618
f 1617 55 1618
f 1617 1618 1596
f 1620 14 1619
f 1612 1605 1621
f 1613 1612 1621
f 1613 1621 1623
f 1620 1619 1623
f 1619 1614 1613
f 1623 1619 1613
f 1620 1623 1622
f 1622 1623 1630
f 1605 1604 678
f 677 1605 678
f 678 1604 675
f 1604 12 675
f 679 678 675
f 677 678 679
f 1630 1623 1624
f 1621 1605 677
f 1624 1623 1621
f 677 1624 1621
f 1625 1624 677
f 1625 677 679
f 1625 679 55
f 1630 1624 1627
f 1624 1625 1627
f 1626 1630 1627
f 1627 1625 55
f 1617 1627 55
f 1626 1627 1628
f 1627 1617 1628
f 14 1620 1629
f 14 1629 680
f 1641 14 680
f 1620 1622 1629
f 1629 1622 218
f 680 1629 218
f 1630 1626 1632
f 1626 1628 1631
f 1632 1626 1631
f 1632 1631 1600
f 218 1622 1630
f 218 1630 1632
f 1600 218 1632
f 680 218 681
f 681 218 219
f 219 218 1600
f 733 1601 1633
f 1601 1603 1633
f 1603 54 1634
f 1634 54 682
f 683 1634 682
f 220 1633 683
f 1633 1603 1634
f 683 1633 1634
f 1635 683 684
f 1635 684 56
f 1606 215 1636
f 1637 215 674
f 1637 674 1643
f 1638 1636 1637
f 1637 1636 215
f 1638 1637 687
f 1638 687 1639
f 682 54 1606
f 682 1606 1636
f 682 1636 1638
f 684 683 682
f 685 684 682
f 685 682 1638
f 1639 685 1638
f 56 684 1640
f 684 685 1640
f 686 685 1639
f 238 1640 686
f 686 1640 685
f 238 686 15
f 674 14 1641
f 674 1641 221
f 1641 680 221
f 1644 383 222
f 1642 686 1639
f 1642 1639 224
f 1642 224 223
f 15 686 1642
f 223 15 1642
f 1639 687 224
f 1643 674 221
f 224 687 1643
f 687 1637 1643
f 224 1643 221
f 224 221 383
f 688 223 1647
f 1647 223 1644
f 1644 223 224
f 383 1644 224
f 222 1647 1644
f 1647 222 2366
f 741 15 1645
f 688 15 223
f 1645 15 688
f 1645 688 1646
f 1647 2366 1648
f 1649 1647 57
f 57 1647 1648
f 1650 1646 688
f 1649 1650 688
f 1649 688 1647
f 1651 1646 1650
f 1651 1650 1743
f 1743 1650 689
f 1650 1649 690
f 690 1649 57
f 689 1650 690
f 1652 689 690
f 1743 689 1653
f 1653 689 1652
f 1653 1652 1744
f 1744 1652 764
f 1656 1573 1655
f 1654 656 1656
f 1658 1654 1656
f 1656 656 1573
f 1658 1656 1657
f 1657 1656 1655
f 691 1658 1657
f 691 1657 1661
f 208 1562 1563
f 208 1563 225
f 1663 1659 225
f 225 1659 208
f 1663 225 1682
f 58 691 1661
f 58 1661 1665
f 1661 1657 1660
f 1661 1660 1662
f 1665 1661 1662
f 1655 1573 1659
f 1663 1655 1659
f 1662 1660 1663
f 1660 1657 1655
f 1663 1660 1655
f 1662 1663 1664
f 1664 1663 1682
f 58 1665 693
f 1665 1662 1666
f 1665 1666 692
f 693 1665 692
f 1662 1664 1667
f 1666 1662 1667
f 1664 1682 1667
f 1666 1667 1668
f 226 692 1669
f 226 1669 1670
f 1669 692 1666
f 1669 1666 1668
f 1670 1669 1668
f 1756 226 1670
f 1756 1670 1671
f 1670 1668 699
f 1671 1670 699
f 1671 699 1678
f 701 1563 694
f 694 1563 207
f 701 694 1672
f 698 1561 695
f 1561 650 695
f 695 650 723
f 698 695 1673
f 1673 695 696
f 1673 696 1711
f 1672 694 1674
f 697 1672 1676
f 1676 1672 1674
f 694 207 698
f 1674 694 698
f 1673 1674 698
f 1676 1674 1675
f 1675 1674 1673
f 1675 1673 1711
f 697 1676 227
f 1684 697 227
f 1676 1675 227
f 227 1675 1711
f 1684 227 1677
f 1678 699 1679
f 1668 1667 1680
f 1679 699 1681
f 1681 699 1668
f 1681 1668 1680
f 700 1679 1681
f 700 1681 703
f 1682 225 701
f 1682 701 1683
f 701 225 1563
f 1683 701 1672
f 1683 1672 697
f 1681 1680 702
f 703 1681 702
f 703 702 704
f 1680 1667 1682
f 702 1680 1682
f 702 1682 1683
f 704 702 1684
f 1684 702 1683
f 1684 1683 697
f 228 703 704
f 1677 704 1684
f 228 704 706
f 706 704 1677
f 1678 1679 229
f 1679 700 229
f 705 229 700
f 750 229 705
f 59 703 228
f 59 228 1685
f 1685 228 706
f 59 1685 1686
f 1768 750 705
f 700 703 59
f 705 700 59
f 705 59 230
f 1768 705 230
f 1768 230 707
f 1687 1768 707
f 1687 707 760
f 708 643 709
f 1690 1688 708
f 1688 650 708
f 710 1688 1690
f 643 1548 709
f 709 1548 1689
f 1689 1693 1694
f 709 1689 1701
f 1701 1689 1694
f 1691 710 1690
f 1690 708 709
f 1691 1690 1701
f 1690 709 1701
f 710 1691 1692
f 1701 1699 1698
f 1691 1701 1698
f 1692 1691 1698
f 1693 712 1694
f 1694 712 713
f 711 712 1543
f 713 712 711
f 714 635 633
f 714 633 1574
f 716 713 1695
f 1695 713 711
f 711 1543 635
f 714 1695 711
f 714 711 635
f 1696 716 1695
f 1695 714 1697
f 1697 714 1575
f 1696 1695 1697
f 1696 1697 13
f 717 1696 13
f 16 1692 231
f 231 1692 1698
f 231 1698 1700
f 1700 1698 1699
f 1699 1701 715
f 715 1701 1694
f 715 1694 713
f 715 713 716
f 1703 1700 1702
f 1702 1700 1699
f 1702 1699 715
f 1702 715 716
f 1703 1702 1705
f 1702 716 717
f 717 716 1696
f 717 1705 1702
f 1705 717 1585
f 1585 717 13
f 231 1700 1704
f 1704 1700 718
f 1727 16 1704
f 1704 16 231
f 1727 1704 60
f 718 1703 1705
f 718 1705 232
f 232 1705 1706
f 1706 1705 1585
f 60 1704 719
f 1704 718 232
f 1700 1703 718
f 232 719 1704
f 719 232 1589
f 1589 232 1706
f 719 1589 1590
f 667 719 1590
f 1730 60 667
f 667 60 719
f 1592 1730 667
f 707 230 1707
f 61 707 1707
f 1708 59 1686
f 1685 706 1686
f 1686 706 720
f 1708 1686 720
f 1708 720 1709
f 1709 720 725
f 1707 230 1708
f 1708 230 59
f 1707 1708 721
f 721 1708 1709
f 721 1709 725
f 61 1707 722
f 721 725 1714
f 722 1707 721
f 722 721 1714
f 1677 227 1710
f 1716 1677 1710
f 227 1711 1710
f 1710 1711 1712
f 1716 1710 1719
f 1719 1710 1712
f 1719 1712 1720
f 696 695 723
f 696 723 233
f 1688 723 650
f 233 723 710
f 710 723 1688
f 233 1711 696
f 1713 1712 1711
f 233 1713 1711
f 1713 233 724
f 724 233 710
f 1720 1712 1723
f 1712 1713 234
f 1723 1712 234
f 724 710 1692
f 234 1713 724
f 234 724 1692
f 728 234 1692
f 728 1692 16
f 722 1714 729
f 729 1714 1725
f 1714 725 235
f 1725 1714 235
f 1725 235 1715
f 1715 235 62
f 725 720 726
f 725 726 236
f 720 706 1677
f 726 720 1677
f 726 1677 1716
f 1717 236 726
f 1717 726 1716
f 1717 1716 1719
f 235 725 236
f 1721 62 727
f 727 62 235
f 727 235 236
f 1721 727 1718
f 727 236 1717
f 727 1717 1719
f 1719 1718 727
f 1718 1719 1720
f 1726 62 1721
f 1726 1721 731
f 731 1721 1724
f 1721 1718 1722
f 1722 1718 1723
f 1723 1718 1720
f 728 1724 1722
f 1724 1721 1722
f 728 1722 1723
f 728 1723 234
f 730 1725 1715
f 63 729 730
f 729 1725 730
f 1724 728 1727
f 1727 728 16
f 731 1724 1727
f 1728 731 1727
f 1728 1727 60
f 63 730 732
f 730 1715 732
f 732 1715 1726
f 1726 1715 62
f 1726 1731 732
f 1731 1726 1728
f 1726 731 1728
f 63 732 1735
f 1735 732 1729
f 1729 732 1731
f 1731 1728 1730
f 1730 1728 60
f 1729 1731 733
f 733 1731 1730
f 733 1730 1592
f 733 1592 1601
f 707 61 734
f 734 760 707
f 760 734 736
f 61 722 735
f 734 61 735
f 735 722 739
f 1732 734 735
f 1732 735 1733
f 237 736 1732
f 1732 736 734
f 1733 237 1732
f 237 1733 1734
f 762 237 1734
f 722 729 739
f 729 63 737
f 739 729 737
f 737 63 1736
f 739 737 738
f 739 738 64
f 1729 733 220
f 220 733 1633
f 1735 1729 220
f 1735 220 683
f 1635 1735 683
f 738 737 1736
f 1735 1736 63
f 56 738 1736
f 1635 1736 1735
f 56 1736 1635
f 64 738 238
f 738 56 238
f 238 56 1640
f 741 238 15
f 1734 1733 1738
f 1737 1734 1738
f 1733 735 1739
f 1733 1739 64
f 739 1739 735
f 1739 739 64
f 1737 1738 740
f 740 1738 1740
f 1740 1738 64
f 64 1738 1733
f 1740 64 238
f 740 1740 741
f 741 1740 238
f 762 1734 239
f 1734 1737 239
f 1737 740 742
f 239 1737 742
f 763 239 1741
f 1741 239 1742
f 240 742 740
f 240 740 741
f 240 741 1645
f 240 1645 1646
f 1782 1741 1742
f 1742 239 742
f 1742 742 240
f 1651 1742 240
f 1651 240 1646
f 1782 1742 241
f 1742 1651 1743
f 241 1742 1743
f 241 1743 1744
f 1744 1743 1653
f 780 656 1745
f 1745 656 1654
f 1746 1745 1654
f 1654 1658 1751
f 1658 691 1748
f 1751 1658 1748
f 691 58 1747
f 1748 691 1747
f 1751 1748 1750
f 1748 1747 1749
f 1750 1748 1749
f 1750 1749 744
f 1746 1654 1751
f 1746 1751 1752
f 1752 1751 1750
f 1752 1750 744
f 1752 744 1753
f 1753 1746 1752
f 1746 1753 792
f 58 693 1762
f 692 226 1754
f 693 692 1754
f 693 1754 743
f 1762 693 1755
f 1755 693 743
f 1755 743 243
f 1671 1678 751
f 1757 1756 751
f 751 1756 1671
f 1757 751 242
f 243 743 1758
f 1754 226 1756
f 743 1754 1756
f 743 1756 1757
f 1758 743 1757
f 243 1758 1759
f 1758 1757 1760
f 1760 1757 242
f 1759 1758 1760
f 1759 1760 1763
f 792 1753 1761
f 1761 1753 744
f 1761 744 244
f 244 744 746
f 1762 1747 58
f 745 1749 1762
f 1749 1747 1762
f 745 1762 243
f 243 1762 1755
f 745 744 1749
f 746 744 745
f 746 745 243
f 244 746 747
f 746 243 1759
f 747 746 1759
f 747 1759 1763
f 792 1761 1835
f 1761 244 748
f 1835 1761 748
f 244 747 1764
f 1764 747 245
f 748 244 1764
f 748 1764 245
f 1837 748 749
f 748 245 749
f 1837 749 248
f 1678 229 750
f 1678 750 1774
f 750 1768 1766
f 1765 750 1766
f 1765 1774 750
f 1774 1765 752
f 752 1765 1766
f 752 1766 1767
f 1687 246 65
f 1767 1766 1769
f 1767 1769 65
f 1769 1766 1768
f 1687 1769 1768
f 1769 1687 65
f 1767 65 755
f 755 65 1804
f 1804 65 246
f 248 749 247
f 749 245 247
f 245 747 1770
f 1770 747 1763
f 1771 1770 1763
f 247 245 1770
f 1772 247 1770
f 1772 1770 1771
f 1772 1771 1780
f 1780 1771 753
f 1763 1760 1773
f 1773 1760 242
f 1773 242 1775
f 751 1678 1774
f 1775 242 752
f 242 751 1774
f 752 242 1774
f 1776 1780 753
f 1776 753 754
f 1771 1763 1773
f 1775 1771 1773
f 753 1771 1775
f 754 753 1775
f 754 1775 752
f 754 752 1767
f 755 754 1767
f 755 1776 754
f 757 1776 755
f 248 247 756
f 247 1772 756
f 756 1772 1780
f 756 1780 1781
f 248 756 1777
f 1780 1776 1778
f 1778 1776 757
f 757 755 1803
f 1778 757 758
f 758 757 772
f 1841 1777 1779
f 1777 756 1779
f 1781 1780 1778
f 1779 756 1781
f 758 1779 1781
f 1781 1778 758
f 1779 758 771
f 1687 760 759
f 736 237 760
f 1789 237 762
f 760 237 1789
f 759 760 761
f 1806 759 1788
f 759 761 1788
f 762 239 763
f 763 1741 1782
f 762 763 1786
f 250 1782 1784
f 241 1744 1783
f 1744 764 249
f 1783 1744 249
f 1782 241 1783
f 1784 1782 1783
f 250 1784 1785
f 1785 1784 2256
f 1783 249 2256
f 1784 1783 2256
f 1786 763 250
f 763 1782 250
f 765 1786 250
f 765 250 1785
f 765 1785 2256
f 1790 1786 1787
f 1787 1786 765
f 766 1790 1787
f 1788 761 760
f 1797 760 1789
f 1790 762 1786
f 1790 1789 762
f 1791 1789 251
f 251 1789 1790
f 251 1790 766
f 1788 760 1806
f 760 1797 252
f 1806 760 767
f 767 760 252
f 774 1806 767
f 774 767 67
f 251 766 1792
f 1791 251 1792
f 768 1791 1792
f 768 1792 66
f 1793 67 767
f 767 252 1794
f 1793 767 1795
f 1795 767 1794
f 1795 1794 1796
f 1797 1789 1791
f 768 1797 1791
f 1796 1794 768
f 1794 252 1797
f 1794 1797 768
f 1796 768 1800
f 1800 768 66
f 67 1793 769
f 1795 1796 1798
f 1793 1795 1798
f 769 1793 1799
f 1798 1796 1800
f 1800 66 1117
f 1800 1117 1801
f 1798 1800 1801
f 1799 1793 770
f 770 1793 1798
f 1801 770 1798
f 1799 770 2
f 770 1801 1802
f 2 770 1114
f 74 1779 771
f 771 758 772
f 757 1803 772
f 772 1803 253
f 773 771 772
f 253 773 772
f 773 253 1813
f 253 1804 1805
f 1805 1804 246
f 246 1687 1806
f 1806 1687 759
f 1807 1805 246
f 1807 246 1806
f 1803 755 1804
f 253 1803 1804
f 253 1805 1807
f 1813 253 1808
f 253 1807 1809
f 1809 1807 774
f 774 1807 1806
f 1809 1808 253
f 769 1809 774
f 769 774 67
f 1814 1808 1810
f 1808 1809 1811
f 1809 769 1811
f 1811 769 1799
f 1810 1808 1811
f 1810 1811 2
f 2 1811 1799
f 773 1813 1812
f 1813 1808 1814
f 1813 1814 1812
f 773 1812 254
f 1810 2 1111
f 1814 1810 1111
f 1110 1814 1111
f 775 1814 1110
f 775 1812 1814
f 1812 775 1109
f 254 1812 1109
f 254 1109 1106
f 1846 771 254
f 254 771 773
f 120 1846 254
f 120 254 2233
f 11 202 1826
f 68 11 1815
f 1815 11 1826
f 1816 50 68
f 68 50 11
f 776 1816 68
f 776 68 1815
f 1332 1816 776
f 776 1815 777
f 1332 776 1331
f 783 1331 776
f 1826 202 1817
f 1817 202 646
f 69 1559 778
f 1559 69 1818
f 1819 1559 1818
f 1817 646 1559
f 1819 1817 1559
f 1567 655 779
f 1820 1567 779
f 778 1567 1820
f 1821 655 780
f 1821 780 1833
f 1821 1833 1881
f 69 1820 781
f 779 655 1821
f 781 1820 779
f 781 779 1821
f 781 1821 1881
f 255 69 1879
f 69 781 782
f 781 1881 782
f 69 782 1822
f 1819 1818 255
f 255 1823 1819
f 1823 255 1824
f 69 778 1820
f 1818 69 255
f 1823 1824 70
f 255 1879 1824
f 1824 1879 818
f 1824 818 256
f 256 70 1824
f 70 256 1876
f 257 70 1876
f 783 776 1825
f 777 1825 776
f 1825 777 258
f 258 777 784
f 1815 1826 1827
f 1827 1826 1817
f 1827 1817 1819
f 1823 1827 1819
f 258 784 70
f 784 777 1827
f 1827 777 1815
f 70 784 1823
f 1823 784 1827
f 1829 258 1828
f 258 70 1828
f 257 1828 70
f 785 1828 257
f 783 1825 258
f 783 258 71
f 423 783 71
f 71 258 788
f 424 71 1830
f 1829 1828 786
f 788 1829 786
f 1859 1828 785
f 1859 786 1828
f 787 786 1859
f 1831 786 787
f 1830 71 788
f 788 258 1829
f 1831 1830 788
f 72 1830 789
f 789 1830 1831
f 1831 788 786
f 789 1831 787
f 424 1830 72
f 427 72 1832
f 790 789 805
f 789 1832 72
f 1832 789 790
f 429 1832 791
f 1856 1832 790
f 791 1832 1856
f 780 1745 1833
f 1745 1746 1834
f 1833 1745 1834
f 1834 1746 792
f 1834 792 259
f 815 1834 259
f 792 1835 1836
f 1835 748 1837
f 1836 1835 1837
f 1837 248 1838
f 1836 1837 1838
f 794 1836 1838
f 1836 259 792
f 794 259 1836
f 73 259 1839
f 1839 259 794
f 1840 1839 1844
f 248 1777 1841
f 793 248 1841
f 793 1841 1842
f 1838 793 1842
f 1841 1779 74
f 1843 1842 1841
f 795 794 1838
f 1838 248 793
f 1843 1838 1842
f 799 1838 1843
f 1839 794 1844
f 1844 794 795
f 1838 799 795
f 822 795 1845
f 1845 795 75
f 74 771 1846
f 74 1846 260
f 796 1846 120
f 796 120 1330
f 796 1330 1847
f 797 74 260
f 260 1846 796
f 796 1847 260
f 74 797 801
f 1848 797 1847
f 797 260 1847
f 802 1845 75
f 261 802 75
f 75 795 799
f 75 799 798
f 798 799 800
f 261 75 798
f 261 798 1849
f 798 1851 1849
f 799 1843 1841
f 799 1841 800
f 800 1841 74
f 1851 798 800
f 801 1851 800
f 801 800 74
f 1851 801 1848
f 76 1851 1848
f 1848 801 797
f 1848 1847 417
f 76 1848 417
f 803 261 1849
f 836 261 803
f 803 1850 804
f 1849 1851 1853
f 1853 1851 76
f 1853 76 1852
f 1853 1852 2500
f 1854 1853 2500
f 262 804 1850
f 803 1849 1850
f 1850 1849 1853
f 262 1850 1853
f 1854 262 1853
f 1324 1854 2500
f 1855 263 1854
f 263 262 1854
f 1855 1854 1324
f 841 263 1855
f 478 791 1856
f 478 1856 270
f 1856 1857 1858
f 270 1856 1858
f 1857 790 805
f 805 789 787
f 806 805 1864
f 1857 805 806
f 1856 790 1857
f 1858 1857 806
f 1903 1858 17
f 1858 806 1862
f 806 809 1862
f 17 1858 1862
f 1861 1864 787
f 1888 785 1860
f 1861 1859 1888
f 1888 1859 785
f 1861 787 1859
f 807 1861 1888
f 808 1861 807
f 807 1888 1887
f 807 1887 826
f 827 807 826
f 808 807 827
f 808 827 1867
f 17 1862 1863
f 1862 809 1865
f 1865 1863 1862
f 1863 1865 77
f 809 806 1864
f 805 787 1864
f 77 1865 1866
f 1865 809 1866
f 1866 809 1864
f 1866 1864 1861
f 1866 1861 808
f 1867 1866 808
f 17 1863 1868
f 264 1863 77
f 264 1868 1863
f 77 1866 1869
f 1866 1867 1869
f 1869 1867 1870
f 77 1869 1871
f 1871 1869 810
f 78 264 1872
f 1872 264 77
f 1872 77 1871
f 811 1872 1871
f 78 1872 1873
f 1910 78 1873
f 811 1871 812
f 1873 1872 811
f 1873 811 1885
f 1873 1885 1909
f 785 257 1874
f 257 1876 1874
f 1889 1874 1891
f 1874 1875 1891
f 1876 256 1877
f 1877 256 818
f 1875 1874 1876
f 1875 1876 816
f 816 1876 1877
f 816 1877 817
f 1891 1875 816
f 1878 1891 816
f 1878 816 265
f 1878 265 1893
f 1879 69 814
f 1879 814 819
f 1822 782 813
f 1822 813 1880
f 814 69 1822
f 1880 814 1822
f 814 1880 79
f 819 814 79
f 1882 1881 1833
f 1882 1833 815
f 815 1833 1834
f 73 815 259
f 813 782 1881
f 813 1881 1882
f 813 1882 815
f 1880 813 73
f 73 813 815
f 1880 73 1840
f 1840 73 1839
f 79 1880 1840
f 79 1840 1844
f 265 816 817
f 265 817 1884
f 1877 818 819
f 818 1879 819
f 1883 817 1877
f 1883 1877 819
f 1883 819 79
f 1844 1883 79
f 1893 265 820
f 817 1883 1884
f 820 265 1884
f 822 1883 1844
f 822 1844 795
f 821 820 822
f 820 1884 822
f 1884 1883 822
f 1845 821 822
f 802 821 1845
f 830 1885 266
f 1885 811 812
f 1885 812 266
f 830 266 823
f 810 1869 1870
f 267 810 1870
f 1894 267 1870
f 266 812 267
f 812 1871 810
f 267 812 810
f 267 823 266
f 823 267 825
f 267 1894 824
f 825 267 824
f 825 824 1886
f 834 825 1886
f 1890 826 1887
f 1887 1888 1889
f 1860 785 1874
f 1889 1888 1860
f 1860 1874 1889
f 268 1890 1892
f 1890 1887 1889
f 1889 1892 1890
f 1891 1892 1889
f 1892 1891 1878
f 268 1892 1893
f 1893 1892 1878
f 1886 824 80
f 1894 1870 828
f 1870 1867 827
f 828 1870 827
f 828 827 826
f 1890 1894 828
f 1890 828 826
f 80 824 1894
f 268 80 1894
f 268 1894 1890
f 1895 80 268
f 1893 1895 268
f 834 1886 829
f 1886 80 1896
f 829 1886 1896
f 829 1896 81
f 80 1895 1896
f 820 1895 1893
f 1895 820 1897
f 81 1896 1897
f 1897 1896 1895
f 821 1897 820
f 81 1897 821
f 81 821 802
f 1909 1885 1898
f 1885 830 1898
f 1920 1898 832
f 832 1898 830
f 823 825 838
f 838 834 831
f 838 825 834
f 838 830 823
f 838 832 830
f 837 832 838
f 848 832 833
f 833 832 837
f 834 829 269
f 834 269 831
f 829 81 269
f 269 836 835
f 81 802 261
f 836 81 261
f 836 269 81
f 835 836 1899
f 836 803 804
f 1899 836 804
f 833 837 1900
f 1900 837 839
f 835 838 831
f 835 831 269
f 1899 1900 839
f 1899 839 835
f 837 838 835
f 835 839 837
f 840 833 1900
f 1900 1899 842
f 1923 1900 842
f 1923 842 841
f 1899 804 262
f 1899 262 263
f 842 1899 263
f 841 842 263
f 270 1901 478
f 270 1858 1903
f 1903 17 1902
f 1904 1903 1902
f 843 1903 1904
f 1901 270 271
f 271 270 1903
f 1905 271 843
f 843 271 1903
f 1901 271 1905
f 1347 1901 1905
f 1905 843 272
f 1347 1905 1348
f 1348 1905 1912
f 17 1868 1902
f 1902 1868 1907
f 264 78 1906
f 1906 1868 264
f 1907 1868 1906
f 82 1907 1906
f 1908 78 1910
f 1910 1873 1909
f 844 1908 1910
f 1908 844 845
f 845 844 857
f 1906 78 1908
f 82 1906 845
f 1906 1908 845
f 1911 845 857
f 82 845 1911
f 1917 82 1918
f 1918 82 1911
f 1918 1911 855
f 1912 1905 1913
f 450 1912 1913
f 1913 1905 272
f 843 1904 1914
f 272 843 1914
f 1914 1904 1902
f 1907 1914 1902
f 272 1914 1915
f 1915 1914 1907
f 1915 1907 82
f 1916 1913 272
f 1915 1916 272
f 1916 1915 82
f 1913 1916 847
f 847 1916 1917
f 1917 1916 82
f 847 1917 1918
f 846 450 1913
f 1350 450 846
f 847 1918 275
f 1919 846 847
f 847 275 1919
f 1350 846 126
f 846 1913 847
f 126 846 1919
f 126 1919 1928
f 126 1928 1353
f 451 126 1353
f 1909 1898 1933
f 1933 1898 1920
f 1933 1920 1922
f 848 833 849
f 1922 1920 1921
f 1920 832 848
f 1921 1920 848
f 1921 848 849
f 1922 1921 273
f 1922 273 1936
f 1921 849 273
f 273 849 850
f 273 850 274
f 859 273 274
f 840 1900 1923
f 840 1923 83
f 1923 841 1855
f 1923 1855 1924
f 1924 83 1923
f 862 859 274
f 850 849 1925
f 274 850 1925
f 851 274 1925
f 274 851 1926
f 849 833 840
f 1925 849 840
f 851 840 83
f 851 1925 840
f 852 851 83
f 862 274 1926
f 1926 851 1927
f 1927 862 1926
f 851 852 1266
f 1266 1927 851
f 853 1927 3
f 3 1927 1266
f 1353 1928 1942
f 1942 1928 863
f 1928 1919 1929
f 1929 1919 275
f 1929 275 1930
f 275 1918 855
f 1930 275 860
f 1930 860 84
f 1931 1928 854
f 1930 1928 1929
f 1930 854 1928
f 854 1930 84
f 863 1928 1931
f 854 84 1938
f 854 1938 1931
f 1931 1938 1941
f 1932 1911 857
f 855 1911 1932
f 856 855 1932
f 857 844 858
f 844 1910 1933
f 1933 1910 1909
f 858 844 1933
f 858 1933 1922
f 1934 856 1935
f 856 1932 1935
f 1935 1932 857
f 858 1935 857
f 1934 1935 1936
f 1935 858 1936
f 858 1922 1936
f 859 1934 1936
f 1936 273 859
f 85 1941 1937
f 275 855 860
f 856 860 855
f 1939 860 856
f 1941 1938 1937
f 1937 1938 1939
f 1938 84 860
f 1939 1938 860
f 85 1937 861
f 1937 1939 861
f 861 1939 1934
f 1939 856 1934
f 862 861 859
f 861 1934 859
f 1940 1941 86
f 1941 85 86
f 853 85 861
f 853 861 862
f 853 862 1927
f 3 86 853
f 86 85 853
f 457 1942 863
f 1355 863 1943
f 863 1931 864
f 1931 1941 864
f 1943 863 864
f 1941 1940 864
f 864 1940 865
f 865 1940 86
f 86 3 865
f 865 3 2449
f 1943 866 1356
f 866 864 865
f 866 1943 864
f 867 866 865
f 868 1356 866
f 868 866 867
f 2446 868 867
f 869 87 946
f 1945 869 879
f 879 869 1944
f 869 97 1944
f 391 87 1945
f 1945 87 869
f 1945 879 1953
f 391 1945 1953
f 391 1950 1216
f 97 870 871
f 278 872 1946
f 871 870 872
f 871 872 278
f 18 871 278
f 873 1946 276
f 874 1946 873
f 276 1947 1987
f 1987 1947 283
f 873 276 1987
f 874 873 279
f 873 1987 875
f 279 873 875
f 277 18 278
f 874 278 1946
f 279 277 874
f 874 277 278
f 18 277 281
f 281 277 1949
f 1955 281 1949
f 279 875 1948
f 277 279 1948
f 277 1948 1949
f 1949 1948 876
f 1951 1950 391
f 282 1950 1951
f 1951 391 1953
f 877 282 1951
f 878 877 1951
f 879 1944 880
f 1944 97 871
f 880 1944 871
f 880 871 18
f 881 880 18
f 885 878 1952
f 1953 879 880
f 1954 1952 280
f 1952 878 280
f 280 878 1953
f 878 1951 1953
f 880 280 1953
f 1954 280 281
f 281 280 881
f 881 280 880
f 281 881 18
f 885 1952 883
f 1952 1954 883
f 1955 1954 281
f 883 1954 1955
f 1216 1950 282
f 882 1216 282
f 882 282 877
f 882 877 884
f 1955 1956 1957
f 1958 885 1957
f 883 1955 1957
f 1957 885 883
f 1958 1957 1980
f 1958 1980 19
f 1959 882 884
f 877 878 885
f 885 884 877
f 886 884 1958
f 1958 884 885
f 1959 884 886
f 1959 886 888
f 886 1958 1960
f 887 1958 19
f 1960 1958 887
f 1960 888 886
f 888 1960 1978
f 888 1978 1961
f 889 888 1961
f 1947 1036 283
f 88 283 1036
f 88 1036 890
f 891 890 1036
f 891 896 890
f 2133 1037 284
f 284 341 893
f 284 893 1962
f 1041 1053 894
f 894 1963 1041
f 1964 1963 894
f 1962 893 895
f 893 341 1963
f 895 893 1963
f 895 1963 1964
f 1962 895 1966
f 895 1964 902
f 1966 895 902
f 892 890 896
f 891 2133 1965
f 1965 2133 284
f 1966 896 1965
f 1965 896 891
f 1965 284 1962
f 1966 1965 1962
f 1966 902 901
f 892 896 1968
f 1968 896 1966
f 1967 892 1968
f 1966 901 1968
f 1968 901 897
f 897 1989 1968
f 1989 897 1995
f 1053 346 1970
f 904 1053 1970
f 899 1970 346
f 905 1970 899
f 898 346 348
f 898 39 162
f 905 899 285
f 899 346 898
f 285 899 898
f 1403 285 898
f 905 285 1398
f 1398 285 286
f 286 285 1403
f 1995 897 900
f 900 897 1969
f 1969 906 89
f 1969 897 901
f 89 900 1969
f 900 89 1972
f 906 1964 903
f 906 902 1964
f 1964 894 904
f 1964 904 903
f 904 894 1053
f 1971 906 903
f 1971 903 1970
f 1970 903 904
f 1971 1970 905
f 287 900 1972
f 1969 901 906
f 906 901 902
f 1972 89 906
f 1971 1972 906
f 1972 1971 905
f 1398 287 1972
f 1398 1972 905
f 1995 900 907
f 1973 907 900
f 1973 900 1974
f 926 907 1973
f 1997 1973 1975
f 1976 287 1398
f 1976 1398 145
f 1973 1974 1975
f 1975 1974 908
f 1974 900 287
f 1974 287 1976
f 1976 908 1974
f 908 1976 145
f 503 1975 908
f 1977 1975 503
f 908 145 1395
f 503 908 1395
f 1977 503 1367
f 909 1961 1978
f 1978 1960 887
f 911 1978 887
f 887 19 1981
f 911 887 1981
f 909 1978 911
f 909 911 928
f 928 911 288
f 1979 19 1980
f 1980 1957 1956
f 1956 1955 916
f 1980 1956 910
f 913 1979 1980
f 913 1980 910
f 1990 913 910
f 288 911 912
f 1981 19 1979
f 912 1982 288
f 912 911 1981
f 913 912 1981
f 913 1981 1979
f 1982 912 913
f 2003 928 288
f 288 1982 914
f 2003 288 914
f 2003 914 289
f 1982 913 1983
f 1982 1983 914
f 1983 913 1991
f 289 914 915
f 914 1983 915
f 290 289 915
f 290 915 1984
f 1955 1949 916
f 916 1949 876
f 916 1986 922
f 1985 1948 875
f 1985 876 1948
f 1985 1986 916
f 1985 916 876
f 1986 1985 291
f 1986 291 918
f 1986 918 1993
f 292 875 1987
f 919 875 292
f 919 292 917
f 292 1987 88
f 88 1987 283
f 292 88 890
f 917 292 890
f 917 890 892
f 1988 918 291
f 291 1985 919
f 919 1985 875
f 1988 291 919
f 917 1988 919
f 293 1988 917
f 892 293 917
f 918 1988 920
f 920 1988 293
f 1993 918 920
f 293 892 1967
f 1989 920 293
f 1989 293 1967
f 1989 1967 1968
f 298 1989 1995
f 915 1983 294
f 1984 915 294
f 294 1983 1991
f 921 1984 294
f 921 294 295
f 296 921 295
f 1991 913 1990
f 1991 1990 297
f 910 1956 916
f 297 1990 90
f 90 1990 922
f 1990 910 922
f 922 910 916
f 90 922 1986
f 1993 90 1986
f 923 296 295
f 923 295 1992
f 1992 294 297
f 297 294 1991
f 295 294 1992
f 923 1992 1993
f 1992 297 1993
f 1993 297 90
f 296 923 91
f 91 923 1994
f 920 923 1993
f 1989 1994 923
f 1989 923 920
f 91 1994 298
f 1994 1989 298
f 939 1984 925
f 925 1984 921
f 921 296 924
f 925 921 924
f 1998 925 924
f 303 925 1998
f 296 91 924
f 924 91 1996
f 91 298 1995
f 1996 91 1995
f 907 1996 1995
f 1996 926 1997
f 926 1996 907
f 1997 926 1973
f 303 1998 927
f 1998 924 1996
f 1999 92 927
f 927 1998 1999
f 1999 1998 1996
f 92 1997 1975
f 1999 1996 1997
f 92 1999 1997
f 303 927 2000
f 927 92 2000
f 1977 92 1975
f 2011 2000 1977
f 1977 2000 92
f 2011 1977 1367
f 889 1961 1231
f 1231 1961 2001
f 1961 909 2001
f 2001 909 928
f 2001 928 299
f 1232 2001 2002
f 299 2002 2001
f 1232 2002 300
f 2002 299 931
f 300 2002 931
f 933 928 2003
f 2003 289 929
f 933 2003 929
f 289 290 2004
f 2004 290 930
f 933 929 934
f 934 929 301
f 2004 929 289
f 929 2004 301
f 934 301 2008
f 2005 931 302
f 299 928 933
f 2005 302 932
f 302 931 299
f 302 299 933
f 933 932 302
f 2005 932 2006
f 932 933 934
f 2006 932 934
f 2008 2006 934
f 2007 931 2005
f 935 2007 2005
f 935 2005 2006
f 2009 2008 936
f 2006 2008 2009
f 937 935 2006
f 938 937 2006
f 938 2006 2009
f 937 938 2443
f 939 925 303
f 93 939 303
f 303 2000 2010
f 2010 2000 2011
f 1364 2011 1367
f 2010 2011 1364
f 304 93 941
f 941 93 305
f 940 941 305
f 2010 305 303
f 305 93 303
f 2010 940 305
f 940 2010 1364
f 942 940 1364
f 941 940 942
f 2443 938 2012
f 938 2009 2012
f 2443 2012 943
f 2012 2009 936
f 943 2012 936
f 2015 943 94
f 936 2008 301
f 936 301 2013
f 301 2004 930
f 2013 301 930
f 290 1984 939
f 939 930 290
f 306 2013 2014
f 930 2014 2013
f 2014 930 939
f 93 2014 939
f 306 2014 304
f 304 2014 93
f 94 943 306
f 943 936 306
f 306 936 2013
f 94 306 304
f 2015 94 1361
f 94 304 941
f 1361 94 941
f 1361 941 942
f 2443 943 944
f 1244 944 307
f 944 943 2015
f 307 944 2015
f 95 2015 1361
f 461 95 1361
f 307 2015 95
f 945 307 95
f 2016 945 95
f 20 307 945
f 2016 95 461
f 2016 461 458
f 458 945 2016
f 1246 945 458
f 87 308 946
f 946 308 309
f 2161 947 96
f 309 2161 96
f 309 96 948
f 308 2161 309
f 946 2017 97
f 869 946 97
f 946 309 2017
f 309 948 2017
f 2017 948 2031
f 4 98 2018
f 2185 1077 2024
f 98 2185 2024
f 949 98 2024
f 949 2018 98
f 2030 2018 2019
f 2018 949 2019
f 2019 949 953
f 1077 950 2024
f 2021 2024 950
f 951 99 2020
f 2020 99 2038
f 951 2020 100
f 2021 951 2022
f 951 950 99
f 2021 950 951
f 2022 951 100
f 952 2021 2022
f 952 2022 2023
f 2022 310 2023
f 2027 953 949
f 2025 949 2024
f 2025 2024 2021
f 952 2027 2025
f 2025 2027 949
f 952 2025 2021
f 2026 2027 952
f 2026 952 2023
f 953 2027 2028
f 953 2028 2033
f 2026 2023 999
f 1001 2026 999
f 2033 2028 954
f 2028 2027 2026
f 2028 2026 1001
f 954 2028 1001
f 954 1001 955
f 954 955 2097
f 2034 954 2097
f 870 97 2029
f 97 2017 2029
f 2029 2017 2031
f 958 948 2030
f 96 947 4
f 2030 96 4
f 2030 4 2018
f 2030 948 96
f 958 2030 2019
f 956 2029 957
f 2029 2031 2032
f 948 2032 2031
f 958 2032 948
f 2032 957 2029
f 957 2032 958
f 957 958 2033
f 2033 958 2019
f 2033 2019 953
f 959 956 957
f 959 957 2033
f 2034 959 2033
f 960 959 2034
f 2033 954 2034
f 870 2029 311
f 2029 956 311
f 870 311 963
f 872 870 963
f 1946 872 963
f 311 956 959
f 959 961 962
f 2034 2097 2035
f 2035 960 2034
f 960 2035 327
f 961 959 960
f 961 960 327
f 992 962 961
f 962 992 2037
f 2037 992 2090
f 1946 963 101
f 101 963 2036
f 2036 963 311
f 2036 311 959
f 2036 959 962
f 2037 2036 962
f 276 1946 101
f 101 2036 964
f 2036 2037 964
f 964 2037 2090
f 276 101 964
f 276 964 1947
f 312 2040 965
f 965 2040 2041
f 1167 2340 313
f 966 1167 313
f 966 313 967
f 2042 965 2041
f 2040 2039 2041
f 2041 2039 966
f 2041 966 967
f 2042 2041 314
f 2042 314 2102
f 314 2041 968
f 2041 967 968
f 314 968 315
f 2102 314 315
f 2340 2355 2048
f 2048 2355 969
f 969 102 2043
f 2048 969 2043
f 2048 2043 970
f 102 2044 2045
f 2044 2376 2045
f 2046 970 2043
f 2043 102 2045
f 2046 2043 2047
f 2047 2043 2045
f 970 2046 974
f 974 2046 316
f 2046 2047 316
f 316 2047 971
f 974 316 972
f 2107 315 2053
f 2053 315 973
f 973 315 968
f 968 967 2051
f 2051 967 313
f 2051 313 2049
f 313 2340 2048
f 2049 313 2048
f 2049 2048 970
f 2050 2053 973
f 973 968 2051
f 2050 973 2051
f 2050 2051 2049
f 2050 2049 970
f 2053 2050 2052
f 2050 970 974
f 2052 2050 974
f 2052 974 317
f 317 974 972
f 2107 2053 977
f 975 2053 2052
f 975 2052 976
f 2052 317 976
f 978 977 975
f 975 977 2053
f 318 977 978
f 978 975 976
f 318 978 979
f 2054 980 982
f 981 2054 982
f 980 390 982
f 2057 982 390
f 981 982 2055
f 2069 981 2055
f 2055 982 2056
f 2055 2056 322
f 2059 2058 1212
f 983 322 2056
f 319 2056 982
f 319 983 2056
f 982 2057 2058
f 319 982 2058
f 624 983 319
f 2059 319 2058
f 624 319 2059
f 985 983 2060
f 2060 983 320
f 320 983 624
f 320 624 1539
f 2060 320 1539
f 2060 1539 621
f 979 978 2062
f 2061 979 2062
f 978 976 2062
f 2062 976 2063
f 2061 2062 103
f 103 2062 2063
f 976 317 984
f 2063 976 984
f 317 972 2066
f 984 317 2066
f 321 103 2063
f 321 2063 984
f 103 321 2064
f 321 984 2065
f 2065 984 2070
f 2065 2064 321
f 2075 2064 2065
f 2075 2065 21
f 2066 972 316
f 2066 316 971
f 2066 971 2067
f 2047 2045 2068
f 2045 2376 2054
f 2054 2068 2045
f 2068 2054 981
f 2067 971 2068
f 971 2047 2068
f 2069 2067 2068
f 2069 2068 981
f 2071 2067 2069
f 2071 2069 322
f 322 2069 2055
f 21 2065 2072
f 2065 2070 2072
f 2070 984 2066
f 2070 2066 2071
f 2071 2066 2067
f 2071 2072 2070
f 2072 2071 985
f 985 2071 322
f 21 2072 2073
f 2073 2072 985
f 985 322 983
f 2074 2073 985
f 2074 985 2060
f 621 2080 2074
f 621 2074 2060
f 979 2061 2124
f 323 2124 2061
f 323 2061 987
f 103 2064 986
f 324 986 2075
f 986 2064 2075
f 324 2075 990
f 2076 324 990
f 2061 103 986
f 2076 987 986
f 987 2061 986
f 2076 986 324
f 2077 2076 989
f 2077 987 2076
f 21 2073 2075
f 2075 2073 2079
f 2073 2074 2078
f 2079 2073 2078
f 2079 2078 988
f 990 2079 988
f 2078 2074 2080
f 2080 621 1526
f 2082 988 325
f 325 988 2078
f 2080 325 2078
f 2082 325 1527
f 2082 1527 104
f 990 2075 2079
f 2081 990 2082
f 2082 990 988
f 989 2076 2081
f 2081 2076 990
f 104 989 2081
f 2082 104 2081
f 2077 989 1030
f 1030 989 2083
f 989 104 2083
f 1030 2083 326
f 326 2083 2084
f 1034 326 2084
f 2083 104 1523
f 2084 2083 195
f 1947 964 2085
f 2085 964 2090
f 991 2085 2090
f 2130 1947 2085
f 991 2130 2085
f 2130 991 2093
f 2090 992 2087
f 992 961 327
f 992 327 2087
f 327 2035 993
f 2035 2086 105
f 105 993 2035
f 994 2087 993
f 327 993 2087
f 2088 993 105
f 994 993 2088
f 994 2088 995
f 994 995 2089
f 996 2093 2091
f 991 2090 2091
f 2091 2090 2087
f 2093 991 2091
f 2092 996 2091
f 997 996 2092
f 2091 2087 994
f 994 2092 2091
f 2092 994 2089
f 2093 996 2094
f 328 2093 2094
f 996 997 2094
f 328 2094 2095
f 2095 2094 997
f 2109 2092 2089
f 997 2092 2109
f 997 2109 2096
f 997 998 2095
f 998 997 2096
f 955 2098 2097
f 2097 2098 2086
f 1001 999 2099
f 2099 999 1000
f 2099 1000 1003
f 2111 2098 2100
f 2098 955 2100
f 2100 955 1001
f 2100 1001 2099
f 1003 2100 2099
f 2111 2100 1002
f 1002 2100 1003
f 22 1002 2101
f 2023 310 1004
f 2022 100 310
f 1004 310 1005
f 1005 310 106
f 312 2020 2038
f 312 2038 2040
f 1006 100 312
f 312 100 2020
f 312 965 2042
f 1006 106 310
f 1006 310 100
f 1006 312 2042
f 106 1006 2102
f 106 2102 1007
f 2102 1006 2042
f 1007 2102 315
f 1002 1003 2105
f 2105 2101 1002
f 2103 2101 2105
f 999 2023 1004
f 1000 999 1004
f 1005 1000 1004
f 2106 1000 1005
f 2103 2105 2106
f 2104 2103 2106
f 2105 1003 2106
f 2106 1003 1000
f 2104 2106 106
f 106 2106 1005
f 2103 2104 2108
f 1007 2104 106
f 2107 2104 1007
f 2107 1007 315
f 22 2101 2115
f 2115 2101 329
f 2115 329 1008
f 2101 2103 329
f 329 2103 2108
f 1008 329 1010
f 2108 2104 1009
f 1009 2104 2107
f 1009 2107 977
f 1010 329 2108
f 1010 2108 1009
f 1010 1009 318
f 1009 977 318
f 1023 1010 318
f 1023 318 979
f 2134 998 330
f 2116 2134 330
f 998 2096 330
f 2116 330 1013
f 2096 2109 2110
f 2109 2089 2110
f 330 2096 2110
f 2110 1013 330
f 1011 1013 2110
f 1011 2110 1014
f 1013 1012 2118
f 1012 1011 1014
f 1012 1013 1011
f 1015 2088 105
f 995 2088 1015
f 995 1015 1016
f 2086 2035 2097
f 1016 1015 1017
f 1017 1015 105
f 1017 105 2086
f 1017 2086 2098
f 2111 1017 2098
f 1016 1017 331
f 331 1017 1018
f 1018 1017 2111
f 1018 2111 1002
f 331 1018 1019
f 1019 1018 22
f 1018 1002 22
f 23 1012 1020
f 1020 1012 2112
f 2112 1012 1014
f 332 2112 1014
f 2114 1014 2110
f 2110 2089 995
f 2114 2110 995
f 1016 2114 995
f 332 1014 2113
f 1019 332 2113
f 2113 1014 2114
f 2113 2114 1016
f 2113 1016 331
f 1019 2113 331
f 2115 1019 22
f 1020 2112 332
f 1021 1020 332
f 1021 332 107
f 1022 332 1019
f 333 1022 1008
f 1022 1019 1008
f 1008 1019 2115
f 333 1008 1010
f 107 332 1022
f 333 107 1022
f 107 333 1023
f 1027 107 1023
f 1023 333 1010
f 2116 1013 2117
f 2116 2117 2122
f 1024 2116 2122
f 2118 1012 1025
f 1025 1012 23
f 1025 2119 2120
f 2120 2122 2117
f 2117 1013 2118
f 2120 2117 2121
f 2121 2117 2118
f 2121 2118 1025
f 2120 2121 1025
f 24 2122 2123
f 2123 2122 2120
f 23 1020 1021
f 1021 107 334
f 23 1021 334
f 1026 23 334
f 2127 23 1026
f 323 107 1027
f 1027 1023 2124
f 2124 1023 979
f 323 1027 2124
f 1026 334 1028
f 2125 1026 1028
f 1028 334 323
f 323 334 107
f 2125 1028 987
f 987 1028 323
f 2128 1026 2125
f 2129 2128 2125
f 2129 2125 987
f 2129 987 2077
f 335 24 2123
f 2123 2120 1029
f 2123 1029 2126
f 2126 335 2123
f 2127 1025 23
f 2119 1025 2127
f 2128 2127 1026
f 337 2126 1029
f 337 1029 336
f 1029 2120 2119
f 1029 2119 2127
f 336 1029 2127
f 336 2127 2128
f 2129 337 336
f 2129 336 2128
f 337 2129 1030
f 1030 2129 2077
f 1045 24 335
f 335 2126 1031
f 335 1031 338
f 1032 1045 335
f 1032 335 338
f 2126 337 1031
f 1031 337 1033
f 337 1030 1033
f 1033 1030 326
f 1034 1033 326
f 339 1032 338
f 339 338 1034
f 338 1031 1033
f 1034 338 1033
f 1035 1034 2084
f 339 1034 1035
f 339 1035 559
f 1947 2130 1036
f 2130 2093 2131
f 2131 2093 2132
f 2132 2093 1038
f 2131 1036 2130
f 2132 1036 2131
f 891 1036 2132
f 891 2132 2133
f 2132 1037 2133
f 2093 328 1038
f 1038 328 2141
f 328 2095 2136
f 2141 328 2136
f 2136 998 2135
f 2135 998 2134
f 2141 2136 1039
f 2136 2095 998
f 1039 2136 2135
f 2137 1039 2135
f 2141 1039 2138
f 340 1039 2137
f 2138 1039 340
f 2142 2138 340
f 1037 2132 1040
f 2139 1037 1040
f 2139 1040 2140
f 2141 2132 1038
f 1040 2132 2141
f 2140 1040 2141
f 2140 2141 2138
f 1037 2139 284
f 284 2139 341
f 2140 2138 2143
f 2143 2138 2142
f 2143 2142 2151
f 2143 2151 1041
f 341 2139 2143
f 2139 2140 2143
f 1041 341 2143
f 1963 341 1041
f 2134 2116 343
f 343 2116 1024
f 342 1024 2122
f 1042 343 1024
f 1042 1024 342
f 2122 24 344
f 344 24 2144
f 344 2144 2147
f 2154 1042 1044
f 1042 342 1043
f 1044 1042 1043
f 342 2122 344
f 1044 1043 344
f 1043 342 344
f 1044 344 2147
f 1051 1044 2147
f 2145 1044 1051
f 1046 1045 1032
f 1047 339 559
f 1046 1032 339
f 1046 339 1047
f 1047 1048 1046
f 1048 1047 2146
f 108 1046 1048
f 1048 2146 556
f 108 1048 556
f 1049 1051 2147
f 2147 2144 1050
f 2144 24 1045
f 1050 2144 1045
f 1050 1045 1046
f 108 1050 1046
f 108 1052 1049
f 1050 1049 2147
f 108 1049 1050
f 1052 108 2148
f 2148 108 556
f 1051 1049 1052
f 2149 1052 2150
f 1052 2148 551
f 2150 1052 551
f 1053 1041 2151
f 1053 2151 2152
f 1053 2152 345
f 2156 340 1055
f 2156 1054 2153
f 2137 2135 2155
f 2135 2134 343
f 2155 2135 343
f 2154 2155 343
f 2154 343 1042
f 1054 2156 1055
f 340 2137 2155
f 1055 340 2155
f 1054 1055 2155
f 2154 1054 2155
f 2153 1054 2145
f 1054 2154 2145
f 2145 2154 1044
f 2153 2145 1051
f 2152 2151 2156
f 2151 2142 2156
f 2156 2142 340
f 2153 2152 2156
f 2149 345 2153
f 2153 345 2152
f 1051 2149 2153
f 2149 1051 1052
f 2150 345 2149
f 1053 345 346
f 346 345 1056
f 345 2150 547
f 1056 348 346
f 547 1056 345
f 348 1056 347
f 347 1056 547
f 898 348 39
f 87 2157 308
f 308 2157 2158
f 2159 2158 1057
f 1058 308 2158
f 1058 2158 2159
f 2160 1058 2159
f 308 1058 2161
f 2161 1058 2160
f 2173 2161 2160
f 947 2161 2173
f 1059 395 2162
f 2162 395 2425
f 2425 1060 2169
f 109 2425 2169
f 2162 2425 109
f 2162 109 1069
f 1060 2431 1061
f 1061 2431 2165
f 2164 2163 1062
f 349 2165 2164
f 2165 2163 2164
f 2166 349 2164
f 1064 1061 350
f 350 1061 2165
f 350 2165 349
f 2166 350 349
f 1064 350 1065
f 350 2166 2167
f 2167 2166 2283
f 1065 350 2167
f 1065 2167 2168
f 2168 2167 2283
f 1069 109 351
f 351 109 2169
f 2169 1060 1061
f 2169 1061 1064
f 1063 351 2169
f 1064 1063 2169
f 1063 1064 1065
f 1063 1065 2170
f 2170 1065 2168
f 1069 351 2179
f 351 1063 2171
f 2179 351 2171
f 2179 2171 2182
f 1066 2170 1131
f 2182 2171 1066
f 2171 1063 2170
f 2170 1066 2171
f 2182 1066 2183
f 2183 1066 2172
f 2172 1066 1131
f 947 2173 2176
f 2174 2173 2160
f 2174 2160 352
f 2176 2173 2174
f 2175 2174 2177
f 2175 2176 2174
f 2176 2175 2187
f 2187 2175 354
f 2160 2159 352
f 352 2159 1068
f 2159 1057 1068
f 1067 1057 1059
f 1067 1059 2162
f 1068 1057 1067
f 1068 1067 2162
f 353 1068 1069
f 1069 1068 2162
f 354 2175 1070
f 2175 2177 1070
f 1070 2177 353
f 2174 352 2177
f 2177 352 1068
f 1068 353 2177
f 354 1070 2180
f 2178 354 2180
f 1070 353 2180
f 2179 353 1069
f 2180 353 2179
f 2181 2178 2180
f 2182 2181 2180
f 2182 2180 2179
f 1074 2178 2189
f 2178 2181 2189
f 2181 2182 2189
f 2189 2182 2183
f 4 947 2176
f 4 2176 1071
f 98 4 1071
f 2176 2187 2184
f 98 1071 2185
f 2185 1071 2184
f 1071 2176 2184
f 2185 2184 1072
f 354 2178 2186
f 2186 2178 1074
f 2187 354 2186
f 2188 2186 1074
f 2187 2186 2188
f 1074 2189 355
f 355 2189 1073
f 1073 2189 2183
f 2188 1074 1075
f 1075 1074 355
f 2188 1075 356
f 1075 355 2190
f 356 1075 2190
f 356 2190 2191
f 1077 2185 1078
f 1078 2185 1072
f 1072 2184 2192
f 1078 1072 2192
f 1078 2192 1076
f 2193 2184 2187
f 2193 2187 2188
f 2193 2192 2184
f 2195 2192 2193
f 2195 2193 2188
f 1076 2192 2195
f 1076 2195 2194
f 2196 1076 2194
f 2195 2188 356
f 2194 2195 356
f 2194 356 2191
f 950 1077 1079
f 1079 1077 1078
f 99 950 1079
f 2194 2191 1080
f 2196 2194 1080
f 1079 1078 2196
f 1078 1076 2196
f 2197 1079 2196
f 2197 2196 1080
f 2197 1080 357
f 1079 2197 99
f 2038 99 2197
f 2038 2197 357
f 1081 2198 1082
f 1082 2198 2199
f 1083 1082 2200
f 2285 1081 1083
f 1083 1081 1082
f 2285 1083 2286
f 1083 1085 1084
f 2286 1083 1084
f 2286 1084 110
f 2206 2199 2201
f 2206 2201 358
f 2201 2498 2202
f 358 2201 2203
f 2201 2199 2498
f 2203 2201 2202
f 2203 2202 1096
f 2204 2203 1096
f 110 1084 2205
f 2205 1084 1085
f 1082 2199 2206
f 2206 2200 1082
f 2200 2206 358
f 2205 1085 2207
f 2208 2205 2207
f 1085 1083 2200
f 2207 1085 2200
f 2207 2200 358
f 2208 2207 1086
f 2207 358 2203
f 2207 2203 2204
f 1086 2207 2204
f 2205 2208 2209
f 110 2205 2209
f 1088 110 2209
f 1088 2209 1087
f 1088 1087 2211
f 1089 2208 1086
f 1086 2204 2210
f 1089 1086 2210
f 1089 2210 359
f 2211 1087 2212
f 1087 2209 1089
f 2209 2208 1089
f 2212 1087 1089
f 2212 1089 359
f 2212 359 1090
f 2211 2212 1090
f 2213 2211 1090
f 2213 1090 2216
f 2213 2216 1101
f 2202 2222 1091
f 2214 2222 1093
f 1091 2222 2214
f 1091 2214 360
f 1092 1091 360
f 111 1092 360
f 2214 1093 2215
f 360 2214 2215
f 360 2215 2236
f 360 2236 1099
f 1090 359 2217
f 2226 2216 2218
f 2216 1090 2217
f 2218 2216 2217
f 359 2210 2219
f 2219 2210 1094
f 1094 2210 2204
f 2219 1094 1098
f 361 2218 2220
f 2218 2217 2220
f 2217 359 2219
f 2220 2217 2219
f 361 2220 2221
f 2220 2219 2221
f 2221 2219 1098
f 2221 1098 1095
f 2221 1095 2225
f 1097 2204 1096
f 1097 1096 2223
f 2202 2498 2222
f 2223 1096 2202
f 1092 2223 1091
f 1091 2223 2202
f 1097 2223 111
f 111 2223 1092
f 2224 1095 1098
f 1098 1094 1097
f 1094 2204 1097
f 2224 1098 111
f 1097 111 1098
f 2225 1095 2224
f 2225 2224 1099
f 2224 111 1099
f 111 360 1099
f 2225 1099 1104
f 1101 2216 2226
f 2218 361 1100
f 2226 2218 1100
f 1101 2226 2227
f 2226 1100 2227
f 361 2221 2228
f 2221 2225 1105
f 2228 2221 1105
f 2228 1105 2229
f 1100 361 2228
f 1102 2227 2228
f 2228 2227 1100
f 1103 2227 1102
f 1102 2228 2229
f 1103 1102 2303
f 2231 2225 1104
f 2230 2231 1113
f 2232 1102 2229
f 2232 2229 2230
f 1105 2225 2231
f 2231 2230 2229
f 2231 2229 1105
f 2303 1102 2232
f 2232 2230 1112
f 362 416 2234
f 2233 2502 120
f 2234 2502 2233
f 1106 2234 2233
f 1106 2233 254
f 1108 1107 1106
f 1106 1107 2234
f 775 1108 1109
f 1109 1108 1106
f 1110 1108 775
f 2241 1108 1110
f 1111 2241 1110
f 2320 1112 365
f 1112 2230 2242
f 365 1112 2242
f 2231 1104 1113
f 2235 1113 1104
f 2242 2230 1113
f 2235 2242 1113
f 1104 1099 363
f 363 1099 2236
f 1108 363 2236
f 2236 2215 362
f 362 2215 416
f 1108 2236 1107
f 1107 2236 362
f 1107 362 2234
f 2235 1104 363
f 2238 2235 363
f 2237 2242 2235
f 112 2242 2237
f 2237 2235 2238
f 363 364 2238
f 2238 364 2237
f 364 363 2241
f 2241 363 1108
f 112 2237 2244
f 2237 364 2239
f 2244 2237 2240
f 2240 2237 2239
f 1114 2240 2239
f 1114 2239 1111
f 2239 364 2241
f 1111 2239 2241
f 1114 1111 2
f 2243 365 1115
f 1116 2243 1115
f 2242 112 2249
f 365 2249 2251
f 365 2242 2249
f 1115 365 2248
f 365 2251 2248
f 2244 2240 2247
f 2244 2247 2245
f 2240 1114 1802
f 1802 1114 770
f 2246 2245 2247
f 2247 2240 1802
f 2246 2247 1801
f 1801 2247 1802
f 1117 2246 1801
f 2251 2249 2250
f 2249 112 2244
f 2250 2249 2244
f 2250 2244 2245
f 2250 2245 2246
f 1118 2248 2251
f 1118 2251 2246
f 2246 2251 2250
f 1118 2246 1117
f 1118 1117 66
f 2248 1118 2252
f 2252 1118 66
f 2252 66 1792
f 2253 2248 2252
f 1792 2253 2252
f 2253 1792 766
f 1119 2253 766
f 1116 1115 2248
f 1120 1116 1121
f 1121 1116 2248
f 1121 2248 2253
f 1119 1120 1121
f 1119 1121 2253
f 1122 1116 1120
f 1122 1120 2254
f 2255 1120 1119
f 1119 766 1787
f 2255 1119 1787
f 2255 1787 765
f 2256 2255 765
f 2254 1120 2255
f 2257 2254 1123
f 1123 2254 2255
f 1123 2255 2256
f 2257 1123 2256
f 2257 2256 249
f 2257 249 764
f 2258 2038 357
f 2258 357 366
f 1080 2191 2259
f 357 1080 2259
f 2259 366 357
f 2260 366 2259
f 366 2260 1124
f 1124 2260 2261
f 25 1124 2261
f 2190 355 1125
f 1127 2191 2190
f 2263 1127 2190
f 1125 355 1073
f 1125 1073 367
f 2262 367 2312
f 2263 2190 2262
f 2262 2190 1125
f 2262 1125 367
f 1126 2263 2262
f 2264 2262 2312
f 2264 2312 2311
f 1126 2262 2264
f 368 25 2261
f 2260 2259 2266
f 2261 2260 2266
f 368 2261 2265
f 1128 368 2265
f 2266 2259 1127
f 2259 2191 1127
f 2265 2261 2266
f 2267 2265 2266
f 1127 2267 2266
f 1128 2265 2267
f 1128 2268 2270
f 2267 1127 2263
f 2267 2263 1126
f 2268 1128 2267
f 2268 2267 1126
f 2268 1126 2264
f 2271 2268 2264
f 25 368 2341
f 2273 368 1128
f 2341 368 2273
f 2341 2273 2269
f 2270 2268 2271
f 2270 2271 2305
f 1129 2270 2272
f 2272 2270 2305
f 1129 2272 2274
f 2276 2269 1129
f 2273 1128 2270
f 1129 2273 2270
f 1129 2269 2273
f 2276 1129 2274
f 2275 2269 2276
f 2277 2275 2276
f 2276 2274 1130
f 2277 2276 1130
f 2277 1130 5
f 2278 2183 2172
f 2279 2278 2172
f 2279 2172 1133
f 1131 2170 1132
f 2170 2168 1132
f 2280 1131 1132
f 2280 1132 2296
f 1134 2279 1133
f 1133 2172 1131
f 1133 1131 2280
f 2281 1133 2280
f 2281 2280 2296
f 2281 2296 1138
f 2282 1134 2281
f 1134 1133 2281
f 2282 2281 1135
f 2313 2282 1135
f 1132 2168 2283
f 1132 2283 369
f 2283 2166 1136
f 369 2283 2288
f 369 2288 2289
f 369 2289 113
f 2166 2284 1136
f 2166 2164 2284
f 1136 2284 2287
f 2164 1062 2285
f 2285 1062 1081
f 2284 2164 2285
f 2286 2284 2285
f 2287 2284 2286
f 2287 2286 2291
f 2291 2286 110
f 2289 2288 1137
f 2289 1137 370
f 2288 2283 1137
f 1137 2283 1136
f 370 1137 2290
f 2290 1137 2287
f 2287 1137 1136
f 2292 2290 2291
f 2291 2290 2287
f 113 2289 370
f 113 370 371
f 370 2290 2292
f 2292 2291 110
f 2292 110 1088
f 2292 1088 2211
f 2293 371 370
f 2293 370 2292
f 2293 2292 2211
f 371 2293 2294
f 2294 2293 2211
f 2294 2211 2213
f 2294 2213 1101
f 1135 2281 1138
f 2295 1135 2297
f 2297 1135 1138
f 1138 1139 2297
f 2296 369 1140
f 2296 1132 369
f 1140 369 113
f 1141 2297 1139
f 1139 1138 2296
f 1140 1139 2296
f 1141 1139 1140
f 1141 1140 113
f 2300 2297 2301
f 2297 1141 2298
f 2301 2297 2298
f 2298 1141 113
f 2301 2298 2299
f 2298 113 371
f 2298 371 2294
f 2294 2299 2298
f 2299 2294 1101
f 1155 1135 2295
f 1155 2295 2319
f 2295 2297 2300
f 2295 2300 1142
f 2319 2295 1142
f 2319 1142 1144
f 2300 2301 1143
f 2299 1101 2227
f 2301 2299 2227
f 1143 2301 1103
f 2301 2227 1103
f 1144 1142 2302
f 1144 2302 2303
f 1142 2300 1143
f 2303 2302 1143
f 2302 1142 1143
f 2303 1143 1103
f 1158 1144 2303
f 1158 2303 1145
f 1145 2303 2232
f 1145 2232 1112
f 1159 5 1130
f 1159 1130 1146
f 1146 1130 2307
f 2272 2305 2274
f 2274 2305 2304
f 2304 2305 1147
f 2305 2271 1147
f 2304 1147 2306
f 2306 1147 1154
f 2306 1154 114
f 2309 2307 2308
f 2307 1130 2274
f 2308 2307 2274
f 2309 2308 2306
f 2306 2308 2274
f 2306 2274 2304
f 2307 2309 2310
f 2309 2306 114
f 2309 114 372
f 2310 2309 372
f 2271 2264 1148
f 1148 2264 2311
f 1152 1148 2311
f 1152 2311 1150
f 1152 1150 1153
f 1149 2312 367
f 367 1073 2278
f 1073 2183 2278
f 1149 367 2278
f 1149 2278 2279
f 1149 2279 1134
f 2311 2312 1149
f 1150 2311 1149
f 1134 1150 1149
f 1153 1150 2313
f 1150 1134 2313
f 2282 2313 1134
f 2314 2310 2316
f 2316 2310 372
f 372 114 2315
f 2315 2316 372
f 2316 2315 1151
f 1147 2271 1148
f 1152 1147 1148
f 1152 1154 1147
f 1151 2315 2317
f 2318 1151 2317
f 2315 114 1154
f 2317 2315 1154
f 2317 1154 1152
f 2317 1152 1153
f 1155 1151 2318
f 2317 1153 2318
f 2318 1153 2313
f 2318 2313 1155
f 1155 2313 1135
f 2314 2316 374
f 374 2316 1156
f 1156 2316 373
f 1151 1155 1157
f 2319 1157 1155
f 1157 2319 1158
f 1158 2319 1144
f 373 2316 1158
f 2316 1151 1157
f 1158 2316 1157
f 1156 373 1145
f 1145 373 1158
f 1156 1145 2320
f 2320 1145 1112
f 1146 2307 2321
f 1179 1159 1160
f 1160 1159 2321
f 1159 1146 2321
f 1160 2321 115
f 2307 2310 1161
f 2310 2314 1162
f 1161 2310 1162
f 115 2321 2322
f 2321 2307 1161
f 2322 2321 1161
f 1162 2322 1161
f 2323 2322 1162
f 375 115 2322
f 2324 2322 2323
f 375 2322 2324
f 375 2324 2325
f 2326 2314 374
f 2326 374 1164
f 1156 1163 1164
f 1156 2320 1163
f 1163 2320 365
f 1163 365 2243
f 1164 374 1156
f 2243 1164 1163
f 2326 1164 2243
f 2326 2243 1165
f 1165 2243 1116
f 2327 2325 376
f 2325 2324 2323
f 376 2325 2323
f 2327 376 2328
f 2323 1162 2329
f 2329 1162 2314
f 2326 2329 2314
f 2328 376 1166
f 1166 376 2330
f 2329 376 2323
f 2330 376 2329
f 2330 2329 2326
f 1165 2330 2326
f 1165 1166 2330
f 1122 1166 1165
f 1122 1165 1116
f 2327 2328 2331
f 2332 2327 2331
f 2332 2331 2334
f 2332 2334 2363
f 2328 1166 2333
f 2333 1166 1122
f 2333 1122 2254
f 2331 2328 2333
f 2335 2334 2333
f 2334 2331 2333
f 2335 2333 2254
f 2363 2334 2336
f 2363 2336 1184
f 2335 2254 2257
f 2336 2335 2257
f 2336 2334 2335
f 2336 2257 764
f 2038 2258 2040
f 2258 366 377
f 2337 2258 377
f 2337 2040 2258
f 2040 2337 2039
f 2039 2337 966
f 366 1124 377
f 377 1124 2338
f 25 1168 2348
f 2338 1124 2348
f 2348 1124 25
f 2338 2348 1174
f 966 2337 2339
f 2337 377 2339
f 2338 2339 377
f 1167 2339 2338
f 966 2339 1167
f 1167 2338 1174
f 2340 1167 2353
f 25 2341 1168
f 1168 2341 2343
f 2341 2269 2343
f 2349 2343 1169
f 2275 2277 2342
f 2275 2342 1173
f 2277 5 2342
f 2342 5 1170
f 1173 2342 1171
f 1171 2342 1170
f 1169 2343 2344
f 1172 1169 2344
f 2343 2269 2275
f 1173 2343 2275
f 2344 2343 1173
f 1171 2344 1173
f 2344 1171 2345
f 378 1172 2345
f 2345 1172 2344
f 378 2345 26
f 2352 378 26
f 2353 1167 2346
f 2346 1167 1174
f 1175 2353 2346
f 2346 1174 2347
f 1175 2346 2347
f 2349 1174 1168
f 1174 2348 1168
f 2349 1168 2343
f 1176 2347 2350
f 2350 2347 1174
f 2350 1174 2349
f 2350 2349 1169
f 1176 2350 2351
f 2350 1169 1172
f 2351 2350 1172
f 2351 1172 378
f 2356 1176 2352
f 2352 1176 2351
f 2352 2351 378
f 2340 2353 2355
f 1175 2347 1177
f 2354 1175 1177
f 2355 2353 1175
f 2355 1175 2354
f 969 2355 102
f 102 2355 2354
f 1177 1176 2356
f 2352 26 2378
f 2356 2352 2378
f 2356 2378 1178
f 1177 2356 1178
f 102 2354 379
f 1177 2347 1176
f 379 2354 1177
f 379 1177 2357
f 2357 1177 1178
f 102 379 2044
f 2044 379 2357
f 2376 2044 2357
f 2376 2357 1192
f 5 1159 381
f 381 1159 1179
f 1160 115 380
f 1179 1160 380
f 2359 1179 380
f 381 1179 1180
f 1180 1179 2359
f 115 375 380
f 380 375 2358
f 2325 2327 2369
f 375 2325 2369
f 2358 375 2369
f 116 2358 1186
f 1180 2359 1182
f 2359 380 1181
f 1182 2359 1181
f 1181 380 2358
f 2360 1181 116
f 116 1181 2358
f 2388 1180 1182
f 1182 1181 2360
f 2388 1182 2361
f 2360 116 2368
f 1183 2360 2368
f 2361 1182 1183
f 1183 1182 2360
f 2362 2332 2364
f 2362 2327 2332
f 2370 2362 2365
f 2363 1184 382
f 1184 2336 764
f 1184 764 1652
f 1184 1652 690
f 382 1184 690
f 382 690 57
f 2365 2362 2364
f 2364 2332 2363
f 2364 2363 382
f 2365 2364 382
f 57 2365 382
f 1648 2365 57
f 2366 2365 1648
f 2367 2371 1183
f 2367 1183 1185
f 1185 1183 2368
f 1187 1185 2368
f 2367 1185 1187
f 2367 1187 1189
f 2358 2369 1186
f 2369 2327 2362
f 2370 1186 2369
f 2370 2369 2362
f 2368 116 1186
f 1187 2368 1186
f 1187 1186 2370
f 1188 1187 2370
f 1189 1187 1188
f 1188 2370 2365
f 1188 2365 2366
f 222 1189 2366
f 2366 1189 1188
f 2371 2367 1190
f 2367 1189 2372
f 1190 2367 2372
f 1191 1190 2372
f 2402 1190 1202
f 1202 1190 1191
f 1202 1191 2404
f 383 1189 222
f 2404 1191 2373
f 2404 2373 2375
f 2373 1191 2372
f 2373 2372 2374
f 2375 2373 2374
f 2372 1189 383
f 2374 2372 383
f 2375 2374 221
f 2374 383 221
f 2375 221 680
f 1205 2375 681
f 681 2375 680
f 1192 2357 2377
f 117 1192 2381
f 2378 26 2393
f 2380 2378 2393
f 2380 1178 2378
f 2379 1178 2380
f 2379 2380 1193
f 1193 2380 1199
f 2381 1192 2377
f 2382 2381 2377
f 2377 2357 1178
f 2377 1178 2379
f 1193 2382 2377
f 1193 2377 2379
f 2382 1193 2383
f 1193 1199 2383
f 2381 2382 2383
f 1194 2381 2383
f 1206 1194 1198
f 2345 1171 2386
f 2384 2345 2386
f 384 2393 2385
f 2393 26 2385
f 2385 26 2345
f 2385 2345 2384
f 384 2385 2384
f 2394 384 2384
f 2386 1171 1170
f 2386 1170 385
f 1170 5 381
f 381 385 1170
f 385 381 1196
f 1180 1196 381
f 2394 2384 2387
f 2387 2384 1195
f 1195 2384 2386
f 1196 1195 2386
f 1196 2386 385
f 2388 1195 1196
f 2388 1196 1180
f 2387 1195 2389
f 2387 2389 388
f 2389 1195 2388
f 1197 2389 2388
f 1197 2388 2361
f 388 2389 1197
f 1197 2361 1183
f 2371 1197 1183
f 1198 1194 2383
f 1198 2383 386
f 2390 2383 1199
f 2390 386 2383
f 386 2390 2391
f 2392 386 2391
f 2392 2391 2395
f 1199 2380 387
f 387 2380 2393
f 387 2393 384
f 2394 387 384
f 2395 2391 2396
f 2391 2390 1200
f 2396 2391 1200
f 1200 2390 1199
f 1200 1199 387
f 2394 2396 1200
f 2394 1200 387
f 2395 2396 1201
f 1201 2396 2397
f 1201 2397 388
f 2396 2394 2397
f 2397 2394 2387
f 2397 2387 388
f 388 1197 2371
f 1198 386 2398
f 2398 386 2392
f 2398 2392 1203
f 2409 2398 2399
f 2398 1203 2399
f 1201 388 2403
f 2395 1201 2403
f 2395 2403 2401
f 2403 388 2402
f 388 2371 2402
f 2402 2371 1190
f 1202 2403 2402
f 2401 2403 2404
f 2404 2403 1202
f 2400 2399 389
f 389 2399 1203
f 1203 2392 2401
f 2401 2392 2395
f 2405 389 2401
f 2401 389 1203
f 2405 2401 2404
f 2400 389 1204
f 1204 389 1205
f 389 2405 1205
f 2405 2404 1205
f 1205 2404 2375
f 681 1204 1205
f 2054 2376 1192
f 2054 1192 980
f 980 1192 117
f 2381 1194 2406
f 2406 1194 1206
f 2406 1206 1209
f 2408 2381 2407
f 2407 2381 2406
f 2406 1209 2407
f 390 980 2408
f 980 117 2408
f 2408 117 2381
f 390 2408 2407
f 390 2407 118
f 1198 2398 2409
f 1206 1198 2410
f 1198 2409 2410
f 2409 2399 1207
f 2399 2400 1207
f 1207 2410 2409
f 2410 1207 2411
f 1204 681 219
f 1204 219 1600
f 2412 1204 1600
f 2412 1600 1599
f 1207 2400 1204
f 1207 1204 2412
f 1599 2411 2412
f 2412 2411 1207
f 2413 2411 1599
f 2413 1599 671
f 1208 2057 2414
f 390 118 2414
f 2057 390 2414
f 1208 2414 1210
f 118 2407 1209
f 118 1209 2415
f 1209 1206 2410
f 2415 1209 2410
f 2415 2410 2411
f 1210 2414 118
f 2415 1210 118
f 2413 1210 2415
f 2411 2413 2415
f 1211 1210 2413
f 671 1211 2413
f 2058 2057 1208
f 2058 1208 1212
f 1208 1210 1211
f 1211 671 669
f 1211 1212 1208
f 1212 1211 669
f 1212 669 626
f 2157 87 2416
f 2416 391 1214
f 1214 391 1213
f 2416 87 391
f 2157 2416 2158
f 2158 2416 1215
f 2416 1214 1219
f 2158 1215 1057
f 1057 1215 1059
f 1216 882 2420
f 392 1217 1216
f 392 1216 2420
f 392 2420 394
f 1217 392 2419
f 882 1959 2421
f 1959 888 393
f 2421 1959 393
f 888 889 2417
f 393 888 2417
f 393 2417 1286
f 393 1286 2418
f 2419 392 394
f 2420 882 2421
f 2421 394 2420
f 394 2421 393
f 2422 394 2418
f 394 393 2418
f 2419 394 1218
f 1221 2419 1218
f 1218 394 2422
f 2422 2418 1289
f 2422 1289 2478
f 2422 2478 1282
f 1218 2422 2423
f 1221 1218 2423
f 2476 2422 1282
f 2476 2423 2422
f 1223 1059 1215
f 1215 2416 1219
f 1219 1214 2424
f 1223 1215 1219
f 1219 2424 2426
f 1223 1219 2426
f 2424 1214 1213
f 1213 391 1216
f 1217 1213 1216
f 1220 1213 1217
f 2426 2424 1220
f 1220 2424 1213
f 2427 2426 1220
f 1220 1217 2419
f 1221 1220 2419
f 1222 2427 1221
f 2427 1220 1221
f 1222 1221 2423
f 395 1059 1223
f 2425 395 1224
f 2425 1224 1060
f 1227 2426 2427
f 1222 2423 2468
f 2427 1222 1275
f 1227 2427 2428
f 1224 395 396
f 1060 1224 396
f 395 1223 1227
f 1223 2426 1227
f 396 395 1226
f 1226 395 1227
f 1226 1227 2428
f 1226 2428 1225
f 2431 2430 2165
f 396 1226 2429
f 396 2429 2462
f 2431 1060 396
f 2430 2431 396
f 2430 396 1228
f 1228 396 2462
f 2165 2430 2163
f 1229 2430 1228
f 1229 1228 397
f 2163 2430 1229
f 2163 1229 1062
f 1062 1229 1230
f 1231 2001 1232
f 398 1231 1232
f 2479 1231 398
f 300 931 2435
f 1233 300 2435
f 1233 2435 1234
f 398 1232 1233
f 1233 1232 300
f 2479 398 1234
f 2479 1234 2480
f 398 1233 1234
f 2435 2007 399
f 935 937 1235
f 399 2007 935
f 1235 937 2432
f 937 2443 2441
f 2432 937 2441
f 399 935 1235
f 2433 399 1235
f 2433 1235 1253
f 1253 1235 2432
f 1253 2432 1254
f 1236 2433 1253
f 1237 1236 1253
f 27 1234 1238
f 1238 1234 2434
f 2436 2434 1239
f 2435 931 2007
f 399 1240 2435
f 1239 2434 1240
f 1241 1239 1240
f 2434 1234 2435
f 2434 2435 1240
f 2433 1240 399
f 1240 2433 1241
f 1241 2433 1236
f 1237 1241 1236
f 1238 2434 2436
f 1238 2436 2482
f 2482 2436 2437
f 1239 1241 1242
f 1242 1241 1237
f 1242 1237 1249
f 1248 1242 1249
f 2437 2436 2438
f 2436 1239 2438
f 2438 1239 1242
f 2439 2437 2438
f 1248 2438 1242
f 2439 2438 1248
f 2482 2437 1243
f 1243 2437 2439
f 1243 2439 2440
f 1296 1243 2440
f 1296 2440 1260
f 2441 2443 2444
f 2443 944 2442
f 2442 944 1244
f 2442 2444 2443
f 2444 2442 1245
f 1244 307 20
f 1244 20 2445
f 1245 2442 1244
f 2445 1245 1244
f 1245 2445 1247
f 20 945 2446
f 1246 458 868
f 2446 945 1246
f 2446 1246 868
f 2445 20 2446
f 1247 2445 2446
f 867 1247 2446
f 2453 1247 2447
f 2447 1247 2448
f 2447 2448 2449
f 2448 1247 867
f 2449 2448 867
f 2449 867 865
f 1260 2440 2450
f 1260 2450 403
f 2440 2439 2450
f 2450 2439 400
f 400 2439 1248
f 403 2450 400
f 403 400 1261
f 1237 1250 401
f 2451 1249 401
f 401 1249 1237
f 400 1248 2451
f 2451 1248 1249
f 1251 400 2451
f 1251 2451 401
f 404 400 1252
f 1252 400 1251
f 404 1252 2452
f 1250 1237 1253
f 1253 1254 402
f 1250 1253 402
f 2432 2441 1254
f 2444 1254 2441
f 1255 402 1254
f 1245 1255 2444
f 1255 1254 2444
f 2453 1245 1247
f 2456 2452 1256
f 2452 1252 1256
f 1256 1252 1251
f 1251 401 1257
f 1257 401 1250
f 1257 1250 402
f 2453 1256 1258
f 1256 1251 1258
f 1258 1251 1257
f 2453 1258 402
f 402 1258 1257
f 2453 402 1255
f 2453 1255 1245
f 2456 1256 2454
f 2454 1256 2453
f 2454 1259 2456
f 1259 2454 2447
f 2454 2453 2447
f 1259 2447 2449
f 1266 1259 2449
f 2494 1260 1263
f 1263 1260 403
f 400 404 1261
f 1264 1261 404
f 1264 404 1262
f 1264 403 1261
f 2455 1263 1264
f 1263 403 1264
f 1264 1262 2455
f 1315 1263 2455
f 404 2452 2456
f 404 2456 1265
f 2456 1259 2457
f 2457 1265 2456
f 1266 2449 3
f 2458 1265 2457
f 2458 2457 1266
f 2457 1259 1266
f 852 2458 1266
f 1315 2455 2460
f 2460 2455 1267
f 1267 2455 1262
f 2459 1262 404
f 1265 2459 404
f 1268 1267 852
f 1267 1262 2459
f 852 1267 2459
f 852 2459 2458
f 2459 1265 2458
f 2460 1267 1268
f 2460 1268 1269
f 1268 852 83
f 1924 1268 83
f 1269 1268 1924
f 1269 1924 1855
f 1230 1229 397
f 1230 397 2496
f 397 1228 405
f 1228 2462 405
f 2496 397 1270
f 1270 397 405
f 1270 405 2461
f 2466 2462 2429
f 1226 1225 2463
f 2463 1225 2464
f 2466 2429 2463
f 2464 2466 2463
f 2463 2429 1226
f 2465 1270 2461
f 2465 2461 2467
f 2461 405 2466
f 2466 405 2462
f 2467 2461 2466
f 2467 2466 2464
f 1271 2467 2464
f 2465 2467 1271
f 1277 2465 1271
f 1225 2428 1272
f 2428 2427 1272
f 1272 2427 1273
f 1274 1272 1273
f 1275 1222 2468
f 2468 2423 2486
f 1274 1273 1276
f 1273 2427 1275
f 1276 1273 1275
f 1276 1275 2468
f 1276 2468 2469
f 2472 1274 1276
f 2472 1276 1302
f 1278 1277 1271
f 1271 2464 2470
f 2470 1225 1272
f 2470 2464 1225
f 2470 1272 1274
f 2471 1278 1271
f 2471 1271 2470
f 2471 2470 1274
f 1279 1278 2472
f 1278 2471 2472
f 2472 2471 1274
f 1279 1277 1278
f 2473 1277 1279
f 2474 2473 1279
f 1279 2472 1280
f 2474 1279 1281
f 1281 1279 1280
f 2474 1281 2475
f 2475 1281 1297
f 2423 2476 2486
f 2486 2476 2477
f 2476 1282 2477
f 2477 1282 406
f 1282 2478 406
f 406 2478 1289
f 406 1289 1284
f 1283 2477 1303
f 1303 2477 406
f 1303 406 1284
f 1303 1284 1292
f 1285 1303 1292
f 1285 1292 1304
f 1289 2418 1286
f 1287 1289 1286
f 1287 1286 2481
f 1231 2417 889
f 2417 1231 2479
f 2481 1286 2479
f 2479 1286 2417
f 2481 2479 2480
f 2481 2480 27
f 27 2480 1234
f 1292 1284 1288
f 1290 1284 1289
f 1287 1290 1289
f 1293 1288 1290
f 1293 1290 1291
f 1288 1284 1290
f 1287 1291 1290
f 1291 1287 2481
f 407 1293 1291
f 407 1291 2481
f 27 407 2481
f 1292 1288 1294
f 1294 1288 1293
f 1294 1293 408
f 1295 1292 1294
f 1294 408 1295
f 1293 407 2482
f 407 27 1238
f 2482 407 1238
f 2483 1295 408
f 408 1293 2482
f 1243 408 2482
f 2483 408 1296
f 408 1243 1296
f 1297 1281 1299
f 1281 1280 1299
f 2472 1302 1298
f 1280 2472 1298
f 1299 1280 1298
f 1299 1298 2488
f 2493 1297 2484
f 2484 1297 1299
f 2488 2484 1299
f 2493 2484 1300
f 1300 2484 2488
f 1302 1276 2469
f 1302 2469 2487
f 1298 1302 2485
f 2485 1302 2487
f 2469 2468 2486
f 2487 2469 2486
f 2487 2486 1283
f 1283 2486 2477
f 1307 2485 1305
f 1305 2485 2487
f 1305 2487 1303
f 1303 2487 1283
f 1304 1307 1305
f 1305 1303 1285
f 1304 1305 1285
f 1301 1300 1306
f 1306 1300 2488
f 2489 1306 2488
f 2485 1307 1298
f 1308 2489 1307
f 2489 2488 1307
f 1307 2488 1298
f 1304 1308 1307
f 1308 1304 1292
f 1306 2489 2490
f 2490 2489 1308
f 1306 2490 2491
f 1308 1292 1295
f 1309 1308 1295
f 2492 2491 2490
f 1309 2490 1308
f 2490 1309 2492
f 2492 1309 2483
f 1309 1295 2483
f 409 2492 2483
f 409 2483 1296
f 409 1296 1260
f 1321 1297 2493
f 1321 2493 410
f 1300 1301 1314
f 2493 1300 1314
f 1314 410 2493
f 410 1314 1313
f 410 1313 412
f 1310 410 412
f 1311 1301 1306
f 1306 2491 1311
f 1311 2491 1312
f 2492 409 2494
f 2491 2492 2494
f 2494 409 1260
f 2494 1312 2491
f 1312 2494 1263
f 411 1312 1315
f 1315 1312 1263
f 411 1314 1311
f 1311 1314 1301
f 411 1311 1312
f 1316 1313 411
f 411 1313 1314
f 1316 411 1317
f 1315 1317 411
f 412 1313 1316
f 2495 412 1316
f 2495 1316 1318
f 1317 1315 2460
f 1269 1317 2460
f 1318 1316 1317
f 1318 1317 1269
f 1318 1269 1855
f 1062 1230 1081
f 1230 2496 1081
f 2496 1270 1319
f 1081 2496 1319
f 1081 1319 2198
f 2198 1319 2497
f 2497 1270 2465
f 2497 1319 1270
f 2199 2198 2497
f 2199 2497 2498
f 2497 2473 1320
f 2474 2475 413
f 2475 1297 1327
f 1327 413 2475
f 2473 2474 413
f 1320 2473 413
f 1320 413 1327
f 2222 2498 2497
f 2465 1277 2473
f 2497 2465 2473
f 414 2222 1320
f 2222 2497 1320
f 2222 414 1093
f 2215 1093 416
f 1297 1321 1327
f 1322 1327 1321
f 1323 1327 1322
f 2499 410 1310
f 1323 1322 2499
f 1322 1321 2499
f 2499 1321 410
f 1323 2499 415
f 415 2499 1310
f 1310 412 2495
f 1318 1855 2495
f 2495 1855 1324
f 2500 2495 1324
f 119 415 1310
f 2500 119 1310
f 2500 1310 2495
f 415 119 1852
f 415 1852 1325
f 119 2500 1852
f 76 1325 1852
f 1325 76 417
f 1326 1320 1327
f 1326 414 1320
f 1328 414 1326
f 1328 1326 1323
f 1326 1327 1323
f 1328 1323 415
f 418 1093 1329
f 1328 1093 414
f 1329 1093 1328
f 1329 1328 2501
f 2501 1328 415
f 1325 2501 415
f 417 1329 2501
f 417 2501 1325
f 1093 418 416
f 2502 416 418
f 2234 416 2502
f 418 1329 1330
f 1330 1329 417
f 1330 417 1847
f 120 2502 1330
f 1330 2502 418
